fold_id,model_id,feature,coefficient,standard_error
fold_01_validate_2017,model_s1_seasonality_offset,intercept,-9.14546740712647,0.0116735180631628
fold_01_validate_2017,model_s1_seasonality_offset,seasonal_sin_annual,0.307736807667373,0.01210411501077
fold_01_validate_2017,model_s1_seasonality_offset,seasonal_cos_annual,-1.27822242978873,0.0151788841347323
fold_01_validate_2017,model_s2_seasonality_municipality_offset,intercept,-8.1585039400542,0.0499216100767424
fold_01_validate_2017,model_s2_seasonality_municipality_offset,seasonal_sin_annual,0.307736807667366,0.0121041150208957
fold_01_validate_2017,model_s2_seasonality_municipality_offset,seasonal_cos_annual,-1.27822242978872,0.0151788841561032
fold_01_validate_2017,model_s2_seasonality_municipality_offset,municipality[002],-1.32429494191484,0.152475546467396
fold_01_validate_2017,model_s2_seasonality_municipality_offset,municipality[003],-0.989124330750052,0.132540462081262
fold_01_validate_2017,model_s2_seasonality_municipality_offset,municipality[004],-0.627462372642839,0.138138067178692
fold_01_validate_2017,model_s2_seasonality_municipality_offset,municipality[005],-1.064770301142,0.183481494808601
fold_01_validate_2017,model_s2_seasonality_municipality_offset,municipality[006],-0.858601534952749,0.192089087555458
fold_01_validate_2017,model_s2_seasonality_municipality_offset,municipality[007],-0.690230022650022,0.136178159758688
fold_01_validate_2017,model_s2_seasonality_municipality_offset,municipality[008],-0.876648951481554,0.108049609885727
fold_01_validate_2017,model_s2_seasonality_municipality_offset,municipality[009],-1.99261235946651,0.127688479613815
fold_01_validate_2017,model_s2_seasonality_municipality_offset,municipality[010],-1.15845961113261,0.195268391327128
fold_01_validate_2017,model_s2_seasonality_municipality_offset,municipality[011],-1.87089767423665,0.0922660279453277
fold_01_validate_2017,model_s2_seasonality_municipality_offset,municipality[012],-1.20898947346834,0.152475546467398
fold_01_validate_2017,model_s2_seasonality_municipality_offset,municipality[013],-0.3861608599108,0.0912831786284412
fold_01_validate_2017,model_s2_seasonality_municipality_offset,municipality[014],-1.45032610959804,0.209957437600729
fold_01_validate_2017,model_s2_seasonality_municipality_offset,municipality[015],-1.42935116567142,0.223683943447548
fold_01_validate_2017,model_s2_seasonality_municipality_offset,municipality[016],-1.30039098243785,0.228944226695499
fold_01_validate_2017,model_s2_seasonality_municipality_offset,municipality[017],-0.317254749620983,0.0820109978282453
fold_01_validate_2017,model_s2_seasonality_municipality_offset,municipality[018],-1.02942348650984,0.228944226695499
fold_01_validate_2017,model_s2_seasonality_municipality_offset,municipality[019],-0.506818286738526,0.14712657193032
fold_01_validate_2017,model_s2_seasonality_municipality_offset,municipality[020],-1.68116347795563,0.254785123068832
fold_01_validate_2017,model_s2_seasonality_municipality_offset,municipality[021],-0.630839696658885,0.117384391214652
fold_01_validate_2017,model_s2_seasonality_municipality_offset,municipality[022],-0.844574273267228,0.14351751502523
fold_01_validate_2017,model_s2_seasonality_municipality_offset,municipality[023],-1.67023564827757,0.0967465936436147
fold_01_validate_2017,model_s2_seasonality_municipality_offset,municipality[024],-0.821595524976626,0.195268391327129
fold_01_validate_2017,model_s2_seasonality_municipality_offset,municipality[025],-0.575928276826454,0.107655798096544
fold_01_validate_2017,model_s2_seasonality_municipality_offset,municipality[026],-1.81892034800722,0.209957437600734
fold_01_validate_2017,model_s2_seasonality_municipality_offset,municipality[027],-0.372830658305446,0.106885302760516
fold_01_validate_2017,model_s2_seasonality_municipality_offset,municipality[028],-2.38542749862191,0.356953020630447
fold_01_validate_2017,model_s2_seasonality_municipality_offset,municipality[029],-0.23369127526632,0.0960113536287949
fold_01_validate_2017,model_s2_seasonality_municipality_offset,municipality[030],-1.9492182126252,0.356953020630445
fold_01_validate_2017,model_s2_seasonality_municipality_offset,municipality[031],-0.770470675959031,0.223683943447547
fold_01_validate_2017,model_s2_seasonality_municipality_offset,municipality[032],-1.34197038440752,0.105770453160415
fold_01_validate_2017,model_s2_seasonality_municipality_offset,municipality[033],-0.688749768306281,0.254785123068832
fold_01_validate_2017,model_s2_seasonality_municipality_offset,municipality[034],-1.86280729836307,0.1834814948086
fold_01_validate_2017,model_s2_seasonality_municipality_offset,municipality[035],-1.55226708783527,0.228944226695498
fold_01_validate_2017,model_s2_seasonality_municipality_offset,municipality[036],-1.34280040653025,0.130848543324485
fold_01_validate_2017,model_s2_seasonality_municipality_offset,municipality[037],-0.666572837260323,0.12212886201549
fold_01_validate_2017,model_s2_seasonality_municipality_offset,municipality[038],-1.13802076288157,0.113278972470026
fold_01_validate_2017,model_s2_seasonality_municipality_offset,municipality[039],-1.03663610249427,0.102056155802569
fold_01_validate_2017,model_s2_seasonality_municipality_offset,municipality[040],-0.965026779170975,0.0999560729168367
fold_01_validate_2017,model_s2_seasonality_municipality_offset,municipality[041],-0.816901682349737,0.0856829464455003
fold_01_validate_2017,model_s2_seasonality_municipality_offset,municipality[042],-1.17135359830949,0.254785123068831
fold_01_validate_2017,model_s2_seasonality_municipality_offset,municipality[043],-0.980838828115896,0.0810236788263727
fold_01_validate_2017,model_s2_seasonality_municipality_offset,municipality[044],-0.694354321285686,0.138138067178693
fold_01_validate_2017,model_s2_seasonality_municipality_offset,municipality[045],-1.62548992140702,0.19526839132713
fold_01_validate_2017,model_s2_seasonality_municipality_offset,municipality[046],0.348955714438514,0.101133372025254
fold_01_validate_2017,model_s2_seasonality_municipality_offset,municipality[047],-0.478206417749548,0.35695302063045
fold_01_validate_2017,model_s2_seasonality_municipality_offset,municipality[048],-1.641344785953,0.130848543324486
fold_01_validate_2017,model_s2_seasonality_municipality_offset,municipality[049],-0.569158131951099,0.158564597765301
fold_01_validate_2017,model_s2_seasonality_municipality_offset,municipality[050],-1.19637827655762,0.0734278517552345
fold_01_validate_2017,model_s2_seasonality_municipality_offset,municipality[051],-2.13393358546214,0.356953020630441
fold_01_validate_2017,model_s2_seasonality_municipality_offset,municipality[052],-0.704464877660247,0.0638265910878946
fold_01_validate_2017,model_s2_seasonality_municipality_offset,municipality[053],-0.23044841602229,0.115260679134688
fold_01_validate_2017,model_s2_seasonality_municipality_offset,municipality[054],-1.26014356751071,0.0930884468513589
fold_01_validate_2017,model_s2_seasonality_municipality_offset,municipality[055],-1.18730022242343,0.183481494808602
fold_01_validate_2017,model_s2_seasonality_municipality_offset,municipality[056],-0.782875372393038,0.25478512306883
fold_01_validate_2017,model_s2_seasonality_municipality_offset,municipality[057],-0.726696783153796,0.0977666409367496
fold_01_validate_2017,model_s2_seasonality_municipality_offset,municipality[058],-1.50322255605704,0.165576142415502
fold_01_validate_2017,model_s2_seasonality_municipality_offset,municipality[059],-0.826959429096455,0.110979498269762
fold_01_validate_2017,model_s2_seasonality_municipality_offset,municipality[060],-1.26329551920697,0.114752547288682
fold_01_validate_2017,model_s2_seasonality_municipality_offset,municipality[061],-1.27019162181405,0.0546197593195329
fold_01_validate_2017,model_s2_seasonality_municipality_offset,municipality[062],-0.168282196564035,0.152475546467399
fold_01_validate_2017,model_s2_seasonality_municipality_offset,municipality[063],-0.0810213063950201,0.0820109978282446
fold_01_validate_2017,model_s2_seasonality_municipality_offset,municipality[064],-1.6112264907807,0.138138067178693
fold_01_validate_2017,model_s2_seasonality_municipality_offset,municipality[065],-0.698137983508169,0.161941294136865
fold_01_validate_2017,model_s2_seasonality_municipality_offset,municipality[066],-24.8185471257232,23210.8764824695
fold_01_validate_2017,model_s2_seasonality_municipality_offset,municipality[067],-0.99139810650307,0.292828947118503
fold_01_validate_2017,model_s2_seasonality_municipality_offset,municipality[068],-1.23596261893592,0.173762011714231
fold_01_validate_2017,model_s2_seasonality_municipality_offset,municipality[069],-0.768929546777088,0.1655761424155
fold_01_validate_2017,model_s2_seasonality_municipality_offset,municipality[070],-1.302193630046,0.0625676378970051
fold_01_validate_2017,model_s2_seasonality_municipality_offset,municipality[071],-1.06636902250569,0.103676382414375
fold_01_validate_2017,model_s2_seasonality_municipality_offset,municipality[072],-1.5893145416856,0.178401859976518
fold_01_validate_2017,model_s2_seasonality_municipality_offset,municipality[073],-1.42762929293642,0.158564597765302
fold_01_validate_2017,model_s2_seasonality_municipality_offset,municipality[074],-0.905153730118641,0.183481494808601
fold_01_validate_2017,model_s2_seasonality_municipality_offset,municipality[075],-0.706361469626811,0.14712657193032
fold_01_validate_2017,model_s2_seasonality_municipality_offset,municipality[076],-1.83553190410928,0.254785123068831
fold_01_validate_2017,model_s2_seasonality_municipality_offset,municipality[077],-1.20799847231634,0.178401859976518
fold_01_validate_2017,model_s2_seasonality_municipality_offset,municipality[078],-0.573875452298424,0.127688479613812
fold_01_validate_2017,model_s2_seasonality_municipality_offset,municipality[079],-0.155759507644176,0.124793243703498
fold_01_validate_2017,model_s2_seasonality_municipality_offset,municipality[080],-1.2904056884929,0.105770453160415
fold_01_validate_2017,model_s2_seasonality_municipality_offset,municipality[081],-0.974863981544186,0.195268391327128
fold_01_validate_2017,model_s2_seasonality_municipality_offset,municipality[082],-0.879904333608147,0.152475546467399
fold_01_validate_2017,model_s2_seasonality_municipality_offset,municipality[083],-0.566028238942154,0.183481494808602
fold_01_validate_2017,model_s2_seasonality_municipality_offset,municipality[084],-0.989685037254904,0.079318521982235
fold_01_validate_2017,model_s2_seasonality_municipality_offset,municipality[085],-0.514044170780033,0.0672363152997909
fold_01_validate_2017,model_s2_seasonality_municipality_offset,municipality[086],-1.50552684426353,0.356953020630447
fold_01_validate_2017,model_s2_seasonality_municipality_offset,municipality[087],-0.89239844556732,0.106885302760517
fold_01_validate_2017,model_s2_seasonality_municipality_offset,municipality[088],0.384818910350195,0.292828947118506
fold_01_validate_2017,model_s2_seasonality_municipality_offset,municipality[089],-1.1687956698323,0.148402500229792
fold_01_validate_2017,model_s2_seasonality_municipality_offset,municipality[090],-1.06814300926948,0.0993888600616911
fold_01_validate_2017,model_s2_seasonality_municipality_offset,municipality[091],0.205770678901248,0.0926730729142562
fold_01_validate_2017,model_s2_seasonality_municipality_offset,municipality[092],-1.79804276298568,0.292828947118506
fold_01_validate_2017,model_s2_seasonality_municipality_offset,municipality[093],-1.18646723611956,0.254785123068831
fold_01_validate_2017,model_s2_seasonality_municipality_offset,municipality[094],-0.181727042786184,0.0764976146950786
fold_01_validate_2017,model_s2_seasonality_municipality_offset,municipality[095],-0.264326090567217,0.138138067178693
fold_01_validate_2017,model_s2_seasonality_municipality_offset,municipality[096],-1.43821983999243,0.103676382414375
fold_01_validate_2017,model_s2_seasonality_municipality_offset,municipality[097],-0.446860506728436,0.119667125151231
fold_01_validate_2017,model_s2_seasonality_municipality_offset,municipality[098],-1.08876959320726,0.147126571930321
fold_01_validate_2017,model_s2_seasonality_municipality_offset,municipality[099],-1.07227150837318,0.183481494808601
fold_01_validate_2017,model_s2_seasonality_municipality_offset,municipality[100],-0.350026885733112,0.12212886201549
fold_01_validate_2017,model_s2_seasonality_municipality_offset,municipality[101],-2.14453950200868,0.254785123068831
fold_01_validate_2017,model_s2_seasonality_municipality_offset,municipality[102],-0.196325665658838,0.0732482862910305
fold_01_validate_2017,model_s2_seasonality_municipality_offset,municipality[103],-0.691906468977284,0.102371749356111
fold_01_validate_2017,model_s2_seasonality_municipality_offset,municipality[104],-1.73233820162834,0.173762011714231
fold_01_validate_2017,model_s2_seasonality_municipality_offset,municipality[105],-1.23016509138524,0.228944226695497
fold_01_validate_2017,model_s2_seasonality_municipality_offset,municipality[106],-1.5135514276208,0.145888256777235
fold_01_validate_2017,model_s2_seasonality_municipality_offset,municipality[107],-1.21828884844247,0.228944226695497
fold_01_validate_2017,model_s2_seasonality_municipality_offset,municipality[108],-0.958171546415632,0.138138067178693
fold_01_validate_2017,model_s2_seasonality_municipality_offset,municipality[109],0.0124917036324078,0.119667125151231
fold_01_validate_2017,model_s2_seasonality_municipality_offset,municipality[110],-1.03204691209842,0.0988352169708186
fold_01_validate_2017,model_s2_seasonality_municipality_offset,municipality[111],-1.22461900208394,0.119667125151231
fold_01_validate_2017,model_s2_seasonality_municipality_offset,municipality[112],-1.15048266033105,0.105053075120963
fold_01_validate_2017,model_s2_seasonality_municipality_offset,municipality[113],-1.27384772060786,0.0941651307035897
fold_01_validate_2017,model_s2_seasonality_municipality_offset,municipality[114],-1.02827330564036,0.105770453160415
fold_01_validate_2017,model_s2_seasonality_municipality_offset,municipality[115],-0.797121509891219,0.165576142415502
fold_01_validate_2017,model_s2_seasonality_municipality_offset,municipality[116],0.118874755355114,0.128452193361779
fold_01_validate_2017,model_s2_seasonality_municipality_offset,municipality[117],-0.547855003685895,0.108049609885725
fold_01_validate_2017,model_s2_seasonality_municipality_offset,municipality[118],-1.33954591298545,0.152475546467398
fold_01_validate_2017,model_s2_seasonality_municipality_offset,municipality[119],-1.56233187445139,0.1834814948086
fold_01_validate_2017,model_s2_seasonality_municipality_offset,municipality[120],-0.791794741500144,0.0879466194538963
fold_01_validate_2017,model_s2_seasonality_municipality_offset,municipality[121],-0.922005535474585,0.195268391327129
fold_01_validate_2017,model_s2_seasonality_municipality_offset,municipality[122],-0.646903508022541,0.0789446187547194
fold_01_validate_2017,model_s2_seasonality_municipality_offset,municipality[123],-0.523243781353666,0.0996707375796904
fold_01_validate_2017,model_s2_seasonality_municipality_offset,municipality[124],-1.82088614380441,0.173762011714232
fold_01_validate_2017,model_s2_seasonality_municipality_offset,municipality[125],-1.25971769785911,0.228944226695499
fold_01_validate_2017,model_s2_seasonality_municipality_offset,municipality[126],-0.971392892853782,0.127688479613814
fold_01_validate_2017,model_s2_seasonality_municipality_offset,municipality[127],-1.89450302917324,0.271742581068506
fold_01_validate_2017,model_s2_seasonality_municipality_offset,municipality[128],-0.306397767679684,0.088769025067955
fold_01_validate_2017,model_s2_seasonality_municipality_offset,municipality[129],-1.16784248628185,0.106508358196762
fold_01_validate_2017,model_s2_seasonality_municipality_offset,municipality[130],-1.40907731182758,0.133416919173746
fold_01_validate_2017,model_s2_seasonality_municipality_offset,municipality[131],-1.08170714077395,0.106885302760516
fold_01_validate_2017,model_s2_seasonality_municipality_offset,municipality[132],-0.402057229712587,0.152475546467399
fold_01_validate_2017,model_s2_seasonality_municipality_offset,municipality[133],-1.6672459385332,0.099110374555874
fold_01_validate_2017,model_s2_seasonality_municipality_offset,municipality[134],-0.564566795432255,0.14712657193032
fold_01_validate_2017,model_s2_seasonality_municipality_offset,municipality[135],-1.60627346149835,0.209957437600734
fold_01_validate_2017,model_s2_seasonality_municipality_offset,municipality[136],-0.153821020580175,0.109266959603569
fold_01_validate_2017,model_s2_seasonality_municipality_offset,municipality[137],-0.718239806275056,0.209957437600731
fold_01_validate_2017,model_s2_seasonality_municipality_offset,municipality[138],-0.755579657302609,0.151074889384386
fold_01_validate_2017,model_s2_seasonality_municipality_offset,municipality[139],-1.21787361394437,0.142381887170881
fold_01_validate_2017,model_s2_seasonality_municipality_offset,municipality[140],-0.84364793552914,0.0937277210263354
fold_01_validate_2017,model_s2_seasonality_municipality_offset,municipality[141],-1.59489092626745,0.292828947118507
fold_01_validate_2017,model_s2_seasonality_municipality_offset,municipality[142],-0.876132865879624,0.0948388438648393
fold_01_validate_2017,model_s2_seasonality_municipality_offset,municipality[143],-2.24367865905006,0.502409652511978
fold_01_validate_2017,model_s2_seasonality_municipality_offset,municipality[144],-1.15240893234697,0.158564597765301
fold_01_validate_2017,model_s2_seasonality_municipality_offset,municipality[146],-0.427595646349438,0.113278972470027
fold_01_validate_2017,model_s2_seasonality_municipality_offset,municipality[147],-0.226995578840464,0.11966712515123
fold_01_validate_2017,model_s2_seasonality_municipality_offset,municipality[148],-0.400636053958229,0.173762011714232
fold_01_validate_2017,model_s2_seasonality_municipality_offset,municipality[149],-0.229065116002957,0.209957437600734
fold_01_validate_2017,model_s2_seasonality_municipality_offset,municipality[150],-1.03370448156714,0.292828947118506
fold_01_validate_2017,model_s2_seasonality_municipality_offset,municipality[151],-1.31291631660723,0.1834814948086
fold_01_validate_2017,model_s2_seasonality_municipality_offset,municipality[152],-1.61064505315986,0.356953020630447
fold_01_validate_2017,model_s2_seasonality_municipality_offset,municipality[153],-2.41902749729739,0.502409652511972
fold_01_validate_2017,model_s2_seasonality_municipality_offset,municipality[154],-0.033046710956416,0.223683943447547
fold_01_validate_2017,model_s2_seasonality_municipality_offset,municipality[155],-24.9602980829713,23210.8762280308
fold_01_validate_2017,model_s2_seasonality_municipality_offset,municipality[156],-0.557858576697145,0.25478512306883
fold_01_validate_2017,model_s2_seasonality_municipality_offset,municipality[157],-0.971622487619993,0.195268391327128
fold_01_validate_2017,model_s2_seasonality_municipality_offset,municipality[158],0.290481493268502,0.1343147755729
fold_01_validate_2017,model_s2_seasonality_municipality_offset,municipality[159],-3.01637847131195,0.502409652511975
fold_01_validate_2017,model_s2_seasonality_municipality_offset,municipality[160],-0.976640419296084,0.11526067913469
fold_01_validate_2017,model_s2_seasonality_municipality_offset,municipality[161],-0.694899428957957,0.502409652511975
fold_01_validate_2017,model_s2_seasonality_municipality_offset,municipality[162],-0.63903186674099,0.178401859976519
fold_01_validate_2017,model_s2_seasonality_municipality_offset,municipality[163],-1.25878789769916,0.502409652511977
fold_01_validate_2017,model_s2_seasonality_municipality_offset,municipality[164],-1.39821274248131,0.1834814948086
fold_01_validate_2017,model_s2_seasonality_municipality_offset,municipality[165],-1.260337084686,0.502409652511978
fold_01_validate_2017,model_s2_seasonality_municipality_offset,municipality[166],-0.231143273516171,0.1343147755729
fold_01_validate_2017,model_s2_seasonality_municipality_offset,municipality[167],-1.73523069922592,0.292828947118506
fold_01_validate_2017,model_s2_seasonality_municipality_offset,municipality[168],-1.28907396358073,0.209957437600732
fold_01_validate_2017,model_s2_seasonality_municipality_offset,municipality[169],-0.941883353567454,0.14351751502523
fold_01_validate_2017,model_s2_seasonality_municipality_offset,municipality[170],-0.960890170654615,0.209957437600734
fold_01_validate_2017,model_s2_seasonality_municipality_offset,municipality[171],-3.09502159863111,0.502409652511972
fold_01_validate_2017,model_s2_seasonality_municipality_offset,municipality[172],-0.906532850458559,0.254785123068831
fold_01_validate_2017,model_s2_seasonality_municipality_offset,municipality[173],-1.20037014128855,0.165576142415501
fold_01_validate_2017,model_s2_seasonality_municipality_offset,municipality[174],-1.2270892106371,0.1834814948086
fold_01_validate_2017,model_s2_seasonality_municipality_offset,municipality[175],-1.04632060437628,0.14712657193032
fold_01_validate_2017,model_s2_seasonality_municipality_offset,municipality[176],-0.157847319271483,0.209957437600733
fold_01_validate_2017,model_s2_seasonality_municipality_offset,municipality[177],-0.472266646361741,0.254785123068831
fold_01_validate_2017,model_s2_seasonality_municipality_offset,municipality[178],-0.808130795399634,0.158564597765301
fold_01_validate_2017,model_s2_seasonality_municipality_offset,municipality[179],-2.48119440371393,0.502409652511976
fold_01_validate_2017,model_s2_seasonality_municipality_offset,municipality[180],0.374180512145154,0.25478512306883
fold_01_validate_2017,model_s2_seasonality_municipality_offset,municipality[181],-1.44240061025672,0.292828947118506
fold_01_validate_2017,model_s2_seasonality_municipality_offset,municipality[182],-1.15600802863485,0.356953020630447
fold_01_validate_2017,model_s2_seasonality_municipality_offset,municipality[183],-1.15975708579197,0.160222572974869
fold_01_validate_2017,model_s2_seasonality_municipality_offset,municipality[184],-0.81479950759467,0.254785123068832
fold_01_validate_2017,model_s2_seasonality_municipality_offset,municipality[185],-0.362451780354566,0.228944226695498
fold_01_validate_2017,model_s2_seasonality_municipality_offset,municipality[186],-1.10153162531375,0.195268391327129
fold_01_validate_2017,model_s2_seasonality_municipality_offset,municipality[187],-0.269481818562713,0.209957437600734
fold_01_validate_2017,model_s2_seasonality_municipality_offset,municipality[188],-1.26265637447709,0.356953020630447
fold_01_validate_2017,model_s2_seasonality_municipality_offset,municipality[189],-0.169050836109948,0.152475546467399
fold_01_validate_2017,model_s2_seasonality_municipality_offset,municipality[190],-1.70978592413298,0.11966712515123
fold_01_validate_2017,model_s2_seasonality_municipality_offset,municipality[191],-0.591655956280456,0.254785123068831
fold_01_validate_2017,model_s2_seasonality_municipality_offset,municipality[192],-0.869470775998993,0.165576142415501
fold_01_validate_2017,model_s2_seasonality_municipality_offset,municipality[193],0.00689538909438928,0.111424678313191
fold_01_validate_2017,model_s2_seasonality_municipality_offset,municipality[194],-0.836727892167009,0.14712657193032
fold_01_validate_2017,model_s2_seasonality_municipality_offset,municipality[195],-0.673138482135394,0.165576142415501
fold_01_validate_2017,model_s2_seasonality_municipality_offset,municipality[196],-1.85386916692763,0.356953020630447
fold_01_validate_2017,model_s2_seasonality_municipality_offset,municipality[197],-1.49680733246387,0.292828947118508
fold_01_validate_2017,model_s2_seasonality_municipality_offset,municipality[198],-1.3096676699057,0.292828947118507
fold_01_validate_2017,model_s2_seasonality_municipality_offset,municipality[199],-0.859615242875322,0.195268391327128
fold_01_validate_2017,model_s2_seasonality_municipality_offset,municipality[200],-2.37994067000879,0.336937041668487
fold_01_validate_2017,model_s2_seasonality_municipality_offset,municipality[201],-0.95798538734218,0.173762011714231
fold_01_validate_2017,model_s2_seasonality_municipality_offset,municipality[202],-0.21252777414165,0.173762011714232
fold_01_validate_2017,model_s2_seasonality_municipality_offset,municipality[203],-0.200920993229673,0.130848543324486
fold_01_validate_2017,model_s2_seasonality_municipality_offset,municipality[204],-1.31749549852599,0.292828947118507
fold_01_validate_2017,model_s2_seasonality_municipality_offset,municipality[205],-0.806669874759966,0.228944226695498
fold_01_validate_2017,model_s2_seasonality_municipality_offset,municipality[206],-1.00875044571231,0.202180605891709
fold_01_validate_2017,model_s2_seasonality_municipality_offset,municipality[207],-2.03910794091723,0.356953020630447
fold_01_validate_2017,model_s2_seasonality_municipality_offset,municipality[208],-1.04226688714544,0.195268391327129
fold_01_validate_2017,model_s2_seasonality_municipality_offset,municipality[209],-1.16541382692171,0.254785123068831
fold_01_validate_2017,model_s2_seasonality_municipality_offset,municipality[210],-1.04480766104447,0.254785123068831
fold_01_validate_2017,model_s2_seasonality_municipality_offset,municipality[211],-1.66339130820984,0.292828947118506
fold_01_validate_2017,model_s2_seasonality_municipality_offset,municipality[212],-0.641740060677923,0.192089087555457
fold_01_validate_2017,model_s2_seasonality_municipality_offset,municipality[213],-1.25692569976814,0.228944226695499
fold_01_validate_2017,model_s3_seasonality_municipality_past_incidence_offset,intercept,-8.00108187147632,0.0528868672433761
fold_01_validate_2017,model_s3_seasonality_municipality_past_incidence_offset,seasonal_sin_annual,0.275259129442174,0.0125642280050234
fold_01_validate_2017,model_s3_seasonality_municipality_past_incidence_offset,seasonal_cos_annual,-1.35629130847599,0.0176565837125314
fold_01_validate_2017,model_s3_seasonality_municipality_past_incidence_offset,municipality[002],-1.47680278059204,0.153432843808776
fold_01_validate_2017,model_s3_seasonality_municipality_past_incidence_offset,municipality[003],-1.11287951318211,0.133263071562243
fold_01_validate_2017,model_s3_seasonality_municipality_past_incidence_offset,municipality[004],-0.726625696346957,0.138605396574527
fold_01_validate_2017,model_s3_seasonality_municipality_past_incidence_offset,municipality[005],-1.18394915137536,0.183965689631115
fold_01_validate_2017,model_s3_seasonality_municipality_past_incidence_offset,municipality[006],-1.01805458378035,0.192944089515366
fold_01_validate_2017,model_s3_seasonality_municipality_past_incidence_offset,municipality[007],-0.778582468248765,0.136545928861293
fold_01_validate_2017,model_s3_seasonality_municipality_past_incidence_offset,municipality[008],-0.989511003933163,0.108781110318205
fold_01_validate_2017,model_s3_seasonality_municipality_past_incidence_offset,municipality[009],-2.16560846993565,0.129165153930344
fold_01_validate_2017,model_s3_seasonality_municipality_past_incidence_offset,municipality[010],-1.2947247148874,0.195865520566268
fold_01_validate_2017,model_s3_seasonality_municipality_past_incidence_offset,municipality[011],-2.038197414712,0.0941591009551299
fold_01_validate_2017,model_s3_seasonality_municipality_past_incidence_offset,municipality[012],-1.354914004962,0.153353470483969
fold_01_validate_2017,model_s3_seasonality_municipality_past_incidence_offset,municipality[013],-0.465824668039269,0.091711912422408
fold_01_validate_2017,model_s3_seasonality_municipality_past_incidence_offset,municipality[014],-1.60649573703667,0.210702048004214
fold_01_validate_2017,model_s3_seasonality_municipality_past_incidence_offset,municipality[015],-1.5743297141814,0.224288613880728
fold_01_validate_2017,model_s3_seasonality_municipality_past_incidence_offset,municipality[016],-1.45627644736452,0.229615006578185
fold_01_validate_2017,model_s3_seasonality_municipality_past_incidence_offset,municipality[017],-0.37012033118806,0.0822257887578121
fold_01_validate_2017,model_s3_seasonality_municipality_past_incidence_offset,municipality[018],-1.15569226799,0.229407711762268
fold_01_validate_2017,model_s3_seasonality_municipality_past_incidence_offset,municipality[019],-0.565691456902899,0.147274825316348
fold_01_validate_2017,model_s3_seasonality_municipality_past_incidence_offset,municipality[020],-1.84523673967994,0.255455160767706
fold_01_validate_2017,model_s3_seasonality_municipality_past_incidence_offset,municipality[021],-0.709053542435429,0.117718164345505
fold_01_validate_2017,model_s3_seasonality_municipality_past_incidence_offset,municipality[022],-0.967863762917584,0.144183673123498
fold_01_validate_2017,model_s3_seasonality_municipality_past_incidence_offset,municipality[023],-1.83293496747224,0.0984524849747297
fold_01_validate_2017,model_s3_seasonality_municipality_past_incidence_offset,municipality[024],-0.939105666903188,0.195721011151957
fold_01_validate_2017,model_s3_seasonality_municipality_past_incidence_offset,municipality[025],-0.658904502638796,0.10806142062548
fold_01_validate_2017,model_s3_seasonality_municipality_past_incidence_offset,municipality[026],-1.98369791218299,0.210779518956629
fold_01_validate_2017,model_s3_seasonality_municipality_past_incidence_offset,municipality[027],-0.4322621139761,0.107101579350813
fold_01_validate_2017,model_s3_seasonality_municipality_past_incidence_offset,municipality[028],-2.56929980188518,0.357555783692057
fold_01_validate_2017,model_s3_seasonality_municipality_past_incidence_offset,municipality[029],-0.269052765008982,0.0961089976731799
fold_01_validate_2017,model_s3_seasonality_municipality_past_incidence_offset,municipality[030],-2.11271030106451,0.357441373169832
fold_01_validate_2017,model_s3_seasonality_municipality_past_incidence_offset,municipality[031],-0.914027164055089,0.224286339443366
fold_01_validate_2017,model_s3_seasonality_municipality_past_incidence_offset,municipality[032],-1.49970561543761,0.107247958079804
fold_01_validate_2017,model_s3_seasonality_municipality_past_incidence_offset,municipality[033],-0.766162008481541,0.254964007436414
fold_01_validate_2017,model_s3_seasonality_municipality_past_incidence_offset,municipality[034],-2.03258211093888,0.184471344343446
fold_01_validate_2017,model_s3_seasonality_municipality_past_incidence_offset,municipality[035],-1.71924928170391,0.229716632756706
fold_01_validate_2017,model_s3_seasonality_municipality_past_incidence_offset,municipality[036],-1.49965176768866,0.132028880462397
fold_01_validate_2017,model_s3_seasonality_municipality_past_incidence_offset,municipality[037],-0.759568578390627,0.122569868567713
fold_01_validate_2017,model_s3_seasonality_municipality_past_incidence_offset,municipality[038],-1.27254461185552,0.114277007256509
fold_01_validate_2017,model_s3_seasonality_municipality_past_incidence_offset,municipality[039],-1.17772231663584,0.103277192871425
fold_01_validate_2017,model_s3_seasonality_municipality_past_incidence_offset,municipality[040],-1.08413890350276,0.100841673685929
fold_01_validate_2017,model_s3_seasonality_municipality_past_incidence_offset,municipality[041],-0.938045989256585,0.0867446294092115
fold_01_validate_2017,model_s3_seasonality_municipality_past_incidence_offset,municipality[042],-1.32072219130405,0.255340074752728
fold_01_validate_2017,model_s3_seasonality_municipality_past_incidence_offset,municipality[043],-1.10988218049459,0.0822928249122635
fold_01_validate_2017,model_s3_seasonality_municipality_past_incidence_offset,municipality[044],-0.801246098830674,0.138687824526934
fold_01_validate_2017,model_s3_seasonality_municipality_past_incidence_offset,municipality[045],-1.77662412589958,0.196005397679669
fold_01_validate_2017,model_s3_seasonality_municipality_past_incidence_offset,municipality[046],0.399820117784649,0.101217996687994
fold_01_validate_2017,model_s3_seasonality_municipality_past_incidence_offset,municipality[047],-0.556384426067737,0.357166549648503
fold_01_validate_2017,model_s3_seasonality_municipality_past_incidence_offset,municipality[048],-1.798034329306,0.132024622348
fold_01_validate_2017,model_s3_seasonality_municipality_past_incidence_offset,municipality[049],-0.661357142137516,0.158928889668021
fold_01_validate_2017,model_s3_seasonality_municipality_past_incidence_offset,municipality[050],-1.32565219279492,0.0748420288322847
fold_01_validate_2017,model_s3_seasonality_municipality_past_incidence_offset,municipality[051],-2.31670214579071,0.357547157555144
fold_01_validate_2017,model_s3_seasonality_municipality_past_incidence_offset,municipality[052],-0.813018310049016,0.064955625007846
fold_01_validate_2017,model_s3_seasonality_municipality_past_incidence_offset,municipality[053],-0.2873921612448,0.115433046984341
fold_01_validate_2017,model_s3_seasonality_municipality_past_incidence_offset,municipality[054],-1.39309348073834,0.0942776724733031
fold_01_validate_2017,model_s3_seasonality_municipality_past_incidence_offset,municipality[055],-1.32130922015557,0.184107253231742
fold_01_validate_2017,model_s3_seasonality_municipality_past_incidence_offset,municipality[056],-0.893801758037809,0.255147645071102
fold_01_validate_2017,model_s3_seasonality_municipality_past_incidence_offset,municipality[057],-0.831752447342739,0.0984639138809424
fold_01_validate_2017,model_s3_seasonality_municipality_past_incidence_offset,municipality[058],-1.64968313762745,0.166395580720418
fold_01_validate_2017,model_s3_seasonality_municipality_past_incidence_offset,municipality[059],-0.94286440184662,0.111734206052401
fold_01_validate_2017,model_s3_seasonality_municipality_past_incidence_offset,municipality[060],-1.40352187747116,0.115823853383909
fold_01_validate_2017,model_s3_seasonality_municipality_past_incidence_offset,municipality[061],-1.41472979956665,0.0569575978157886
fold_01_validate_2017,model_s3_seasonality_municipality_past_incidence_offset,municipality[062],-0.228570996949024,0.152629247708785
fold_01_validate_2017,model_s3_seasonality_municipality_past_incidence_offset,municipality[063],-0.0960197591710252,0.0820308963505274
fold_01_validate_2017,model_s3_seasonality_municipality_past_incidence_offset,municipality[064],-1.77156387781096,0.139303424777097
fold_01_validate_2017,model_s3_seasonality_municipality_past_incidence_offset,municipality[065],-0.792070225897672,0.162300879794264
fold_01_validate_2017,model_s3_seasonality_municipality_past_incidence_offset,municipality[066],-25.0043424787255,23075.9718554925
fold_01_validate_2017,model_s3_seasonality_municipality_past_incidence_offset,municipality[067],-1.12821723793897,0.293241942153885
fold_01_validate_2017,model_s3_seasonality_municipality_past_incidence_offset,municipality[068],-1.37714213043463,0.17448520231029
fold_01_validate_2017,model_s3_seasonality_municipality_past_incidence_offset,municipality[069],-0.910037160340007,0.16634827563964
fold_01_validate_2017,model_s3_seasonality_municipality_past_incidence_offset,municipality[070],-1.44926372187074,0.0646942851518459
fold_01_validate_2017,model_s3_seasonality_municipality_past_incidence_offset,municipality[071],-1.19089367831765,0.104601717981981
fold_01_validate_2017,model_s3_seasonality_municipality_past_incidence_offset,municipality[072],-1.75366393592236,0.17936083053874
fold_01_validate_2017,model_s3_seasonality_municipality_past_incidence_offset,municipality[073],-1.56595521933738,0.159323725752456
fold_01_validate_2017,model_s3_seasonality_municipality_past_incidence_offset,municipality[074],-1.04510578854225,0.184192492679529
fold_01_validate_2017,model_s3_seasonality_municipality_past_incidence_offset,municipality[075],-0.79647104418791,0.147470505145989
fold_01_validate_2017,model_s3_seasonality_municipality_past_incidence_offset,municipality[076],-2.00179449765729,0.255476972052329
fold_01_validate_2017,model_s3_seasonality_municipality_past_incidence_offset,municipality[077],-1.36135187798168,0.179248769896092
fold_01_validate_2017,model_s3_seasonality_municipality_past_incidence_offset,municipality[078],-0.661988339372779,0.128059247590452
fold_01_validate_2017,model_s3_seasonality_municipality_past_incidence_offset,municipality[079],-0.205172759270097,0.12494654964114
fold_01_validate_2017,model_s3_seasonality_municipality_past_incidence_offset,municipality[080],-1.43739762906994,0.107040923782385
fold_01_validate_2017,model_s3_seasonality_municipality_past_incidence_offset,municipality[081],-1.07190593286234,0.195577911489685
fold_01_validate_2017,model_s3_seasonality_municipality_past_incidence_offset,municipality[082],-1.01151754881822,0.153188252158805
fold_01_validate_2017,model_s3_seasonality_municipality_past_incidence_offset,municipality[083],-0.655567780336765,0.183828657571341
fold_01_validate_2017,model_s3_seasonality_municipality_past_incidence_offset,municipality[084],-1.11960645056851,0.0806462239908272
fold_01_validate_2017,model_s3_seasonality_municipality_past_incidence_offset,municipality[085],-0.599384841019226,0.0678896583915528
fold_01_validate_2017,model_s3_seasonality_municipality_past_incidence_offset,municipality[086],-1.65806398870552,0.357382108381251
fold_01_validate_2017,model_s3_seasonality_municipality_past_incidence_offset,municipality[087],-1.0219032084278,0.107867009447914
fold_01_validate_2017,model_s3_seasonality_municipality_past_incidence_offset,municipality[088],0.338973585412516,0.292991249334495
fold_01_validate_2017,model_s3_seasonality_municipality_past_incidence_offset,municipality[089],-1.30307509174975,0.149160629298434
fold_01_validate_2017,model_s3_seasonality_municipality_past_incidence_offset,municipality[090],-1.19305451935353,0.10038189499854
fold_01_validate_2017,model_s3_seasonality_municipality_past_incidence_offset,municipality[091],0.233644741067042,0.0927127130034732
fold_01_validate_2017,model_s3_seasonality_municipality_past_incidence_offset,municipality[092],-1.95030548951755,0.293334481934751
fold_01_validate_2017,model_s3_seasonality_municipality_past_incidence_offset,municipality[093],-1.33996881436516,0.255375458813196
fold_01_validate_2017,model_s3_seasonality_municipality_past_incidence_offset,municipality[094],-0.229118054454621,0.0766828106531786
fold_01_validate_2017,model_s3_seasonality_municipality_past_incidence_offset,municipality[095],-0.338263460088286,0.138396940646037
fold_01_validate_2017,model_s3_seasonality_municipality_past_incidence_offset,municipality[096],-1.59534622054534,0.105164984502454
fold_01_validate_2017,model_s3_seasonality_municipality_past_incidence_offset,municipality[097],-0.511384909978508,0.119918759533831
fold_01_validate_2017,model_s3_seasonality_municipality_past_incidence_offset,municipality[098],-1.22197381961102,0.147917008670137
fold_01_validate_2017,model_s3_seasonality_municipality_past_incidence_offset,municipality[099],-1.19631173408034,0.184020485005979
fold_01_validate_2017,model_s3_seasonality_municipality_past_incidence_offset,municipality[100],-0.417790896895867,0.122375865113012
fold_01_validate_2017,model_s3_seasonality_municipality_past_incidence_offset,municipality[101],-2.32618591095744,0.255608030055134
fold_01_validate_2017,model_s3_seasonality_municipality_past_incidence_offset,municipality[102],-0.257172222466454,0.073572341996535
fold_01_validate_2017,model_s3_seasonality_municipality_past_incidence_offset,municipality[103],-0.785655500487804,0.102919396193035
fold_01_validate_2017,model_s3_seasonality_municipality_past_incidence_offset,municipality[104],-1.89615120609242,0.174736689762107
fold_01_validate_2017,model_s3_seasonality_municipality_past_incidence_offset,municipality[105],-1.38029759601972,0.229575624387266
fold_01_validate_2017,model_s3_seasonality_municipality_past_incidence_offset,municipality[106],-1.66425196663998,0.146866608244771
fold_01_validate_2017,model_s3_seasonality_municipality_past_incidence_offset,municipality[107],-1.35224236987592,0.229448609336408
fold_01_validate_2017,model_s3_seasonality_municipality_past_incidence_offset,municipality[108],-1.08533925824864,0.138864768974696
fold_01_validate_2017,model_s3_seasonality_municipality_past_incidence_offset,municipality[109],-0.00953157622983446,0.119708602816503
fold_01_validate_2017,model_s3_seasonality_municipality_past_incidence_offset,municipality[110],-1.15977137898208,0.0998569775045755
fold_01_validate_2017,model_s3_seasonality_municipality_past_incidence_offset,municipality[111],-1.35949896709021,0.12061971474613
fold_01_validate_2017,model_s3_seasonality_municipality_past_incidence_offset,municipality[112],-1.28703737138342,0.106156045009362
fold_01_validate_2017,model_s3_seasonality_municipality_past_incidence_offset,municipality[113],-1.41408721595782,0.0954599785929969
fold_01_validate_2017,model_s3_seasonality_municipality_past_incidence_offset,municipality[114],-1.17243916234184,0.106996600645393
fold_01_validate_2017,model_s3_seasonality_municipality_past_incidence_offset,municipality[115],-0.892100835857768,0.16593425810074
fold_01_validate_2017,model_s3_seasonality_municipality_past_incidence_offset,municipality[116],0.0868834861182212,0.128510286988893
fold_01_validate_2017,model_s3_seasonality_municipality_past_incidence_offset,municipality[117],-0.632891662054202,0.108467182159216
fold_01_validate_2017,model_s3_seasonality_municipality_past_incidence_offset,municipality[118],-1.48695142107328,0.15337072679397
fold_01_validate_2017,model_s3_seasonality_municipality_past_incidence_offset,municipality[119],-1.72405000905395,0.184380083758026
fold_01_validate_2017,model_s3_seasonality_municipality_past_incidence_offset,municipality[120],-0.900907005848422,0.088784566481414
fold_01_validate_2017,model_s3_seasonality_municipality_past_incidence_offset,municipality[121],-1.04378987454739,0.19576031832098
fold_01_validate_2017,model_s3_seasonality_municipality_past_incidence_offset,municipality[122],-0.756057466091251,0.0798879923412383
fold_01_validate_2017,model_s3_seasonality_municipality_past_incidence_offset,municipality[123],-0.597518177051086,0.100013087577409
fold_01_validate_2017,model_s3_seasonality_municipality_past_incidence_offset,municipality[124],-1.98514600291018,0.174741351511673
fold_01_validate_2017,model_s3_seasonality_municipality_past_incidence_offset,municipality[125],-1.4275534859059,0.229738363085566
fold_01_validate_2017,model_s3_seasonality_municipality_past_incidence_offset,municipality[126],-1.09333265094833,0.128420859415711
fold_01_validate_2017,model_s3_seasonality_municipality_past_incidence_offset,municipality[127],-2.07023935250078,0.272468466013039
fold_01_validate_2017,model_s3_seasonality_municipality_past_incidence_offset,municipality[128],-0.353168073343851,0.0889322883536881
fold_01_validate_2017,model_s3_seasonality_municipality_past_incidence_offset,municipality[129],-1.31058605888773,0.10769773198699
fold_01_validate_2017,model_s3_seasonality_municipality_past_incidence_offset,municipality[130],-1.56371305580133,0.134541263531779
fold_01_validate_2017,model_s3_seasonality_municipality_past_incidence_offset,municipality[131],-1.21667818372528,0.107963142324304
fold_01_validate_2017,model_s3_seasonality_municipality_past_incidence_offset,municipality[132],-0.481901028350003,0.15274917766793
fold_01_validate_2017,model_s3_seasonality_municipality_past_incidence_offset,municipality[133],-1.82648846845615,0.100711280912524
fold_01_validate_2017,model_s3_seasonality_municipality_past_incidence_offset,municipality[134],-0.665989762305324,0.147597926603539
fold_01_validate_2017,model_s3_seasonality_municipality_past_incidence_offset,municipality[135],-1.7704843275528,0.210773828090662
fold_01_validate_2017,model_s3_seasonality_municipality_past_incidence_offset,municipality[136],-0.160854226942328,0.109273271199099
fold_01_validate_2017,model_s3_seasonality_municipality_past_incidence_offset,municipality[137],-0.863660109814384,0.210613169844885
fold_01_validate_2017,model_s3_seasonality_municipality_past_incidence_offset,municipality[138],-0.861910073782,0.151540945391622
fold_01_validate_2017,model_s3_seasonality_municipality_past_incidence_offset,municipality[139],-1.35820787894655,0.14325032153494
fold_01_validate_2017,model_s3_seasonality_municipality_past_incidence_offset,municipality[140],-0.95761939153441,0.0945830563605673
fold_01_validate_2017,model_s3_seasonality_municipality_past_incidence_offset,municipality[141],-1.76060560984126,0.293426004021855
fold_01_validate_2017,model_s3_seasonality_municipality_past_incidence_offset,municipality[142],-0.996735883396911,0.0957945233699728
fold_01_validate_2017,model_s3_seasonality_municipality_past_incidence_offset,municipality[143],-2.43373795778285,0.502869849964564
fold_01_validate_2017,model_s3_seasonality_municipality_past_incidence_offset,municipality[144],-1.28332188978312,0.159245276157905
fold_01_validate_2017,model_s3_seasonality_municipality_past_incidence_offset,municipality[146],-0.503902343289407,0.113609058721181
fold_01_validate_2017,model_s3_seasonality_municipality_past_incidence_offset,municipality[147],-0.272248373481662,0.119816810479943
fold_01_validate_2017,model_s3_seasonality_municipality_past_incidence_offset,municipality[148],-0.460935867718061,0.173925944257714
fold_01_validate_2017,model_s3_seasonality_municipality_past_incidence_offset,municipality[149],-0.245707304723132,0.210005582846454
fold_01_validate_2017,model_s3_seasonality_municipality_past_incidence_offset,municipality[150],-1.19585561548969,0.293426769228222
fold_01_validate_2017,model_s3_seasonality_municipality_past_incidence_offset,municipality[151],-1.45040627409873,0.184129306031583
fold_01_validate_2017,model_s3_seasonality_municipality_past_incidence_offset,municipality[152],-1.77115945758082,0.357420601790687
fold_01_validate_2017,model_s3_seasonality_municipality_past_incidence_offset,municipality[153],-2.61194822182227,0.502883040861728
fold_01_validate_2017,model_s3_seasonality_municipality_past_incidence_offset,municipality[154],-0.107602417367618,0.223875998970962
fold_01_validate_2017,model_s3_seasonality_municipality_past_incidence_offset,municipality[155],-25.1460929958038,23075.9665288041
fold_01_validate_2017,model_s3_seasonality_municipality_past_incidence_offset,municipality[156],-0.652656019813157,0.255034174472586
fold_01_validate_2017,model_s3_seasonality_municipality_past_incidence_offset,municipality[157],-1.09135755921316,0.195729930309843
fold_01_validate_2017,model_s3_seasonality_municipality_past_incidence_offset,municipality[158],0.248918921469639,0.134425478033168
fold_01_validate_2017,model_s3_seasonality_municipality_past_incidence_offset,municipality[159],-3.20159843291983,0.502843180958678
fold_01_validate_2017,model_s3_seasonality_municipality_past_incidence_offset,municipality[160],-1.09242387539087,0.115984903322581
fold_01_validate_2017,model_s3_seasonality_municipality_past_incidence_offset,municipality[161],-0.778745285304345,0.502574444245105
fold_01_validate_2017,model_s3_seasonality_municipality_past_incidence_offset,municipality[162],-0.740922835725768,0.178793138044522
fold_01_validate_2017,model_s3_seasonality_municipality_past_incidence_offset,municipality[163],-1.44550995994963,0.502862872838442
fold_01_validate_2017,model_s3_seasonality_municipality_past_incidence_offset,municipality[164],-1.56030917272694,0.184395899815095
fold_01_validate_2017,model_s3_seasonality_municipality_past_incidence_offset,municipality[165],-1.41937900840766,0.502753044238975
fold_01_validate_2017,model_s3_seasonality_municipality_past_incidence_offset,municipality[166],-0.306855425975236,0.134590487157646
fold_01_validate_2017,model_s3_seasonality_municipality_past_incidence_offset,municipality[167],-1.89019651184215,0.293351102628952
fold_01_validate_2017,model_s3_seasonality_municipality_past_incidence_offset,municipality[168],-1.4379111938848,0.21063278112024
fold_01_validate_2017,model_s3_seasonality_municipality_past_incidence_offset,municipality[169],-1.07641849234698,0.144306520533664
fold_01_validate_2017,model_s3_seasonality_municipality_past_incidence_offset,municipality[170],-1.08838391359843,0.210454980127055
fold_01_validate_2017,model_s3_seasonality_municipality_past_incidence_offset,municipality[171],-3.27962067035365,0.502841906571962
fold_01_validate_2017,model_s3_seasonality_municipality_past_incidence_offset,municipality[172],-1.03717479805974,0.255215781338939
fold_01_validate_2017,model_s3_seasonality_municipality_past_incidence_offset,municipality[173],-1.33672668035147,0.166286732810474
fold_01_validate_2017,model_s3_seasonality_municipality_past_incidence_offset,municipality[174],-1.36707671179717,0.184164483219725
fold_01_validate_2017,model_s3_seasonality_municipality_past_incidence_offset,municipality[175],-1.18164882145973,0.147903195304851
fold_01_validate_2017,model_s3_seasonality_municipality_past_incidence_offset,municipality[176],-0.213123509346102,0.210109464383705
fold_01_validate_2017,model_s3_seasonality_municipality_past_incidence_offset,municipality[177],-0.5488514414639,0.25495950448184
fold_01_validate_2017,model_s3_seasonality_municipality_past_incidence_offset,municipality[178],-0.895382100644022,0.158880479398488
fold_01_validate_2017,model_s3_seasonality_municipality_past_incidence_offset,municipality[179],-2.65838662100435,0.502812053316992
fold_01_validate_2017,model_s3_seasonality_municipality_past_incidence_offset,municipality[180],0.46707248598543,0.254845008927768
fold_01_validate_2017,model_s3_seasonality_municipality_past_incidence_offset,municipality[181],-1.5785695590038,0.29324023159331
fold_01_validate_2017,model_s3_seasonality_municipality_past_incidence_offset,municipality[182],-1.29815376678532,0.357329123982976
fold_01_validate_2017,model_s3_seasonality_municipality_past_incidence_offset,municipality[183],-1.31241770517929,0.161144875461275
fold_01_validate_2017,model_s3_seasonality_municipality_past_incidence_offset,municipality[184],-0.895074514679178,0.254961056378232
fold_01_validate_2017,model_s3_seasonality_municipality_past_incidence_offset,municipality[185],-0.389025348826279,0.229029276966148
fold_01_validate_2017,model_s3_seasonality_municipality_past_incidence_offset,municipality[186],-1.22741169333279,0.195782786779889
fold_01_validate_2017,model_s3_seasonality_municipality_past_incidence_offset,municipality[187],-0.377185092060098,0.210336361167908
fold_01_validate_2017,model_s3_seasonality_municipality_past_incidence_offset,municipality[188],-1.42584223385884,0.357441767100143
fold_01_validate_2017,model_s3_seasonality_municipality_past_incidence_offset,municipality[189],-0.207344186175929,0.152594598590207
fold_01_validate_2017,model_s3_seasonality_municipality_past_incidence_offset,municipality[190],-1.87409729125544,0.121085481001446
fold_01_validate_2017,model_s3_seasonality_municipality_past_incidence_offset,municipality[191],-0.683812311769134,0.255028189498863
fold_01_validate_2017,model_s3_seasonality_municipality_past_incidence_offset,municipality[192],-0.972732685562231,0.16598198938049
fold_01_validate_2017,model_s3_seasonality_municipality_past_incidence_offset,municipality[193],0.0166992437737949,0.111426933564452
fold_01_validate_2017,model_s3_seasonality_municipality_past_incidence_offset,municipality[194],-0.95163776935168,0.147700563083817
fold_01_validate_2017,model_s3_seasonality_municipality_past_incidence_offset,municipality[195],-0.754469473484252,0.165839153877065
fold_01_validate_2017,model_s3_seasonality_municipality_past_incidence_offset,municipality[196],-2.01068343340294,0.357389071666057
fold_01_validate_2017,model_s3_seasonality_municipality_past_incidence_offset,municipality[197],-1.66358792920414,0.293440107243334
fold_01_validate_2017,model_s3_seasonality_municipality_past_incidence_offset,municipality[198],-1.45172681898359,0.293267772271293
fold_01_validate_2017,model_s3_seasonality_municipality_past_incidence_offset,municipality[199],-0.963279920542114,0.195616543779432
fold_01_validate_2017,model_s3_seasonality_municipality_past_incidence_offset,municipality[200],-2.56308616865446,0.337569229554315
fold_01_validate_2017,model_s3_seasonality_municipality_past_incidence_offset,municipality[201],-1.07774821211479,0.174294305182363
fold_01_validate_2017,model_s3_seasonality_municipality_past_incidence_offset,municipality[202],-0.261138406048219,0.173864064715938
fold_01_validate_2017,model_s3_seasonality_municipality_past_incidence_offset,municipality[203],-0.236171375567121,0.130916766563457
fold_01_validate_2017,model_s3_seasonality_municipality_past_incidence_offset,municipality[204],-1.44061332362379,0.293164839633959
fold_01_validate_2017,model_s3_seasonality_municipality_past_incidence_offset,municipality[205],-0.908172151420534,0.229252433212386
fold_01_validate_2017,model_s3_seasonality_municipality_past_incidence_offset,municipality[206],-1.12578731532572,0.202617265065504
fold_01_validate_2017,model_s3_seasonality_municipality_past_incidence_offset,municipality[207],-2.22111195342102,0.357544302625408
fold_01_validate_2017,model_s3_seasonality_municipality_past_incidence_offset,municipality[208],-1.16279502584087,0.195751116305166
fold_01_validate_2017,model_s3_seasonality_municipality_past_incidence_offset,municipality[209],-1.30308227888494,0.255268247127586
fold_01_validate_2017,model_s3_seasonality_municipality_past_incidence_offset,municipality[210],-1.17549733109164,0.255216522642812
fold_01_validate_2017,model_s3_seasonality_municipality_past_incidence_offset,municipality[211],-1.82626077010383,0.293401916522887
fold_01_validate_2017,model_s3_seasonality_municipality_past_incidence_offset,municipality[212],-0.741706523836144,0.192456152493805
fold_01_validate_2017,model_s3_seasonality_municipality_past_incidence_offset,municipality[213],-1.39872852059176,0.229504094739597
fold_01_validate_2017,model_s3_seasonality_municipality_past_incidence_offset,past_4w_lyme_incidence_per_100000,-0.00286872490385258,0.000327938325115196
fold_02_validate_2018,model_s1_seasonality_offset,intercept,-9.02566705950869,0.00732523271665034
fold_02_validate_2018,model_s1_seasonality_offset,seasonal_sin_annual,0.260224522679081,0.00820105723094875
fold_02_validate_2018,model_s1_seasonality_offset,seasonal_cos_annual,-1.12244623877689,0.00967380786153051
fold_02_validate_2018,model_s2_seasonality_municipality_offset,intercept,-8.0074087707885,0.0338911925552216
fold_02_validate_2018,model_s2_seasonality_municipality_offset,seasonal_sin_annual,0.260226197475732,0.00820106550561894
fold_02_validate_2018,model_s2_seasonality_municipality_offset,seasonal_cos_annual,-1.12245231506204,0.00967379079960355
fold_02_validate_2018,model_s2_seasonality_municipality_offset,municipality[002],-1.07557525203187,0.0932703226191435
fold_02_validate_2018,model_s2_seasonality_municipality_offset,municipality[003],-1.05341965950044,0.0932703226242983
fold_02_validate_2018,model_s2_seasonality_municipality_offset,municipality[004],-1.10216774747484,0.116720158951944
fold_02_validate_2018,model_s2_seasonality_municipality_offset,municipality[005],-1.0769664688614,0.125815252885194
fold_02_validate_2018,model_s2_seasonality_municipality_offset,municipality[006],-1.03613410541559,0.142668723750659
fold_02_validate_2018,model_s2_seasonality_municipality_offset,municipality[007],-0.582950771030381,0.0887713482069834
fold_02_validate_2018,model_s2_seasonality_municipality_offset,municipality[008],-0.800129270699308,0.0714678896475414
fold_02_validate_2018,model_s2_seasonality_municipality_offset,municipality[009],-1.81883513449209,0.0809838139033122
fold_02_validate_2018,model_s2_seasonality_municipality_offset,municipality[010],-1.02874906353401,0.125815252889244
fold_02_validate_2018,model_s2_seasonality_municipality_offset,municipality[011],-1.9079594568095,0.063755564276513
fold_02_validate_2018,model_s2_seasonality_municipality_offset,municipality[012],-1.50894426121409,0.118788082287326
fold_02_validate_2018,model_s2_seasonality_municipality_offset,municipality[013],-0.637865149846659,0.0683351651526774
fold_02_validate_2018,model_s2_seasonality_municipality_offset,municipality[014],-1.22800686816123,0.129416364909599
fold_02_validate_2018,model_s2_seasonality_municipality_offset,municipality[015],-1.28396397915207,0.142668723750728
fold_02_validate_2018,model_s2_seasonality_municipality_offset,municipality[016],-1.10425340087976,0.142668723751897
fold_02_validate_2018,model_s2_seasonality_municipality_offset,municipality[017],-0.306184170665211,0.0558891358571979
fold_02_validate_2018,model_s2_seasonality_municipality_offset,municipality[018],-0.758027626686797,0.137770600505426
fold_02_validate_2018,model_s2_seasonality_municipality_offset,municipality[019],-0.744036465908436,0.111746283469854
fold_02_validate_2018,model_s2_seasonality_municipality_offset,municipality[020],-0.855314631915728,0.118085174035456
fold_02_validate_2018,model_s2_seasonality_municipality_offset,municipality[021],-0.515239146977052,0.0764236654299097
fold_02_validate_2018,model_s2_seasonality_municipality_offset,municipality[022],-1.11025427122085,0.110057287331999
fold_02_validate_2018,model_s2_seasonality_municipality_offset,municipality[023],-1.50932613563619,0.0622161414175631
fold_02_validate_2018,model_s2_seasonality_municipality_offset,municipality[024],-1.12688391540338,0.154437263100597
fold_02_validate_2018,model_s2_seasonality_municipality_offset,municipality[025],-0.650774096899753,0.0757092493461567
fold_02_validate_2018,model_s2_seasonality_municipality_offset,municipality[026],-1.47971026951355,0.122525443868238
fold_02_validate_2018,model_s2_seasonality_municipality_offset,municipality[027],-0.4237524148441,0.0743564512954098
fold_02_validate_2018,model_s2_seasonality_municipality_offset,municipality[028],-2.04962737942654,0.206858072533789
fold_02_validate_2018,model_s2_seasonality_municipality_offset,municipality[029],-0.264717322262747,0.0663497101014308
fold_02_validate_2018,model_s2_seasonality_municipality_offset,municipality[030],-0.835463254731895,0.14266872375295
fold_02_validate_2018,model_s2_seasonality_municipality_offset,municipality[031],-0.621796148954556,0.142668723752951
fold_02_validate_2018,model_s2_seasonality_municipality_offset,municipality[032],-1.37519904430405,0.0730958602680037
fold_02_validate_2018,model_s2_seasonality_municipality_offset,municipality[033],-0.345707583483126,0.14817870575958
fold_02_validate_2018,model_s2_seasonality_municipality_offset,municipality[034],-1.5964454402526,0.111173515565182
fold_02_validate_2018,model_s2_seasonality_municipality_offset,municipality[035],-1.36449730464967,0.142668723750103
fold_02_validate_2018,model_s2_seasonality_municipality_offset,municipality[036],-1.27555450691667,0.0867977644640708
fold_02_validate_2018,model_s2_seasonality_municipality_offset,municipality[037],-0.442962688053578,0.0759918304577387
fold_02_validate_2018,model_s2_seasonality_municipality_offset,municipality[038],-1.06728267200081,0.0752930943172202
fold_02_validate_2018,model_s2_seasonality_municipality_offset,municipality[039],-1.19992147983491,0.0742264132092942
fold_02_validate_2018,model_s2_seasonality_municipality_offset,municipality[040],-1.2385700372679,0.0758500173714881
fold_02_validate_2018,model_s2_seasonality_municipality_offset,municipality[041],-0.882478225239548,0.0598886441118647
fold_02_validate_2018,model_s2_seasonality_municipality_offset,municipality[042],-1.01644750928672,0.161627953974198
fold_02_validate_2018,model_s2_seasonality_municipality_offset,municipality[043],-1.23357424057484,0.0601445017591405
fold_02_validate_2018,model_s2_seasonality_municipality_offset,municipality[044],-0.741331612705062,0.0965417879386053
fold_02_validate_2018,model_s2_seasonality_municipality_offset,municipality[045],-2.13221001209791,0.170004039023511
fold_02_validate_2018,model_s2_seasonality_municipality_offset,municipality[046],0.169263622669235,0.0740972855977841
fold_02_validate_2018,model_s2_seasonality_municipality_offset,municipality[047],-0.310637996852186,0.226105275282045
fold_02_validate_2018,model_s2_seasonality_municipality_offset,municipality[048],-2.01658570969824,0.105468457398191
fold_02_validate_2018,model_s2_seasonality_municipality_offset,municipality[049],-0.392053738423126,0.100260495387366
fold_02_validate_2018,model_s2_seasonality_municipality_offset,municipality[050],-1.2796576147264,0.0512798167120106
fold_02_validate_2018,model_s2_seasonality_municipality_offset,municipality[051],-2.49104953745288,0.290614742983015
fold_02_validate_2018,model_s2_seasonality_municipality_offset,municipality[052],-0.835577881581546,0.0447560384912643
fold_02_validate_2018,model_s2_seasonality_municipality_offset,municipality[053],-0.517058871572561,0.088771348207412
fold_02_validate_2018,model_s2_seasonality_municipality_offset,municipality[054],-1.33099554212842,0.0651812511819852
fold_02_validate_2018,model_s2_seasonality_municipality_offset,municipality[055],-1.13499109983684,0.122525443868928
fold_02_validate_2018,model_s2_seasonality_municipality_offset,municipality[056],-0.846284314041994,0.179926639236488
fold_02_validate_2018,model_s2_seasonality_municipality_offset,municipality[057],-1.14939616958698,0.0789027016178416
fold_02_validate_2018,model_s2_seasonality_municipality_offset,municipality[058],-1.27537254522582,0.101896294166554
fold_02_validate_2018,model_s2_seasonality_municipality_offset,municipality[059],-0.966965750243653,0.080266708180062
fold_02_validate_2018,model_s2_seasonality_municipality_offset,municipality[060],-1.13515514596598,0.074356451295449
fold_02_validate_2018,model_s2_seasonality_municipality_offset,municipality[061],-1.28889964649281,0.0373208652968295
fold_02_validate_2018,model_s2_seasonality_municipality_offset,municipality[062],-0.197944604954558,0.105468457396835
fold_02_validate_2018,model_s2_seasonality_municipality_offset,municipality[063],-0.0280383236727799,0.0550635310564127
fold_02_validate_2018,model_s2_seasonality_municipality_offset,municipality[064],-1.3930625013441,0.0858696425155044
fold_02_validate_2018,model_s2_seasonality_municipality_offset,municipality[065],-0.572742860080839,0.104534764908363
fold_02_validate_2018,model_s2_seasonality_municipality_offset,municipality[066],-2.39424652333037,0.355138839760066
fold_02_validate_2018,model_s2_seasonality_municipality_offset,municipality[067],-0.555153812975848,0.161627953973664
fold_02_validate_2018,model_s2_seasonality_municipality_offset,municipality[068],-1.31083590481567,0.12252544386627
fold_02_validate_2018,model_s2_seasonality_municipality_offset,municipality[069],-1.06623569953537,0.12941636490677
fold_02_validate_2018,model_s2_seasonality_municipality_offset,municipality[070],-1.31310756965698,0.0427996589169484
fold_02_validate_2018,model_s2_seasonality_municipality_offset,municipality[071],-0.915276200398899,0.0667602339641769
fold_02_validate_2018,model_s2_seasonality_municipality_offset,municipality[072],-1.38397301708379,0.110610608066571
fold_02_validate_2018,model_s2_seasonality_municipality_offset,municipality[073],-1.54300192587331,0.114141830240147
fold_02_validate_2018,model_s2_seasonality_municipality_offset,municipality[074],-0.69984982970317,0.114141830241625
fold_02_validate_2018,model_s2_seasonality_municipality_offset,municipality[075],-0.53776161152361,0.0932703226191102
fold_02_validate_2018,model_s2_seasonality_municipality_offset,municipality[076],-1.41821223848805,0.142668723750727
fold_02_validate_2018,model_s2_seasonality_municipality_offset,municipality[077],-1.37596790429705,0.131349258710796
fold_02_validate_2018,model_s2_seasonality_municipality_offset,municipality[078],-0.563238989027854,0.0867977644643416
fold_02_validate_2018,model_s2_seasonality_municipality_offset,municipality[079],-0.0777302511903983,0.0824949312846553
fold_02_validate_2018,model_s2_seasonality_municipality_offset,municipality[080],-1.28712782313422,0.0721472671616574
fold_02_validate_2018,model_s2_seasonality_municipality_offset,municipality[081],-1.19381908831054,0.148178705757217
fold_02_validate_2018,model_s2_seasonality_municipality_offset,municipality[082],-1.09383014221088,0.114768411494391
fold_02_validate_2018,model_s2_seasonality_municipality_offset,municipality[083],-0.769665091912721,0.137770600502558
fold_02_validate_2018,model_s2_seasonality_municipality_offset,municipality[084],-0.892417823246169,0.0525636734636123
fold_02_validate_2018,model_s2_seasonality_municipality_offset,municipality[085],-0.702877837098303,0.04803152567101
fold_02_validate_2018,model_s2_seasonality_municipality_offset,municipality[086],-1.34809140531671,0.226105275273129
fold_02_validate_2018,model_s2_seasonality_municipality_offset,municipality[087],-0.621520267636032,0.0658713108251588
fold_02_validate_2018,model_s2_seasonality_municipality_offset,municipality[088],-0.375591852765239,0.290614742983501
fold_02_validate_2018,model_s2_seasonality_municipality_offset,municipality[089],-1.22068804441771,0.104078496201656
fold_02_validate_2018,model_s2_seasonality_municipality_offset,municipality[090],-1.45015271158925,0.0789027016147373
fold_02_validate_2018,model_s2_seasonality_municipality_offset,municipality[091],0.105639324242018,0.0655606488697457
fold_02_validate_2018,model_s2_seasonality_municipality_offset,municipality[092],-2.05132163411583,0.226105275271599
fold_02_validate_2018,model_s2_seasonality_municipality_offset,municipality[093],-1.13259968393579,0.170004039024274
fold_02_validate_2018,model_s2_seasonality_municipality_offset,municipality[094],-0.329201726937084,0.0545476613382463
fold_02_validate_2018,model_s2_seasonality_municipality_offset,municipality[095],-0.53717884567466,0.106431560818822
fold_02_validate_2018,model_s2_seasonality_municipality_offset,municipality[096],-1.42757769837282,0.0704964492148736
fold_02_validate_2018,model_s2_seasonality_municipality_offset,municipality[097],-0.418405358975657,0.0808022333313429
fold_02_validate_2018,model_s2_seasonality_municipality_offset,municipality[098],-1.28345215197039,0.109513290166123
fold_02_validate_2018,model_s2_seasonality_municipality_offset,municipality[099],-1.42952049949366,0.14817870575447
fold_02_validate_2018,model_s2_seasonality_municipality_offset,municipality[100],-0.547648164091747,0.0909200343686522
fold_02_validate_2018,model_s2_seasonality_municipality_offset,municipality[101],-1.82679269174339,0.149666934393741
fold_02_validate_2018,model_s2_seasonality_municipality_offset,municipality[102],-0.329768695228667,0.0519461129973739
fold_02_validate_2018,model_s2_seasonality_municipality_offset,municipality[103],-0.558177604058716,0.0664309354888291
fold_02_validate_2018,model_s2_seasonality_municipality_offset,municipality[104],-1.74956428251095,0.119505189186387
fold_02_validate_2018,model_s2_seasonality_municipality_offset,municipality[105],-1.24764988590167,0.157902246075665
fold_02_validate_2018,model_s2_seasonality_municipality_offset,municipality[106],-1.44805673932247,0.0968919930439108
fold_02_validate_2018,model_s2_seasonality_municipality_offset,municipality[107],-1.02519887768271,0.142668723750278
fold_02_validate_2018,model_s2_seasonality_municipality_offset,municipality[108],-1.20950820116996,0.105468457397416
fold_02_validate_2018,model_s2_seasonality_municipality_offset,municipality[109],-0.399784184960426,0.097606131213886
fold_02_validate_2018,model_s2_seasonality_municipality_offset,municipality[110],-1.26184603834529,0.0737152652660282
fold_02_validate_2018,model_s2_seasonality_municipality_offset,municipality[111],-1.34596602599756,0.0858696425148028
fold_02_validate_2018,model_s2_seasonality_municipality_offset,municipality[112],-1.28993692752198,0.0758500173734228
fold_02_validate_2018,model_s2_seasonality_municipality_offset,municipality[113],-1.28810006034085,0.0645939315529068
fold_02_validate_2018,model_s2_seasonality_municipality_offset,municipality[114],-1.18604562943711,0.0768653660686574
fold_02_validate_2018,model_s2_seasonality_municipality_offset,municipality[115],-0.973247647287423,0.122525443865925
fold_02_validate_2018,model_s2_seasonality_municipality_offset,municipality[116],0.284642602658367,0.0819157352716111
fold_02_validate_2018,model_s2_seasonality_municipality_offset,municipality[117],-0.56520469246253,0.0742264132092428
fold_02_validate_2018,model_s2_seasonality_municipality_offset,municipality[118],-1.27938815434326,0.101478605788177
fold_02_validate_2018,model_s2_seasonality_municipality_offset,municipality[119],-1.18617088488984,0.105468457396945
fold_02_validate_2018,model_s2_seasonality_municipality_offset,municipality[120],-0.924464883637919,0.062900371187612
fold_02_validate_2018,model_s2_seasonality_municipality_offset,municipality[121],-1.23492175610399,0.154437263097008
fold_02_validate_2018,model_s2_seasonality_municipality_offset,municipality[122],-0.595126242260701,0.0530356926500709
fold_02_validate_2018,model_s2_seasonality_municipality_offset,municipality[123],-0.516139576236333,0.0674407372668926
fold_02_validate_2018,model_s2_seasonality_municipality_offset,municipality[124],-1.69381580264167,0.111746283469684
fold_02_validate_2018,model_s2_seasonality_municipality_offset,municipality[125],-1.68814452710994,0.19193197029132
fold_02_validate_2018,model_s2_seasonality_municipality_offset,municipality[126],-1.60411651792391,0.115406747883085
fold_02_validate_2018,model_s2_seasonality_municipality_offset,municipality[127],-1.96162654268311,0.191931970292453
fold_02_validate_2018,model_s2_seasonality_municipality_offset,municipality[128],-0.34748753719447,0.0615651051576834
fold_02_validate_2018,model_s2_seasonality_municipality_offset,municipality[129],-1.28827366928655,0.0764236654347857
fold_02_validate_2018,model_s2_seasonality_municipality_offset,municipality[130],-1.46318084724338,0.0929644690108638
fold_02_validate_2018,model_s2_seasonality_municipality_offset,municipality[131],-0.823415406261084,0.0661885526093946
fold_02_validate_2018,model_s2_seasonality_municipality_offset,municipality[132],-0.427678804056708,0.105468457399272
fold_02_validate_2018,model_s2_seasonality_municipality_offset,municipality[133],-1.64854581642801,0.0671820363950539
fold_02_validate_2018,model_s2_seasonality_municipality_offset,municipality[134],-0.483791641792093,0.096541787935764
fold_02_validate_2018,model_s2_seasonality_municipality_offset,municipality[135],-1.32815149466794,0.125815252885444
fold_02_validate_2018,model_s2_seasonality_municipality_offset,municipality[136],-0.0983068084361843,0.072974489912556
fold_02_validate_2018,model_s2_seasonality_municipality_offset,municipality[137],-0.791441730803564,0.148178705754127
fold_02_validate_2018,model_s2_seasonality_municipality_offset,municipality[138],-0.721906402336168,0.101478605785789
fold_02_validate_2018,model_s2_seasonality_municipality_offset,municipality[139],-1.2197646509662,0.0972467420481576
fold_02_validate_2018,model_s2_seasonality_municipality_offset,municipality[140],-0.769731086860498,0.0622161414177688
fold_02_validate_2018,model_s2_seasonality_municipality_offset,municipality[141],-1.37327718532072,0.179926639234603
fold_02_validate_2018,model_s2_seasonality_municipality_offset,municipality[142],-1.00509692102891,0.0679713101420887
fold_02_validate_2018,model_s2_seasonality_municipality_offset,municipality[143],-2.3121584648141,0.355138839759685
fold_02_validate_2018,model_s2_seasonality_municipality_offset,municipality[144],-0.991369873051029,0.100660839032097
fold_02_validate_2018,model_s2_seasonality_municipality_offset,municipality[146],-0.559328080298411,0.081726073327918
fold_02_validate_2018,model_s2_seasonality_municipality_offset,municipality[147],-0.401391931170858,0.0877641320478569
fold_02_validate_2018,model_s2_seasonality_municipality_offset,municipality[148],-0.422497589981521,0.119505189187302
fold_02_validate_2018,model_s2_seasonality_municipality_offset,municipality[149],-0.986019391915173,0.206858072536434
fold_02_validate_2018,model_s2_seasonality_municipality_offset,municipality[150],-0.49523752647092,0.154437263098128
fold_02_validate_2018,model_s2_seasonality_municipality_offset,municipality[151],-1.11325592644926,0.114141830239311
fold_02_validate_2018,model_s2_seasonality_municipality_offset,municipality[152],-1.11553120387129,0.191931970293942
fold_02_validate_2018,model_s2_seasonality_municipality_offset,municipality[153],-0.901448631401046,0.163598964382998
fold_02_validate_2018,model_s2_seasonality_municipality_offset,municipality[154],0.0370647977854791,0.148178705758509
fold_02_validate_2018,model_s2_seasonality_municipality_offset,municipality[155],-25.0206984385316,16282.6320058824
fold_02_validate_2018,model_s2_seasonality_municipality_offset,municipality[156],-0.626611657542694,0.179926639233384
fold_02_validate_2018,model_s2_seasonality_municipality_offset,municipality[157],-1.04430789330193,0.137770600502301
fold_02_validate_2018,model_s2_seasonality_municipality_offset,municipality[158],0.0188161081166308,0.103629050570494
fold_02_validate_2018,model_s2_seasonality_municipality_offset,municipality[159],-1.69628566673118,0.179926639234526
fold_02_validate_2018,model_s2_seasonality_municipality_offset,municipality[160],-0.987128309558868,0.078902701613952
fold_02_validate_2018,model_s2_seasonality_municipality_offset,municipality[161],-0.370078716757866,0.290614742984838
fold_02_validate_2018,model_s2_seasonality_municipality_offset,municipality[162],-0.500986271405603,0.114141830239393
fold_02_validate_2018,model_s2_seasonality_municipality_offset,municipality[163],-0.619309520591323,0.252237181064828
fold_02_validate_2018,model_s2_seasonality_municipality_offset,municipality[164],-1.78260226746609,0.149666934392666
fold_02_validate_2018,model_s2_seasonality_municipality_offset,municipality[165],-0.22780051159343,0.206858072535073
fold_02_validate_2018,model_s2_seasonality_municipality_offset,municipality[166],-0.275450773065683,0.0938930412786396
fold_02_validate_2018,model_s2_seasonality_municipality_offset,municipality[167],-1.64653653051366,0.191931970293329
fold_02_validate_2018,model_s2_seasonality_municipality_offset,municipality[168],-1.20756285649203,0.137770600502298
fold_02_validate_2018,model_s2_seasonality_municipality_offset,municipality[169],-0.963654741149705,0.0987131458363605
fold_02_validate_2018,model_s2_seasonality_municipality_offset,municipality[170],-0.957285962329039,0.142668723750821
fold_02_validate_2018,model_s2_seasonality_municipality_offset,municipality[171],-1.58447820115913,0.163598964381427
fold_02_validate_2018,model_s2_seasonality_municipality_offset,municipality[172],-1.26521938597638,0.206858072533583
fold_02_validate_2018,model_s2_seasonality_municipality_offset,municipality[173],-1.22563385818563,0.114141830239562
fold_02_validate_2018,model_s2_seasonality_municipality_offset,municipality[174],-1.1259443945379,0.119505189186488
fold_02_validate_2018,model_s2_seasonality_municipality_offset,municipality[175],-1.00579331477996,0.0987131458368245
fold_02_validate_2018,model_s2_seasonality_municipality_offset,municipality[176],-0.311305435855523,0.154437263098822
fold_02_validate_2018,model_s2_seasonality_municipality_offset,municipality[177],-0.831966271372263,0.206858072533525
fold_02_validate_2018,model_s2_seasonality_municipality_offset,municipality[178],-0.86685442906155,0.11117351555959
fold_02_validate_2018,model_s2_seasonality_municipality_offset,municipality[179],-1.85705657387785,0.252237181053452
fold_02_validate_2018,model_s2_seasonality_municipality_offset,municipality[180],0.294494843550219,0.179926639235427
fold_02_validate_2018,model_s2_seasonality_municipality_offset,municipality[181],-0.90490050026943,0.154437263097697
fold_02_validate_2018,model_s2_seasonality_municipality_offset,municipality[182],-1.2242195472869,0.252237181053645
fold_02_validate_2018,model_s2_seasonality_municipality_offset,municipality[183],-0.939007165111462,0.0990921171417089
fold_02_validate_2018,model_s2_seasonality_municipality_offset,municipality[184],-1.015249688616,0.191931970292547
fold_02_validate_2018,model_s2_seasonality_municipality_offset,municipality[185],-0.441723560978227,0.16162795397596
fold_02_validate_2018,model_s2_seasonality_municipality_offset,municipality[186],-1.04188287831833,0.129416364906703
fold_02_validate_2018,model_s2_seasonality_municipality_offset,municipality[187],-0.630511048210707,0.170004039020895
fold_02_validate_2018,model_s2_seasonality_municipality_offset,municipality[188],-0.774481853978402,0.191931970291336
fold_02_validate_2018,model_s2_seasonality_municipality_offset,municipality[189],-0.458746501618961,0.11878808228433
fold_02_validate_2018,model_s2_seasonality_municipality_offset,municipality[190],-1.62652604161395,0.078902701613911
fold_02_validate_2018,model_s2_seasonality_municipality_offset,municipality[191],-0.535151914493779,0.170004039026827
fold_02_validate_2018,model_s2_seasonality_municipality_offset,municipality[192],-0.800867576467874,0.109513290166206
fold_02_validate_2018,model_s2_seasonality_municipality_offset,municipality[193],-0.545830855397854,0.0958546380450837
fold_02_validate_2018,model_s2_seasonality_municipality_offset,municipality[194],-0.732280089477965,0.095854638044594
fold_02_validate_2018,model_s2_seasonality_municipality_offset,municipality[195],-0.741673030940226,0.116720158952285
fold_02_validate_2018,model_s2_seasonality_municipality_offset,municipality[196],-1.15894717794961,0.174743698640477
fold_02_validate_2018,model_s2_seasonality_municipality_offset,municipality[197],-1.96490221386894,0.252237181056209
fold_02_validate_2018,model_s2_seasonality_municipality_offset,municipality[198],-1.22615970161928,0.191931970291417
fold_02_validate_2018,model_s2_seasonality_municipality_offset,municipality[199],-1.00412700025999,0.14266872374996
fold_02_validate_2018,model_s2_seasonality_municipality_offset,municipality[200],-1.64778377815207,0.161627953975174
fold_02_validate_2018,model_s2_seasonality_municipality_offset,municipality[201],-0.74320719380361,0.107425612273297
fold_02_validate_2018,model_s2_seasonality_municipality_offset,municipality[202],-0.229102192235353,0.119505189186502
fold_02_validate_2018,model_s2_seasonality_municipality_offset,municipality[203],-0.580137799945714,0.105468457396615
fold_02_validate_2018,model_s2_seasonality_municipality_offset,municipality[204],-1.38789148413512,0.206858072533658
fold_02_validate_2018,model_s2_seasonality_municipality_offset,municipality[205],-0.302541957024149,0.123321135852618
fold_02_validate_2018,model_s2_seasonality_municipality_offset,municipality[206],-1.04515919857094,0.140150326521918
fold_02_validate_2018,model_s2_seasonality_municipality_offset,municipality[207],-1.4171044347288,0.179926639232876
fold_02_validate_2018,model_s2_seasonality_municipality_offset,municipality[208],-0.702623641767692,0.114141830242346
fold_02_validate_2018,model_s2_seasonality_municipality_offset,municipality[209],-0.265602591319288,0.114141830242896
fold_02_validate_2018,model_s2_seasonality_municipality_offset,municipality[210],-0.707591693589786,0.148178705754968
fold_02_validate_2018,model_s2_seasonality_municipality_offset,municipality[211],-1.4495405052984,0.179926639232946
fold_02_validate_2018,model_s2_seasonality_municipality_offset,municipality[212],-0.899325243947184,0.148178705754926
fold_02_validate_2018,model_s2_seasonality_municipality_offset,municipality[213],-1.23398621770971,0.154437263096999
fold_02_validate_2018,model_s3_seasonality_municipality_past_incidence_offset,intercept,-7.94341498204268,0.0361657421412162
fold_02_validate_2018,model_s3_seasonality_municipality_past_incidence_offset,seasonal_sin_annual,0.2499961860334,0.00842446753310506
fold_02_validate_2018,model_s3_seasonality_municipality_past_incidence_offset,seasonal_cos_annual,-1.15086272094961,0.0112221954352074
fold_02_validate_2018,model_s3_seasonality_municipality_past_incidence_offset,municipality[002],-1.13140109038707,0.0939223316362199
fold_02_validate_2018,model_s3_seasonality_municipality_past_incidence_offset,municipality[003],-1.10337339953536,0.0937918367257534
fold_02_validate_2018,model_s3_seasonality_municipality_past_incidence_offset,municipality[004],-1.15695900412936,0.117229459562018
fold_02_validate_2018,model_s3_seasonality_municipality_past_incidence_offset,municipality[005],-1.13182045211669,0.126283850325221
fold_02_validate_2018,model_s3_seasonality_municipality_past_incidence_offset,municipality[006],-1.09554803108332,0.143159939448583
fold_02_validate_2018,model_s3_seasonality_municipality_past_incidence_offset,municipality[007],-0.616965499614868,0.0890286462978585
fold_02_validate_2018,model_s3_seasonality_municipality_past_incidence_offset,municipality[008],-0.841220095690234,0.0719288564636269
fold_02_validate_2018,model_s3_seasonality_municipality_past_incidence_offset,municipality[009],-1.88338173186083,0.0819867558655406
fold_02_validate_2018,model_s3_seasonality_municipality_past_incidence_offset,municipality[010],-1.07374646180952,0.126132644170661
fold_02_validate_2018,model_s3_seasonality_municipality_past_incidence_offset,municipality[011],-1.97428527804597,0.0650934535392698
fold_02_validate_2018,model_s3_seasonality_municipality_past_incidence_offset,municipality[012],-1.57171453634823,0.119437153997884
fold_02_validate_2018,model_s3_seasonality_municipality_past_incidence_offset,municipality[013],-0.677379978926723,0.0687797860598126
fold_02_validate_2018,model_s3_seasonality_municipality_past_incidence_offset,municipality[014],-1.28714765534699,0.129947158555876
fold_02_validate_2018,model_s3_seasonality_municipality_past_incidence_offset,municipality[015],-1.34164303363169,0.143128902075057
fold_02_validate_2018,model_s3_seasonality_municipality_past_incidence_offset,municipality[016],-1.15946887063984,0.14308788242819
fold_02_validate_2018,model_s3_seasonality_municipality_past_incidence_offset,municipality[017],-0.324865316655368,0.0560137120252368
fold_02_validate_2018,model_s3_seasonality_municipality_past_incidence_offset,municipality[018],-0.799269150858887,0.138017132852238
fold_02_validate_2018,model_s3_seasonality_municipality_past_incidence_offset,municipality[019],-0.778125134704053,0.111950631995801
fold_02_validate_2018,model_s3_seasonality_municipality_past_incidence_offset,municipality[020],-0.901162206534923,0.118441640591336
fold_02_validate_2018,model_s3_seasonality_municipality_past_incidence_offset,municipality[021],-0.542926938886469,0.0766195568176589
fold_02_validate_2018,model_s3_seasonality_municipality_past_incidence_offset,municipality[022],-1.16334605723788,0.110558746493816
fold_02_validate_2018,model_s3_seasonality_municipality_past_incidence_offset,municipality[023],-1.57094633984154,0.0633989768756421
fold_02_validate_2018,model_s3_seasonality_municipality_past_incidence_offset,municipality[024],-1.18202449038066,0.1548257222629
fold_02_validate_2018,model_s3_seasonality_municipality_past_incidence_offset,municipality[025],-0.686934960897135,0.0760464498953015
fold_02_validate_2018,model_s3_seasonality_municipality_past_incidence_offset,municipality[026],-1.54187935724249,0.123143710596979
fold_02_validate_2018,model_s3_seasonality_municipality_past_incidence_offset,municipality[027],-0.451303435783086,0.0745595455660449
fold_02_validate_2018,model_s3_seasonality_municipality_past_incidence_offset,municipality[028],-2.11608931432032,0.207277065900314
fold_02_validate_2018,model_s3_seasonality_municipality_past_incidence_offset,municipality[029],-0.283376667548123,0.0664535522747586
fold_02_validate_2018,model_s3_seasonality_municipality_past_incidence_offset,municipality[030],-0.874401069610838,0.142897164262263
fold_02_validate_2018,model_s3_seasonality_municipality_past_incidence_offset,municipality[031],-0.663618145345454,0.14291566280271
fold_02_validate_2018,model_s3_seasonality_municipality_past_incidence_offset,municipality[032],-1.43585130945684,0.0740746886774183
fold_02_validate_2018,model_s3_seasonality_municipality_past_incidence_offset,municipality[033],-0.36242182891672,0.148224256801109
fold_02_validate_2018,model_s3_seasonality_municipality_past_incidence_offset,municipality[034],-1.65930874092007,0.111867552725123
fold_02_validate_2018,model_s3_seasonality_municipality_past_incidence_offset,municipality[035],-1.42471826383702,0.143167171591348
fold_02_validate_2018,model_s3_seasonality_municipality_past_incidence_offset,municipality[036],-1.33268759747521,0.0875308774198925
fold_02_validate_2018,model_s3_seasonality_municipality_past_incidence_offset,municipality[037],-0.469175646942377,0.0761690466414894
fold_02_validate_2018,model_s3_seasonality_municipality_past_incidence_offset,municipality[038],-1.1168954828466,0.0759298383928608
fold_02_validate_2018,model_s3_seasonality_municipality_past_incidence_offset,municipality[039],-1.25700381926985,0.0750810349325578
fold_02_validate_2018,model_s3_seasonality_municipality_past_incidence_offset,municipality[040],-1.29203962661705,0.0765838444713498
fold_02_validate_2018,model_s3_seasonality_municipality_past_incidence_offset,municipality[041],-0.932549323324647,0.0606999164558025
fold_02_validate_2018,model_s3_seasonality_municipality_past_incidence_offset,municipality[042],-1.06910912016155,0.161969450502477
fold_02_validate_2018,model_s3_seasonality_municipality_past_incidence_offset,municipality[043],-1.2892682857973,0.0611438334631947
fold_02_validate_2018,model_s3_seasonality_municipality_past_incidence_offset,municipality[044],-0.78751666981061,0.0969772204804548
fold_02_validate_2018,model_s3_seasonality_municipality_past_incidence_offset,municipality[045],-2.20029041373782,0.170539111411081
fold_02_validate_2018,model_s3_seasonality_municipality_past_incidence_offset,municipality[046],0.185134049081991,0.074151795238742
fold_02_validate_2018,model_s3_seasonality_municipality_past_incidence_offset,municipality[047],-0.324801957697195,0.226140690474144
fold_02_validate_2018,model_s3_seasonality_municipality_past_incidence_offset,municipality[048],-2.08401852412493,0.106311125842146
fold_02_validate_2018,model_s3_seasonality_municipality_past_incidence_offset,municipality[049],-0.414233437547532,0.100365508497325
fold_02_validate_2018,model_s3_seasonality_municipality_past_incidence_offset,municipality[050],-1.33366352367127,0.0523788202218105
fold_02_validate_2018,model_s3_seasonality_municipality_past_incidence_offset,municipality[051],-2.56490953165549,0.290983875653937
fold_02_validate_2018,model_s3_seasonality_municipality_past_incidence_offset,municipality[052],-0.883464733244262,0.0457422857244495
fold_02_validate_2018,model_s3_seasonality_municipality_past_incidence_offset,municipality[053],-0.551181458266295,0.0890283141192549
fold_02_validate_2018,model_s3_seasonality_municipality_past_incidence_offset,municipality[054],-1.38410084537818,0.0660225807976524
fold_02_validate_2018,model_s3_seasonality_municipality_past_incidence_offset,municipality[055],-1.19130097949775,0.123033675326713
fold_02_validate_2018,model_s3_seasonality_municipality_past_incidence_offset,municipality[056],-0.887356280110427,0.18011928452196
fold_02_validate_2018,model_s3_seasonality_municipality_past_incidence_offset,municipality[057],-1.20221767654911,0.0795916083242775
fold_02_validate_2018,model_s3_seasonality_municipality_past_incidence_offset,municipality[058],-1.3293914460338,0.10245619000474
fold_02_validate_2018,model_s3_seasonality_municipality_past_incidence_offset,municipality[059],-1.01503309954663,0.0808270681711009
fold_02_validate_2018,model_s3_seasonality_municipality_past_incidence_offset,municipality[060],-1.18983465283348,0.0751379869651889
fold_02_validate_2018,model_s3_seasonality_municipality_past_incidence_offset,municipality[061],-1.34566264899069,0.0389691498396014
fold_02_validate_2018,model_s3_seasonality_municipality_past_incidence_offset,municipality[062],-0.217229798563837,0.105538521218599
fold_02_validate_2018,model_s3_seasonality_municipality_past_incidence_offset,municipality[063],-0.0352531891099411,0.0550825620558248
fold_02_validate_2018,model_s3_seasonality_municipality_past_incidence_offset,municipality[064],-1.45286586113011,0.0866802370916401
fold_02_validate_2018,model_s3_seasonality_municipality_past_incidence_offset,municipality[065],-0.603051925957471,0.10470979985509
fold_02_validate_2018,model_s3_seasonality_municipality_past_incidence_offset,municipality[066],-2.46491405586517,0.35541603925581
fold_02_validate_2018,model_s3_seasonality_municipality_past_incidence_offset,municipality[067],-0.59568534802779,0.161834875086156
fold_02_validate_2018,model_s3_seasonality_municipality_past_incidence_offset,municipality[068],-1.37160450655403,0.123117067563732
fold_02_validate_2018,model_s3_seasonality_municipality_past_incidence_offset,municipality[069],-1.12167030801477,0.129884464078376
fold_02_validate_2018,model_s3_seasonality_municipality_past_incidence_offset,municipality[070],-1.37043019352853,0.0442732633879635
fold_02_validate_2018,model_s3_seasonality_municipality_past_incidence_offset,municipality[071],-0.962631257367189,0.0674110905849207
fold_02_validate_2018,model_s3_seasonality_municipality_past_incidence_offset,municipality[072],-1.4437269431068,0.111242822210931
fold_02_validate_2018,model_s3_seasonality_municipality_past_incidence_offset,municipality[073],-1.60159711248222,0.114730626549986
fold_02_validate_2018,model_s3_seasonality_municipality_past_incidence_offset,municipality[074],-0.744676738697206,0.114494792234323
fold_02_validate_2018,model_s3_seasonality_municipality_past_incidence_offset,municipality[075],-0.563608387683551,0.0934137579732171
fold_02_validate_2018,model_s3_seasonality_municipality_past_incidence_offset,municipality[076],-1.47608187691217,0.143129804770103
fold_02_validate_2018,model_s3_seasonality_municipality_past_incidence_offset,municipality[077],-1.43472661909633,0.131865073030556
fold_02_validate_2018,model_s3_seasonality_municipality_past_incidence_offset,municipality[078],-0.594648307065773,0.0870208946832796
fold_02_validate_2018,model_s3_seasonality_municipality_past_incidence_offset,municipality[079],-0.0930225893031151,0.082560619523702
fold_02_validate_2018,model_s3_seasonality_municipality_past_incidence_offset,municipality[080],-1.34416929280776,0.0730228597188698
fold_02_validate_2018,model_s3_seasonality_municipality_past_incidence_offset,municipality[081],-1.24165800091067,0.148482319435796
fold_02_validate_2018,model_s3_seasonality_municipality_past_incidence_offset,municipality[082],-1.14680051270986,0.115246798957909
fold_02_validate_2018,model_s3_seasonality_municipality_past_incidence_offset,municipality[083],-0.810574659064558,0.138020364894365
fold_02_validate_2018,model_s3_seasonality_municipality_past_incidence_offset,municipality[084],-0.938566757873254,0.0533477220274343
fold_02_validate_2018,model_s3_seasonality_municipality_past_incidence_offset,municipality[085],-0.741667832774885,0.0486350926173873
fold_02_validate_2018,model_s3_seasonality_municipality_past_incidence_offset,municipality[086],-1.41464236628853,0.226494083276757
fold_02_validate_2018,model_s3_seasonality_municipality_past_incidence_offset,municipality[087],-0.66052904319501,0.0663255454260376
fold_02_validate_2018,model_s3_seasonality_municipality_past_incidence_offset,municipality[088],-0.418679819099562,0.290765358772134
fold_02_validate_2018,model_s3_seasonality_municipality_past_incidence_offset,municipality[089],-1.2738264524952,0.104608472095493
fold_02_validate_2018,model_s3_seasonality_municipality_past_incidence_offset,municipality[090],-1.51030728451042,0.0797998435969057
fold_02_validate_2018,model_s3_seasonality_municipality_past_incidence_offset,municipality[091],0.113306170872816,0.0655760364110384
fold_02_validate_2018,model_s3_seasonality_municipality_past_incidence_offset,municipality[092],-2.11747402752353,0.226485674601654
fold_02_validate_2018,model_s3_seasonality_municipality_past_incidence_offset,municipality[093],-1.19168062234572,0.170410145975887
fold_02_validate_2018,model_s3_seasonality_municipality_past_incidence_offset,municipality[094],-0.35439973748411,0.0547735657554683
fold_02_validate_2018,model_s3_seasonality_municipality_past_incidence_offset,municipality[095],-0.576690276518085,0.106722047809209
fold_02_validate_2018,model_s3_seasonality_municipality_past_incidence_offset,municipality[096],-1.48755432951495,0.0714881658597607
fold_02_validate_2018,model_s3_seasonality_municipality_past_incidence_offset,municipality[097],-0.444342737527479,0.0809697204522504
fold_02_validate_2018,model_s3_seasonality_municipality_past_incidence_offset,municipality[098],-1.33757534027881,0.110040045459209
fold_02_validate_2018,model_s3_seasonality_municipality_past_incidence_offset,municipality[099],-1.48604641889552,0.148602811870749
fold_02_validate_2018,model_s3_seasonality_municipality_past_incidence_offset,municipality[100],-0.581953795564923,0.0911750084762781
fold_02_validate_2018,model_s3_seasonality_municipality_past_incidence_offset,municipality[101],-1.89206067115816,0.150224675191396
fold_02_validate_2018,model_s3_seasonality_municipality_past_incidence_offset,municipality[102],-0.356984016769761,0.0522234865409995
fold_02_validate_2018,model_s3_seasonality_municipality_past_incidence_offset,municipality[103],-0.587061694450546,0.0666801172219315
fold_02_validate_2018,model_s3_seasonality_municipality_past_incidence_offset,municipality[104],-1.81556368229133,0.120218368705578
fold_02_validate_2018,model_s3_seasonality_municipality_past_incidence_offset,municipality[105],-1.30167933171913,0.158265697379398
fold_02_validate_2018,model_s3_seasonality_municipality_past_incidence_offset,municipality[106],-1.50781427116477,0.0976128791015961
fold_02_validate_2018,model_s3_seasonality_municipality_past_incidence_offset,municipality[107],-1.07655348388689,0.143032155556309
fold_02_validate_2018,model_s3_seasonality_municipality_past_incidence_offset,municipality[108],-1.26666600884493,0.106073852055933
fold_02_validate_2018,model_s3_seasonality_municipality_past_incidence_offset,municipality[109],-0.428175768932823,0.0977750541611022
fold_02_validate_2018,model_s3_seasonality_municipality_past_incidence_offset,municipality[110],-1.31655186141996,0.0745033761948135
fold_02_validate_2018,model_s3_seasonality_municipality_past_incidence_offset,municipality[111],-1.39980400343312,0.0865270474952358
fold_02_validate_2018,model_s3_seasonality_municipality_past_incidence_offset,municipality[112],-1.34737390549523,0.0766960491582788
fold_02_validate_2018,model_s3_seasonality_municipality_past_incidence_offset,municipality[113],-1.34411825371696,0.0655353298271824
fold_02_validate_2018,model_s3_seasonality_municipality_past_incidence_offset,municipality[114],-1.24298291224673,0.0776858665803805
fold_02_validate_2018,model_s3_seasonality_municipality_past_incidence_offset,municipality[115],-1.01800006460862,0.122848085121399
fold_02_validate_2018,model_s3_seasonality_municipality_past_incidence_offset,municipality[116],0.286780098751231,0.0819162022735116
fold_02_validate_2018,model_s3_seasonality_municipality_past_incidence_offset,municipality[117],-0.600004027568292,0.0745442538096921
fold_02_validate_2018,model_s3_seasonality_municipality_past_incidence_offset,municipality[118],-1.33431014261132,0.102058331645025
fold_02_validate_2018,model_s3_seasonality_municipality_past_incidence_offset,municipality[119],-1.24054758016268,0.10601944290261
fold_02_validate_2018,model_s3_seasonality_municipality_past_incidence_offset,municipality[120],-0.971588869293914,0.0635856937974971
fold_02_validate_2018,model_s3_seasonality_municipality_past_incidence_offset,municipality[121],-1.28967992808949,0.154820366164296
fold_02_validate_2018,model_s3_seasonality_municipality_past_incidence_offset,municipality[122],-0.637187221069694,0.0536820930545508
fold_02_validate_2018,model_s3_seasonality_municipality_past_incidence_offset,municipality[123],-0.547898513911526,0.0677306446407159
fold_02_validate_2018,model_s3_seasonality_municipality_past_incidence_offset,municipality[124],-1.75736451211473,0.112452135101668
fold_02_validate_2018,model_s3_seasonality_municipality_past_incidence_offset,municipality[125],-1.75649422427652,0.192411768005619
fold_02_validate_2018,model_s3_seasonality_municipality_past_incidence_offset,municipality[126],-1.66493759496323,0.116035193581337
fold_02_validate_2018,model_s3_seasonality_municipality_past_incidence_offset,municipality[127],-2.03177259278188,0.192435961163055
fold_02_validate_2018,model_s3_seasonality_municipality_past_incidence_offset,municipality[128],-0.373756299916559,0.0617848046343895
fold_02_validate_2018,model_s3_seasonality_municipality_past_incidence_offset,municipality[129],-1.34758666052765,0.0773184742787794
fold_02_validate_2018,model_s3_seasonality_municipality_past_incidence_offset,municipality[130],-1.52468221277959,0.0937581299828794
fold_02_validate_2018,model_s3_seasonality_municipality_past_incidence_offset,municipality[131],-0.866809296278852,0.0667455853896404
fold_02_validate_2018,model_s3_seasonality_municipality_past_incidence_offset,municipality[132],-0.454919703389125,0.10560914716663
fold_02_validate_2018,model_s3_seasonality_municipality_past_incidence_offset,municipality[133],-1.71172314132584,0.0683357142328928
fold_02_validate_2018,model_s3_seasonality_municipality_past_incidence_offset,municipality[134],-0.515010446624357,0.0967478849928596
fold_02_validate_2018,model_s3_seasonality_municipality_past_incidence_offset,municipality[135],-1.38328548160034,0.126290235686703
fold_02_validate_2018,model_s3_seasonality_municipality_past_incidence_offset,municipality[136],-0.105838113088391,0.0729912304895557
fold_02_validate_2018,model_s3_seasonality_municipality_past_incidence_offset,municipality[137],-0.845663263204536,0.14857203648314
fold_02_validate_2018,model_s3_seasonality_municipality_past_incidence_offset,municipality[138],-0.761936497196297,0.101787910217971
fold_02_validate_2018,model_s3_seasonality_municipality_past_incidence_offset,municipality[139],-1.27563925539679,0.0978728178016617
fold_02_validate_2018,model_s3_seasonality_municipality_past_incidence_offset,municipality[140],-0.813704786407041,0.0628178808406445
fold_02_validate_2018,model_s3_seasonality_municipality_past_incidence_offset,municipality[141],-1.43108187063176,0.180292734323781
fold_02_validate_2018,model_s3_seasonality_municipality_past_incidence_offset,municipality[142],-1.05718361593749,0.0687473420800084
fold_02_validate_2018,model_s3_seasonality_municipality_past_incidence_offset,municipality[143],-2.3867558286871,0.355447583148692
fold_02_validate_2018,model_s3_seasonality_municipality_past_incidence_offset,municipality[144],-1.04083648863717,0.101135791332593
fold_02_validate_2018,model_s3_seasonality_municipality_past_incidence_offset,municipality[146],-0.593855442313175,0.0820134860361774
fold_02_validate_2018,model_s3_seasonality_municipality_past_incidence_offset,municipality[147],-0.426670876268758,0.0879139282401384
fold_02_validate_2018,model_s3_seasonality_municipality_past_incidence_offset,municipality[148],-0.441661669906961,0.119572433203328
fold_02_validate_2018,model_s3_seasonality_municipality_past_incidence_offset,municipality[149],-1.02778182630012,0.207043443331099
fold_02_validate_2018,model_s3_seasonality_municipality_past_incidence_offset,municipality[150],-0.538671410804257,0.154693361403701
fold_02_validate_2018,model_s3_seasonality_municipality_past_incidence_offset,municipality[151],-1.16171222779126,0.114546024146342
fold_02_validate_2018,model_s3_seasonality_municipality_past_incidence_offset,municipality[152],-1.17688176757514,0.19232427170372
fold_02_validate_2018,model_s3_seasonality_municipality_past_incidence_offset,municipality[153],-0.95160428596282,0.163915215810668
fold_02_validate_2018,model_s3_seasonality_municipality_past_incidence_offset,municipality[154],0.0284533725933859,0.148194332876516
fold_02_validate_2018,model_s3_seasonality_municipality_past_incidence_offset,municipality[155],-25.0963336985446,16270.3192252133
fold_02_validate_2018,model_s3_seasonality_municipality_past_incidence_offset,municipality[156],-0.662354070553287,0.180073943493722
fold_02_validate_2018,model_s3_seasonality_municipality_past_incidence_offset,municipality[157],-1.09309950848238,0.13810991124741
fold_02_validate_2018,model_s3_seasonality_municipality_past_incidence_offset,municipality[158],0.00279717824101566,0.103683028596796
fold_02_validate_2018,model_s3_seasonality_municipality_past_incidence_offset,municipality[159],-1.75793240118447,0.180341879972812
fold_02_validate_2018,model_s3_seasonality_municipality_past_incidence_offset,municipality[160],-1.03479718997588,0.0794630946594653
fold_02_validate_2018,model_s3_seasonality_municipality_past_incidence_offset,municipality[161],-0.382625641403784,0.29063887176196
fold_02_validate_2018,model_s3_seasonality_municipality_past_incidence_offset,municipality[162],-0.533305009731704,0.114327670525997
fold_02_validate_2018,model_s3_seasonality_municipality_past_incidence_offset,municipality[163],-0.656092980413162,0.252357804226293
fold_02_validate_2018,model_s3_seasonality_municipality_past_incidence_offset,municipality[164],-1.85032320533437,0.150268569319242
fold_02_validate_2018,model_s3_seasonality_municipality_past_incidence_offset,municipality[165],-0.263496571280939,0.206998130400251
fold_02_validate_2018,model_s3_seasonality_municipality_past_incidence_offset,municipality[166],-0.305522353787846,0.0940846765106441
fold_02_validate_2018,model_s3_seasonality_municipality_past_incidence_offset,municipality[167],-1.70760676882244,0.192314320329236
fold_02_validate_2018,model_s3_seasonality_municipality_past_incidence_offset,municipality[168],-1.26197189000566,0.13819305303065
fold_02_validate_2018,model_s3_seasonality_municipality_past_incidence_offset,municipality[169],-1.01677769097319,0.0992722024290598
fold_02_validate_2018,model_s3_seasonality_municipality_past_incidence_offset,municipality[170],-1.01279291734911,0.14309382581991
fold_02_validate_2018,model_s3_seasonality_municipality_past_incidence_offset,municipality[171],-1.6464096103971,0.164060066742387
fold_02_validate_2018,model_s3_seasonality_municipality_past_incidence_offset,municipality[172],-1.32079473016428,0.207152424799527
fold_02_validate_2018,model_s3_seasonality_municipality_past_incidence_offset,municipality[173],-1.27936518952034,0.114636240237863
fold_02_validate_2018,model_s3_seasonality_municipality_past_incidence_offset,municipality[174],-1.17393284834231,0.119884660238626
fold_02_validate_2018,model_s3_seasonality_municipality_past_incidence_offset,municipality[175],-1.05814191330838,0.0992540192341917
fold_02_validate_2018,model_s3_seasonality_municipality_past_incidence_offset,municipality[176],-0.339939839772239,0.15455462925303
fold_02_validate_2018,model_s3_seasonality_municipality_past_incidence_offset,municipality[177],-0.878420468612145,0.207070367674121
fold_02_validate_2018,model_s3_seasonality_municipality_past_incidence_offset,municipality[178],-0.91278769713152,0.111550236175052
fold_02_validate_2018,model_s3_seasonality_municipality_past_incidence_offset,municipality[179],-1.92155187912102,0.252563433623653
fold_02_validate_2018,model_s3_seasonality_municipality_past_incidence_offset,municipality[180],0.32531933042264,0.179983951244837
fold_02_validate_2018,model_s3_seasonality_municipality_past_incidence_offset,municipality[181],-0.952281936621244,0.154725320927055
fold_02_validate_2018,model_s3_seasonality_municipality_past_incidence_offset,municipality[182],-1.27805084164833,0.252466464261671
fold_02_validate_2018,model_s3_seasonality_municipality_past_incidence_offset,municipality[183],-0.990823862445034,0.099627176684702
fold_02_validate_2018,model_s3_seasonality_municipality_past_incidence_offset,municipality[184],-1.05378344612401,0.192087522840674
fold_02_validate_2018,model_s3_seasonality_municipality_past_incidence_offset,municipality[185],-0.469044168707262,0.161740715210519
fold_02_validate_2018,model_s3_seasonality_municipality_past_incidence_offset,municipality[186],-1.09104396447374,0.12978220319637
fold_02_validate_2018,model_s3_seasonality_municipality_past_incidence_offset,municipality[187],-0.675128622327588,0.170241356843885
fold_02_validate_2018,model_s3_seasonality_municipality_past_incidence_offset,municipality[188],-0.820058589225495,0.192155525191653
fold_02_validate_2018,model_s3_seasonality_municipality_past_incidence_offset,municipality[189],-0.483630984184608,0.118902694930447
fold_02_validate_2018,model_s3_seasonality_municipality_past_incidence_offset,municipality[190],-1.68852541719538,0.0798514295117006
fold_02_validate_2018,model_s3_seasonality_municipality_past_incidence_offset,municipality[191],-0.574893469683533,0.170193900413302
fold_02_validate_2018,model_s3_seasonality_municipality_past_incidence_offset,municipality[192],-0.840660152309897,0.109796774658882
fold_02_validate_2018,model_s3_seasonality_municipality_past_incidence_offset,municipality[193],-0.580218970149768,0.0961229462081646
fold_02_validate_2018,model_s3_seasonality_municipality_past_incidence_offset,municipality[194],-0.776231842808375,0.0962510126666852
fold_02_validate_2018,model_s3_seasonality_municipality_past_incidence_offset,municipality[195],-0.77835370524914,0.116949544736887
fold_02_validate_2018,model_s3_seasonality_municipality_past_incidence_offset,municipality[196],-1.21111911648535,0.175051482169234
fold_02_validate_2018,model_s3_seasonality_municipality_past_incidence_offset,municipality[197],-2.03246821534096,0.252593827987937
fold_02_validate_2018,model_s3_seasonality_municipality_past_incidence_offset,municipality[198],-1.27630586580249,0.192190414277089
fold_02_validate_2018,model_s3_seasonality_municipality_past_incidence_offset,municipality[199],-1.05004874258537,0.14295922734299
fold_02_validate_2018,model_s3_seasonality_municipality_past_incidence_offset,municipality[200],-1.71613907059642,0.162195699897007
fold_02_validate_2018,model_s3_seasonality_municipality_past_incidence_offset,municipality[201],-0.781940093319675,0.107707397479787
fold_02_validate_2018,model_s3_seasonality_municipality_past_incidence_offset,municipality[202],-0.243354577460781,0.119543402125172
fold_02_validate_2018,model_s3_seasonality_municipality_past_incidence_offset,municipality[203],-0.60851432246285,0.105623162746728
fold_02_validate_2018,model_s3_seasonality_municipality_past_incidence_offset,municipality[204],-1.44137674327826,0.207132446354027
fold_02_validate_2018,model_s3_seasonality_municipality_past_incidence_offset,municipality[205],-0.330714285008801,0.123454654230348
fold_02_validate_2018,model_s3_seasonality_municipality_past_incidence_offset,municipality[206],-1.09049601731193,0.14044145147003
fold_02_validate_2018,model_s3_seasonality_municipality_past_incidence_offset,municipality[207],-1.47598793735498,0.180308430395572
fold_02_validate_2018,model_s3_seasonality_municipality_past_incidence_offset,municipality[208],-0.738687978155436,0.114371316403534
fold_02_validate_2018,model_s3_seasonality_municipality_past_incidence_offset,municipality[209],-0.284827848505715,0.114214460037732
fold_02_validate_2018,model_s3_seasonality_municipality_past_incidence_offset,municipality[210],-0.749827565192244,0.148419675621903
fold_02_validate_2018,model_s3_seasonality_municipality_past_incidence_offset,municipality[211],-1.51592089367948,0.180408334555954
fold_02_validate_2018,model_s3_seasonality_municipality_past_incidence_offset,municipality[212],-0.94764535773258,0.148494881120811
fold_02_validate_2018,model_s3_seasonality_municipality_past_incidence_offset,municipality[213],-1.28475381303783,0.154766898124518
fold_02_validate_2018,model_s3_seasonality_municipality_past_incidence_offset,past_4w_lyme_incidence_per_100000,-0.00111621588458557,0.000222689366168527
fold_03_validate_2019,model_s1_seasonality_offset,intercept,-8.87700799147894,0.00559198356552566
fold_03_validate_2019,model_s1_seasonality_offset,seasonal_sin_annual,0.284104667475416,0.00610543768684467
fold_03_validate_2019,model_s1_seasonality_offset,seasonal_cos_annual,-1.24498465772606,0.00729266171426598
fold_03_validate_2019,model_s2_seasonality_municipality_offset,intercept,-7.98779669352863,0.0264560177506245
fold_03_validate_2019,model_s2_seasonality_municipality_offset,seasonal_sin_annual,0.284105902386305,0.00610544283626043
fold_03_validate_2019,model_s2_seasonality_municipality_offset,seasonal_cos_annual,-1.24498959202672,0.00729265095280154
fold_03_validate_2019,model_s2_seasonality_municipality_offset,municipality[002],-0.806500286600917,0.0649427704420353
fold_03_validate_2019,model_s2_seasonality_municipality_offset,municipality[003],-1.00628620580962,0.0714756832028338
fold_03_validate_2019,model_s2_seasonality_municipality_offset,municipality[004],-0.955478033795311,0.0852228953771955
fold_03_validate_2019,model_s2_seasonality_municipality_offset,municipality[005],-0.706269137237406,0.0825770177080041
fold_03_validate_2019,model_s2_seasonality_municipality_offset,municipality[006],-1.04632043799669,0.112199627597835
fold_03_validate_2019,model_s2_seasonality_municipality_offset,municipality[007],-0.329834597827448,0.0623628313441591
fold_03_validate_2019,model_s2_seasonality_municipality_offset,municipality[008],-0.66156305436906,0.0528134233504722
fold_03_validate_2019,model_s2_seasonality_municipality_offset,municipality[009],-1.73531891832712,0.0610964402880365
fold_03_validate_2019,model_s2_seasonality_municipality_offset,municipality[010],-1.09452903485066,0.101485856865035
fold_03_validate_2019,model_s2_seasonality_municipality_offset,municipality[011],-1.95811357088008,0.0506329317359666
fold_03_validate_2019,model_s2_seasonality_municipality_offset,municipality[012],-1.30367730338638,0.0842273764189557
fold_03_validate_2019,model_s2_seasonality_municipality_offset,municipality[013],-0.467495729428626,0.0500217587279585
fold_03_validate_2019,model_s2_seasonality_municipality_offset,municipality[014],-0.820843645116814,0.0839846490727706
fold_03_validate_2019,model_s2_seasonality_municipality_offset,municipality[015],-0.888867636711326,0.0928466610321657
fold_03_validate_2019,model_s2_seasonality_municipality_offset,municipality[016],-1.3266024601836,0.124055942546883
fold_03_validate_2019,model_s2_seasonality_municipality_offset,municipality[017],-0.330316538938334,0.044012809047575
fold_03_validate_2019,model_s2_seasonality_municipality_offset,municipality[018],-0.895087040334316,0.114821576927346
fold_03_validate_2019,model_s2_seasonality_municipality_offset,municipality[019],-0.899685717753233,0.0935334734579693
fold_03_validate_2019,model_s2_seasonality_municipality_offset,municipality[020],-0.692120437065797,0.0857359970777076
fold_03_validate_2019,model_s2_seasonality_municipality_offset,municipality[021],-0.211370283802033,0.052939952737424
fold_03_validate_2019,model_s2_seasonality_municipality_offset,municipality[022],-0.85162016689425,0.0764109527706976
fold_03_validate_2019,model_s2_seasonality_municipality_offset,municipality[023],-1.44625448502433,0.0474488424219871
fold_03_validate_2019,model_s2_seasonality_municipality_offset,municipality[024],-1.07572175168927,0.117651558701487
fold_03_validate_2019,model_s2_seasonality_municipality_offset,municipality[025],-0.426384906224847,0.0541404242624873
fold_03_validate_2019,model_s2_seasonality_municipality_offset,municipality[026],-1.57150632713265,0.0997158652738447
fold_03_validate_2019,model_s2_seasonality_municipality_offset,municipality[027],-0.309870449805325,0.0554132599019501
fold_03_validate_2019,model_s2_seasonality_municipality_offset,municipality[028],-1.77027353613673,0.141119678850449
fold_03_validate_2019,model_s2_seasonality_municipality_offset,municipality[029],-0.271684287809738,0.0519627131736004
fold_03_validate_2019,model_s2_seasonality_municipality_offset,municipality[030],-0.396929725728706,0.0908831783327684
fold_03_validate_2019,model_s2_seasonality_municipality_offset,municipality[031],-0.312634352238882,0.0964607909115103
fold_03_validate_2019,model_s2_seasonality_municipality_offset,municipality[032],-1.05455621570312,0.0504254954123185
fold_03_validate_2019,model_s2_seasonality_municipality_offset,municipality[033],-0.143123418086035,0.105359675374001
fold_03_validate_2019,model_s2_seasonality_municipality_offset,municipality[034],-1.50074848587911,0.0832706102309205
fold_03_validate_2019,model_s2_seasonality_municipality_offset,municipality[035],-1.24812825909317,0.105359675373034
fold_03_validate_2019,model_s2_seasonality_municipality_offset,municipality[036],-0.955864702914808,0.059439022344083
fold_03_validate_2019,model_s2_seasonality_municipality_offset,municipality[037],-0.140487791613336,0.0526053976461146
fold_03_validate_2019,model_s2_seasonality_municipality_offset,municipality[038],-1.05423266502217,0.0585768493136598
fold_03_validate_2019,model_s2_seasonality_municipality_offset,municipality[039],-0.971125623333538,0.0529399527378346
fold_03_validate_2019,model_s2_seasonality_municipality_offset,municipality[040],-1.17317876967123,0.0576412782256446
fold_03_validate_2019,model_s2_seasonality_municipality_offset,municipality[041],-0.632858464280572,0.0431010840741982
fold_03_validate_2019,model_s2_seasonality_municipality_offset,municipality[042],-1.1078183256025,0.131721908560094
fold_03_validate_2019,model_s2_seasonality_municipality_offset,municipality[043],-0.814741405648809,0.0410365023857375
fold_03_validate_2019,model_s2_seasonality_municipality_offset,municipality[044],-0.675899942975173,0.0734913305136606
fold_03_validate_2019,model_s2_seasonality_municipality_offset,municipality[045],-2.11276846916229,0.131721908560663
fold_03_validate_2019,model_s2_seasonality_municipality_offset,municipality[046],0.416434643984238,0.0526053976456073
fold_03_validate_2019,model_s2_seasonality_municipality_offset,municipality[047],-0.610079430983997,0.205792762739791
fold_03_validate_2019,model_s2_seasonality_municipality_offset,municipality[048],-1.98924156709747,0.08146395203143
fold_03_validate_2019,model_s2_seasonality_municipality_offset,municipality[049],-0.57987316414014,0.0852228953774795
fold_03_validate_2019,model_s2_seasonality_municipality_offset,municipality[050],-1.35454438881432,0.0408798404992557
fold_03_validate_2019,model_s2_seasonality_municipality_offset,municipality[051],-2.29088565268362,0.205792762736653
fold_03_validate_2019,model_s2_seasonality_municipality_offset,municipality[052],-0.715466146844738,0.0340481967092722
fold_03_validate_2019,model_s2_seasonality_municipality_offset,municipality[053],-0.632893209371308,0.0728946099359232
fold_03_validate_2019,model_s2_seasonality_municipality_offset,municipality[054],-1.23096705555876,0.0490727262244113
fold_03_validate_2019,model_s2_seasonality_municipality_offset,municipality[055],-0.994092893513455,0.0896489581898259
fold_03_validate_2019,model_s2_seasonality_municipality_offset,municipality[056],-0.526821754103196,0.120718198367426
fold_03_validate_2019,model_s2_seasonality_municipality_offset,municipality[057],-1.08876586708817,0.06013772399878
fold_03_validate_2019,model_s2_seasonality_municipality_offset,municipality[058],-1.15879377850021,0.0755587199216948
fold_03_validate_2019,model_s2_seasonality_municipality_offset,municipality[059],-0.992778721186652,0.0633823939390191
fold_03_validate_2019,model_s2_seasonality_municipality_offset,municipality[060],-0.991683026886119,0.0548104017765426
fold_03_validate_2019,model_s2_seasonality_municipality_offset,municipality[061],-1.15034061934278,0.0287529011890627
fold_03_validate_2019,model_s2_seasonality_municipality_offset,municipality[062],-0.175997142367995,0.0816824245498413
fold_03_validate_2019,model_s2_seasonality_municipality_offset,municipality[063],0.203319457958739,0.0401345061954142
fold_03_validate_2019,model_s2_seasonality_municipality_offset,municipality[064],-0.982639939899126,0.0566502167100672
fold_03_validate_2019,model_s2_seasonality_municipality_offset,municipality[065],-0.443162015944824,0.0771177827927981
fold_03_validate_2019,model_s2_seasonality_municipality_offset,municipality[066],-2.8873784002441,0.354519384885119
fold_03_validate_2019,model_s2_seasonality_municipality_offset,municipality[067],-0.057143439027003,0.0997158652738491
fold_03_validate_2019,model_s2_seasonality_municipality_offset,municipality[068],-1.33209758043481,0.0964607909113176
fold_03_validate_2019,model_s2_seasonality_municipality_offset,municipality[069],-0.75400597791921,0.0873409352624752
fold_03_validate_2019,model_s2_seasonality_municipality_offset,municipality[070],-1.20132983771889,0.0327305850455837
fold_03_validate_2019,model_s2_seasonality_municipality_offset,municipality[071],-0.797980268603963,0.0498252514213395
fold_03_validate_2019,model_s2_seasonality_municipality_offset,municipality[072],-1.31956008724634,0.0837443039980622
fold_03_validate_2019,model_s2_seasonality_municipality_offset,municipality[073],-1.03661199371063,0.0712036476624564
fold_03_validate_2019,model_s2_seasonality_municipality_offset,municipality[074],-0.739101025982107,0.0908831783333281
fold_03_validate_2019,model_s2_seasonality_municipality_offset,municipality[075],-0.281381787411136,0.0652336040662717
fold_03_validate_2019,model_s2_seasonality_municipality_offset,municipality[076],-0.892646968681721,0.0873409352626721
fold_03_validate_2019,model_s2_seasonality_municipality_offset,municipality[077],-1.08953448126389,0.089648958190051
fold_03_validate_2019,model_s2_seasonality_municipality_offset,municipality[078],-0.530819516543088,0.0668720667840309
fold_03_validate_2019,model_s2_seasonality_municipality_offset,municipality[079],0.0730909814425942,0.0605728417278614
fold_03_validate_2019,model_s2_seasonality_municipality_offset,municipality[080],-1.16365887128982,0.0537274389851745
fold_03_validate_2019,model_s2_seasonality_municipality_offset,municipality[081],-0.878325891561443,0.0997158652738159
fold_03_validate_2019,model_s2_seasonality_municipality_offset,municipality[082],-0.818132253646894,0.0789908227810821
fold_03_validate_2019,model_s2_seasonality_municipality_offset,municipality[083],-0.407033513226361,0.0908831783324915
fold_03_validate_2019,model_s2_seasonality_municipality_offset,municipality[084],-0.701767369525147,0.038855609113709
fold_03_validate_2019,model_s2_seasonality_municipality_offset,municipality[085],-0.607854301508417,0.036608230045492
fold_03_validate_2019,model_s2_seasonality_municipality_offset,municipality[086],-1.37018274804527,0.17870085206332
fold_03_validate_2019,model_s2_seasonality_municipality_offset,municipality[087],-0.41909804873407,0.0478718243860225
fold_03_validate_2019,model_s2_seasonality_municipality_offset,municipality[088],-0.586176405481528,0.251364266609382
fold_03_validate_2019,model_s2_seasonality_municipality_offset,municipality[089],-1.09388418659147,0.0769389148771518
fold_03_validate_2019,model_s2_seasonality_municipality_offset,municipality[090],-1.66120025738475,0.0673063769210965
fold_03_validate_2019,model_s2_seasonality_municipality_offset,municipality[091],0.154229839477089,0.0502554987458653
fold_03_validate_2019,model_s2_seasonality_municipality_offset,municipality[092],-2.36689325921442,0.205792762736518
fold_03_validate_2019,model_s2_seasonality_municipality_offset,municipality[093],-0.730632197567823,0.109761700477909
fold_03_validate_2019,model_s2_seasonality_municipality_offset,municipality[094],-0.373422992993533,0.0431331092815627
fold_03_validate_2019,model_s2_seasonality_municipality_offset,municipality[095],-0.482627002730265,0.0810330023460805
fold_03_validate_2019,model_s2_seasonality_municipality_offset,municipality[096],-1.15116245153845,0.049632186720634
fold_03_validate_2019,model_s2_seasonality_municipality_offset,municipality[097],-0.362195251018169,0.0617170521669618
fold_03_validate_2019,model_s2_seasonality_municipality_offset,municipality[098],-1.25297546348742,0.0842273764183034
fold_03_validate_2019,model_s2_seasonality_municipality_offset,municipality[099],-1.41031143500397,0.114821576927822
fold_03_validate_2019,model_s2_seasonality_municipality_offset,municipality[100],-0.747001953255284,0.0774799552415901
fold_03_validate_2019,model_s2_seasonality_municipality_offset,municipality[101],-1.41533765811224,0.0964607909118278
fold_03_validate_2019,model_s2_seasonality_municipality_offset,municipality[102],-0.122169914848543,0.0382705455013943
fold_03_validate_2019,model_s2_seasonality_municipality_offset,municipality[103],-0.319887119211069,0.0476053884461203
fold_03_validate_2019,model_s2_seasonality_municipality_offset,municipality[104],-1.88569719475589,0.099289004701681
fold_03_validate_2019,model_s2_seasonality_municipality_offset,municipality[105],-1.25442327372554,0.124055942547613
fold_03_validate_2019,model_s2_seasonality_municipality_offset,municipality[106],-1.47594089284299,0.0765855187245966
fold_03_validate_2019,model_s2_seasonality_municipality_offset,municipality[107],-0.712887980321662,0.0964607909125851
fold_03_validate_2019,model_s2_seasonality_municipality_offset,municipality[108],-1.2817699761213,0.0852228953782672
fold_03_validate_2019,model_s2_seasonality_municipality_offset,municipality[109],-0.245032505075714,0.0712036476616727
fold_03_validate_2019,model_s2_seasonality_municipality_offset,municipality[110],-1.09804989823655,0.05400127207034
fold_03_validate_2019,model_s2_seasonality_municipality_offset,municipality[111],-1.24195605381306,0.064098768024826
fold_03_validate_2019,model_s2_seasonality_municipality_offset,municipality[112],-1.21718010904535,0.0575810166246279
fold_03_validate_2019,model_s2_seasonality_municipality_offset,municipality[113],-1.23472846116772,0.0494424706940038
fold_03_validate_2019,model_s2_seasonality_municipality_offset,municipality[114],-1.12038901587865,0.0583848453657175
fold_03_validate_2019,model_s2_seasonality_municipality_offset,municipality[115],-0.856699380250438,0.0908831783341177
fold_03_validate_2019,model_s2_seasonality_municipality_offset,municipality[116],0.274504980868675,0.0643754777911063
fold_03_validate_2019,model_s2_seasonality_municipality_offset,municipality[117],-0.50499515698768,0.0565940475291069
fold_03_validate_2019,model_s2_seasonality_municipality_offset,municipality[118],-1.20820127429364,0.0767614998641026
fold_03_validate_2019,model_s2_seasonality_municipality_offset,municipality[119],-0.827099278282709,0.0701518543141386
fold_03_validate_2019,model_s2_seasonality_municipality_offset,municipality[120],-0.79959108477639,0.0469934545650792
fold_03_validate_2019,model_s2_seasonality_municipality_offset,municipality[121],-1.08684487403046,0.112199627596707
fold_03_validate_2019,model_s2_seasonality_municipality_offset,municipality[122],-0.420891265337504,0.0393579271706391
fold_03_validate_2019,model_s2_seasonality_municipality_offset,municipality[123],-0.435330683037617,0.0508087368076498
fold_03_validate_2019,model_s2_seasonality_municipality_offset,municipality[124],-1.4146691423921,0.0769389148759374
fold_03_validate_2019,model_s2_seasonality_municipality_offset,municipality[125],-1.7277555742428,0.153007409152208
fold_03_validate_2019,model_s2_seasonality_municipality_offset,municipality[126],-1.59040290808103,0.0896489581904099
fold_03_validate_2019,model_s2_seasonality_municipality_offset,municipality[127],-1.56834935409264,0.124055942546163
fold_03_validate_2019,model_s2_seasonality_municipality_offset,municipality[128],-0.158907613407331,0.0451148077638025
fold_03_validate_2019,model_s2_seasonality_municipality_offset,municipality[129],-0.937185772494497,0.0521201962145265
fold_03_validate_2019,model_s2_seasonality_municipality_offset,municipality[130],-1.10898136930274,0.0622806768359083
fold_03_validate_2019,model_s2_seasonality_municipality_offset,municipality[131],-0.956806980660795,0.054375746439246
fold_03_validate_2019,model_s2_seasonality_municipality_offset,municipality[132],-0.642087645420002,0.0908831783330504
fold_03_validate_2019,model_s2_seasonality_municipality_offset,municipality[133],-1.50381092158874,0.0497282946994904
fold_03_validate_2019,model_s2_seasonality_municipality_offset,municipality[134],-0.263203081705515,0.0683231898639742
fold_03_validate_2019,model_s2_seasonality_municipality_offset,municipality[135],-1.29144552256624,0.0964607909112516
fold_03_validate_2019,model_s2_seasonality_municipality_offset,municipality[136],0.000279228192631594,0.0548104017764861
fold_03_validate_2019,model_s2_seasonality_municipality_offset,municipality[137],-0.637026050483001,0.107487486459752
fold_03_validate_2019,model_s2_seasonality_municipality_offset,municipality[138],-0.426027833705748,0.0695224576767439
fold_03_validate_2019,model_s2_seasonality_municipality_offset,municipality[139],-1.09221869198414,0.0717515173521088
fold_03_validate_2019,model_s2_seasonality_municipality_offset,municipality[140],-0.620232636534165,0.0460743252681158
fold_03_validate_2019,model_s2_seasonality_municipality_offset,municipality[141],-1.11084540765223,0.124055942546674
fold_03_validate_2019,model_s2_seasonality_municipality_offset,municipality[142],-0.840122172524017,0.0499558678338392
fold_03_validate_2019,model_s2_seasonality_municipality_offset,municipality[143],-1.57208916913644,0.190783333245231
fold_03_validate_2019,model_s2_seasonality_municipality_offset,municipality[144],-0.960360836816968,0.0774799552414349
fold_03_validate_2019,model_s2_seasonality_municipality_offset,municipality[146],-0.325730269841548,0.058070358799955
fold_03_validate_2019,model_s2_seasonality_municipality_offset,municipality[147],-0.219111930708149,0.0634702775590745
fold_03_validate_2019,model_s2_seasonality_municipality_offset,municipality[148],-0.429093615901911,0.0935334734577763
fold_03_validate_2019,model_s2_seasonality_municipality_offset,municipality[149],-1.32161657562232,0.190783333241154
fold_03_validate_2019,model_s2_seasonality_municipality_offset,municipality[150],-0.375518469390836,0.114147595421933
fold_03_validate_2019,model_s2_seasonality_municipality_offset,municipality[151],-0.851687143723719,0.0789908227816439
fold_03_validate_2019,model_s2_seasonality_municipality_offset,municipality[152],-1.0657834166599,0.146687858603567
fold_03_validate_2019,model_s2_seasonality_municipality_offset,municipality[153],-0.732698132835111,0.117651558701624
fold_03_validate_2019,model_s2_seasonality_municipality_offset,municipality[154],-0.230960933509673,0.131721908560705
fold_03_validate_2019,model_s2_seasonality_municipality_offset,municipality[155],-3.74076856227873,0.500681981798546
fold_03_validate_2019,model_s2_seasonality_municipality_offset,municipality[156],-0.801735338253733,0.153007409151862
fold_03_validate_2019,model_s2_seasonality_municipality_offset,municipality[157],-0.599430656220052,0.0873409352626767
fold_03_validate_2019,model_s2_seasonality_municipality_offset,municipality[158],-0.139933986311054,0.0873409352678817
fold_03_validate_2019,model_s2_seasonality_municipality_offset,municipality[159],-1.32786719419481,0.117651558701479
fold_03_validate_2019,model_s2_seasonality_municipality_offset,municipality[160],-0.912309753629888,0.0597146456779846
fold_03_validate_2019,model_s2_seasonality_municipality_offset,municipality[161],-0.350536626391674,0.225131060780695
fold_03_validate_2019,model_s2_seasonality_municipality_offset,municipality[162],-0.192377082509268,0.0774799552414462
fold_03_validate_2019,model_s2_seasonality_municipality_offset,municipality[163],-0.703479057367026,0.205792762737093
fold_03_validate_2019,model_s2_seasonality_municipality_offset,municipality[164],-1.53019700020995,0.103363410007132
fold_03_validate_2019,model_s2_seasonality_municipality_offset,municipality[165],-0.315251804457063,0.168706171510985
fold_03_validate_2019,model_s2_seasonality_municipality_offset,municipality[166],-0.0731086047064377,0.0673063769220847
fold_03_validate_2019,model_s2_seasonality_municipality_offset,municipality[167],-1.77955009535742,0.160262267949538
fold_03_validate_2019,model_s2_seasonality_municipality_offset,municipality[168],-1.34665795512776,0.114821576927189
fold_03_validate_2019,model_s2_seasonality_municipality_offset,municipality[169],-0.822153097309208,0.0723149298107136
fold_03_validate_2019,model_s2_seasonality_municipality_offset,municipality[170],-0.555990220616249,0.0921764315218665
fold_03_validate_2019,model_s2_seasonality_municipality_offset,municipality[171],-1.58703318506911,0.127706673780424
fold_03_validate_2019,model_s2_seasonality_municipality_offset,municipality[172],-1.36610142180214,0.168706171512804
fold_03_validate_2019,model_s2_seasonality_municipality_offset,municipality[173],-1.18502158587879,0.0873409352624233
fold_03_validate_2019,model_s2_seasonality_municipality_offset,municipality[174],-0.931777849003171,0.0852228953774395
fold_03_validate_2019,model_s2_seasonality_municipality_offset,municipality[175],-0.915682756332877,0.0741059163344927
fold_03_validate_2019,model_s2_seasonality_municipality_offset,municipality[176],-0.0275407857396767,0.105359675373033
fold_03_validate_2019,model_s2_seasonality_municipality_offset,municipality[177],-0.553970255339223,0.141119678850339
fold_03_validate_2019,model_s2_seasonality_municipality_offset,municipality[178],-0.99444165432932,0.0921764315225745
fold_03_validate_2019,model_s2_seasonality_municipality_offset,municipality[179],-1.25258388569391,0.146687858602572
fold_03_validate_2019,model_s2_seasonality_municipality_offset,municipality[180],0.469284201478454,0.128674047116375
fold_03_validate_2019,model_s2_seasonality_municipality_offset,municipality[181],-0.79995146788958,0.114821576927511
fold_03_validate_2019,model_s2_seasonality_municipality_offset,municipality[182],-0.902605470787452,0.168706171511744
fold_03_validate_2019,model_s2_seasonality_municipality_offset,municipality[183],-0.783193023789496,0.0723149298110462
fold_03_validate_2019,model_s2_seasonality_municipality_offset,municipality[184],-0.319788577739031,0.107487486459883
fold_03_validate_2019,model_s2_seasonality_municipality_offset,municipality[185],-0.541620869677206,0.131721908562075
fold_03_validate_2019,model_s2_seasonality_municipality_offset,municipality[186],-1.05180549985676,0.101485856864071
fold_03_validate_2019,model_s2_seasonality_municipality_offset,municipality[187],-0.924396804745339,0.15300740915178
fold_03_validate_2019,model_s2_seasonality_municipality_offset,municipality[188],-0.942469768305108,0.162249869550436
fold_03_validate_2019,model_s2_seasonality_municipality_offset,municipality[189],-0.327865422027054,0.0873409352623171
fold_03_validate_2019,model_s2_seasonality_municipality_offset,municipality[190],-1.35402463525357,0.0552599563383301
fold_03_validate_2019,model_s2_seasonality_municipality_offset,municipality[191],-0.738986489140175,0.146687858602935
fold_03_validate_2019,model_s2_seasonality_municipality_offset,municipality[192],-0.694702756071311,0.0814639520304839
fold_03_validate_2019,model_s2_seasonality_municipality_offset,municipality[193],-0.716017071372512,0.080609850616547
fold_03_validate_2019,model_s2_seasonality_municipality_offset,municipality[194],-0.792142472760021,0.0767614998640645
fold_03_validate_2019,model_s2_seasonality_municipality_offset,municipality[195],-0.539385865357396,0.0832706102309877
fold_03_validate_2019,model_s2_seasonality_municipality_offset,municipality[196],-1.31317467947098,0.146687858602704
fold_03_validate_2019,model_s2_seasonality_municipality_offset,municipality[197],-1.76480897059588,0.178700852063175
fold_03_validate_2019,model_s2_seasonality_municipality_offset,municipality[198],-0.669066993108988,0.114821576927558
fold_03_validate_2019,model_s2_seasonality_municipality_offset,municipality[199],-0.4958817198833,0.0878990787731606
fold_03_validate_2019,model_s2_seasonality_municipality_offset,municipality[200],-1.40019262053643,0.112199627596654
fold_03_validate_2019,model_s2_seasonality_municipality_offset,municipality[201],-0.528431954349146,0.0760659933506246
fold_03_validate_2019,model_s2_seasonality_municipality_offset,municipality[202],-0.263613956528166,0.0949596117386239
fold_03_validate_2019,model_s2_seasonality_municipality_offset,municipality[203],-0.344531708918359,0.0741059163342383
fold_03_validate_2019,model_s2_seasonality_municipality_offset,municipality[204],-1.27940751544286,0.153007409151748
fold_03_validate_2019,model_s2_seasonality_municipality_offset,municipality[205],-0.139957958717245,0.0896489581928148
fold_03_validate_2019,model_s2_seasonality_municipality_offset,municipality[206],-0.79445040031305,0.0972415772836141
fold_03_validate_2019,model_s2_seasonality_municipality_offset,municipality[207],-1.3519598566906,0.136165845149254
fold_03_validate_2019,model_s2_seasonality_municipality_offset,municipality[208],-0.718416718709447,0.0896489581898731
fold_03_validate_2019,model_s2_seasonality_municipality_offset,municipality[209],-0.062772577266183,0.0814639520318977
fold_03_validate_2019,model_s2_seasonality_municipality_offset,municipality[210],-0.59897116683272,0.109761700477407
fold_03_validate_2019,model_s2_seasonality_municipality_offset,municipality[211],-1.18389376567892,0.12405594254794
fold_03_validate_2019,model_s2_seasonality_municipality_offset,municipality[212],-0.705629579414046,0.105359675373372
fold_03_validate_2019,model_s2_seasonality_municipality_offset,municipality[213],-1.41881232943576,0.131721908560132
fold_03_validate_2019,model_s3_seasonality_municipality_past_incidence_offset,intercept,-8.15228580628938,0.0273884389750623
fold_03_validate_2019,model_s3_seasonality_municipality_past_incidence_offset,seasonal_sin_annual,0.32062677084682,0.00636009039763151
fold_03_validate_2019,model_s3_seasonality_municipality_past_incidence_offset,seasonal_cos_annual,-1.15526459753222,0.00816929278894614
fold_03_validate_2019,model_s3_seasonality_municipality_past_incidence_offset,municipality[002],-0.682604226406369,0.0651544628998849
fold_03_validate_2019,model_s3_seasonality_municipality_past_incidence_offset,municipality[003],-0.868355968494241,0.0717182842960344
fold_03_validate_2019,model_s3_seasonality_municipality_past_incidence_offset,municipality[004],-0.822292133107243,0.0854070589449817
fold_03_validate_2019,model_s3_seasonality_municipality_past_incidence_offset,municipality[005],-0.582957909387299,0.0827389124427667
fold_03_validate_2019,model_s3_seasonality_municipality_past_incidence_offset,municipality[006],-0.887419542689717,0.112396721674097
fold_03_validate_2019,model_s3_seasonality_municipality_past_incidence_offset,municipality[007],-0.27056799320032,0.0624071708339975
fold_03_validate_2019,model_s3_seasonality_municipality_past_incidence_offset,municipality[008],-0.56279232866136,0.0529824932107114
fold_03_validate_2019,model_s3_seasonality_municipality_past_incidence_offset,municipality[009],-1.56793899593182,0.0615087322712939
fold_03_validate_2019,model_s3_seasonality_municipality_past_incidence_offset,municipality[010],-0.969371278964954,0.101624768674163
fold_03_validate_2019,model_s3_seasonality_municipality_past_incidence_offset,municipality[011],-1.7798783765933,0.0511963659536312
fold_03_validate_2019,model_s3_seasonality_municipality_past_incidence_offset,municipality[012],-1.14889048018631,0.0844833356323403
fold_03_validate_2019,model_s3_seasonality_municipality_past_incidence_offset,municipality[013],-0.373486160822089,0.0501817703345005
fold_03_validate_2019,model_s3_seasonality_municipality_past_incidence_offset,municipality[014],-0.705610765907055,0.0841190148387235
fold_03_validate_2019,model_s3_seasonality_municipality_past_incidence_offset,municipality[015],-0.766463095067238,0.0929872105068133
fold_03_validate_2019,model_s3_seasonality_municipality_past_incidence_offset,municipality[016],-1.16588297083933,0.124243021319974
fold_03_validate_2019,model_s3_seasonality_municipality_past_incidence_offset,municipality[017],-0.27408362058486,0.044079424272792
fold_03_validate_2019,model_s3_seasonality_municipality_past_incidence_offset,municipality[018],-0.777581349845289,0.114928007645878
fold_03_validate_2019,model_s3_seasonality_municipality_past_incidence_offset,municipality[019],-0.789839084376446,0.0936505012950945
fold_03_validate_2019,model_s3_seasonality_municipality_past_incidence_offset,municipality[020],-0.590371358011245,0.0858381616841964
fold_03_validate_2019,model_s3_seasonality_municipality_past_incidence_offset,municipality[021],-0.174264697081437,0.0529612901980407
fold_03_validate_2019,model_s3_seasonality_municipality_past_incidence_offset,municipality[022],-0.724948255792311,0.0766007348201103
fold_03_validate_2019,model_s3_seasonality_municipality_past_incidence_offset,municipality[023],-1.28374267814672,0.0479511223199773
fold_03_validate_2019,model_s3_seasonality_municipality_past_incidence_offset,municipality[024],-0.937911640440487,0.117795261138132
fold_03_validate_2019,model_s3_seasonality_municipality_past_incidence_offset,municipality[025],-0.360651789938429,0.0542049694659239
fold_03_validate_2019,model_s3_seasonality_municipality_past_incidence_offset,municipality[026],-1.40315185063731,0.0999717373699141
fold_03_validate_2019,model_s3_seasonality_municipality_past_incidence_offset,municipality[027],-0.24611061951195,0.0554789203783246
fold_03_validate_2019,model_s3_seasonality_municipality_past_incidence_offset,municipality[028],-1.59605626217361,0.141311759069512
fold_03_validate_2019,model_s3_seasonality_municipality_past_incidence_offset,municipality[029],-0.221444860311698,0.0520052721962447
fold_03_validate_2019,model_s3_seasonality_municipality_past_incidence_offset,municipality[030],-0.350607583255467,0.0908940482760533
fold_03_validate_2019,model_s3_seasonality_municipality_past_incidence_offset,municipality[031],-0.267474230204849,0.0964714446847273
fold_03_validate_2019,model_s3_seasonality_municipality_past_incidence_offset,municipality[032],-0.912802169881202,0.0507835163253092
fold_03_validate_2019,model_s3_seasonality_municipality_past_incidence_offset,municipality[033],-0.138772503623845,0.105360565657833
fold_03_validate_2019,model_s3_seasonality_municipality_past_incidence_offset,municipality[034],-1.3400241731816,0.0835510101658457
fold_03_validate_2019,model_s3_seasonality_municipality_past_incidence_offset,municipality[035],-1.09065960479526,0.105570459988187
fold_03_validate_2019,model_s3_seasonality_municipality_past_incidence_offset,municipality[036],-0.824386038462745,0.0597009404665801
fold_03_validate_2019,model_s3_seasonality_municipality_past_incidence_offset,municipality[037],-0.119058361503904,0.0526106520895332
fold_03_validate_2019,model_s3_seasonality_municipality_past_incidence_offset,municipality[038],-0.920733551262979,0.0588545919679937
fold_03_validate_2019,model_s3_seasonality_municipality_past_incidence_offset,municipality[039],-0.835018080153455,0.0532531766071548
fold_03_validate_2019,model_s3_seasonality_municipality_past_incidence_offset,municipality[040],-1.03505311512252,0.0579410199621098
fold_03_validate_2019,model_s3_seasonality_municipality_past_incidence_offset,municipality[041],-0.5257096615809,0.0433398366680314
fold_03_validate_2019,model_s3_seasonality_municipality_past_incidence_offset,municipality[042],-0.968501745809031,0.131851286124824
fold_03_validate_2019,model_s3_seasonality_municipality_past_incidence_offset,municipality[043],-0.699939008380862,0.0413160077374217
fold_03_validate_2019,model_s3_seasonality_municipality_past_incidence_offset,municipality[044],-0.572705584027708,0.0736130869998826
fold_03_validate_2019,model_s3_seasonality_municipality_past_incidence_offset,municipality[045],-1.92977781208997,0.131949757258912
fold_03_validate_2019,model_s3_seasonality_municipality_past_incidence_offset,municipality[046],0.267936489469254,0.0532074320910353
fold_03_validate_2019,model_s3_seasonality_municipality_past_incidence_offset,municipality[047],-0.562806054152797,0.205793253714344
fold_03_validate_2019,model_s3_seasonality_municipality_past_incidence_offset,municipality[048],-1.8088358979332,0.0818231008422982
fold_03_validate_2019,model_s3_seasonality_municipality_past_incidence_offset,municipality[049],-0.50238866477162,0.0852795368787724
fold_03_validate_2019,model_s3_seasonality_municipality_past_incidence_offset,municipality[050],-1.20340805542394,0.0413849924030909
fold_03_validate_2019,model_s3_seasonality_municipality_past_incidence_offset,municipality[051],-2.10509876693178,0.205942446871143
fold_03_validate_2019,model_s3_seasonality_municipality_past_incidence_offset,municipality[052],-0.595851961562187,0.0344330576356321
fold_03_validate_2019,model_s3_seasonality_municipality_past_incidence_offset,municipality[053],-0.518626157418032,0.0730570498838344
fold_03_validate_2019,model_s3_seasonality_municipality_past_incidence_offset,municipality[054],-1.09266179724489,0.0494258889506063
fold_03_validate_2019,model_s3_seasonality_municipality_past_incidence_offset,municipality[055],-0.855474276978799,0.0898414307032642
fold_03_validate_2019,model_s3_seasonality_municipality_past_incidence_offset,municipality[056],-0.43061928772643,0.120780168869785
fold_03_validate_2019,model_s3_seasonality_municipality_past_incidence_offset,municipality[057],-0.950667672246662,0.0604244093307784
fold_03_validate_2019,model_s3_seasonality_municipality_past_incidence_offset,municipality[058],-1.02035779144736,0.0757882281740756
fold_03_validate_2019,model_s3_seasonality_municipality_past_incidence_offset,municipality[059],-0.863312581170617,0.0636234621291947
fold_03_validate_2019,model_s3_seasonality_municipality_past_incidence_offset,municipality[060],-0.857763076125188,0.0551059106195535
fold_03_validate_2019,model_s3_seasonality_municipality_past_incidence_offset,municipality[061],-1.0058259148266,0.0294098160010752
fold_03_validate_2019,model_s3_seasonality_municipality_past_incidence_offset,municipality[062],-0.12626310086901,0.0817081315328082
fold_03_validate_2019,model_s3_seasonality_municipality_past_incidence_offset,municipality[063],0.192166643042333,0.0401392800976093
fold_03_validate_2019,model_s3_seasonality_municipality_past_incidence_offset,municipality[064],-0.845974058925653,0.0569462854740672
fold_03_validate_2019,model_s3_seasonality_municipality_past_incidence_offset,municipality[065],-0.370223505994933,0.0771760003583654
fold_03_validate_2019,model_s3_seasonality_municipality_past_incidence_offset,municipality[066],-2.692047300605,0.35461521172127
fold_03_validate_2019,model_s3_seasonality_municipality_past_incidence_offset,municipality[067],-0.0675508609321353,0.0997419055991746
fold_03_validate_2019,model_s3_seasonality_municipality_past_incidence_offset,municipality[068],-1.16627119513061,0.0967161694230116
fold_03_validate_2019,model_s3_seasonality_municipality_past_incidence_offset,municipality[069],-0.640521556355729,0.0874655175390039
fold_03_validate_2019,model_s3_seasonality_municipality_past_incidence_offset,municipality[070],-1.05511269635675,0.0333216893551064
fold_03_validate_2019,model_s3_seasonality_municipality_past_incidence_offset,municipality[071],-0.675886966998709,0.0501003893447252
fold_03_validate_2019,model_s3_seasonality_municipality_past_incidence_offset,municipality[072],-1.16731026060088,0.0839930925515349
fold_03_validate_2019,model_s3_seasonality_municipality_past_incidence_offset,municipality[073],-0.906357709460363,0.0714171847334492
fold_03_validate_2019,model_s3_seasonality_municipality_past_incidence_offset,municipality[074],-0.620332829749055,0.0910161892272084
fold_03_validate_2019,model_s3_seasonality_municipality_past_incidence_offset,municipality[075],-0.255587620630231,0.0652389015447139
fold_03_validate_2019,model_s3_seasonality_municipality_past_incidence_offset,municipality[076],-0.773547134544416,0.087481168455165
fold_03_validate_2019,model_s3_seasonality_municipality_past_incidence_offset,municipality[077],-0.953992486915203,0.0898287332111722
fold_03_validate_2019,model_s3_seasonality_municipality_past_incidence_offset,municipality[078],-0.453134195035259,0.0669531689104169
fold_03_validate_2019,model_s3_seasonality_municipality_past_incidence_offset,municipality[079],0.0620313616058619,0.0605829192631197
fold_03_validate_2019,model_s3_seasonality_municipality_past_incidence_offset,municipality[080],-1.01868633246835,0.0540830587239689
fold_03_validate_2019,model_s3_seasonality_municipality_past_incidence_offset,municipality[081],-0.769790294046422,0.0998186647954717
fold_03_validate_2019,model_s3_seasonality_municipality_past_incidence_offset,municipality[082],-0.70172649152502,0.0791408780427148
fold_03_validate_2019,model_s3_seasonality_municipality_past_incidence_offset,municipality[083],-0.344803824512262,0.0909115225779869
fold_03_validate_2019,model_s3_seasonality_municipality_past_incidence_offset,municipality[084],-0.594524063437519,0.0391251392292411
fold_03_validate_2019,model_s3_seasonality_municipality_past_incidence_offset,municipality[085],-0.515281737112969,0.0368229494863893
fold_03_validate_2019,model_s3_seasonality_municipality_past_incidence_offset,municipality[086],-1.20097309157004,0.178838377791595
fold_03_validate_2019,model_s3_seasonality_municipality_past_incidence_offset,municipality[087],-0.349217156292049,0.0479562797526705
fold_03_validate_2019,model_s3_seasonality_municipality_past_incidence_offset,municipality[088],-0.482508349308367,0.25138417698342
fold_03_validate_2019,model_s3_seasonality_municipality_past_incidence_offset,municipality[089],-0.950975261922069,0.0771796901637303
fold_03_validate_2019,model_s3_seasonality_municipality_past_incidence_offset,municipality[090],-1.49314147643439,0.0676814807552923
fold_03_validate_2019,model_s3_seasonality_municipality_past_incidence_offset,municipality[091],0.103321030674889,0.0503167404537437
fold_03_validate_2019,model_s3_seasonality_municipality_past_incidence_offset,municipality[092],-2.18367007192508,0.205938407212949
fold_03_validate_2019,model_s3_seasonality_municipality_past_incidence_offset,municipality[093],-0.618033651926081,0.109854441053416
fold_03_validate_2019,model_s3_seasonality_municipality_past_incidence_offset,municipality[094],-0.291252853709381,0.0432790891152177
fold_03_validate_2019,model_s3_seasonality_municipality_past_incidence_offset,municipality[095],-0.407501189050995,0.081088413309785
fold_03_validate_2019,model_s3_seasonality_municipality_past_incidence_offset,municipality[096],-1.00495936275847,0.0500194584149841
fold_03_validate_2019,model_s3_seasonality_municipality_past_incidence_offset,municipality[097],-0.294205220570681,0.0617842906189644
fold_03_validate_2019,model_s3_seasonality_municipality_past_incidence_offset,municipality[098],-1.10509740431364,0.0844598417528801
fold_03_validate_2019,model_s3_seasonality_municipality_past_incidence_offset,municipality[099],-1.26385510973629,0.114987987449824
fold_03_validate_2019,model_s3_seasonality_municipality_past_incidence_offset,municipality[100],-0.637000786429777,0.0776221311381623
fold_03_validate_2019,model_s3_seasonality_municipality_past_incidence_offset,municipality[101],-1.2484900026876,0.0967200822252423
fold_03_validate_2019,model_s3_seasonality_municipality_past_incidence_offset,municipality[102],-0.0806233652446043,0.0383066087568795
fold_03_validate_2019,model_s3_seasonality_municipality_past_incidence_offset,municipality[103],-0.271485658428673,0.0476462610626062
fold_03_validate_2019,model_s3_seasonality_municipality_past_incidence_offset,municipality[104],-1.70252153056305,0.099592275389714
fold_03_validate_2019,model_s3_seasonality_municipality_past_incidence_offset,municipality[105],-1.10968486339238,0.124207224297991
fold_03_validate_2019,model_s3_seasonality_municipality_past_incidence_offset,municipality[106],-1.31340966940549,0.0768959572020224
fold_03_validate_2019,model_s3_seasonality_municipality_past_incidence_offset,municipality[107],-0.59707636031937,0.096580621359666
fold_03_validate_2019,model_s3_seasonality_municipality_past_incidence_offset,municipality[108],-1.12989604772796,0.0854677822947379
fold_03_validate_2019,model_s3_seasonality_municipality_past_incidence_offset,municipality[109],-0.202697194370344,0.0712191148982014
fold_03_validate_2019,model_s3_seasonality_municipality_past_incidence_offset,municipality[110],-0.959873878617393,0.0543227957448216
fold_03_validate_2019,model_s3_seasonality_municipality_past_incidence_offset,municipality[111],-1.09868789281373,0.0643892058781004
fold_03_validate_2019,model_s3_seasonality_municipality_past_incidence_offset,municipality[112],-1.06683219554322,0.0579372880794919
fold_03_validate_2019,model_s3_seasonality_municipality_past_incidence_offset,municipality[113],-1.08880192448109,0.0498345399428758
fold_03_validate_2019,model_s3_seasonality_municipality_past_incidence_offset,municipality[114],-0.97061993754994,0.0587322310125967
fold_03_validate_2019,model_s3_seasonality_municipality_past_incidence_offset,municipality[115],-0.749388812079275,0.0909966677613139
fold_03_validate_2019,model_s3_seasonality_municipality_past_incidence_offset,municipality[116],0.221488270435311,0.0644383078020183
fold_03_validate_2019,model_s3_seasonality_municipality_past_incidence_offset,municipality[117],-0.413737855444054,0.0567271567308016
fold_03_validate_2019,model_s3_seasonality_municipality_past_incidence_offset,municipality[118],-1.06009504825977,0.077021502601067
fold_03_validate_2019,model_s3_seasonality_municipality_past_incidence_offset,municipality[119],-0.720135796412808,0.0702877079496453
fold_03_validate_2019,model_s3_seasonality_municipality_past_incidence_offset,municipality[120],-0.68544407585971,0.0472464322094904
fold_03_validate_2019,model_s3_seasonality_municipality_past_incidence_offset,municipality[121],-0.959711546120034,0.112322314688715
fold_03_validate_2019,model_s3_seasonality_municipality_past_incidence_offset,municipality[122],-0.333535955420761,0.0395294947049342
fold_03_validate_2019,model_s3_seasonality_municipality_past_incidence_offset,municipality[123],-0.361710829308902,0.0509081689801836
fold_03_validate_2019,model_s3_seasonality_municipality_past_incidence_offset,municipality[124],-1.25115406013916,0.0772523057763275
fold_03_validate_2019,model_s3_seasonality_municipality_past_incidence_offset,municipality[125],-1.54856970857057,0.153194351451448
fold_03_validate_2019,model_s3_seasonality_municipality_past_incidence_offset,municipality[126],-1.42724653877471,0.0899149063393121
fold_03_validate_2019,model_s3_seasonality_municipality_past_incidence_offset,municipality[127],-1.40193339537618,0.124252745303928
fold_03_validate_2019,model_s3_seasonality_municipality_past_incidence_offset,municipality[128],-0.120602114061126,0.0451414057944399
fold_03_validate_2019,model_s3_seasonality_municipality_past_incidence_offset,municipality[129],-0.809082016779803,0.0524002392451742
fold_03_validate_2019,model_s3_seasonality_municipality_past_incidence_offset,municipality[130],-0.967975570847253,0.06256484694908
fold_03_validate_2019,model_s3_seasonality_municipality_past_incidence_offset,municipality[131],-0.822081662305725,0.054675937611947
fold_03_validate_2019,model_s3_seasonality_municipality_past_incidence_offset,municipality[132],-0.539040827341527,0.0909859865362585
fold_03_validate_2019,model_s3_seasonality_municipality_past_incidence_offset,municipality[133],-1.34178836683974,0.0502045054165069
fold_03_validate_2019,model_s3_seasonality_municipality_past_incidence_offset,municipality[134],-0.212222677220988,0.0683517351879435
fold_03_validate_2019,model_s3_seasonality_municipality_past_incidence_offset,municipality[135],-1.14233178696321,0.0966679926243229
fold_03_validate_2019,model_s3_seasonality_municipality_past_incidence_offset,municipality[136],-0.000888187911853766,0.0548106841595996
fold_03_validate_2019,model_s3_seasonality_municipality_past_incidence_offset,municipality[137],-0.513321903387203,0.107606838564237
fold_03_validate_2019,model_s3_seasonality_municipality_past_incidence_offset,municipality[138],-0.364392735215424,0.0695632964188703
fold_03_validate_2019,model_s3_seasonality_municipality_past_incidence_offset,municipality[139],-0.95082709544476,0.0720036560932712
fold_03_validate_2019,model_s3_seasonality_municipality_past_incidence_offset,municipality[140],-0.517326696419499,0.0462853079036985
fold_03_validate_2019,model_s3_seasonality_municipality_past_incidence_offset,municipality[141],-0.972996231431698,0.124191618725802
fold_03_validate_2019,model_s3_seasonality_municipality_past_incidence_offset,municipality[142],-0.722298388781629,0.0502018266389367
fold_03_validate_2019,model_s3_seasonality_municipality_past_incidence_offset,municipality[143],-1.40603849951631,0.190909281172641
fold_03_validate_2019,model_s3_seasonality_municipality_past_incidence_offset,municipality[144],-0.828589208060298,0.0776830288721666
fold_03_validate_2019,model_s3_seasonality_municipality_past_incidence_offset,municipality[146],-0.271807387814897,0.0581011192428146
fold_03_validate_2019,model_s3_seasonality_municipality_past_incidence_offset,municipality[147],-0.180707830752704,0.0634848449705194
fold_03_validate_2019,model_s3_seasonality_municipality_past_incidence_offset,municipality[148],-0.369783082667239,0.0935638932202129
fold_03_validate_2019,model_s3_seasonality_municipality_past_incidence_offset,municipality[149],-1.19627743151992,0.19084202035355
fold_03_validate_2019,model_s3_seasonality_municipality_past_incidence_offset,municipality[150],-0.296528564239081,0.114186592576569
fold_03_validate_2019,model_s3_seasonality_municipality_past_incidence_offset,municipality[151],-0.74858268875588,0.0791086169823601
fold_03_validate_2019,model_s3_seasonality_municipality_past_incidence_offset,municipality[152],-0.917264310135025,0.146816978413769
fold_03_validate_2019,model_s3_seasonality_municipality_past_incidence_offset,municipality[153],-0.623290954535383,0.117732925164068
fold_03_validate_2019,model_s3_seasonality_municipality_past_incidence_offset,municipality[154],-0.170449099578831,0.131739131575077
fold_03_validate_2019,model_s3_seasonality_municipality_past_incidence_offset,municipality[155],-3.54075215236938,0.500753413604777
fold_03_validate_2019,model_s3_seasonality_municipality_past_incidence_offset,municipality[156],-0.703536380226597,0.153058144905487
fold_03_validate_2019,model_s3_seasonality_municipality_past_incidence_offset,municipality[157],-0.506695381867807,0.087426151505514
fold_03_validate_2019,model_s3_seasonality_municipality_past_incidence_offset,municipality[158],-0.100123195412939,0.0873545164780282
fold_03_validate_2019,model_s3_seasonality_municipality_past_incidence_offset,municipality[159],-1.18277374533143,0.117808681845123
fold_03_validate_2019,model_s3_seasonality_municipality_past_incidence_offset,municipality[160],-0.790734856411553,0.0599411900316252
fold_03_validate_2019,model_s3_seasonality_municipality_past_incidence_offset,municipality[161],-0.397353163446475,0.225175878039754
fold_03_validate_2019,model_s3_seasonality_municipality_past_incidence_offset,municipality[162],-0.171484229578538,0.077481357339431
fold_03_validate_2019,model_s3_seasonality_municipality_past_incidence_offset,municipality[163],-0.607983413140848,0.205820553919957
fold_03_validate_2019,model_s3_seasonality_municipality_past_incidence_offset,municipality[164],-1.36363438553871,0.103601680596844
fold_03_validate_2019,model_s3_seasonality_municipality_past_incidence_offset,municipality[165],-0.238799593998586,0.168725766813653
fold_03_validate_2019,model_s3_seasonality_municipality_past_incidence_offset,municipality[166],-0.0135958733435615,0.0673505579890631
fold_03_validate_2019,model_s3_seasonality_municipality_past_incidence_offset,municipality[167],-1.60611697225997,0.160429289460787
fold_03_validate_2019,model_s3_seasonality_municipality_past_incidence_offset,municipality[168],-1.19137664947319,0.11500995759719
fold_03_validate_2019,model_s3_seasonality_municipality_past_incidence_offset,municipality[169],-0.697164903059651,0.0725058207446548
fold_03_validate_2019,model_s3_seasonality_municipality_past_incidence_offset,municipality[170],-0.483661477763504,0.0922064573231795
fold_03_validate_2019,model_s3_seasonality_municipality_past_incidence_offset,municipality[171],-1.42172915058099,0.127898532728761
fold_03_validate_2019,model_s3_seasonality_municipality_past_incidence_offset,municipality[172],-1.20434612671645,0.168843413307433
fold_03_validate_2019,model_s3_seasonality_municipality_past_incidence_offset,municipality[173],-1.04704924552624,0.0875386553741342
fold_03_validate_2019,model_s3_seasonality_municipality_past_incidence_offset,municipality[174],-0.812844514698133,0.0853726672323165
fold_03_validate_2019,model_s3_seasonality_municipality_past_incidence_offset,municipality[175],-0.793016607725031,0.0742878958014839
fold_03_validate_2019,model_s3_seasonality_municipality_past_incidence_offset,municipality[176],0.00998768470217463,0.105366540905809
fold_03_validate_2019,model_s3_seasonality_municipality_past_incidence_offset,municipality[177],-0.442757437128637,0.141189756557803
fold_03_validate_2019,model_s3_seasonality_municipality_past_incidence_offset,municipality[178],-0.864297369914772,0.0923406088747964
fold_03_validate_2019,model_s3_seasonality_municipality_past_incidence_offset,municipality[179],-1.11000122300017,0.146806465489707
fold_03_validate_2019,model_s3_seasonality_municipality_past_incidence_offset,municipality[180],0.310832578072906,0.12898965504505
fold_03_validate_2019,model_s3_seasonality_municipality_past_incidence_offset,municipality[181],-0.686452040628405,0.114920756449453
fold_03_validate_2019,model_s3_seasonality_municipality_past_incidence_offset,municipality[182],-0.776605387795734,0.168780623106604
fold_03_validate_2019,model_s3_seasonality_municipality_past_incidence_offset,municipality[183],-0.667336086326441,0.0724785252127314
fold_03_validate_2019,model_s3_seasonality_municipality_past_incidence_offset,municipality[184],-0.336710657926781,0.107512438336642
fold_03_validate_2019,model_s3_seasonality_municipality_past_incidence_offset,municipality[185],-0.486835339047761,0.131730539359449
fold_03_validate_2019,model_s3_seasonality_municipality_past_incidence_offset,municipality[186],-0.912987773861929,0.101657808840601
fold_03_validate_2019,model_s3_seasonality_municipality_past_incidence_offset,municipality[187],-0.787294189434951,0.153112334211015
fold_03_validate_2019,model_s3_seasonality_municipality_past_incidence_offset,municipality[188],-0.802475648766349,0.162348682825759
fold_03_validate_2019,model_s3_seasonality_municipality_past_incidence_offset,municipality[189],-0.284069908909176,0.0873534030694082
fold_03_validate_2019,model_s3_seasonality_municipality_past_incidence_offset,municipality[190],-1.19731314566352,0.0556609634077063
fold_03_validate_2019,model_s3_seasonality_municipality_past_incidence_offset,municipality[191],-0.624975674493297,0.146761730957448
fold_03_validate_2019,model_s3_seasonality_municipality_past_incidence_offset,municipality[192],-0.605565847076377,0.0815489277185879
fold_03_validate_2019,model_s3_seasonality_municipality_past_incidence_offset,municipality[193],-0.621419120474218,0.0806920228585382
fold_03_validate_2019,model_s3_seasonality_municipality_past_incidence_offset,municipality[194],-0.678531481484404,0.0769104082451521
fold_03_validate_2019,model_s3_seasonality_municipality_past_incidence_offset,municipality[195],-0.459866435166048,0.083335455068372
fold_03_validate_2019,model_s3_seasonality_municipality_past_incidence_offset,municipality[196],-1.16299737673885,0.146824123125818
fold_03_validate_2019,model_s3_seasonality_municipality_past_incidence_offset,municipality[197],-1.59209105280398,0.178849116291433
fold_03_validate_2019,model_s3_seasonality_municipality_past_incidence_offset,municipality[198],-0.585845210965561,0.114866304186479
fold_03_validate_2019,model_s3_seasonality_municipality_past_incidence_offset,municipality[199],-0.43874700015494,0.0879213961379565
fold_03_validate_2019,model_s3_seasonality_municipality_past_incidence_offset,municipality[200],-1.24206688432979,0.112397190880312
fold_03_validate_2019,model_s3_seasonality_municipality_past_incidence_offset,municipality[201],-0.445855010470748,0.0761422216679761
fold_03_validate_2019,model_s3_seasonality_municipality_past_incidence_offset,municipality[202],-0.224876723808912,0.094969547200793
fold_03_validate_2019,model_s3_seasonality_municipality_past_incidence_offset,municipality[203],-0.296089767933137,0.07412901288995
fold_03_validate_2019,model_s3_seasonality_municipality_past_incidence_offset,municipality[204],-1.13640982027511,0.153125540786751
fold_03_validate_2019,model_s3_seasonality_municipality_past_incidence_offset,municipality[205],-0.130040269181101,0.0896494194950666
fold_03_validate_2019,model_s3_seasonality_municipality_past_incidence_offset,municipality[206],-0.703759932066735,0.0973130960523385
fold_03_validate_2019,model_s3_seasonality_municipality_past_incidence_offset,municipality[207],-1.19792948650983,0.136319942397469
fold_03_validate_2019,model_s3_seasonality_municipality_past_incidence_offset,municipality[208],-0.618513661972269,0.0897452430439537
fold_03_validate_2019,model_s3_seasonality_municipality_past_incidence_offset,municipality[209],-0.0751608589670155,0.0814756049482619
fold_03_validate_2019,model_s3_seasonality_municipality_past_incidence_offset,municipality[210],-0.489811103306918,0.109856529044506
fold_03_validate_2019,model_s3_seasonality_municipality_past_incidence_offset,municipality[211],-1.03380718648126,0.124215749889441
fold_03_validate_2019,model_s3_seasonality_municipality_past_incidence_offset,municipality[212],-0.589316613406233,0.105470097187813
fold_03_validate_2019,model_s3_seasonality_municipality_past_incidence_offset,municipality[213],-1.26856721553214,0.131874301086538
fold_03_validate_2019,model_s3_seasonality_municipality_past_incidence_offset,past_4w_lyme_incidence_per_100000,0.00258492048129249,0.000107558763745328
fold_04_validate_2020,model_s1_seasonality_offset,intercept,-8.9173194371872,0.00486815821129427
fold_04_validate_2020,model_s1_seasonality_offset,seasonal_sin_annual,0.267805362404585,0.00543604460631785
fold_04_validate_2020,model_s1_seasonality_offset,seasonal_cos_annual,-1.1851364274041,0.00638607432686819
fold_04_validate_2020,model_s2_seasonality_municipality_offset,intercept,-8.0635584362663,0.0241268563736719
fold_04_validate_2020,model_s2_seasonality_municipality_offset,seasonal_sin_annual,0.267807680980198,0.00543605438664763
fold_04_validate_2020,model_s2_seasonality_municipality_offset,seasonal_cos_annual,-1.18514641760396,0.00638605567583232
fold_04_validate_2020,model_s2_seasonality_municipality_offset,municipality[002],-0.824398616790013,0.0598566992793455
fold_04_validate_2020,model_s2_seasonality_municipality_offset,municipality[003],-0.920923560022056,0.0631169195978298
fold_04_validate_2020,model_s2_seasonality_municipality_offset,municipality[004],-0.782822544815075,0.0721138397632798
fold_04_validate_2020,model_s2_seasonality_municipality_offset,municipality[005],-0.629581413236374,0.07271696767636
fold_04_validate_2020,model_s2_seasonality_municipality_offset,municipality[006],-0.831380544916838,0.0929262739229752
fold_04_validate_2020,model_s2_seasonality_municipality_offset,municipality[007],-0.321788684171236,0.056836174430064
fold_04_validate_2020,model_s2_seasonality_municipality_offset,municipality[008],-0.691599848041351,0.0487424907799167
fold_04_validate_2020,model_s2_seasonality_municipality_offset,municipality[009],-1.72529384256589,0.0556419696007173
fold_04_validate_2020,model_s2_seasonality_municipality_offset,municipality[010],-0.944533057080829,0.0866903725940253
fold_04_validate_2020,model_s2_seasonality_municipality_offset,municipality[011],-1.93134124779414,0.0457984040438054
fold_04_validate_2020,model_s2_seasonality_municipality_offset,municipality[012],-1.18126999429741,0.0727169676753048
fold_04_validate_2020,model_s2_seasonality_municipality_offset,municipality[013],-0.538494011590612,0.0468981956030501
fold_04_validate_2020,model_s2_seasonality_municipality_offset,municipality[014],-0.706623265436869,0.0730252080981853
fold_04_validate_2020,model_s2_seasonality_municipality_offset,municipality[015],-0.753347099937751,0.0799045039053884
fold_04_validate_2020,model_s2_seasonality_municipality_offset,municipality[016],-1.50464007842872,0.123598780773548
fold_04_validate_2020,model_s2_seasonality_municipality_offset,municipality[017],-0.423469988288285,0.0415072281483711
fold_04_validate_2020,model_s2_seasonality_municipality_offset,municipality[018],-0.812876971751852,0.1009265122309
fold_04_validate_2020,model_s2_seasonality_municipality_offset,municipality[019],-0.965201662183159,0.0878272930192309
fold_04_validate_2020,model_s2_seasonality_municipality_offset,municipality[020],-0.733616813112152,0.0799045039038493
fold_04_validate_2020,model_s2_seasonality_municipality_offset,municipality[021],-0.153388984547199,0.0473016164881437
fold_04_validate_2020,model_s2_seasonality_municipality_offset,municipality[022],-0.809848096058295,0.0684543833018037
fold_04_validate_2020,model_s2_seasonality_municipality_offset,municipality[023],-1.47504601090021,0.0437591393566923
fold_04_validate_2020,model_s2_seasonality_municipality_offset,municipality[024],-1.15396454055444,0.111693948630026
fold_04_validate_2020,model_s2_seasonality_municipality_offset,municipality[025],-0.438665467405678,0.0497547802789971
fold_04_validate_2020,model_s2_seasonality_municipality_offset,municipality[026],-1.49612218523141,0.0878272930171755
fold_04_validate_2020,model_s2_seasonality_municipality_offset,municipality[027],-0.241213122211602,0.0492550893343338
fold_04_validate_2020,model_s2_seasonality_municipality_offset,municipality[028],-1.80992015576409,0.131291442685583
fold_04_validate_2020,model_s2_seasonality_municipality_offset,municipality[029],-0.22940876883972,0.0467856733753063
fold_04_validate_2020,model_s2_seasonality_municipality_offset,municipality[030],-0.382999013906299,0.0825879909900145
fold_04_validate_2020,model_s2_seasonality_municipality_offset,municipality[031],-0.16456702055522,0.0825879909944709
fold_04_validate_2020,model_s2_seasonality_municipality_offset,municipality[032],-1.10255828329932,0.0467856733788202
fold_04_validate_2020,model_s2_seasonality_municipality_offset,municipality[033],-0.163298225288781,0.0974645970842735
fold_04_validate_2020,model_s2_seasonality_municipality_offset,municipality[034],-1.51505902845648,0.0767458480453306
fold_04_validate_2020,model_s2_seasonality_municipality_offset,municipality[035],-1.35050077384606,0.100926512231051
fold_04_validate_2020,model_s2_seasonality_municipality_offset,municipality[036],-0.934529651566492,0.0539186874283433
fold_04_validate_2020,model_s2_seasonality_municipality_offset,municipality[037],-0.163145609304219,0.0483806548157641
fold_04_validate_2020,model_s2_seasonality_municipality_offset,municipality[038],-1.08587590474201,0.054329813519896
fold_04_validate_2020,model_s2_seasonality_municipality_offset,municipality[039],-1.00633956534395,0.0489448033413357
fold_04_validate_2020,model_s2_seasonality_municipality_offset,municipality[040],-1.1302450705697,0.0517733608824042
fold_04_validate_2020,model_s2_seasonality_municipality_offset,municipality[041],-0.541104340266279,0.0382992637453914
fold_04_validate_2020,model_s2_seasonality_municipality_offset,municipality[042],-1.1633985015296,0.123598780773318
fold_04_validate_2020,model_s2_seasonality_municipality_offset,municipality[043],-0.792187764516251,0.0372438288354114
fold_04_validate_2020,model_s2_seasonality_municipality_offset,municipality[044],-0.503115437096244,0.0624828743692231
fold_04_validate_2020,model_s2_seasonality_municipality_offset,municipality[045],-1.86457768643055,0.106959531941334
fold_04_validate_2020,model_s2_seasonality_municipality_offset,municipality[046],0.413102417977312,0.0481562872738795
fold_04_validate_2020,model_s2_seasonality_municipality_offset,municipality[047],-0.782747451545623,0.205517499228304
fold_04_validate_2020,model_s2_seasonality_municipality_offset,municipality[048],-1.97139781859399,0.0739779496894838
fold_04_validate_2020,model_s2_seasonality_municipality_offset,municipality[049],-0.568715847796123,0.0774955409324074
fold_04_validate_2020,model_s2_seasonality_municipality_offset,municipality[050],-1.35575211556578,0.0373339192057378
fold_04_validate_2020,model_s2_seasonality_municipality_offset,municipality[051],-2.31368082891289,0.190486382457731
fold_04_validate_2020,model_s2_seasonality_municipality_offset,municipality[052],-0.691681920942552,0.0309624587327207
fold_04_validate_2020,model_s2_seasonality_municipality_offset,municipality[053],-0.510649396081373,0.0633024673525643
fold_04_validate_2020,model_s2_seasonality_municipality_offset,municipality[054],-1.17766325782541,0.0440101860290486
fold_04_validate_2020,model_s2_seasonality_municipality_offset,municipality[055],-0.937785983326377,0.0799045039040839
fold_04_validate_2020,model_s2_seasonality_municipality_offset,municipality[056],-0.500765163401541,0.109244737263827
fold_04_validate_2020,model_s2_seasonality_municipality_offset,municipality[057],-1.03920658334923,0.0539186874279997
fold_04_validate_2020,model_s2_seasonality_municipality_offset,municipality[058],-1.11933493450221,0.0678456654490462
fold_04_validate_2020,model_s2_seasonality_municipality_offset,municipality[059],-0.832840520723495,0.0543298135180801
fold_04_validate_2020,model_s2_seasonality_municipality_offset,municipality[060],-0.941660015138228,0.0490816824270633
fold_04_validate_2020,model_s2_seasonality_municipality_offset,municipality[061],-1.10049830555851,0.0261553731557977
fold_04_validate_2020,model_s2_seasonality_municipality_offset,municipality[062],-0.112536494661073,0.0727169676773166
fold_04_validate_2020,model_s2_seasonality_municipality_offset,municipality[063],0.33508764722802,0.0353767077310867
fold_04_validate_2020,model_s2_seasonality_municipality_offset,municipality[064],-0.885893062242049,0.0497912964520752
fold_04_validate_2020,model_s2_seasonality_municipality_offset,municipality[065],-0.340568321295889,0.0676075162753178
fold_04_validate_2020,model_s2_seasonality_municipality_offset,municipality[066],-2.36979895173816,0.251138814428237
fold_04_validate_2020,model_s2_seasonality_municipality_offset,municipality[067],0.0325624724808532,0.0875384192084975
fold_04_validate_2020,model_s2_seasonality_municipality_offset,municipality[068],-1.29890175849498,0.0866903725923635
fold_04_validate_2020,model_s2_seasonality_municipality_offset,municipality[069],-0.735300951759119,0.0790733484654069
fold_04_validate_2020,model_s2_seasonality_municipality_offset,municipality[070],-1.16321518719982,0.0297133996452189
fold_04_validate_2020,model_s2_seasonality_municipality_offset,municipality[071],-0.740394831840125,0.0445331969922361
fold_04_validate_2020,model_s2_seasonality_municipality_offset,municipality[072],-1.45091090800613,0.0809864199004979
fold_04_validate_2020,model_s2_seasonality_municipality_offset,municipality[073],-1.0840473768127,0.0664599887292757
fold_04_validate_2020,model_s2_seasonality_municipality_offset,municipality[074],-0.722439850069867,0.082587990991561
fold_04_validate_2020,model_s2_seasonality_municipality_offset,municipality[075],-0.146663641792797,0.0563466318636379
fold_04_validate_2020,model_s2_seasonality_municipality_offset,municipality[076],-0.959642014746682,0.0823526343232749
fold_04_validate_2020,model_s2_seasonality_municipality_offset,municipality[077],-1.12232708675173,0.0830655775865409
fold_04_validate_2020,model_s2_seasonality_municipality_offset,municipality[078],-0.44214925192843,0.0589009930339503
fold_04_validate_2020,model_s2_seasonality_municipality_offset,municipality[079],0.0979931044377337,0.0547536366077723
fold_04_validate_2020,model_s2_seasonality_municipality_offset,municipality[080],-1.15086854776618,0.0489108360248857
fold_04_validate_2020,model_s2_seasonality_municipality_offset,municipality[081],-0.887968574543052,0.0915602329383859
fold_04_validate_2020,model_s2_seasonality_municipality_offset,municipality[082],-0.713241610034491,0.0688290848581698
fold_04_validate_2020,model_s2_seasonality_municipality_offset,municipality[083],-0.394948126517714,0.082587990989672
fold_04_validate_2020,model_s2_seasonality_municipality_offset,municipality[084],-0.558792427801796,0.0341991030731576
fold_04_validate_2020,model_s2_seasonality_municipality_offset,municipality[085],-0.644786886189197,0.0337532381854039
fold_04_validate_2020,model_s2_seasonality_municipality_offset,municipality[086],-1.32388345465011,0.159908649720986
fold_04_validate_2020,model_s2_seasonality_municipality_offset,municipality[087],-0.349318095170682,0.0427625758256146
fold_04_validate_2020,model_s2_seasonality_municipality_offset,municipality[088],-0.763033978316772,0.251138803514079
fold_04_validate_2020,model_s2_seasonality_municipality_offset,municipality[089],-0.967142494655332,0.0665716164501314
fold_04_validate_2020,model_s2_seasonality_municipality_offset,municipality[090],-1.63074267662275,0.0607928964262229
fold_04_validate_2020,model_s2_seasonality_municipality_offset,municipality[091],0.112570811970007,0.0466466793283207
fold_04_validate_2020,model_s2_seasonality_municipality_offset,municipality[092],-2.14269276687006,0.168370288449571
fold_04_validate_2020,model_s2_seasonality_municipality_offset,municipality[093],-0.741086065565778,0.100926512231453
fold_04_validate_2020,model_s2_seasonality_municipality_offset,municipality[094],-0.380704853260038,0.0394831425826538
fold_04_validate_2020,model_s2_seasonality_municipality_offset,municipality[095],-0.492120026931237,0.0743052575880807
fold_04_validate_2020,model_s2_seasonality_municipality_offset,municipality[096],-1.05195504448192,0.0437798044296943
fold_04_validate_2020,model_s2_seasonality_municipality_offset,municipality[097],-0.389377140679986,0.0570871990801153
fold_04_validate_2020,model_s2_seasonality_municipality_offset,municipality[098],-1.22979596504681,0.0760204550711486
fold_04_validate_2020,model_s2_seasonality_municipality_offset,municipality[099],-1.49141107259376,0.109244737262609
fold_04_validate_2020,model_s2_seasonality_municipality_offset,municipality[100],-0.78714008770073,0.0721138397630895
fold_04_validate_2020,model_s2_seasonality_municipality_offset,municipality[101],-1.40585497900494,0.0878272930165027
fold_04_validate_2020,model_s2_seasonality_municipality_offset,municipality[102],-0.0322586491058275,0.0341573390697627
fold_04_validate_2020,model_s2_seasonality_municipality_offset,municipality[103],-0.297806477390494,0.0431985305696052
fold_04_validate_2020,model_s2_seasonality_municipality_offset,municipality[104],-1.542451450343,0.0774955409324378
fold_04_validate_2020,model_s2_seasonality_municipality_offset,municipality[105],-1.17467762217595,0.109244737261711
fold_04_validate_2020,model_s2_seasonality_municipality_offset,municipality[106],-1.433724674002,0.0687033758201005
fold_04_validate_2020,model_s2_seasonality_municipality_offset,municipality[107],-0.730385518837162,0.0890152651647948
fold_04_validate_2020,model_s2_seasonality_municipality_offset,municipality[108],-1.24738764191866,0.0767458480436109
fold_04_validate_2020,model_s2_seasonality_municipality_offset,municipality[109],-0.232017156369209,0.0647608265978028
fold_04_validate_2020,model_s2_seasonality_municipality_offset,municipality[110],-1.12045448533526,0.0497912964513826
fold_04_validate_2020,model_s2_seasonality_municipality_offset,municipality[111],-1.22562116569371,0.0581357464883728
fold_04_validate_2020,model_s2_seasonality_municipality_offset,municipality[112],-1.22061101890784,0.0527557166231004
fold_04_validate_2020,model_s2_seasonality_municipality_offset,municipality[113],-1.22961047513535,0.0450861903447334
fold_04_validate_2020,model_s2_seasonality_municipality_offset,municipality[114],-1.11749124347862,0.0532279972823054
fold_04_validate_2020,model_s2_seasonality_municipality_offset,municipality[115],-0.814727504769453,0.0816598875316881
fold_04_validate_2020,model_s2_seasonality_municipality_offset,municipality[116],0.371127269027223,0.0565893559177287
fold_04_validate_2020,model_s2_seasonality_municipality_offset,municipality[117],-0.512445518243743,0.0518596213204899
fold_04_validate_2020,model_s2_seasonality_municipality_offset,municipality[118],-1.05891973564376,0.0655905445891697
fold_04_validate_2020,model_s2_seasonality_municipality_offset,municipality[119],-0.822959526471601,0.0639679843068037
fold_04_validate_2020,model_s2_seasonality_municipality_offset,municipality[120],-0.74848423200876,0.042206990046255
fold_04_validate_2020,model_s2_seasonality_municipality_offset,municipality[121],-0.989268353823126,0.0978763774601289
fold_04_validate_2020,model_s2_seasonality_municipality_offset,municipality[122],-0.379448574828265,0.0355563993077599
fold_04_validate_2020,model_s2_seasonality_municipality_offset,municipality[123],-0.477037645760518,0.0469549058656242
fold_04_validate_2020,model_s2_seasonality_municipality_offset,municipality[124],-1.43485983491208,0.07095817056564
fold_04_validate_2020,model_s2_seasonality_municipality_offset,municipality[125],-1.30959450275208,0.114327495624244
fold_04_validate_2020,model_s2_seasonality_municipality_offset,municipality[126],-1.63233765501248,0.083552574263057
fold_04_validate_2020,model_s2_seasonality_municipality_offset,municipality[127],-1.49071622877704,0.109244737261554
fold_04_validate_2020,model_s2_seasonality_municipality_offset,municipality[128],-0.123101251909512,0.0407881408105449
fold_04_validate_2020,model_s2_seasonality_municipality_offset,municipality[129],-0.951229287970206,0.0479674896396051
fold_04_validate_2020,model_s2_seasonality_municipality_offset,municipality[130],-1.08785177181029,0.0562865779149807
fold_04_validate_2020,model_s2_seasonality_municipality_offset,municipality[131],-0.564105389964704,0.043082749443074
fold_04_validate_2020,model_s2_seasonality_municipality_offset,municipality[132],-0.552535001299917,0.0799045039062721
fold_04_validate_2020,model_s2_seasonality_municipality_offset,municipality[133],-1.52548011882231,0.0457984040438417
fold_04_validate_2020,model_s2_seasonality_municipality_offset,municipality[134],-0.203048764292243,0.0607928964248445
fold_04_validate_2020,model_s2_seasonality_municipality_offset,municipality[135],-1.25690177038648,0.0866903725921029
fold_04_validate_2020,model_s2_seasonality_municipality_offset,municipality[136],0.078340237282836,0.0486426602093934
fold_04_validate_2020,model_s2_seasonality_municipality_offset,municipality[137],-0.583431159397299,0.0958721331305773
fold_04_validate_2020,model_s2_seasonality_municipality_offset,municipality[138],-0.462242857283392,0.0644593332762974
fold_04_validate_2020,model_s2_seasonality_municipality_offset,municipality[139],-1.15525005698909,0.0673723253566493
fold_04_validate_2020,model_s2_seasonality_municipality_offset,municipality[140],-0.550408777998274,0.0411016360791389
fold_04_validate_2020,model_s2_seasonality_municipality_offset,municipality[141],-1.12766807713296,0.114327495624263
fold_04_validate_2020,model_s2_seasonality_municipality_offset,municipality[142],-0.921030261949625,0.0470692372780652
fold_04_validate_2020,model_s2_seasonality_municipality_offset,municipality[143],-1.37226032043542,0.157990569839283
fold_04_validate_2020,model_s2_seasonality_municipality_offset,municipality[144],-1.05867099885635,0.0739779496879616
fold_04_validate_2020,model_s2_seasonality_municipality_offset,municipality[146],-0.231980153936357,0.0511445601287462
fold_04_validate_2020,model_s2_seasonality_municipality_offset,municipality[147],-0.259861930834113,0.0589724766301687
fold_04_validate_2020,model_s2_seasonality_municipality_offset,municipality[148],-0.408631184013913,0.0845560383663391
fold_04_validate_2020,model_s2_seasonality_municipality_offset,municipality[149],-1.49751310724755,0.190486382517004
fold_04_validate_2020,model_s2_seasonality_municipality_offset,municipality[150],-0.304734417306906,0.100926512230938
fold_04_validate_2020,model_s2_seasonality_municipality_offset,municipality[151],-0.832190215268303,0.0715278323533365
fold_04_validate_2020,model_s2_seasonality_municipality_offset,municipality[152],-1.04811755762787,0.133462187780528
fold_04_validate_2020,model_s2_seasonality_municipality_offset,municipality[153],-0.540070044940815,0.0982938723772284
fold_04_validate_2020,model_s2_seasonality_municipality_offset,municipality[154],-0.169446079179944,0.117169411507408
fold_04_validate_2020,model_s2_seasonality_municipality_offset,municipality[155],-2.82348155590032,0.289659796415634
fold_04_validate_2020,model_s2_seasonality_municipality_offset,municipality[156],-0.81704986360353,0.140717964334839
fold_04_validate_2020,model_s2_seasonality_municipality_offset,municipality[157],-0.603065632956811,0.0799045039036015
fold_04_validate_2020,model_s2_seasonality_municipality_offset,municipality[158],-0.183608567678864,0.0816598875320309
fold_04_validate_2020,model_s2_seasonality_municipality_offset,municipality[159],-1.23392125358042,0.102814280407497
fold_04_validate_2020,model_s2_seasonality_municipality_offset,municipality[160],-0.867328662727444,0.0535196621575083
fold_04_validate_2020,model_s2_seasonality_municipality_offset,municipality[161],-0.342737505597135,0.205517499435704
fold_04_validate_2020,model_s2_seasonality_municipality_offset,municipality[162],-0.103308307799243,0.0679658682854256
fold_04_validate_2020,model_s2_seasonality_municipality_offset,municipality[163],-0.594514639625037,0.178383789196705
fold_04_validate_2020,model_s2_seasonality_municipality_offset,municipality[164],-1.47037945647836,0.0915602329405301
fold_04_validate_2020,model_s2_seasonality_municipality_offset,municipality[165],-0.492865649859256,0.168370288449315
fold_04_validate_2020,model_s2_seasonality_municipality_offset,municipality[166],0.0437479484542094,0.0586884952487288
fold_04_validate_2020,model_s2_seasonality_municipality_offset,municipality[167],-1.61691443114219,0.135749471871688
fold_04_validate_2020,model_s2_seasonality_municipality_offset,municipality[168],-1.47725142137023,0.111693948629758
fold_04_validate_2020,model_s2_seasonality_municipality_offset,municipality[169],-0.653857128644878,0.0614483885943103
fold_04_validate_2020,model_s2_seasonality_municipality_offset,municipality[170],-0.650874365067302,0.0878272930171064
fold_04_validate_2020,model_s2_seasonality_municipality_offset,municipality[171],-1.59648747267214,0.117169411505522
fold_04_validate_2020,model_s2_seasonality_municipality_offset,municipality[172],-1.44424053799357,0.159908649721001
fold_04_validate_2020,model_s2_seasonality_municipality_offset,municipality[173],-1.12123664360221,0.0774955409323881
fold_04_validate_2020,model_s2_seasonality_municipality_offset,municipality[174],-0.990026836029675,0.0799045039036192
fold_04_validate_2020,model_s2_seasonality_municipality_offset,municipality[175],-0.953407286440373,0.0688290848579037
fold_04_validate_2020,model_s2_seasonality_municipality_offset,municipality[176],0.114419321452313,0.0902581510546202
fold_04_validate_2020,model_s2_seasonality_municipality_offset,municipality[177],-0.519718790939826,0.127262627100959
fold_04_validate_2020,model_s2_seasonality_municipality_offset,municipality[178],-1.02757119491934,0.0856010105811394
fold_04_validate_2020,model_s2_seasonality_municipality_offset,municipality[179],-1.02502613152924,0.120248347783722
fold_04_validate_2020,model_s2_seasonality_municipality_offset,municipality[180],0.528417062625451,0.114327495624647
fold_04_validate_2020,model_s2_seasonality_municipality_offset,municipality[181],-0.604676779475386,0.095872133131357
fold_04_validate_2020,model_s2_seasonality_municipality_offset,municipality[182],-0.904836273495276,0.154358641511155
fold_04_validate_2020,model_s2_seasonality_municipality_offset,municipality[183],-0.658823489562147,0.062751730040459
fold_04_validate_2020,model_s2_seasonality_municipality_offset,municipality[184],-0.379697431897883,0.100926512231229
fold_04_validate_2020,model_s2_seasonality_municipality_offset,municipality[185],-0.543177155530055,0.120248347783349
fold_04_validate_2020,model_s2_seasonality_municipality_offset,municipality[186],-1.1218492187254,0.095872133130134
fold_04_validate_2020,model_s2_seasonality_municipality_offset,municipality[187],-1.10327930055059,0.1526369843223
fold_04_validate_2020,model_s2_seasonality_municipality_offset,municipality[188],-0.624601793566522,0.127262627098392
fold_04_validate_2020,model_s2_seasonality_municipality_offset,municipality[189],-0.427507561271203,0.0835525742630477
fold_04_validate_2020,model_s2_seasonality_municipality_offset,municipality[190],-1.30543672779833,0.0495738712283736
fold_04_validate_2020,model_s2_seasonality_municipality_offset,municipality[191],-0.762157757023823,0.135749471869961
fold_04_validate_2020,model_s2_seasonality_municipality_offset,municipality[192],-0.53621533830204,0.0693402076093309
fold_04_validate_2020,model_s2_seasonality_municipality_offset,municipality[193],-0.830379552973513,0.0774955409324327
fold_04_validate_2020,model_s2_seasonality_municipality_offset,municipality[194],-0.734211420383127,0.0683310830548806
fold_04_validate_2020,model_s2_seasonality_municipality_offset,municipality[195],-0.484138829002708,0.0743052575884658
fold_04_validate_2020,model_s2_seasonality_municipality_offset,municipality[196],-1.20528566796709,0.127262627097461
fold_04_validate_2020,model_s2_seasonality_municipality_offset,municipality[197],-1.53941287950232,0.146301433995156
fold_04_validate_2020,model_s2_seasonality_municipality_offset,municipality[198],-0.798199010078186,0.111693948630025
fold_04_validate_2020,model_s2_seasonality_municipality_offset,municipality[199],-0.531349675460293,0.0816598875296327
fold_04_validate_2020,model_s2_seasonality_municipality_offset,municipality[200],-1.52915360442479,0.109244737263556
fold_04_validate_2020,model_s2_seasonality_municipality_offset,municipality[201],-0.364653036304448,0.0647608265979543
fold_04_validate_2020,model_s2_seasonality_municipality_offset,municipality[202],-0.174043501230441,0.0835525742683326
fold_04_validate_2020,model_s2_seasonality_municipality_offset,municipality[203],-0.453430708624557,0.0709581705659066
fold_04_validate_2020,model_s2_seasonality_municipality_offset,municipality[204],-1.08514188240505,0.127262627097344
fold_04_validate_2020,model_s2_seasonality_municipality_offset,municipality[205],-0.0586659692458025,0.0790733484662237
fold_04_validate_2020,model_s2_seasonality_municipality_offset,municipality[206],-0.844712792975851,0.0909015068523157
fold_04_validate_2020,model_s2_seasonality_municipality_offset,municipality[207],-1.27807592383286,0.120248347783951
fold_04_validate_2020,model_s2_seasonality_municipality_offset,municipality[208],-0.64025137683049,0.0790733484655988
fold_04_validate_2020,model_s2_seasonality_municipality_offset,municipality[209],-0.102328664740351,0.0760204550750557
fold_04_validate_2020,model_s2_seasonality_municipality_offset,municipality[210],-0.49883361203091,0.0958721331321525
fold_04_validate_2020,model_s2_seasonality_municipality_offset,municipality[211],-1.2023542407213,0.11432749562439
fold_04_validate_2020,model_s2_seasonality_municipality_offset,municipality[212],-0.809590378583683,0.100926512231435
fold_04_validate_2020,model_s2_seasonality_municipality_offset,municipality[213],-1.47190621484699,0.12359878077373
fold_04_validate_2020,model_s3_seasonality_municipality_past_incidence_offset,intercept,-8.24877430422275,0.0248406393610196
fold_04_validate_2020,model_s3_seasonality_municipality_past_incidence_offset,seasonal_sin_annual,0.309039291461303,0.00564922992194399
fold_04_validate_2020,model_s3_seasonality_municipality_past_incidence_offset,seasonal_cos_annual,-1.08538849579165,0.00705583879410976
fold_04_validate_2020,model_s3_seasonality_municipality_past_incidence_offset,municipality[002],-0.684118172159185,0.0600174440986122
fold_04_validate_2020,model_s3_seasonality_municipality_past_incidence_offset,municipality[003],-0.772317538369184,0.0632928840823108
fold_04_validate_2020,model_s3_seasonality_municipality_past_incidence_offset,municipality[004],-0.647082512727222,0.0722382818009197
fold_04_validate_2020,model_s3_seasonality_municipality_past_incidence_offset,municipality[005],-0.510037807503755,0.0728094437736695
fold_04_validate_2020,model_s3_seasonality_municipality_past_incidence_offset,municipality[006],-0.679383234416566,0.0930435479081603
fold_04_validate_2020,model_s3_seasonality_municipality_past_incidence_offset,municipality[007],-0.254273555145464,0.0568701359663793
fold_04_validate_2020,model_s3_seasonality_municipality_past_incidence_offset,municipality[008],-0.57774388261842,0.0488758886313772
fold_04_validate_2020,model_s3_seasonality_municipality_past_incidence_offset,municipality[009],-1.53756499255933,0.0559538818295372
fold_04_validate_2020,model_s3_seasonality_municipality_past_incidence_offset,municipality[010],-0.813358046118568,0.0867889059113766
fold_04_validate_2020,model_s3_seasonality_municipality_past_incidence_offset,municipality[011],-1.7334685704027,0.0462191520694342
fold_04_validate_2020,model_s3_seasonality_municipality_past_incidence_offset,municipality[012],-1.01352947094132,0.0729076688732833
fold_04_validate_2020,model_s3_seasonality_municipality_past_incidence_offset,municipality[013],-0.429330853173251,0.0470238424172897
fold_04_validate_2020,model_s3_seasonality_municipality_past_incidence_offset,municipality[014],-0.587006083517683,0.0731165218490312
fold_04_validate_2020,model_s3_seasonality_municipality_past_incidence_offset,municipality[015],-0.6291219127505,0.0799969697930184
fold_04_validate_2020,model_s3_seasonality_municipality_past_incidence_offset,municipality[016],-1.31797875103014,0.123736634855744
fold_04_validate_2020,model_s3_seasonality_municipality_past_incidence_offset,municipality[017],-0.348373297248692,0.0415737427798266
fold_04_validate_2020,model_s3_seasonality_municipality_past_incidence_offset,municipality[018],-0.686745529664167,0.101003093251544
fold_04_validate_2020,model_s3_seasonality_municipality_past_incidence_offset,municipality[019],-0.832187300684069,0.0879261059403422
fold_04_validate_2020,model_s3_seasonality_municipality_past_incidence_offset,municipality[020],-0.615451340322882,0.0799839336748452
fold_04_validate_2020,model_s3_seasonality_municipality_past_incidence_offset,municipality[021],-0.118390541295914,0.0473129944449044
fold_04_validate_2020,model_s3_seasonality_municipality_past_incidence_offset,municipality[022],-0.67786745065542,0.0685807886746475
fold_04_validate_2020,model_s3_seasonality_municipality_past_incidence_offset,municipality[023],-1.29289287229232,0.0441341825604522
fold_04_validate_2020,model_s3_seasonality_municipality_past_incidence_offset,municipality[024],-0.997341222668198,0.111800195087863
fold_04_validate_2020,model_s3_seasonality_municipality_past_incidence_offset,municipality[025],-0.363868724076256,0.0498034917735336
fold_04_validate_2020,model_s3_seasonality_municipality_past_incidence_offset,municipality[026],-1.31273772395715,0.088016723463685
fold_04_validate_2020,model_s3_seasonality_municipality_past_incidence_offset,municipality[027],-0.175896864532049,0.0492979889485187
fold_04_validate_2020,model_s3_seasonality_municipality_past_incidence_offset,municipality[028],-1.61642378440804,0.131430884338289
fold_04_validate_2020,model_s3_seasonality_municipality_past_incidence_offset,municipality[029],-0.180518731188653,0.0468103918485779
fold_04_validate_2020,model_s3_seasonality_municipality_past_incidence_offset,municipality[030],-0.332410567368993,0.0825947102821086
fold_04_validate_2020,model_s3_seasonality_municipality_past_incidence_offset,municipality[031],-0.153311841426086,0.0825891274453555
fold_04_validate_2020,model_s3_seasonality_municipality_past_incidence_offset,municipality[032],-0.942462595315494,0.0470553627729638
fold_04_validate_2020,model_s3_seasonality_municipality_past_incidence_offset,municipality[033],-0.165353653947449,0.0974667099506116
fold_04_validate_2020,model_s3_seasonality_municipality_past_incidence_offset,municipality[034],-1.33627905978464,0.0769521593059686
fold_04_validate_2020,model_s3_seasonality_municipality_past_incidence_offset,municipality[035],-1.17145282581072,0.101082091076684
fold_04_validate_2020,model_s3_seasonality_municipality_past_incidence_offset,municipality[036],-0.789211984645035,0.054112601938772
fold_04_validate_2020,model_s3_seasonality_municipality_past_incidence_offset,municipality[037],-0.131015312773883,0.0483877598608948
fold_04_validate_2020,model_s3_seasonality_municipality_past_incidence_offset,municipality[038],-0.933075256893487,0.0545446732111683
fold_04_validate_2020,model_s3_seasonality_municipality_past_incidence_offset,municipality[039],-0.854082700742339,0.0491775116716441
fold_04_validate_2020,model_s3_seasonality_municipality_past_incidence_offset,municipality[040],-0.97693788752195,0.0519992126363726
fold_04_validate_2020,model_s3_seasonality_municipality_past_incidence_offset,municipality[041],-0.42807116672781,0.038465296310188
fold_04_validate_2020,model_s3_seasonality_municipality_past_incidence_offset,municipality[042],-1.00671231663206,0.123693689513171
fold_04_validate_2020,model_s3_seasonality_municipality_past_incidence_offset,municipality[043],-0.664638631883857,0.0374521658289301
fold_04_validate_2020,model_s3_seasonality_municipality_past_incidence_offset,municipality[044],-0.414852272469864,0.062539396659714
fold_04_validate_2020,model_s3_seasonality_municipality_past_incidence_offset,municipality[045],-1.66875573074269,0.107135552865669
fold_04_validate_2020,model_s3_seasonality_municipality_past_incidence_offset,municipality[046],0.246921500599734,0.0486645454152144
fold_04_validate_2020,model_s3_seasonality_municipality_past_incidence_offset,municipality[047],-0.715852988672789,0.205518046105233
fold_04_validate_2020,model_s3_seasonality_municipality_past_incidence_offset,municipality[048],-1.7689664164741,0.0742500060972293
fold_04_validate_2020,model_s3_seasonality_municipality_past_incidence_offset,municipality[049],-0.47726027124787,0.0775426761721845
fold_04_validate_2020,model_s3_seasonality_municipality_past_incidence_offset,municipality[050],-1.18752565951676,0.0377107434684552
fold_04_validate_2020,model_s3_seasonality_municipality_past_incidence_offset,municipality[051],-2.10499422382257,0.190597427286356
fold_04_validate_2020,model_s3_seasonality_municipality_past_incidence_offset,municipality[052],-0.560489773760749,0.0312441884844802
fold_04_validate_2020,model_s3_seasonality_municipality_past_incidence_offset,municipality[053],-0.396202648500295,0.0634057489992288
fold_04_validate_2020,model_s3_seasonality_municipality_past_incidence_offset,municipality[054],-1.02421000297758,0.0442764480534995
fold_04_validate_2020,model_s3_seasonality_municipality_past_incidence_offset,municipality[055],-0.790951491251214,0.0800366474735435
fold_04_validate_2020,model_s3_seasonality_municipality_past_incidence_offset,municipality[056],-0.395752971092223,0.109287820825249
fold_04_validate_2020,model_s3_seasonality_municipality_past_incidence_offset,municipality[057],-0.884654334915661,0.0541382432466862
fold_04_validate_2020,model_s3_seasonality_municipality_past_incidence_offset,municipality[058],-0.96703319469744,0.0680155686392028
fold_04_validate_2020,model_s3_seasonality_municipality_past_incidence_offset,municipality[059],-0.706159123023656,0.0544793654080853
fold_04_validate_2020,model_s3_seasonality_municipality_past_incidence_offset,municipality[060],-0.79609893216725,0.0492969275820222
fold_04_validate_2020,model_s3_seasonality_municipality_past_incidence_offset,municipality[061],-0.941494299542853,0.0266378324156568
fold_04_validate_2020,model_s3_seasonality_municipality_past_incidence_offset,municipality[062],-0.0798614463246949,0.0727233189010822
fold_04_validate_2020,model_s3_seasonality_municipality_past_incidence_offset,municipality[063],0.289131763757791,0.0354119434685177
fold_04_validate_2020,model_s3_seasonality_municipality_past_incidence_offset,municipality[064],-0.739531164347102,0.0500043947612108
fold_04_validate_2020,model_s3_seasonality_municipality_past_incidence_offset,municipality[065],-0.257944061584851,0.0676527468063973
fold_04_validate_2020,model_s3_seasonality_municipality_past_incidence_offset,municipality[066],-2.15745853045888,0.251225764064363
fold_04_validate_2020,model_s3_seasonality_municipality_past_incidence_offset,municipality[067],0.00061338100981443,0.0875858273382096
fold_04_validate_2020,model_s3_seasonality_municipality_past_incidence_offset,municipality[068],-1.11632156768872,0.0868789699960696
fold_04_validate_2020,model_s3_seasonality_municipality_past_incidence_offset,municipality[069],-0.611220591899865,0.0791631148438864
fold_04_validate_2020,model_s3_seasonality_municipality_past_incidence_offset,municipality[070],-1.0034647597814,0.0301424545943738
fold_04_validate_2020,model_s3_seasonality_municipality_past_incidence_offset,municipality[071],-0.606281084557717,0.0447381775046149
fold_04_validate_2020,model_s3_seasonality_municipality_past_incidence_offset,municipality[072],-1.27466245433119,0.0811743792750843
fold_04_validate_2020,model_s3_seasonality_municipality_past_incidence_offset,municipality[073],-0.935012731686047,0.0666238807542482
fold_04_validate_2020,model_s3_seasonality_municipality_past_incidence_offset,municipality[074],-0.591211923856718,0.0826852068233015
fold_04_validate_2020,model_s3_seasonality_municipality_past_incidence_offset,municipality[075],-0.130799955066175,0.0563473757953931
fold_04_validate_2020,model_s3_seasonality_municipality_past_incidence_offset,municipality[076],-0.820037106504369,0.0824634064237011
fold_04_validate_2020,model_s3_seasonality_municipality_past_incidence_offset,municipality[077],-0.964214148793076,0.0832086365480753
fold_04_validate_2020,model_s3_seasonality_municipality_past_incidence_offset,municipality[078],-0.357859424664076,0.0589607360111931
fold_04_validate_2020,model_s3_seasonality_municipality_past_incidence_offset,municipality[079],0.0718249343936257,0.0547722495133455
fold_04_validate_2020,model_s3_seasonality_municipality_past_incidence_offset,municipality[080],-0.988641204211342,0.0491791028268572
fold_04_validate_2020,model_s3_seasonality_municipality_past_incidence_offset,municipality[081],-0.757729630572342,0.0916463435439478
fold_04_validate_2020,model_s3_seasonality_municipality_past_incidence_offset,municipality[082],-0.593737899388257,0.0689285589080564
fold_04_validate_2020,model_s3_seasonality_municipality_past_incidence_offset,municipality[083],-0.333630195644158,0.0826031328226268
fold_04_validate_2020,model_s3_seasonality_municipality_past_incidence_offset,municipality[084],-0.452619027994512,0.0343675574906937
fold_04_validate_2020,model_s3_seasonality_municipality_past_incidence_offset,municipality[085],-0.53413590507222,0.0339342490007769
fold_04_validate_2020,model_s3_seasonality_municipality_past_incidence_offset,municipality[086],-1.14164333440369,0.160005439333991
fold_04_validate_2020,model_s3_seasonality_municipality_past_incidence_offset,municipality[087],-0.277408025817347,0.0428177502963635
fold_04_validate_2020,model_s3_seasonality_municipality_past_incidence_offset,municipality[088],-0.640141871970262,0.251152438488822
fold_04_validate_2020,model_s3_seasonality_municipality_past_incidence_offset,municipality[089],-0.818694268420927,0.0667372497334312
fold_04_validate_2020,model_s3_seasonality_municipality_past_incidence_offset,municipality[090],-1.44560508426085,0.0610694258579331
fold_04_validate_2020,model_s3_seasonality_municipality_past_incidence_offset,municipality[091],0.0690414263514677,0.0466808341016454
fold_04_validate_2020,model_s3_seasonality_municipality_past_incidence_offset,municipality[092],-1.94261858796177,0.168486121288917
fold_04_validate_2020,model_s3_seasonality_municipality_past_incidence_offset,municipality[093],-0.614970890620075,0.100994153642396
fold_04_validate_2020,model_s3_seasonality_municipality_past_incidence_offset,municipality[094],-0.288755526138761,0.0395929696946627
fold_04_validate_2020,model_s3_seasonality_municipality_past_incidence_offset,municipality[095],-0.408674773769803,0.0743457012388559
fold_04_validate_2020,model_s3_seasonality_municipality_past_incidence_offset,municipality[096],-0.897089850476448,0.044051898472448
fold_04_validate_2020,model_s3_seasonality_municipality_past_incidence_offset,municipality[097],-0.315708357131967,0.0571337486354874
fold_04_validate_2020,model_s3_seasonality_municipality_past_incidence_offset,municipality[098],-1.06669888937371,0.0761923703094387
fold_04_validate_2020,model_s3_seasonality_municipality_past_incidence_offset,municipality[099],-1.32252672417107,0.10937141666713
fold_04_validate_2020,model_s3_seasonality_municipality_past_incidence_offset,municipality[100],-0.657558634105688,0.0722293289110299
fold_04_validate_2020,model_s3_seasonality_municipality_past_incidence_offset,municipality[101],-1.21875478236583,0.0880228879200901
fold_04_validate_2020,model_s3_seasonality_municipality_past_incidence_offset,municipality[102],-0.00509548766129266,0.0341669996190317
fold_04_validate_2020,model_s3_seasonality_municipality_past_incidence_offset,municipality[103],-0.244240314964902,0.0432287439433705
fold_04_validate_2020,model_s3_seasonality_municipality_past_incidence_offset,municipality[104],-1.34954233907487,0.0777313248944546
fold_04_validate_2020,model_s3_seasonality_municipality_past_incidence_offset,municipality[105],-1.01491146404756,0.109359392269549
fold_04_validate_2020,model_s3_seasonality_municipality_past_incidence_offset,municipality[106],-1.25512314698199,0.0689328260326726
fold_04_validate_2020,model_s3_seasonality_municipality_past_incidence_offset,municipality[107],-0.599223324002432,0.0891047442211763
fold_04_validate_2020,model_s3_seasonality_municipality_past_incidence_offset,municipality[108],-1.08362691803914,0.0769194243450616
fold_04_validate_2020,model_s3_seasonality_municipality_past_incidence_offset,municipality[109],-0.19129423480373,0.0647685636013956
fold_04_validate_2020,model_s3_seasonality_municipality_past_incidence_offset,municipality[110],-0.962700105531425,0.0500400577348307
fold_04_validate_2020,model_s3_seasonality_municipality_past_incidence_offset,municipality[111],-1.06517270440978,0.0583555268722527
fold_04_validate_2020,model_s3_seasonality_municipality_past_incidence_offset,municipality[112],-1.0525857346912,0.0530224559198575
fold_04_validate_2020,model_s3_seasonality_municipality_past_incidence_offset,municipality[113],-1.06697502215818,0.0453798500553752
fold_04_validate_2020,model_s3_seasonality_municipality_past_incidence_offset,municipality[114],-0.950935349343749,0.053486553302268
fold_04_validate_2020,model_s3_seasonality_municipality_past_incidence_offset,municipality[115],-0.696309107011649,0.081743542117485
fold_04_validate_2020,model_s3_seasonality_municipality_past_incidence_offset,municipality[116],0.271452791829873,0.05670950554318
fold_04_validate_2020,model_s3_seasonality_municipality_past_incidence_offset,municipality[117],-0.410259818177604,0.0519593745457297
fold_04_validate_2020,model_s3_seasonality_municipality_past_incidence_offset,municipality[118],-0.906731241214117,0.065767895300691
fold_04_validate_2020,model_s3_seasonality_municipality_past_incidence_offset,municipality[119],-0.703319994174815,0.0640692944031942
fold_04_validate_2020,model_s3_seasonality_municipality_past_incidence_offset,municipality[120],-0.622908764011665,0.0423954475852291
fold_04_validate_2020,model_s3_seasonality_municipality_past_incidence_offset,municipality[121],-0.855604747340037,0.0979606129268256
fold_04_validate_2020,model_s3_seasonality_municipality_past_incidence_offset,municipality[122],-0.28822966140501,0.0356711473671213
fold_04_validate_2020,model_s3_seasonality_municipality_past_incidence_offset,municipality[123],-0.386600554907086,0.0470422377537509
fold_04_validate_2020,model_s3_seasonality_municipality_past_incidence_offset,municipality[124],-1.25209029952844,0.0711905621939244
fold_04_validate_2020,model_s3_seasonality_municipality_past_incidence_offset,municipality[125],-1.13373503288214,0.114457817897935
fold_04_validate_2020,model_s3_seasonality_municipality_past_incidence_offset,municipality[126],-1.44561261161134,0.0837564776137221
fold_04_validate_2020,model_s3_seasonality_municipality_past_incidence_offset,municipality[127],-1.31450831513365,0.109381383876582
fold_04_validate_2020,model_s3_seasonality_municipality_past_incidence_offset,municipality[128],-0.0867923565967443,0.0408028709152175
fold_04_validate_2020,model_s3_seasonality_municipality_past_incidence_offset,municipality[129],-0.805625389563241,0.0481824340882791
fold_04_validate_2020,model_s3_seasonality_municipality_past_incidence_offset,municipality[130],-0.930838933773162,0.0565004614709894
fold_04_validate_2020,model_s3_seasonality_municipality_past_incidence_offset,municipality[131],-0.448042523637002,0.0432379076050837
fold_04_validate_2020,model_s3_seasonality_municipality_past_incidence_offset,municipality[132],-0.449390185780912,0.0799685174328957
fold_04_validate_2020,model_s3_seasonality_municipality_past_incidence_offset,municipality[133],-1.34385373419743,0.046154662747449
fold_04_validate_2020,model_s3_seasonality_municipality_past_incidence_offset,municipality[134],-0.154668794279085,0.0608075261864543
fold_04_validate_2020,model_s3_seasonality_municipality_past_incidence_offset,municipality[135],-1.09491763276822,0.0868389485217523
fold_04_validate_2020,model_s3_seasonality_municipality_past_incidence_offset,municipality[136],0.0636538361805975,0.0486456507385884
fold_04_validate_2020,model_s3_seasonality_municipality_past_incidence_offset,municipality[137],-0.461816376248606,0.0959416588706202
fold_04_validate_2020,model_s3_seasonality_municipality_past_incidence_offset,municipality[138],-0.383269453280141,0.0644976243991746
fold_04_validate_2020,model_s3_seasonality_municipality_past_incidence_offset,municipality[139],-0.996405963115855,0.0675575774730577
fold_04_validate_2020,model_s3_seasonality_municipality_past_incidence_offset,municipality[140],-0.447468613334741,0.0412338414170819
fold_04_validate_2020,model_s3_seasonality_municipality_past_incidence_offset,municipality[141],-0.968613645817044,0.11443392515544
fold_04_validate_2020,model_s3_seasonality_municipality_past_incidence_offset,municipality[142],-0.782995948898562,0.0472643054126312
fold_04_validate_2020,model_s3_seasonality_municipality_past_incidence_offset,municipality[143],-1.19320298768938,0.158086418974905
fold_04_validate_2020,model_s3_seasonality_municipality_past_incidence_offset,municipality[144],-0.904649528321405,0.0741361127821825
fold_04_validate_2020,model_s3_seasonality_municipality_past_incidence_offset,municipality[146],-0.182284937400927,0.0511586215825291
fold_04_validate_2020,model_s3_seasonality_municipality_past_incidence_offset,municipality[147],-0.210936846484666,0.0589855897766859
fold_04_validate_2020,model_s3_seasonality_municipality_past_incidence_offset,municipality[148],-0.351971694977684,0.0845718027452899
fold_04_validate_2020,model_s3_seasonality_municipality_past_incidence_offset,municipality[149],-1.34755700672118,0.190531076179689
fold_04_validate_2020,model_s3_seasonality_municipality_past_incidence_offset,municipality[150],-0.240045975602035,0.10093948020846
fold_04_validate_2020,model_s3_seasonality_municipality_past_incidence_offset,municipality[151],-0.715394588230447,0.0716191245797498
fold_04_validate_2020,model_s3_seasonality_municipality_past_incidence_offset,municipality[152],-0.89058039197648,0.133548278957773
fold_04_validate_2020,model_s3_seasonality_municipality_past_incidence_offset,municipality[153],-0.441397708210782,0.0983345672794241
fold_04_validate_2020,model_s3_seasonality_municipality_past_incidence_offset,municipality[154],-0.116555209113884,0.117175771373531
fold_04_validate_2020,model_s3_seasonality_municipality_past_incidence_offset,municipality[155],-2.60698325828296,0.289738582116307
fold_04_validate_2020,model_s3_seasonality_municipality_past_incidence_offset,municipality[156],-0.700350899292727,0.14075931452474
fold_04_validate_2020,model_s3_seasonality_municipality_past_incidence_offset,municipality[157],-0.503420050022531,0.079963520202924
fold_04_validate_2020,model_s3_seasonality_municipality_past_incidence_offset,municipality[158],-0.131670776108438,0.0816728847945712
fold_04_validate_2020,model_s3_seasonality_municipality_past_incidence_offset,municipality[159],-1.07584960842487,0.102930967409929
fold_04_validate_2020,model_s3_seasonality_municipality_past_incidence_offset,municipality[160],-0.735616025869523,0.0536833624919295
fold_04_validate_2020,model_s3_seasonality_municipality_past_incidence_offset,municipality[161],-0.416655026745274,0.205581376951586
fold_04_validate_2020,model_s3_seasonality_municipality_past_incidence_offset,municipality[162],-0.0881233591714729,0.0679660223025719
fold_04_validate_2020,model_s3_seasonality_municipality_past_incidence_offset,municipality[163],-0.484791171635035,0.17840441951892
fold_04_validate_2020,model_s3_seasonality_municipality_past_incidence_offset,municipality[164],-1.28915878550526,0.0917341245898739
fold_04_validate_2020,model_s3_seasonality_municipality_past_incidence_offset,municipality[165],-0.394906524078537,0.168386863226661
fold_04_validate_2020,model_s3_seasonality_municipality_past_incidence_offset,municipality[166],0.0821046648637901,0.058699334140725
fold_04_validate_2020,model_s3_seasonality_municipality_past_incidence_offset,municipality[167],-1.42680627032491,0.135879061027949
fold_04_validate_2020,model_s3_seasonality_municipality_past_incidence_offset,municipality[168],-1.29818583267514,0.111834372272953
fold_04_validate_2020,model_s3_seasonality_municipality_past_incidence_offset,municipality[169],-0.536292815114756,0.06155753229339
fold_04_validate_2020,model_s3_seasonality_municipality_past_incidence_offset,municipality[170],-0.558960553365919,0.0878534742601176
fold_04_validate_2020,model_s3_seasonality_municipality_past_incidence_offset,municipality[171],-1.41467831415246,0.117307904471486
fold_04_validate_2020,model_s3_seasonality_municipality_past_incidence_offset,municipality[172],-1.26139488491884,0.160009560955973
fold_04_validate_2020,model_s3_seasonality_municipality_past_incidence_offset,municipality[173],-0.969699294938719,0.0776434628925633
fold_04_validate_2020,model_s3_seasonality_municipality_past_incidence_offset,municipality[174],-0.852122912344429,0.0800207389630149
fold_04_validate_2020,model_s3_seasonality_municipality_past_incidence_offset,municipality[175],-0.810466773371324,0.0689740784381003
fold_04_validate_2020,model_s3_seasonality_municipality_past_incidence_offset,municipality[176],0.123009811508777,0.0902584861531365
fold_04_validate_2020,model_s3_seasonality_municipality_past_incidence_offset,municipality[177],-0.40887954347015,0.127303255259043
fold_04_validate_2020,model_s3_seasonality_municipality_past_incidence_offset,municipality[178],-0.876099375159396,0.0857310177722797
fold_04_validate_2020,model_s3_seasonality_municipality_past_incidence_offset,municipality[179],-0.895232036879197,0.120308515017557
fold_04_validate_2020,model_s3_seasonality_municipality_past_incidence_offset,municipality[180],0.339559523754223,0.114673605857312
fold_04_validate_2020,model_s3_seasonality_municipality_past_incidence_offset,municipality[181],-0.505543642934239,0.0959183449789206
fold_04_validate_2020,model_s3_seasonality_municipality_past_incidence_offset,municipality[182],-0.763913931200763,0.154412817960942
fold_04_validate_2020,model_s3_seasonality_municipality_past_incidence_offset,municipality[183],-0.543497142710814,0.0628546182669005
fold_04_validate_2020,model_s3_seasonality_municipality_past_incidence_offset,municipality[184],-0.386341045682408,0.100945126063311
fold_04_validate_2020,model_s3_seasonality_municipality_past_incidence_offset,municipality[185],-0.491218811872054,0.120251347741048
fold_04_validate_2020,model_s3_seasonality_municipality_past_incidence_offset,municipality[186],-0.965393036866393,0.0959981023384142
fold_04_validate_2020,model_s3_seasonality_municipality_past_incidence_offset,municipality[187],-0.939957708870519,0.152717629861587
fold_04_validate_2020,model_s3_seasonality_municipality_past_incidence_offset,municipality[188],-0.508293936946036,0.127306132829885
fold_04_validate_2020,model_s3_seasonality_municipality_past_incidence_offset,municipality[189],-0.36978730815166,0.0835641930591378
fold_04_validate_2020,model_s3_seasonality_municipality_past_incidence_offset,municipality[190],-1.13488781247018,0.0498651409162858
fold_04_validate_2020,model_s3_seasonality_municipality_past_incidence_offset,municipality[191],-0.628251221992739,0.135808319087575
fold_04_validate_2020,model_s3_seasonality_municipality_past_incidence_offset,municipality[192],-0.452310308318372,0.0693890119208619
fold_04_validate_2020,model_s3_seasonality_municipality_past_incidence_offset,municipality[193],-0.713445920037499,0.0775647983589861
fold_04_validate_2020,model_s3_seasonality_municipality_past_incidence_offset,municipality[194],-0.612086865237776,0.06843636205257
fold_04_validate_2020,model_s3_seasonality_municipality_past_incidence_offset,municipality[195],-0.401638681764175,0.0743472778373556
fold_04_validate_2020,model_s3_seasonality_municipality_past_incidence_offset,municipality[196],-1.04081740862583,0.12736531946212
fold_04_validate_2020,model_s3_seasonality_municipality_past_incidence_offset,municipality[197],-1.36079270890429,0.14640640209327
fold_04_validate_2020,model_s3_seasonality_municipality_past_incidence_offset,municipality[198],-0.688430368210607,0.111735967752686
fold_04_validate_2020,model_s3_seasonality_municipality_past_incidence_offset,municipality[199],-0.46134759243025,0.0816784976824467
fold_04_validate_2020,model_s3_seasonality_municipality_past_incidence_offset,municipality[200],-1.34697336042951,0.109391438686685
fold_04_validate_2020,model_s3_seasonality_municipality_past_incidence_offset,municipality[201],-0.300005041761891,0.064790785027413
fold_04_validate_2020,model_s3_seasonality_municipality_past_incidence_offset,municipality[202],-0.150229055491924,0.0835542084164609
fold_04_validate_2020,model_s3_seasonality_municipality_past_incidence_offset,municipality[203],-0.384787314672421,0.0709837851989726
fold_04_validate_2020,model_s3_seasonality_municipality_past_incidence_offset,municipality[204],-0.932697141623468,0.127349566380639
fold_04_validate_2020,model_s3_seasonality_municipality_past_incidence_offset,municipality[205],-0.0597332600004862,0.0790767550802901
fold_04_validate_2020,model_s3_seasonality_municipality_past_incidence_offset,municipality[206],-0.73427240599762,0.0909627996417956
fold_04_validate_2020,model_s3_seasonality_municipality_past_incidence_offset,municipality[207],-1.10585103935258,0.120367473901832
fold_04_validate_2020,model_s3_seasonality_municipality_past_incidence_offset,municipality[208],-0.537247557844752,0.0791371614414853
fold_04_validate_2020,model_s3_seasonality_municipality_past_incidence_offset,municipality[209],-0.106617828928386,0.0760275982525574
fold_04_validate_2020,model_s3_seasonality_municipality_past_incidence_offset,municipality[210],-0.399667082219001,0.0959192073083329
fold_04_validate_2020,model_s3_seasonality_municipality_past_incidence_offset,municipality[211],-1.03951912571995,0.114438473395535
fold_04_validate_2020,model_s3_seasonality_municipality_past_incidence_offset,municipality[212],-0.674530942680643,0.101010612618086
fold_04_validate_2020,model_s3_seasonality_municipality_past_incidence_offset,municipality[213],-1.30222112715912,0.123711843110312
fold_04_validate_2020,model_s3_seasonality_municipality_past_incidence_offset,past_4w_lyme_incidence_per_100000,0.00324449876069214,9.88218620210167e-05
fold_05_validate_2021,model_s1_seasonality_offset,intercept,-8.867419651721,0.00429264032063063
fold_05_validate_2021,model_s1_seasonality_offset,seasonal_sin_annual,0.310851513657385,0.0047016438785112
fold_05_validate_2021,model_s1_seasonality_offset,seasonal_cos_annual,-1.2512329098322,0.00558182046444503
fold_05_validate_2021,model_s2_seasonality_municipality_offset,intercept,-8.01703466982331,0.0206666628060241
fold_05_validate_2021,model_s2_seasonality_municipality_offset,seasonal_sin_annual,0.310855782258046,0.00470165792930164
fold_05_validate_2021,model_s2_seasonality_municipality_offset,seasonal_cos_annual,-1.25125029495829,0.00558179165892181
fold_05_validate_2021,model_s2_seasonality_municipality_offset,municipality[002],-0.796669846459577,0.0507235976457423
fold_05_validate_2021,model_s2_seasonality_municipality_offset,municipality[003],-0.920595846806243,0.0541320030897583
fold_05_validate_2021,model_s2_seasonality_municipality_offset,municipality[004],-0.649843405565226,0.0582572005880044
fold_05_validate_2021,model_s2_seasonality_municipality_offset,municipality[005],-0.54775356322234,0.0598520501427954
fold_05_validate_2021,model_s2_seasonality_municipality_offset,municipality[006],-0.883478940884688,0.0816560527107043
fold_05_validate_2021,model_s2_seasonality_municipality_offset,municipality[007],-0.337580347370336,0.0490085495426043
fold_05_validate_2021,model_s2_seasonality_municipality_offset,municipality[008],-0.707810192283549,0.0418880572472053
fold_05_validate_2021,model_s2_seasonality_municipality_offset,municipality[009],-1.91130049496349,0.051476730677659
fold_05_validate_2021,model_s2_seasonality_municipality_offset,municipality[010],-0.922453704637652,0.0736051013474572
fold_05_validate_2021,model_s2_seasonality_municipality_offset,municipality[011],-1.95441013053206,0.0395205731709663
fold_05_validate_2021,model_s2_seasonality_municipality_offset,municipality[012],-1.12110511802858,0.0605348180040676
fold_05_validate_2021,model_s2_seasonality_municipality_offset,municipality[013],-0.486160024022945,0.0393564818484116
fold_05_validate_2021,model_s2_seasonality_municipality_offset,municipality[014],-0.741348511689186,0.063568068634972
fold_05_validate_2021,model_s2_seasonality_municipality_offset,municipality[015],-0.79811832769681,0.0698712863657219
fold_05_validate_2021,model_s2_seasonality_municipality_offset,municipality[016],-1.55537645656163,0.108541914981154
fold_05_validate_2021,model_s2_seasonality_municipality_offset,municipality[017],-0.561845520081196,0.0372763764668828
fold_05_validate_2021,model_s2_seasonality_municipality_offset,municipality[018],-0.772957080397157,0.0847022296093618
fold_05_validate_2021,model_s2_seasonality_municipality_offset,municipality[019],-1.12509356104117,0.0807172343434998
fold_05_validate_2021,model_s2_seasonality_municipality_offset,municipality[020],-0.83266886273265,0.0716567657395185
fold_05_validate_2021,model_s2_seasonality_municipality_offset,municipality[021],-0.0866266213898162,0.0394875101195987
fold_05_validate_2021,model_s2_seasonality_municipality_offset,municipality[022],-0.796338878785653,0.0580307112830322
fold_05_validate_2021,model_s2_seasonality_municipality_offset,municipality[023],-1.53951830106597,0.0382588035454281
fold_05_validate_2021,model_s2_seasonality_municipality_offset,municipality[024],-1.21249431806021,0.0983715924611966
fold_05_validate_2021,model_s2_seasonality_municipality_offset,municipality[025],-0.339871493035756,0.041050433214697
fold_05_validate_2021,model_s2_seasonality_municipality_offset,municipality[026],-1.58155344244154,0.0780994822383642
fold_05_validate_2021,model_s2_seasonality_municipality_offset,municipality[027],-0.282170224438396,0.0428034823469848
fold_05_validate_2021,model_s2_seasonality_municipality_offset,municipality[028],-1.83650359253766,0.113656108256891
fold_05_validate_2021,model_s2_seasonality_municipality_offset,municipality[029],-0.310442593635661,0.0413082405576739
fold_05_validate_2021,model_s2_seasonality_municipality_offset,municipality[030],-0.38986244731794,0.0710446378972663
fold_05_validate_2021,model_s2_seasonality_municipality_offset,municipality[031],-0.285938939476242,0.0750069615318236
fold_05_validate_2021,model_s2_seasonality_municipality_offset,municipality[032],-1.24283802665471,0.0421037349236793
fold_05_validate_2021,model_s2_seasonality_municipality_offset,municipality[033],-0.398599173861892,0.0935470164037494
fold_05_validate_2021,model_s2_seasonality_municipality_offset,municipality[034],-1.61173865684141,0.0687608593015545
fold_05_validate_2021,model_s2_seasonality_municipality_offset,municipality[035],-1.45766452623369,0.0907205100520832
fold_05_validate_2021,model_s2_seasonality_municipality_offset,municipality[036],-0.959957893514756,0.0466719865062882
fold_05_validate_2021,model_s2_seasonality_municipality_offset,municipality[037],-0.252599798698604,0.0427568495069644
fold_05_validate_2021,model_s2_seasonality_municipality_offset,municipality[038],-1.20299607083169,0.0488488984652459
fold_05_validate_2021,model_s2_seasonality_municipality_offset,municipality[039],-0.931721215215368,0.0406482329928071
fold_05_validate_2021,model_s2_seasonality_municipality_offset,municipality[040],-1.22935787630086,0.0460259841416143
fold_05_validate_2021,model_s2_seasonality_municipality_offset,municipality[041],-0.462784321681602,0.0320079218402577
fold_05_validate_2021,model_s2_seasonality_municipality_offset,municipality[042],-1.17087437513802,0.106241593368587
fold_05_validate_2021,model_s2_seasonality_municipality_offset,municipality[043],-0.874020682548311,0.0326530147863317
fold_05_validate_2021,model_s2_seasonality_municipality_offset,municipality[044],-0.285020975478374,0.0488886237489269
fold_05_validate_2021,model_s2_seasonality_municipality_offset,municipality[045],-1.75606409349409,0.0869515272257192
fold_05_validate_2021,model_s2_seasonality_municipality_offset,municipality[046],0.463646622264878,0.0404810099327541
fold_05_validate_2021,model_s2_seasonality_municipality_offset,municipality[047],-0.928621725305467,0.190084173877866
fold_05_validate_2021,model_s2_seasonality_municipality_offset,municipality[048],-2.00562262196525,0.0644131526000687
fold_05_validate_2021,model_s2_seasonality_municipality_offset,municipality[049],-0.596662628672447,0.067201723190683
fold_05_validate_2021,model_s2_seasonality_municipality_offset,municipality[050],-1.37830910081504,0.0321359159527792
fold_05_validate_2021,model_s2_seasonality_municipality_offset,municipality[051],-2.16913237823112,0.152134754954196
fold_05_validate_2021,model_s2_seasonality_municipality_offset,municipality[052],-0.65812689293672,0.0263156172924258
fold_05_validate_2021,model_s2_seasonality_municipality_offset,municipality[053],-0.432253395706422,0.0524800871038805
fold_05_validate_2021,model_s2_seasonality_municipality_offset,municipality[054],-1.24313625025295,0.0385497991228178
fold_05_validate_2021,model_s2_seasonality_municipality_offset,municipality[055],-1.03582597470104,0.0716567657406543
fold_05_validate_2021,model_s2_seasonality_municipality_offset,municipality[056],-0.533868730873567,0.095070503308191
fold_05_validate_2021,model_s2_seasonality_municipality_offset,municipality[057],-1.06406278758764,0.0466719865070292
fold_05_validate_2021,model_s2_seasonality_municipality_offset,municipality[058],-1.01744657871014,0.0554732855722086
fold_05_validate_2021,model_s2_seasonality_municipality_offset,municipality[059],-0.867916834717109,0.0472155180749476
fold_05_validate_2021,model_s2_seasonality_municipality_offset,municipality[060],-0.990780473701816,0.042780139347121
fold_05_validate_2021,model_s2_seasonality_municipality_offset,municipality[061],-1.05781199524216,0.022295625677587
fold_05_validate_2021,model_s2_seasonality_municipality_offset,municipality[062],-0.0332354646694917,0.0601900253316292
fold_05_validate_2021,model_s2_seasonality_municipality_offset,municipality[063],0.385657390079114,0.0298943936385923
fold_05_validate_2021,model_s2_seasonality_municipality_offset,municipality[064],-0.594324580657823,0.0381876114788093
fold_05_validate_2021,model_s2_seasonality_municipality_offset,municipality[065],-0.457649157991207,0.061065286559742
fold_05_validate_2021,model_s2_seasonality_municipality_offset,municipality[066],-1.86227701086091,0.167915123134927
fold_05_validate_2021,model_s2_seasonality_municipality_offset,municipality[067],0.240467781254616,0.0682275536710971
fold_05_validate_2021,model_s2_seasonality_municipality_offset,municipality[068],-1.41180377538045,0.0780994822381228
fold_05_validate_2021,model_s2_seasonality_municipality_offset,municipality[069],-0.789057247123603,0.06930855543371
fold_05_validate_2021,model_s2_seasonality_municipality_offset,municipality[070],-1.27061922133268,0.0259286218059553
fold_05_validate_2021,model_s2_seasonality_municipality_offset,municipality[071],-0.679031387778795,0.0372384638807328
fold_05_validate_2021,model_s2_seasonality_municipality_offset,municipality[072],-1.45039400178492,0.0690328692120245
fold_05_validate_2021,model_s2_seasonality_municipality_offset,municipality[073],-1.02831607336422,0.0555371732330008
fold_05_validate_2021,model_s2_seasonality_municipality_offset,municipality[074],-0.870277327638895,0.0757420615000886
fold_05_validate_2021,model_s2_seasonality_municipality_offset,municipality[075],-0.189531424343217,0.0490085495423496
fold_05_validate_2021,model_s2_seasonality_municipality_offset,municipality[076],-0.956397762183284,0.0704497373280036
fold_05_validate_2021,model_s2_seasonality_municipality_offset,municipality[077],-1.25315540695551,0.0753715386525845
fold_05_validate_2021,model_s2_seasonality_municipality_offset,municipality[078],-0.437986255827917,0.0503622379557542
fold_05_validate_2021,model_s2_seasonality_municipality_offset,municipality[079],-0.0287677788584678,0.0493339637196266
fold_05_validate_2021,model_s2_seasonality_municipality_offset,municipality[080],-1.06688573659003,0.0405921574234034
fold_05_validate_2021,model_s2_seasonality_municipality_offset,municipality[081],-0.569532008236268,0.0677080320991505
fold_05_validate_2021,model_s2_seasonality_municipality_offset,municipality[082],-0.669903087948949,0.0577335503766596
fold_05_validate_2021,model_s2_seasonality_municipality_offset,municipality[083],-0.635877857972271,0.0789408920168601
fold_05_validate_2021,model_s2_seasonality_municipality_offset,municipality[084],-0.4661431144513,0.0285984441550427
fold_05_validate_2021,model_s2_seasonality_municipality_offset,municipality[085],-0.63265322617741,0.0287788112202639
fold_05_validate_2021,model_s2_seasonality_municipality_offset,municipality[086],-1.53946740935359,0.152134754941079
fold_05_validate_2021,model_s2_seasonality_municipality_offset,municipality[087],-0.376090080967766,0.0370147524234562
fold_05_validate_2021,model_s2_seasonality_municipality_offset,municipality[088],-1.07094471455532,0.250831134962135
fold_05_validate_2021,model_s2_seasonality_municipality_offset,municipality[089],-0.915832801196097,0.0557954185747957
fold_05_validate_2021,model_s2_seasonality_municipality_offset,municipality[090],-1.64892464774431,0.052480087102353
fold_05_validate_2021,model_s2_seasonality_municipality_offset,municipality[091],-0.00234197549922843,0.0416353265597546
fold_05_validate_2021,model_s2_seasonality_municipality_offset,municipality[092],-2.09067198699926,0.14017303654633
fold_05_validate_2021,model_s2_seasonality_municipality_offset,municipality[093],-0.670230974781559,0.0836460298673353
fold_05_validate_2021,model_s2_seasonality_municipality_offset,municipality[094],-0.490355933149281,0.0350066477500024
fold_05_validate_2021,model_s2_seasonality_municipality_offset,municipality[095],-0.473858385760241,0.0629587979152745
fold_05_validate_2021,model_s2_seasonality_municipality_offset,municipality[096],-1.1163424947345,0.0383306098942477
fold_05_validate_2021,model_s2_seasonality_municipality_offset,municipality[097],-0.427153280495764,0.049710150217424
fold_05_validate_2021,model_s2_seasonality_municipality_offset,municipality[098],-1.25864231803914,0.0657568319207676
fold_05_validate_2021,model_s2_seasonality_municipality_offset,municipality[099],-1.71046294959111,0.104088316400559
fold_05_validate_2021,model_s2_seasonality_municipality_offset,municipality[100],-0.780182767395918,0.0616124120822147
fold_05_validate_2021,model_s2_seasonality_municipality_offset,municipality[101],-1.15967619194231,0.067201723190962
fold_05_validate_2021,model_s2_seasonality_municipality_offset,municipality[102],0.0362274536286706,0.0287235603570822
fold_05_validate_2021,model_s2_seasonality_municipality_offset,municipality[103],-0.207439643105519,0.0358575863609788
fold_05_validate_2021,model_s2_seasonality_municipality_offset,municipality[104],-1.62348350822156,0.0687608592995811
fold_05_validate_2021,model_s2_seasonality_municipality_offset,municipality[105],-1.277609736254,0.098371592461684
fold_05_validate_2021,model_s2_seasonality_municipality_offset,municipality[106],-1.34096465501554,0.0564605530129292
fold_05_validate_2021,model_s2_seasonality_municipality_offset,municipality[107],-0.716072507828275,0.0757420614998817
fold_05_validate_2021,model_s2_seasonality_municipality_offset,municipality[108],-1.20167430161098,0.0644131525987219
fold_05_validate_2021,model_s2_seasonality_municipality_offset,municipality[109],-0.21394066010892,0.0549716073140799
fold_05_validate_2021,model_s2_seasonality_municipality_offset,municipality[110],-1.17663447771161,0.0435545736389541
fold_05_validate_2021,model_s2_seasonality_municipality_offset,municipality[111],-1.44303021705792,0.0544860656701769
fold_05_validate_2021,model_s2_seasonality_municipality_offset,municipality[112],-0.793544587415183,0.038432186744951
fold_05_validate_2021,model_s2_seasonality_municipality_offset,municipality[113],-1.37442336641864,0.0406858047285454
fold_05_validate_2021,model_s2_seasonality_municipality_offset,municipality[114],-1.18338514932983,0.0467385857331438
fold_05_validate_2021,model_s2_seasonality_municipality_offset,municipality[115],-0.923733371181755,0.0736051013465736
fold_05_validate_2021,model_s2_seasonality_municipality_offset,municipality[116],0.30604464412928,0.0498380040405993
fold_05_validate_2021,model_s2_seasonality_municipality_offset,municipality[117],-0.480176746550925,0.0438088169838941
fold_05_validate_2021,model_s2_seasonality_municipality_offset,municipality[118],-0.959518122151576,0.0537862293602021
fold_05_validate_2021,model_s2_seasonality_municipality_offset,municipality[119],-0.688861295527801,0.0516716866018454
fold_05_validate_2021,model_s2_seasonality_municipality_offset,municipality[120],-0.709774231239146,0.0356504314820444
fold_05_validate_2021,model_s2_seasonality_municipality_offset,municipality[121],-1.22414307492229,0.0935470164001078
fold_05_validate_2021,model_s2_seasonality_municipality_offset,municipality[122],-0.377444545901588,0.0304064683258819
fold_05_validate_2021,model_s2_seasonality_municipality_offset,municipality[123],-0.503113135045259,0.0404626140958995
fold_05_validate_2021,model_s2_seasonality_municipality_offset,municipality[124],-1.53679042318573,0.0635680686339654
fold_05_validate_2021,model_s2_seasonality_municipality_offset,municipality[125],-1.57329306071761,0.111006634255786
fold_05_validate_2021,model_s2_seasonality_municipality_offset,municipality[126],-1.40186648676377,0.0644131525980801
fold_05_validate_2021,model_s2_seasonality_municipality_offset,municipality[127],-1.41233746138843,0.0894061995759309
fold_05_validate_2021,model_s2_seasonality_municipality_offset,municipality[128],-0.0198552901841614,0.0338064210767634
fold_05_validate_2021,model_s2_seasonality_municipality_offset,municipality[129],-0.865546275984671,0.0398238024724661
fold_05_validate_2021,model_s2_seasonality_municipality_offset,municipality[130],-1.03631208903799,0.0470429918350415
fold_05_validate_2021,model_s2_seasonality_municipality_offset,municipality[131],-0.770650197661293,0.0397046533246029
fold_05_validate_2021,model_s2_seasonality_municipality_offset,municipality[132],-0.613090130186348,0.0704497373296399
fold_05_validate_2021,model_s2_seasonality_municipality_offset,municipality[133],-1.7128757935601,0.041995308836132
fold_05_validate_2021,model_s2_seasonality_municipality_offset,municipality[134],-0.180820216300873,0.0514767306770525
fold_05_validate_2021,model_s2_seasonality_municipality_offset,municipality[135],-1.28170862950363,0.0750069615259851
fold_05_validate_2021,model_s2_seasonality_municipality_offset,municipality[136],0.17189187298765,0.040208851158228
fold_05_validate_2021,model_s2_seasonality_municipality_offset,municipality[137],-0.290685141303152,0.0716567657388646
fold_05_validate_2021,model_s2_seasonality_municipality_offset,municipality[138],-0.498618304648367,0.0559261838896967
fold_05_validate_2021,model_s2_seasonality_municipality_offset,municipality[139],-1.09177085891308,0.056058064400711
fold_05_validate_2021,model_s2_seasonality_municipality_offset,municipality[140],-0.440770316950754,0.0339004401079271
fold_05_validate_2021,model_s2_seasonality_municipality_offset,municipality[141],-0.736318548754634,0.0814180021150768
fold_05_validate_2021,model_s2_seasonality_municipality_offset,municipality[142],-0.896386549387673,0.039961934728241
fold_05_validate_2021,model_s2_seasonality_municipality_offset,municipality[143],-1.3440366367828,0.135184517652957
fold_05_validate_2021,model_s2_seasonality_municipality_offset,municipality[144],-1.0116890526895,0.0619868411703378
fold_05_validate_2021,model_s2_seasonality_municipality_offset,municipality[146],-0.111259115813748,0.0418030881409842
fold_05_validate_2021,model_s2_seasonality_municipality_offset,municipality[147],-0.471520992292661,0.055220375690525
fold_05_validate_2021,model_s2_seasonality_municipality_offset,municipality[148],-0.451492247883295,0.0736051013473812
fold_05_validate_2021,model_s2_seasonality_municipality_offset,municipality[149],-1.55133236889532,0.167915123247349
fold_05_validate_2021,model_s2_seasonality_municipality_offset,municipality[150],-0.238115648525069,0.0836460298667577
fold_05_validate_2021,model_s2_seasonality_municipality_offset,municipality[151],-0.781122163315655,0.059852050141052
fold_05_validate_2021,model_s2_seasonality_municipality_offset,municipality[152],-1.08084205418869,0.116514401177711
fold_05_validate_2021,model_s2_seasonality_municipality_offset,municipality[153],-0.638521280540404,0.0881513024324919
fold_05_validate_2021,model_s2_seasonality_municipality_offset,municipality[154],-0.0540531875167625,0.0950705033090041
fold_05_validate_2021,model_s2_seasonality_municipality_offset,municipality[155],-2.1554352746844,0.177954236200849
fold_05_validate_2021,model_s2_seasonality_municipality_offset,municipality[156],-1.05372159227228,0.135184517608739
fold_05_validate_2021,model_s2_seasonality_municipality_offset,municipality[157],-0.519616569743481,0.0657568319192773
fold_05_validate_2021,model_s2_seasonality_municipality_offset,municipality[158],-0.212104848506388,0.0710446378994941
fold_05_validate_2021,model_s2_seasonality_municipality_offset,municipality[159],-1.30049803522318,0.0907205100517285
fold_05_validate_2021,model_s2_seasonality_municipality_offset,municipality[160],-0.921433777233879,0.0466719865103649
fold_05_validate_2021,model_s2_seasonality_municipality_offset,municipality[161],-0.49130548385126,0.190084175402931
fold_05_validate_2021,model_s2_seasonality_municipality_offset,municipality[162],0.0252523360508789,0.0549716073141085
fold_05_validate_2021,model_s2_seasonality_municipality_offset,municipality[163],-0.587272562457873,0.152134754951865
fold_05_validate_2021,model_s2_seasonality_municipality_offset,municipality[164],-1.44657110246686,0.0772869102747487
fold_05_validate_2021,model_s2_seasonality_municipality_offset,municipality[165],-0.802426521353432,0.16791512309174
fold_05_validate_2021,model_s2_seasonality_municipality_offset,municipality[166],0.0669346212708661,0.0498380040412507
fold_05_validate_2021,model_s2_seasonality_municipality_offset,municipality[167],-1.61589464151939,0.116514401176537
fold_05_validate_2021,model_s2_seasonality_municipality_offset,municipality[168],-1.53669253882086,0.0983715924609971
fold_05_validate_2021,model_s2_seasonality_municipality_offset,municipality[169],-0.742403388550634,0.0544860656720678
fold_05_validate_2021,model_s2_seasonality_municipality_offset,municipality[170],-0.648953028549551,0.0750069615261543
fold_05_validate_2021,model_s2_seasonality_municipality_offset,municipality[171],-1.85724564171644,0.113656108256568
fold_05_validate_2021,model_s2_seasonality_municipality_offset,municipality[172],-1.75156031925213,0.159429328907396
fold_05_validate_2021,model_s2_seasonality_municipality_offset,municipality[173],-1.02757972505918,0.0635680686337805
fold_05_validate_2021,model_s2_seasonality_municipality_offset,municipality[174],-1.09307757261782,0.07165676573851
fold_05_validate_2021,model_s2_seasonality_municipality_offset,municipality[175],-0.763456932074593,0.0542490872669126
fold_05_validate_2021,model_s2_seasonality_municipality_offset,municipality[176],-0.052266823876674,0.0836460298681908
fold_05_validate_2021,model_s2_seasonality_municipality_offset,municipality[177],-0.263018906642073,0.0966761727299881
fold_05_validate_2021,model_s2_seasonality_municipality_offset,municipality[178],-0.978199063659285,0.0716567657387298
fold_05_validate_2021,model_s2_seasonality_municipality_offset,municipality[179],-0.966961686761687,0.100165341108997
fold_05_validate_2021,model_s2_seasonality_municipality_offset,municipality[180],0.805617120933769,0.0858030033772073
fold_05_validate_2021,model_s2_seasonality_municipality_offset,municipality[181],-0.518812342369564,0.0789408920179416
fold_05_validate_2021,model_s2_seasonality_municipality_offset,municipality[182],-0.954992468204559,0.135184517609074
fold_05_validate_2021,model_s2_seasonality_municipality_offset,municipality[183],-0.686081703452544,0.0543671041170181
fold_05_validate_2021,model_s2_seasonality_municipality_offset,municipality[184],-0.614783113785905,0.096676172724649
fold_05_validate_2021,model_s2_seasonality_municipality_offset,municipality[185],-0.65433454216835,0.108541914980753
fold_05_validate_2021,model_s2_seasonality_municipality_offset,municipality[186],-1.16419178789568,0.0836460298666388
fold_05_validate_2021,model_s2_seasonality_municipality_offset,municipality[187],-0.974515658446923,0.122978019569954
fold_05_validate_2021,model_s2_seasonality_municipality_offset,municipality[188],-0.570041686995075,0.106241593369342
fold_05_validate_2021,model_s2_seasonality_municipality_offset,municipality[189],-0.664666903539269,0.0798128554583541
fold_05_validate_2021,model_s2_seasonality_municipality_offset,municipality[190],-1.34382795981897,0.0430638195384343
fold_05_validate_2021,model_s2_seasonality_municipality_offset,municipality[191],-1.00148181439273,0.130707220958945
fold_05_validate_2021,model_s2_seasonality_municipality_offset,municipality[192],-0.493589310043177,0.0582572005870939
fold_05_validate_2021,model_s2_seasonality_municipality_offset,municipality[193],-0.963478089611447,0.0704497373272943
fold_05_validate_2021,model_s2_seasonality_municipality_offset,municipality[194],-0.867435341529056,0.0619868411703399
fold_05_validate_2021,model_s2_seasonality_municipality_offset,municipality[195],-0.331518794301068,0.0595206766111238
fold_05_validate_2021,model_s2_seasonality_municipality_offset,municipality[196],-1.24928252291395,0.11100663425641
fold_05_validate_2021,model_s2_seasonality_municipality_offset,municipality[197],-1.50261475333982,0.122978019568408
fold_05_validate_2021,model_s2_seasonality_municipality_offset,municipality[198],-0.893369398597174,0.100165341109255
fold_05_validate_2021,model_s2_seasonality_municipality_offset,municipality[199],-0.567587505127414,0.0710446378952053
fold_05_validate_2021,model_s2_seasonality_municipality_offset,municipality[200],-1.71211897941854,0.102067188381229
fold_05_validate_2021,model_s2_seasonality_municipality_offset,municipality[201],-0.348622660255883,0.0550334171343298
fold_05_validate_2021,model_s2_seasonality_municipality_offset,municipality[202],-0.190363120578395,0.0722869507760386
fold_05_validate_2021,model_s2_seasonality_municipality_offset,municipality[203],-0.462284056100156,0.0608866539423033
fold_05_validate_2021,model_s2_seasonality_municipality_offset,municipality[204],-1.03412657034423,0.106241593368236
fold_05_validate_2021,model_s2_seasonality_municipality_offset,municipality[205],-0.0740237661045479,0.0682275536693237
fold_05_validate_2021,model_s2_seasonality_municipality_offset,municipality[206],-0.891891436479707,0.0793729417706855
fold_05_validate_2021,model_s2_seasonality_municipality_offset,municipality[207],-0.978644730041714,0.0894061995621649
fold_05_validate_2021,model_s2_seasonality_municipality_offset,municipality[208],-0.642338204545585,0.0677080320988106
fold_05_validate_2021,model_s2_seasonality_municipality_offset,municipality[209],-0.294730780802581,0.0710446378953763
fold_05_validate_2021,model_s2_seasonality_municipality_offset,municipality[210],-0.620675693986612,0.0869515272262053
fold_05_validate_2021,model_s2_seasonality_municipality_offset,municipality[211],-1.11059121930273,0.0935470164005154
fold_05_validate_2021,model_s2_seasonality_municipality_offset,municipality[212],-0.77276632795308,0.0847022296102073
fold_05_validate_2021,model_s2_seasonality_municipality_offset,municipality[213],-1.56973921359078,0.111006634256255
fold_05_validate_2021,model_s3_seasonality_municipality_past_incidence_offset,intercept,-8.21456030037947,0.0211232014032343
fold_05_validate_2021,model_s3_seasonality_municipality_past_incidence_offset,seasonal_sin_annual,0.3585865174639,0.00487361806657233
fold_05_validate_2021,model_s3_seasonality_municipality_past_incidence_offset,seasonal_cos_annual,-1.13919420711157,0.00602659445143557
fold_05_validate_2021,model_s3_seasonality_municipality_past_incidence_offset,municipality[002],-0.647231502290909,0.0508259082338781
fold_05_validate_2021,model_s3_seasonality_municipality_past_incidence_offset,municipality[003],-0.757140153643211,0.0542489211454359
fold_05_validate_2021,model_s3_seasonality_municipality_past_incidence_offset,municipality[004],-0.524342444345605,0.0583177054617153
fold_05_validate_2021,model_s3_seasonality_municipality_past_incidence_offset,municipality[005],-0.438411255398552,0.0598950682228789
fold_05_validate_2021,model_s3_seasonality_municipality_past_incidence_offset,municipality[006],-0.712972190985347,0.0817367163461092
fold_05_validate_2021,model_s3_seasonality_municipality_past_incidence_offset,municipality[007],-0.263655807392876,0.049032436686703
fold_05_validate_2021,model_s3_seasonality_municipality_past_incidence_offset,municipality[008],-0.587048079141548,0.0419681948312628
fold_05_validate_2021,model_s3_seasonality_municipality_past_incidence_offset,municipality[009],-1.69942499508035,0.0516791070928077
fold_05_validate_2021,model_s3_seasonality_municipality_past_incidence_offset,municipality[010],-0.786168572438593,0.0736632540471359
fold_05_validate_2021,model_s3_seasonality_municipality_past_incidence_offset,municipality[011],-1.73997148370633,0.0397912485759062
fold_05_validate_2021,model_s3_seasonality_municipality_past_incidence_offset,municipality[012],-0.945328850963461,0.0606540876089152
fold_05_validate_2021,model_s3_seasonality_municipality_past_incidence_offset,municipality[013],-0.378321651416932,0.0394257417401903
fold_05_validate_2021,model_s3_seasonality_municipality_past_incidence_offset,municipality[014],-0.600590628939504,0.0636391039938446
fold_05_validate_2021,model_s3_seasonality_municipality_past_incidence_offset,municipality[015],-0.653073516381932,0.0699403191907023
fold_05_validate_2021,model_s3_seasonality_municipality_past_incidence_offset,municipality[016],-1.34968148992906,0.108631911957528
fold_05_validate_2021,model_s3_seasonality_municipality_past_incidence_offset,municipality[017],-0.455141710568777,0.0373490648891984
fold_05_validate_2021,model_s3_seasonality_municipality_past_incidence_offset,municipality[018],-0.652411450819227,0.0847387159153781
fold_05_validate_2021,model_s3_seasonality_municipality_past_incidence_offset,municipality[019],-0.965642103037925,0.0807907850545501
fold_05_validate_2021,model_s3_seasonality_municipality_past_incidence_offset,municipality[020],-0.69388326592348,0.0717163472845256
fold_05_validate_2021,model_s3_seasonality_municipality_past_incidence_offset,municipality[021],-0.0679359943474114,0.0394885980000592
fold_05_validate_2021,model_s3_seasonality_municipality_past_incidence_offset,municipality[022],-0.658434819672911,0.0581083004064333
fold_05_validate_2021,model_s3_seasonality_municipality_past_incidence_offset,municipality[023],-1.33984006284889,0.0385027070408458
fold_05_validate_2021,model_s3_seasonality_municipality_past_incidence_offset,municipality[024],-1.03369080822129,0.0984465137560548
fold_05_validate_2021,model_s3_seasonality_municipality_past_incidence_offset,municipality[025],-0.277037348813512,0.0410691281044706
fold_05_validate_2021,model_s3_seasonality_municipality_past_incidence_offset,municipality[026],-1.37674353483008,0.0782248651907571
fold_05_validate_2021,model_s3_seasonality_municipality_past_incidence_offset,municipality[027],-0.200659713624647,0.0428392411254626
fold_05_validate_2021,model_s3_seasonality_municipality_past_incidence_offset,municipality[028],-1.627070069914,0.113745436765339
fold_05_validate_2021,model_s3_seasonality_municipality_past_incidence_offset,municipality[029],-0.235016020737982,0.04134153387922
fold_05_validate_2021,model_s3_seasonality_municipality_past_incidence_offset,municipality[030],-0.332439689575076,0.0710495775761098
fold_05_validate_2021,model_s3_seasonality_municipality_past_incidence_offset,municipality[031],-0.232075656884494,0.075012001915094
fold_05_validate_2021,model_s3_seasonality_municipality_past_incidence_offset,municipality[032],-1.06206819089112,0.0422850735387073
fold_05_validate_2021,model_s3_seasonality_municipality_past_incidence_offset,municipality[033],-0.341961691328944,0.0935519126352157
fold_05_validate_2021,model_s3_seasonality_municipality_past_incidence_offset,municipality[034],-1.4113132687356,0.0688973219725482
fold_05_validate_2021,model_s3_seasonality_municipality_past_incidence_offset,municipality[035],-1.26160083980926,0.0908189512551231
fold_05_validate_2021,model_s3_seasonality_municipality_past_incidence_offset,municipality[036],-0.801332562075491,0.0467986315720388
fold_05_validate_2021,model_s3_seasonality_municipality_past_incidence_offset,municipality[037],-0.196377772657544,0.0427723304441235
fold_05_validate_2021,model_s3_seasonality_municipality_past_incidence_offset,municipality[038],-1.02761791631122,0.0489978415228906
fold_05_validate_2021,model_s3_seasonality_municipality_past_incidence_offset,municipality[039],-0.777671367874357,0.0407838418756947
fold_05_validate_2021,model_s3_seasonality_municipality_past_incidence_offset,municipality[040],-1.05247849944131,0.0461859171906107
fold_05_validate_2021,model_s3_seasonality_municipality_past_incidence_offset,municipality[041],-0.348833719815354,0.0321048384053209
fold_05_validate_2021,model_s3_seasonality_municipality_past_incidence_offset,municipality[042],-1.00085585937002,0.106302712418777
fold_05_validate_2021,model_s3_seasonality_municipality_past_incidence_offset,municipality[043],-0.724991240995889,0.0328106401599491
fold_05_validate_2021,model_s3_seasonality_municipality_past_incidence_offset,municipality[044],-0.233129538456257,0.048897811867899
fold_05_validate_2021,model_s3_seasonality_municipality_past_incidence_offset,municipality[045],-1.55043240586632,0.0870644624121264
fold_05_validate_2021,model_s3_seasonality_municipality_past_incidence_offset,municipality[046],0.258507703311848,0.0409126820115953
fold_05_validate_2021,model_s3_seasonality_municipality_past_incidence_offset,municipality[047],-0.814511635660638,0.19009074175961
fold_05_validate_2021,model_s3_seasonality_municipality_past_incidence_offset,municipality[048],-1.78647748983826,0.0645861466340433
fold_05_validate_2021,model_s3_seasonality_municipality_past_incidence_offset,municipality[049],-0.491127768645625,0.0672378815997249
fold_05_validate_2021,model_s3_seasonality_municipality_past_incidence_offset,municipality[050],-1.19332432706313,0.0323863773789966
fold_05_validate_2021,model_s3_seasonality_municipality_past_incidence_offset,municipality[051],-1.94979557712693,0.152207129306254
fold_05_validate_2021,model_s3_seasonality_municipality_past_incidence_offset,municipality[052],-0.521013252909037,0.0264875241638191
fold_05_validate_2021,model_s3_seasonality_municipality_past_incidence_offset,municipality[053],-0.324429573186449,0.0525307315859031
fold_05_validate_2021,model_s3_seasonality_municipality_past_incidence_offset,municipality[054],-1.07027666616998,0.0387328508889741
fold_05_validate_2021,model_s3_seasonality_municipality_past_incidence_offset,municipality[055],-0.869077270425757,0.0717475939743163
fold_05_validate_2021,model_s3_seasonality_municipality_past_incidence_offset,municipality[056],-0.429351929138654,0.0950921686957102
fold_05_validate_2021,model_s3_seasonality_municipality_past_incidence_offset,municipality[057],-0.891962923881868,0.0468215059672741
fold_05_validate_2021,model_s3_seasonality_municipality_past_incidence_offset,municipality[058],-0.86499969656896,0.0555712679108849
fold_05_validate_2021,model_s3_seasonality_municipality_past_incidence_offset,municipality[059],-0.721959528125845,0.0473240161174734
fold_05_validate_2021,model_s3_seasonality_municipality_past_incidence_offset,municipality[060],-0.8304488065457,0.0429225500091087
fold_05_validate_2021,model_s3_seasonality_municipality_past_incidence_offset,municipality[061],-0.890599006472011,0.0225927337551043
fold_05_validate_2021,model_s3_seasonality_municipality_past_incidence_offset,municipality[062],-0.00748892152206083,0.0601915646355365
fold_05_validate_2021,model_s3_seasonality_municipality_past_incidence_offset,municipality[063],0.340890435629672,0.0299119754398024
fold_05_validate_2021,model_s3_seasonality_municipality_past_incidence_offset,municipality[064],-0.480786820017986,0.0382584475166678
fold_05_validate_2021,model_s3_seasonality_municipality_past_incidence_offset,municipality[065],-0.352169334704039,0.0611064847431126
fold_05_validate_2021,model_s3_seasonality_municipality_past_incidence_offset,municipality[066],-1.65514645242363,0.167970810417729
fold_05_validate_2021,model_s3_seasonality_municipality_past_incidence_offset,municipality[067],0.166722180987773,0.0682866588295073
fold_05_validate_2021,model_s3_seasonality_municipality_past_incidence_offset,municipality[068],-1.21254109969387,0.0782176844153928
fold_05_validate_2021,model_s3_seasonality_municipality_past_incidence_offset,municipality[069],-0.644657824275141,0.0693764660984526
fold_05_validate_2021,model_s3_seasonality_municipality_past_incidence_offset,municipality[070],-1.08878765648338,0.026229669664745
fold_05_validate_2021,model_s3_seasonality_municipality_past_incidence_offset,municipality[071],-0.550325756281559,0.0373433333218093
fold_05_validate_2021,model_s3_seasonality_municipality_past_incidence_offset,municipality[072],-1.25842154158302,0.069157223702191
fold_05_validate_2021,model_s3_seasonality_municipality_past_incidence_offset,municipality[073],-0.866696233257241,0.0556474223055722
fold_05_validate_2021,model_s3_seasonality_municipality_past_incidence_offset,municipality[074],-0.713519832275218,0.0758154440408689
fold_05_validate_2021,model_s3_seasonality_municipality_past_incidence_offset,municipality[075],-0.153257947625788,0.0490136967191058
fold_05_validate_2021,model_s3_seasonality_municipality_past_incidence_offset,municipality[076],-0.805777637424645,0.0705218701213637
fold_05_validate_2021,model_s3_seasonality_municipality_past_incidence_offset,municipality[077],-1.07123049434112,0.0754718332716814
fold_05_validate_2021,model_s3_seasonality_municipality_past_incidence_offset,municipality[078],-0.343518738316866,0.0504045446507534
fold_05_validate_2021,model_s3_seasonality_municipality_past_incidence_offset,municipality[079],-0.00885419108521027,0.0493347992946807
fold_05_validate_2021,model_s3_seasonality_municipality_past_incidence_offset,municipality[080],-0.898891795641604,0.0407565059259157
fold_05_validate_2021,model_s3_seasonality_municipality_past_incidence_offset,municipality[081],-0.464437972840887,0.0677394136245231
fold_05_validate_2021,model_s3_seasonality_municipality_past_incidence_offset,municipality[082],-0.545029443127635,0.0577956330282604
fold_05_validate_2021,model_s3_seasonality_municipality_past_incidence_offset,municipality[083],-0.526447787856608,0.0789709997366608
fold_05_validate_2021,model_s3_seasonality_municipality_past_incidence_offset,municipality[084],-0.363087311656748,0.028688070852735
fold_05_validate_2021,model_s3_seasonality_municipality_past_incidence_offset,municipality[085],-0.514664995684946,0.0288946294308867
fold_05_validate_2021,model_s3_seasonality_municipality_past_incidence_offset,municipality[086],-1.33289662920749,0.152197462407544
fold_05_validate_2021,model_s3_seasonality_municipality_past_incidence_offset,municipality[087],-0.293332473215115,0.0370570470008472
fold_05_validate_2021,model_s3_seasonality_municipality_past_incidence_offset,municipality[088],-0.903620589397112,0.250848618176537
fold_05_validate_2021,model_s3_seasonality_municipality_past_incidence_offset,municipality[089],-0.75801685168674,0.0559007381036144
fold_05_validate_2021,model_s3_seasonality_municipality_past_incidence_offset,municipality[090],-1.44572075655981,0.0526628668990399
fold_05_validate_2021,model_s3_seasonality_municipality_past_incidence_offset,municipality[091],-0.00418346046537207,0.0416359821543697
fold_05_validate_2021,model_s3_seasonality_municipality_past_incidence_offset,municipality[092],-1.87607885160612,0.140248818872622
fold_05_validate_2021,model_s3_seasonality_municipality_past_incidence_offset,municipality[093],-0.545620687884043,0.0836836191980954
fold_05_validate_2021,model_s3_seasonality_municipality_past_incidence_offset,municipality[094],-0.373799554383198,0.0351013816083378
fold_05_validate_2021,model_s3_seasonality_municipality_past_incidence_offset,municipality[095],-0.378452339350006,0.0629908146776392
fold_05_validate_2021,model_s3_seasonality_municipality_past_incidence_offset,municipality[096],-0.944377130913987,0.0385125099147367
fold_05_validate_2021,model_s3_seasonality_municipality_past_incidence_offset,municipality[097],-0.338708734742256,0.0497478459151958
fold_05_validate_2021,model_s3_seasonality_municipality_past_incidence_offset,municipality[098],-1.07655817501831,0.0658746710146855
fold_05_validate_2021,model_s3_seasonality_municipality_past_incidence_offset,municipality[099],-1.51462116706616,0.10417310476796
fold_05_validate_2021,model_s3_seasonality_municipality_past_incidence_offset,municipality[100],-0.642351139095345,0.0616850778009067
fold_05_validate_2021,model_s3_seasonality_municipality_past_incidence_offset,municipality[101],-0.973420381735278,0.067321199951081
fold_05_validate_2021,model_s3_seasonality_municipality_past_incidence_offset,municipality[102],0.0401536166208647,0.0287246247340842
fold_05_validate_2021,model_s3_seasonality_municipality_past_incidence_offset,municipality[103],-0.16007149630385,0.0358701270857146
fold_05_validate_2021,model_s3_seasonality_municipality_past_incidence_offset,municipality[104],-1.41466909883222,0.0689082391319936
fold_05_validate_2021,model_s3_seasonality_municipality_past_incidence_offset,municipality[105],-1.09692541151309,0.0984487932153105
fold_05_validate_2021,model_s3_seasonality_municipality_past_incidence_offset,municipality[106],-1.15200988314839,0.0566086908018679
fold_05_validate_2021,model_s3_seasonality_municipality_past_incidence_offset,municipality[107],-0.579579685213012,0.0757948066271108
fold_05_validate_2021,model_s3_seasonality_municipality_past_incidence_offset,municipality[108],-1.02445255843376,0.0645280616864446
fold_05_validate_2021,model_s3_seasonality_municipality_past_incidence_offset,municipality[109],-0.163553420365432,0.0549803204590896
fold_05_validate_2021,model_s3_seasonality_municipality_past_incidence_offset,municipality[110],-1.00167035033234,0.0437204246357581
fold_05_validate_2021,model_s3_seasonality_municipality_past_incidence_offset,municipality[111],-1.25275457809336,0.0546411893093082
fold_05_validate_2021,model_s3_seasonality_municipality_past_incidence_offset,municipality[112],-0.644341504398904,0.0385627496946049
fold_05_validate_2021,model_s3_seasonality_municipality_past_incidence_offset,municipality[113],-1.18701043177712,0.0408892125854862
fold_05_validate_2021,model_s3_seasonality_municipality_past_incidence_offset,municipality[114],-0.997352096089876,0.0469123669648439
fold_05_validate_2021,model_s3_seasonality_municipality_past_incidence_offset,municipality[115],-0.788387755018557,0.0736625218100817
fold_05_validate_2021,model_s3_seasonality_municipality_past_incidence_offset,municipality[116],0.228820859706754,0.049874638976107
fold_05_validate_2021,model_s3_seasonality_municipality_past_incidence_offset,municipality[117],-0.381369996018837,0.0438580168123941
fold_05_validate_2021,model_s3_seasonality_municipality_past_incidence_offset,municipality[118],-0.801589792799005,0.0538965677167874
fold_05_validate_2021,model_s3_seasonality_municipality_past_incidence_offset,municipality[119],-0.57047763595776,0.0517312874408342
fold_05_validate_2021,model_s3_seasonality_municipality_past_incidence_offset,municipality[120],-0.57834952850442,0.0357661850947688
fold_05_validate_2021,model_s3_seasonality_municipality_past_incidence_offset,municipality[121],-1.05416689663661,0.0936161524579449
fold_05_validate_2021,model_s3_seasonality_municipality_past_incidence_offset,municipality[122],-0.280790862936223,0.0304797366381961
fold_05_validate_2021,model_s3_seasonality_municipality_past_incidence_offset,municipality[123],-0.401397860622712,0.0405241964820007
fold_05_validate_2021,model_s3_seasonality_municipality_past_incidence_offset,municipality[124],-1.33234077200722,0.0637212903424844
fold_05_validate_2021,model_s3_seasonality_municipality_past_incidence_offset,municipality[125],-1.36980062902871,0.111091939016375
fold_05_validate_2021,model_s3_seasonality_municipality_past_incidence_offset,municipality[126],-1.21041086513523,0.064544618802001
fold_05_validate_2021,model_s3_seasonality_municipality_past_incidence_offset,municipality[127],-1.22075592063384,0.0895000446802038
fold_05_validate_2021,model_s3_seasonality_municipality_past_incidence_offset,municipality[128],-0.0208982341519399,0.0338080303927016
fold_05_validate_2021,model_s3_seasonality_municipality_past_incidence_offset,municipality[129],-0.718232647921066,0.0399496322315675
fold_05_validate_2021,model_s3_seasonality_municipality_past_incidence_offset,municipality[130],-0.875719506713794,0.0471699549086093
fold_05_validate_2021,model_s3_seasonality_municipality_past_incidence_offset,municipality[131],-0.622355433359055,0.039835011053623
fold_05_validate_2021,model_s3_seasonality_municipality_past_incidence_offset,municipality[132],-0.487869181481504,0.0705007993624987
fold_05_validate_2021,model_s3_seasonality_municipality_past_incidence_offset,municipality[133],-1.50615080444498,0.0422323509493701
fold_05_validate_2021,model_s3_seasonality_municipality_past_incidence_offset,municipality[134],-0.127019385393724,0.0514878969810128
fold_05_validate_2021,model_s3_seasonality_municipality_past_incidence_offset,municipality[135],-1.10117108343927,0.0751082946966138
fold_05_validate_2021,model_s3_seasonality_municipality_past_incidence_offset,municipality[136],0.0905098625789046,0.0402962904386854
fold_05_validate_2021,model_s3_seasonality_municipality_past_incidence_offset,municipality[137],-0.214499228788332,0.071667990375053
fold_05_validate_2021,model_s3_seasonality_municipality_past_incidence_offset,municipality[138],-0.402448988758865,0.0559607252261608
fold_05_validate_2021,model_s3_seasonality_municipality_past_incidence_offset,municipality[139],-0.925961387246838,0.056173194835656
fold_05_validate_2021,model_s3_seasonality_municipality_past_incidence_offset,municipality[140],-0.352261417139044,0.0339544530468467
fold_05_validate_2021,model_s3_seasonality_municipality_past_incidence_offset,municipality[141],-0.610893809955814,0.0814542066684125
fold_05_validate_2021,model_s3_seasonality_municipality_past_incidence_offset,municipality[142],-0.749448784704585,0.0400873688052145
fold_05_validate_2021,model_s3_seasonality_municipality_past_incidence_offset,municipality[143],-1.14769183657131,0.135248483480198
fold_05_validate_2021,model_s3_seasonality_municipality_past_incidence_offset,municipality[144],-0.85197578293716,0.0620829475461048
fold_05_validate_2021,model_s3_seasonality_municipality_past_incidence_offset,municipality[146],-0.0792999584834954,0.0418059874416191
fold_05_validate_2021,model_s3_seasonality_municipality_past_incidence_offset,municipality[147],-0.376386649792169,0.0552535264724244
fold_05_validate_2021,model_s3_seasonality_municipality_past_incidence_offset,municipality[148],-0.386507294920363,0.0736164292752387
fold_05_validate_2021,model_s3_seasonality_municipality_past_incidence_offset,municipality[149],-1.38023203029966,0.167949297947557
fold_05_validate_2021,model_s3_seasonality_municipality_past_incidence_offset,municipality[150],-0.181561024174464,0.083651087456893
fold_05_validate_2021,model_s3_seasonality_municipality_past_incidence_offset,municipality[151],-0.64740764391986,0.0599212379071272
fold_05_validate_2021,model_s3_seasonality_municipality_past_incidence_offset,municipality[152],-0.907653364720857,0.116571976166628
fold_05_validate_2021,model_s3_seasonality_municipality_past_incidence_offset,municipality[153],-0.514074094682503,0.0881884805449664
fold_05_validate_2021,model_s3_seasonality_municipality_past_incidence_offset,municipality[154],-0.0324067268440665,0.0950713069813069
fold_05_validate_2021,model_s3_seasonality_municipality_past_incidence_offset,municipality[155],-1.93354455272172,0.178017165873397
fold_05_validate_2021,model_s3_seasonality_municipality_past_incidence_offset,municipality[156],-0.895482609378876,0.135224141533813
fold_05_validate_2021,model_s3_seasonality_municipality_past_incidence_offset,municipality[157],-0.421552318217601,0.0657873853979775
fold_05_validate_2021,model_s3_seasonality_municipality_past_incidence_offset,municipality[158],-0.146088653628313,0.0710569359720585
fold_05_validate_2021,model_s3_seasonality_municipality_past_incidence_offset,municipality[159],-1.11891488685221,0.0908037804860547
fold_05_validate_2021,model_s3_seasonality_municipality_past_incidence_offset,municipality[160],-0.76663947044207,0.0467948081425961
fold_05_validate_2021,model_s3_seasonality_municipality_past_incidence_offset,municipality[161],-0.508975240886919,0.19009447324693
fold_05_validate_2021,model_s3_seasonality_municipality_past_incidence_offset,municipality[162],0.0150098868182029,0.0549749992103106
fold_05_validate_2021,model_s3_seasonality_municipality_past_incidence_offset,municipality[163],-0.465378226620904,0.152150448980895
fold_05_validate_2021,model_s3_seasonality_municipality_past_incidence_offset,municipality[164],-1.24759252270791,0.0774050230679778
fold_05_validate_2021,model_s3_seasonality_municipality_past_incidence_offset,municipality[165],-0.65562975683728,0.167938100258217
fold_05_validate_2021,model_s3_seasonality_municipality_past_incidence_offset,municipality[166],0.103238814636818,0.0498435976509822
fold_05_validate_2021,model_s3_seasonality_municipality_past_incidence_offset,municipality[167],-1.41090855676224,0.116597743963817
fold_05_validate_2021,model_s3_seasonality_municipality_past_incidence_offset,municipality[168],-1.33914244214411,0.0984636404744475
fold_05_validate_2021,model_s3_seasonality_municipality_past_incidence_offset,municipality[169],-0.605517181459962,0.0545665151512612
fold_05_validate_2021,model_s3_seasonality_municipality_past_incidence_offset,municipality[170],-0.547356912184922,0.0750285695950526
fold_05_validate_2021,model_s3_seasonality_municipality_past_incidence_offset,municipality[171],-1.64664988321303,0.113746247882763
fold_05_validate_2021,model_s3_seasonality_municipality_past_incidence_offset,municipality[172],-1.53956942826857,0.159493742282889
fold_05_validate_2021,model_s3_seasonality_municipality_past_incidence_offset,municipality[173],-0.867258925650174,0.0636635929018405
fold_05_validate_2021,model_s3_seasonality_municipality_past_incidence_offset,municipality[174],-0.933091167031503,0.0717397167762015
fold_05_validate_2021,model_s3_seasonality_municipality_past_incidence_offset,municipality[175],-0.634008968248456,0.0543182604792426
fold_05_validate_2021,model_s3_seasonality_municipality_past_incidence_offset,municipality[176],-0.00385070692808844,0.0836496147770614
fold_05_validate_2021,model_s3_seasonality_municipality_past_incidence_offset,municipality[177],-0.176697301672008,0.0966857474966761
fold_05_validate_2021,model_s3_seasonality_municipality_past_incidence_offset,municipality[178],-0.818784844872843,0.0717391038085505
fold_05_validate_2021,model_s3_seasonality_municipality_past_incidence_offset,municipality[179],-0.829274506383202,0.100205082639865
fold_05_validate_2021,model_s3_seasonality_municipality_past_incidence_offset,municipality[180],-0.221233941055723,0.0994022695714381
fold_05_validate_2021,model_s3_seasonality_municipality_past_incidence_offset,municipality[181],-0.423496010546761,0.0789652522831356
fold_05_validate_2021,model_s3_seasonality_municipality_past_incidence_offset,municipality[182],-0.809321666214228,0.135215225717897
fold_05_validate_2021,model_s3_seasonality_municipality_past_incidence_offset,municipality[183],-0.549440381342203,0.0544474722600525
fold_05_validate_2021,model_s3_seasonality_municipality_past_incidence_offset,municipality[184],-0.559679024813854,0.0966765755228526
fold_05_validate_2021,model_s3_seasonality_municipality_past_incidence_offset,municipality[185],-0.569782757956837,0.108551196501468
fold_05_validate_2021,model_s3_seasonality_municipality_past_incidence_offset,municipality[186],-0.996495066329885,0.0837242896181525
fold_05_validate_2021,model_s3_seasonality_municipality_past_incidence_offset,municipality[187],-0.8139949746225,0.123023357671512
fold_05_validate_2021,model_s3_seasonality_municipality_past_incidence_offset,municipality[188],-0.428965589797844,0.106279366639487
fold_05_validate_2021,model_s3_seasonality_municipality_past_incidence_offset,municipality[189],-0.557408996901364,0.0798403332938854
fold_05_validate_2021,model_s3_seasonality_municipality_past_incidence_offset,municipality[190],-1.15512550900985,0.0432581823443087
fold_05_validate_2021,model_s3_seasonality_municipality_past_incidence_offset,municipality[191],-0.835913360075219,0.130752960273605
fold_05_validate_2021,model_s3_seasonality_municipality_past_incidence_offset,municipality[192],-0.402468490362046,0.0582906560591451
fold_05_validate_2021,model_s3_seasonality_municipality_past_incidence_offset,municipality[193],-0.814500538986466,0.0705144574068726
fold_05_validate_2021,model_s3_seasonality_municipality_past_incidence_offset,municipality[194],-0.720458168621566,0.0620677107111154
fold_05_validate_2021,model_s3_seasonality_municipality_past_incidence_offset,municipality[195],-0.270306812069029,0.0595320151938877
fold_05_validate_2021,model_s3_seasonality_municipality_past_incidence_offset,municipality[196],-1.06896431893907,0.111073881960838
fold_05_validate_2021,model_s3_seasonality_municipality_past_incidence_offset,municipality[197],-1.31670873527492,0.123041813785358
fold_05_validate_2021,model_s3_seasonality_municipality_past_incidence_offset,municipality[198],-0.754699096251419,0.100204499150389
fold_05_validate_2021,model_s3_seasonality_municipality_past_incidence_offset,municipality[199],-0.478361411581619,0.0710657553794879
fold_05_validate_2021,model_s3_seasonality_municipality_past_incidence_offset,municipality[200],-1.50646070418684,0.102162136984469
fold_05_validate_2021,model_s3_seasonality_municipality_past_incidence_offset,municipality[201],-0.276763872877646,0.0550546883121841
fold_05_validate_2021,model_s3_seasonality_municipality_past_incidence_offset,municipality[202],-0.146740463267192,0.072291637158188
fold_05_validate_2021,model_s3_seasonality_municipality_past_incidence_offset,municipality[203],-0.382682354130409,0.0609073345126967
fold_05_validate_2021,model_s3_seasonality_municipality_past_incidence_offset,municipality[204],-0.866098313278732,0.106300995288237
fold_05_validate_2021,model_s3_seasonality_municipality_past_incidence_offset,municipality[205],-0.0616720060852903,0.0682283299092958
fold_05_validate_2021,model_s3_seasonality_municipality_past_incidence_offset,municipality[206],-0.761936905195544,0.0794202098006681
fold_05_validate_2021,model_s3_seasonality_municipality_past_incidence_offset,municipality[207],-0.821857526257165,0.0894671876346444
fold_05_validate_2021,model_s3_seasonality_municipality_past_incidence_offset,municipality[208],-0.529279455980586,0.0677512671977482
fold_05_validate_2021,model_s3_seasonality_municipality_past_incidence_offset,municipality[209],-0.243413054511136,0.0710476154090087
fold_05_validate_2021,model_s3_seasonality_municipality_past_incidence_offset,municipality[210],-0.488878666648137,0.0869963044542718
fold_05_validate_2021,model_s3_seasonality_municipality_past_incidence_offset,municipality[211],-0.941409117413827,0.093616055130708
fold_05_validate_2021,model_s3_seasonality_municipality_past_incidence_offset,municipality[212],-0.638924700684049,0.0847478110088213
fold_05_validate_2021,model_s3_seasonality_municipality_past_incidence_offset,municipality[213],-1.37681355444535,0.111083646824008
fold_05_validate_2021,model_s3_seasonality_municipality_past_incidence_offset,past_4w_lyme_incidence_per_100000,0.00311779599871949,6.49222784059599e-05
fold_06_validate_2022,model_s1_seasonality_offset,intercept,-8.93179796646694,0.00400961973167621
fold_06_validate_2022,model_s1_seasonality_offset,seasonal_sin_annual,0.309885909410561,0.0044515260028169
fold_06_validate_2022,model_s1_seasonality_offset,seasonal_cos_annual,-1.21324684040888,0.00522965745811812
fold_06_validate_2022,model_s2_seasonality_municipality_offset,intercept,-8.06138825477725,0.0194424563498508
fold_06_validate_2022,model_s2_seasonality_municipality_offset,seasonal_sin_annual,0.309889305384999,0.00445153631006481
fold_06_validate_2022,model_s2_seasonality_municipality_offset,seasonal_cos_annual,-1.21326027759818,0.00522963703795348
fold_06_validate_2022,model_s2_seasonality_municipality_offset,municipality[002],-0.831153940064358,0.0485609698834532
fold_06_validate_2022,model_s2_seasonality_municipality_offset,municipality[003],-0.887557478790882,0.0503447950617755
fold_06_validate_2022,model_s2_seasonality_municipality_offset,municipality[004],-0.624557032875502,0.0542901078717429
fold_06_validate_2022,model_s2_seasonality_municipality_offset,municipality[005],-0.469055686793257,0.0542901078740892
fold_06_validate_2022,model_s2_seasonality_municipality_offset,municipality[006],-0.905598131409469,0.077794051231303
fold_06_validate_2022,model_s2_seasonality_municipality_offset,municipality[007],-0.328791119466109,0.0460255143739729
fold_06_validate_2022,model_s2_seasonality_municipality_offset,municipality[008],-0.732093386855264,0.0397218541095937
fold_06_validate_2022,model_s2_seasonality_municipality_offset,municipality[009],-2.00669071277767,0.0505321911133247
fold_06_validate_2022,model_s2_seasonality_municipality_offset,municipality[010],-0.907868684407784,0.06896420185532
fold_06_validate_2022,model_s2_seasonality_municipality_offset,municipality[011],-2.03118009460461,0.0382960500982936
fold_06_validate_2022,model_s2_seasonality_municipality_offset,municipality[012],-1.07734313611902,0.0558332246276094
fold_06_validate_2022,model_s2_seasonality_municipality_offset,municipality[013],-0.513214480770127,0.0374302559447406
fold_06_validate_2022,model_s2_seasonality_municipality_offset,municipality[014],-0.786991478331729,0.0612247874942423
fold_06_validate_2022,model_s2_seasonality_municipality_offset,municipality[015],-0.864118021227059,0.0678777162306539
fold_06_validate_2022,model_s2_seasonality_municipality_offset,municipality[016],-1.58461079450318,0.1038593418616
fold_06_validate_2022,model_s2_seasonality_municipality_offset,municipality[017],-0.57937403801091,0.0353606831861323
fold_06_validate_2022,model_s2_seasonality_municipality_offset,municipality[018],-0.818756996145,0.0813639737545365
fold_06_validate_2022,model_s2_seasonality_municipality_offset,municipality[019],-1.18023363749192,0.0777940512323633
fold_06_validate_2022,model_s2_seasonality_municipality_offset,municipality[020],-0.843201432560551,0.0678777162308521
fold_06_validate_2022,model_s2_seasonality_municipality_offset,municipality[021],-0.0945338054792007,0.0372615910010989
fold_06_validate_2022,model_s2_seasonality_municipality_offset,municipality[022],-0.833032873440746,0.0553670842217972
fold_06_validate_2022,model_s2_seasonality_municipality_offset,municipality[023],-1.58551259560079,0.0365807385946084
fold_06_validate_2022,model_s2_seasonality_municipality_offset,municipality[024],-1.33106320542518,0.0981292794447998
fold_06_validate_2022,model_s2_seasonality_municipality_offset,municipality[025],-0.397451310676889,0.0395220361102471
fold_06_validate_2022,model_s2_seasonality_municipality_offset,municipality[026],-1.53685301824785,0.071956851881791
fold_06_validate_2022,model_s2_seasonality_municipality_offset,municipality[027],-0.310333778251852,0.0407482368413809
fold_06_validate_2022,model_s2_seasonality_municipality_offset,municipality[028],-1.86389571234271,0.108322354981366
fold_06_validate_2022,model_s2_seasonality_municipality_offset,municipality[029],-0.297855412454853,0.0387468443180245
fold_06_validate_2022,model_s2_seasonality_municipality_offset,municipality[030],-0.503644132364309,0.0707087395961746
fold_06_validate_2022,model_s2_seasonality_municipality_offset,municipality[031],-0.3799881052558,0.0739738943269585
fold_06_validate_2022,model_s2_seasonality_municipality_offset,municipality[032],-1.28531945190564,0.0402116776362058
fold_06_validate_2022,model_s2_seasonality_municipality_offset,municipality[033],-0.478681922023087,0.0918401456600596
fold_06_validate_2022,model_s2_seasonality_municipality_offset,municipality[034],-1.58283871148245,0.064042482064421
fold_06_validate_2022,model_s2_seasonality_municipality_offset,municipality[035],-1.50163255700587,0.0869732190372292
fold_06_validate_2022,model_s2_seasonality_municipality_offset,municipality[036],-0.960101573919202,0.0439891060609128
fold_06_validate_2022,model_s2_seasonality_municipality_offset,municipality[037],-0.303751141605468,0.0409755628253646
fold_06_validate_2022,model_s2_seasonality_municipality_offset,municipality[038],-1.24301521782452,0.0468499065482207
fold_06_validate_2022,model_s2_seasonality_municipality_offset,municipality[039],-0.924374437963323,0.0381096747218947
fold_06_validate_2022,model_s2_seasonality_municipality_offset,municipality[040],-1.19517845777383,0.0427034494760739
fold_06_validate_2022,model_s2_seasonality_municipality_offset,municipality[041],-0.446566869326599,0.0299772822525877
fold_06_validate_2022,model_s2_seasonality_municipality_offset,municipality[042],-1.12970322179905,0.0981292794446536
fold_06_validate_2022,model_s2_seasonality_municipality_offset,municipality[043],-0.944808709886262,0.0314165461377405
fold_06_validate_2022,model_s2_seasonality_municipality_offset,municipality[044],-0.295800873990643,0.0463281249308019
fold_06_validate_2022,model_s2_seasonality_municipality_offset,municipality[045],-1.65309131086696,0.0780024482904617
fold_06_validate_2022,model_s2_seasonality_municipality_offset,municipality[046],0.540354568237509,0.0371099120281544
fold_06_validate_2022,model_s2_seasonality_municipality_offset,municipality[047],-1.03996898816535,0.189958895396584
fold_06_validate_2022,model_s2_seasonality_municipality_offset,municipality[048],-2.0496758321019,0.0619864376096351
fold_06_validate_2022,model_s2_seasonality_municipality_offset,municipality[049],-0.635863461832372,0.0644823620301904
fold_06_validate_2022,model_s2_seasonality_municipality_offset,municipality[050],-1.31346927486532,0.0296698551844151
fold_06_validate_2022,model_s2_seasonality_municipality_offset,municipality[051],-2.2829371790335,0.151978185779829
fold_06_validate_2022,model_s2_seasonality_municipality_offset,municipality[052],-0.681250594337893,0.0248842174246523
fold_06_validate_2022,model_s2_seasonality_municipality_offset,municipality[053],-0.424346836911982,0.0493148242957892
fold_06_validate_2022,model_s2_seasonality_municipality_offset,municipality[054],-1.25820204934943,0.036491570075296
fold_06_validate_2022,model_s2_seasonality_municipality_offset,municipality[055],-1.02858992903415,0.0673554963749777
fold_06_validate_2022,model_s2_seasonality_municipality_offset,municipality[056],-0.522359438374762,0.0891395187383082
fold_06_validate_2022,model_s2_seasonality_municipality_offset,municipality[057],-1.11343134848395,0.044886891931611
fold_06_validate_2022,model_s2_seasonality_municipality_offset,municipality[058],-0.95570160141583,0.0508181621625579
fold_06_validate_2022,model_s2_seasonality_municipality_offset,municipality[059],-0.921990578149188,0.045505785316832
fold_06_validate_2022,model_s2_seasonality_municipality_offset,municipality[060],-1.05719740406166,0.0413157914209755
fold_06_validate_2022,model_s2_seasonality_municipality_offset,municipality[061],-1.06470482535926,0.0209968481772143
fold_06_validate_2022,model_s2_seasonality_municipality_offset,municipality[062],-0.0552614178325539,0.0573197009785924
fold_06_validate_2022,model_s2_seasonality_municipality_offset,municipality[063],0.418058450671739,0.0279332865524009
fold_06_validate_2022,model_s2_seasonality_municipality_offset,municipality[064],-0.581689133684588,0.0357426529723699
fold_06_validate_2022,model_s2_seasonality_municipality_offset,municipality[065],-0.547545545877113,0.0599658459205408
fold_06_validate_2022,model_s2_seasonality_municipality_offset,municipality[066],-1.86975922218358,0.159279930392671
fold_06_validate_2022,model_s2_seasonality_municipality_offset,municipality[067],0.252983293208345,0.0640424820657748
fold_06_validate_2022,model_s2_seasonality_municipality_offset,municipality[068],-1.46780211139846,0.0754270850636416
fold_06_validate_2022,model_s2_seasonality_municipality_offset,municipality[069],-0.825391856213085,0.0663502395590399
fold_06_validate_2022,model_s2_seasonality_municipality_offset,municipality[070],-1.32846238227122,0.0246857837956792
fold_06_validate_2022,model_s2_seasonality_municipality_offset,municipality[071],-0.705563500507353,0.0353388008750693
fold_06_validate_2022,model_s2_seasonality_municipality_offset,municipality[072],-1.49484578825297,0.0661067033336077
fold_06_validate_2022,model_s2_seasonality_municipality_offset,municipality[073],-0.975236104184232,0.051110162310331
fold_06_validate_2022,model_s2_seasonality_municipality_offset,municipality[074],-0.947503970198773,0.0739738943235401
fold_06_validate_2022,model_s2_seasonality_municipality_offset,municipality[075],-0.135774448044044,0.0450997753415665
fold_06_validate_2022,model_s2_seasonality_municipality_offset,municipality[076],-1.02149253842596,0.0684137490033516
fold_06_validate_2022,model_s2_seasonality_municipality_offset,municipality[077],-1.31460296134747,0.0729423832524958
fold_06_validate_2022,model_s2_seasonality_municipality_offset,municipality[078],-0.436634325788693,0.0474320089520138
fold_06_validate_2022,model_s2_seasonality_municipality_offset,municipality[079],-0.142143837506187,0.0486836340573125
fold_06_validate_2022,model_s2_seasonality_municipality_offset,municipality[080],-1.12813044042818,0.0391520998523498
fold_06_validate_2022,model_s2_seasonality_municipality_offset,municipality[081],-0.593938999386339,0.0644823620296172
fold_06_validate_2022,model_s2_seasonality_municipality_offset,municipality[082],-0.638107423612192,0.0536317246525776
fold_06_validate_2022,model_s2_seasonality_municipality_offset,municipality[083],-0.734183235589333,0.0777940512304066
fold_06_validate_2022,model_s2_seasonality_municipality_offset,municipality[084],-0.448642748055104,0.0268189902168737
fold_06_validate_2022,model_s2_seasonality_municipality_offset,municipality[085],-0.662964580946071,0.0272827367041984
fold_06_validate_2022,model_s2_seasonality_municipality_offset,municipality[086],-1.65728690836503,0.151978185778078
fold_06_validate_2022,model_s2_seasonality_municipality_offset,municipality[087],-0.42310551967909,0.0355044810651782
fold_06_validate_2022,model_s2_seasonality_municipality_offset,municipality[088],-1.18055570511003,0.250739099780452
fold_06_validate_2022,model_s2_seasonality_municipality_offset,municipality[089],-0.981881755267667,0.0541076795114046
fold_06_validate_2022,model_s2_seasonality_municipality_offset,municipality[090],-1.50475446771382,0.0465688455542056
fold_06_validate_2022,model_s2_seasonality_municipality_offset,municipality[091],-0.0726857558466979,0.0402504189422125
fold_06_validate_2022,model_s2_seasonality_municipality_offset,municipality[092],-2.21337532786105,0.140003090879534
fold_06_validate_2022,model_s2_seasonality_municipality_offset,municipality[093],-0.710322352044549,0.0804217458210215
fold_06_validate_2022,model_s2_seasonality_municipality_offset,municipality[094],-0.554538682141856,0.0336581748094402
fold_06_validate_2022,model_s2_seasonality_municipality_offset,municipality[095],-0.502068754912847,0.0599658459181809
fold_06_validate_2022,model_s2_seasonality_municipality_offset,municipality[096],-1.14772083513244,0.0364915700752504
fold_06_validate_2022,model_s2_seasonality_municipality_offset,municipality[097],-0.46227580348151,0.0475818833092559
fold_06_validate_2022,model_s2_seasonality_municipality_offset,municipality[098],-1.1998025415626,0.0601402483542127
fold_06_validate_2022,model_s2_seasonality_municipality_offset,municipality[099],-1.76427715415057,0.10086633627812
fold_06_validate_2022,model_s2_seasonality_municipality_offset,municipality[100],-0.782364852108119,0.0581562070461189
fold_06_validate_2022,model_s2_seasonality_municipality_offset,municipality[101],-1.16828044728069,0.063612630926611
fold_06_validate_2022,model_s2_seasonality_municipality_offset,municipality[102],0.0181204188683736,0.0271664096172052
fold_06_validate_2022,model_s2_seasonality_municipality_offset,municipality[103],-0.24302526203159,0.0341879842898344
fold_06_validate_2022,model_s2_seasonality_municipality_offset,municipality[104],-1.61504319966938,0.0644823620294569
fold_06_validate_2022,model_s2_seasonality_municipality_offset,municipality[105],-1.25410709140642,0.0918401456579245
fold_06_validate_2022,model_s2_seasonality_municipality_offset,municipality[106],-1.38636731750035,0.0542290541354905
fold_06_validate_2022,model_s2_seasonality_municipality_offset,municipality[107],-0.774422467576842,0.073280940393944
fold_06_validate_2022,model_s2_seasonality_municipality_offset,municipality[108],-1.24579003747217,0.0619864376093734
fold_06_validate_2022,model_s2_seasonality_municipality_offset,municipality[109],-0.181089973524416,0.0510121464179076
fold_06_validate_2022,model_s2_seasonality_municipality_offset,municipality[110],-1.19778326673952,0.0413591440767852
fold_06_validate_2022,model_s2_seasonality_municipality_offset,municipality[111],-1.44967632910143,0.0514083990974306
fold_06_validate_2022,model_s2_seasonality_municipality_offset,municipality[112],-0.814342059744183,0.0364915700769707
fold_06_validate_2022,model_s2_seasonality_municipality_offset,municipality[113],-1.38266835781433,0.0384225313492857
fold_06_validate_2022,model_s2_seasonality_municipality_offset,municipality[114],-1.22195797911484,0.0446778746717606
fold_06_validate_2022,model_s2_seasonality_municipality_offset,municipality[115],-0.947777159658892,0.0701109889425232
fold_06_validate_2022,model_s2_seasonality_municipality_offset,municipality[116],0.263101065219584,0.0478870874926369
fold_06_validate_2022,model_s2_seasonality_municipality_offset,municipality[117],-0.439653641604593,0.0405660748549373
fold_06_validate_2022,model_s2_seasonality_municipality_offset,municipality[118],-1.03535096473953,0.0523964992847699
fold_06_validate_2022,model_s2_seasonality_municipality_offset,municipality[119],-0.701790473587458,0.0488906764651688
fold_06_validate_2022,model_s2_seasonality_municipality_offset,municipality[120],-0.736272774065935,0.0338688204995154
fold_06_validate_2022,model_s2_seasonality_municipality_offset,municipality[121],-1.31446983300521,0.0918401456558831
fold_06_validate_2022,model_s2_seasonality_municipality_offset,municipality[122],-0.432911383360127,0.0290676802168042
fold_06_validate_2022,model_s2_seasonality_municipality_offset,municipality[123],-0.530961952954703,0.0383590642704014
fold_06_validate_2022,model_s2_seasonality_municipality_offset,municipality[124],-1.57220955992565,0.0608558095699653
fold_06_validate_2022,model_s2_seasonality_municipality_offset,municipality[125],-1.69327055776752,0.110791958777632
fold_06_validate_2022,model_s2_seasonality_municipality_offset,municipality[126],-1.40918457264686,0.0608558095694762
fold_06_validate_2022,model_s2_seasonality_municipality_offset,municipality[127],-1.47970818399776,0.0866772944221308
fold_06_validate_2022,model_s2_seasonality_municipality_offset,municipality[128],-0.022506652018034,0.0319090013228774
fold_06_validate_2022,model_s2_seasonality_municipality_offset,municipality[129],-0.95488488566703,0.0388131403208878
fold_06_validate_2022,model_s2_seasonality_municipality_offset,municipality[130],-1.06678539297936,0.0447372059436908
fold_06_validate_2022,model_s2_seasonality_municipality_offset,municipality[131],-0.866906938141464,0.0387633726127253
fold_06_validate_2022,model_s2_seasonality_municipality_offset,municipality[132],-0.574933401699937,0.0653937781882217
fold_06_validate_2022,model_s2_seasonality_municipality_offset,municipality[133],-1.7981152795281,0.0408302961814236
fold_06_validate_2022,model_s2_seasonality_municipality_offset,municipality[134],-0.154972005196593,0.0478870874885481
fold_06_validate_2022,model_s2_seasonality_municipality_offset,municipality[135],-1.30407023221051,0.0713237503016729
fold_06_validate_2022,model_s2_seasonality_municipality_offset,municipality[136],0.183021896003304,0.0376897385648363
fold_06_validate_2022,model_s2_seasonality_municipality_offset,municipality[137],-0.390996741108541,0.0707087395921292
fold_06_validate_2022,model_s2_seasonality_municipality_offset,municipality[138],-0.558600038965683,0.053987271529114
fold_06_validate_2022,model_s2_seasonality_municipality_offset,municipality[139],-1.12740236395981,0.0535732790206466
fold_06_validate_2022,model_s2_seasonality_municipality_offset,municipality[140],-0.440370782637288,0.0318761832277308
fold_06_validate_2022,model_s2_seasonality_municipality_offset,municipality[141],-0.763447609651214,0.0777940512319913
fold_06_validate_2022,model_s2_seasonality_municipality_offset,municipality[142],-0.963772297759153,0.0386319903822063
fold_06_validate_2022,model_s2_seasonality_municipality_offset,municipality[143],-1.37033018179932,0.13052495126239
fold_06_validate_2022,model_s2_seasonality_municipality_offset,municipality[144],-1.04206864013651,0.0591193388412608
fold_06_validate_2022,model_s2_seasonality_municipality_offset,municipality[146],-0.143309995281722,0.0398698936566926
fold_06_validate_2022,model_s2_seasonality_municipality_offset,municipality[147],-0.561242983019272,0.0540473554688996
fold_06_validate_2022,model_s2_seasonality_municipality_offset,municipality[148],-0.463613768024997,0.0695297198295596
fold_06_validate_2022,model_s2_seasonality_municipality_offset,municipality[149],-1.66724779537513,0.167773281553091
fold_06_validate_2022,model_s2_seasonality_municipality_offset,municipality[150],-0.307817099990021,0.0813639737538806
fold_06_validate_2022,model_s2_seasonality_municipality_offset,municipality[151],-0.818468635273958,0.0572457244622736
fold_06_validate_2022,model_s2_seasonality_municipality_offset,municipality[152],-1.04755690795139,0.108322354984512
fold_06_validate_2022,model_s2_seasonality_municipality_offset,municipality[153],-0.70190105167424,0.0855250879536116
fold_06_validate_2022,model_s2_seasonality_municipality_offset,municipality[154],-0.13369898800643,0.093292173085472
fold_06_validate_2022,model_s2_seasonality_municipality_offset,municipality[155],-2.27599259418279,0.17782040441139
fold_06_validate_2022,model_s2_seasonality_municipality_offset,municipality[156],-1.03878931754695,0.126471721048909
fold_06_validate_2022,model_s2_seasonality_municipality_offset,municipality[157],-0.582978459687764,0.0636126309261253
fold_06_validate_2022,model_s2_seasonality_municipality_offset,municipality[158],-0.213950644660845,0.0672270319096022
fold_06_validate_2022,model_s2_seasonality_municipality_offset,municipality[159],-1.42448519650094,0.0904577040672975
fold_06_validate_2022,model_s2_seasonality_municipality_offset,municipality[160],-0.976995782413088,0.0448868919310887
fold_06_validate_2022,model_s2_seasonality_municipality_offset,municipality[161],-0.604036250786208,0.189958895396334
fold_06_validate_2022,model_s2_seasonality_municipality_offset,municipality[162],-0.0344407565982198,0.0531138081592723
fold_06_validate_2022,model_s2_seasonality_municipality_offset,municipality[163],-0.616838910835154,0.145613974461666
fold_06_validate_2022,model_s2_seasonality_municipality_offset,municipality[164],-1.48742114911963,0.0739738943251159
fold_06_validate_2022,model_s2_seasonality_municipality_offset,municipality[165],-0.919215020297748,0.167773281552813
fold_06_validate_2022,model_s2_seasonality_municipality_offset,municipality[166],0.206153866870649,0.044414640919728
fold_06_validate_2022,model_s2_seasonality_municipality_offset,municipality[167],-1.6780479981728,0.113446446509833
fold_06_validate_2022,model_s2_seasonality_municipality_offset,municipality[168],-1.4864270913332,0.0904577040668431
fold_06_validate_2022,model_s2_seasonality_municipality_offset,municipality[169],-0.781799537813788,0.0520244637032629
fold_06_validate_2022,model_s2_seasonality_municipality_offset,municipality[170],-0.690399919562895,0.0719568518816108
fold_06_validate_2022,model_s2_seasonality_municipality_offset,municipality[171],-1.88216575476663,0.108322354981165
fold_06_validate_2022,model_s2_seasonality_municipality_offset,municipality[172],-1.6840545934809,0.145613974463339
fold_06_validate_2022,model_s2_seasonality_municipality_offset,municipality[173],-1.03897036598249,0.060140248351431
fold_06_validate_2022,model_s2_seasonality_municipality_offset,municipality[174],-1.2132201884432,0.0713237503017646
fold_06_validate_2022,model_s2_seasonality_municipality_offset,municipality[175],-0.795209614963943,0.0518161272181166
fold_06_validate_2022,model_s2_seasonality_municipality_offset,municipality[176],-0.0238161594139262,0.0777940512312179
fold_06_validate_2022,model_s2_seasonality_municipality_offset,municipality[177],-0.195301087688512,0.0885030100811087
fold_06_validate_2022,model_s2_seasonality_municipality_offset,municipality[178],-1.0235102832406,0.068964201854156
fold_06_validate_2022,model_s2_seasonality_municipality_offset,municipality[179],-1.04770428307365,0.0981292794448029
fold_06_validate_2022,model_s2_seasonality_municipality_offset,municipality[180],0.741510487984367,0.0833609236609209
fold_06_validate_2022,model_s2_seasonality_municipality_offset,municipality[181],-0.547302741446814,0.0754270850646277
fold_06_validate_2022,model_s2_seasonality_municipality_offset,municipality[182],-1.07598771946291,0.135008292642226
fold_06_validate_2022,model_s2_seasonality_municipality_offset,municipality[183],-0.683929495138438,0.0511594295929757
fold_06_validate_2022,model_s2_seasonality_municipality_offset,municipality[184],-0.734693607660864,0.0964295994682177
fold_06_validate_2022,model_s2_seasonality_municipality_offset,municipality[185],-0.569688311220486,0.0981292794445884
fold_06_validate_2022,model_s2_seasonality_municipality_offset,municipality[186],-1.18474470653194,0.0795140061712447
fold_06_validate_2022,model_s2_seasonality_municipality_offset,municipality[187],-0.785245559943756,0.106017269551832
fold_06_validate_2022,model_s2_seasonality_municipality_offset,municipality[188],-0.691715806355745,0.106017269547984
fold_06_validate_2022,model_s2_seasonality_municipality_offset,municipality[189],-0.784122780770459,0.0795140061714112
fold_06_validate_2022,model_s2_seasonality_municipality_offset,municipality[190],-1.38629596938037,0.0412296429656577
fold_06_validate_2022,model_s2_seasonality_municipality_offset,municipality[191],-0.995310954273669,0.122784276591099
fold_06_validate_2022,model_s2_seasonality_municipality_offset,municipality[192],-0.499484647235713,0.0550424444696029
fold_06_validate_2022,model_s2_seasonality_municipality_offset,municipality[193],-0.903081120265186,0.0644823620295063
fold_06_validate_2022,model_s2_seasonality_municipality_offset,municipality[194],-0.922313386559778,0.0597931804652215
fold_06_validate_2022,model_s2_seasonality_municipality_offset,municipality[195],-0.330892080473824,0.0561059177178097
fold_06_validate_2022,model_s2_seasonality_municipality_offset,municipality[196],-1.27717190335443,0.106017269548255
fold_06_validate_2022,model_s2_seasonality_municipality_offset,municipality[197],-1.56335396975591,0.1194109924337
fold_06_validate_2022,model_s2_seasonality_municipality_offset,municipality[198],-0.972482885193707,0.0981292794454316
fold_06_validate_2022,model_s2_seasonality_municipality_offset,municipality[199],-0.634458699345963,0.068964201853565
fold_06_validate_2022,model_s2_seasonality_municipality_offset,municipality[200],-1.68303865387092,0.0948197546939843
fold_06_validate_2022,model_s2_seasonality_municipality_offset,municipality[201],-0.263759432293641,0.0499775529564748
fold_06_validate_2022,model_s2_seasonality_municipality_offset,municipality[202],-0.24381825773035,0.0701109889541939
fold_06_validate_2022,model_s2_seasonality_municipality_offset,municipality[203],-0.53293417130187,0.0591193388412964
fold_06_validate_2022,model_s2_seasonality_municipality_offset,municipality[204],-1.07193843979203,0.10183366940761
fold_06_validate_2022,model_s2_seasonality_municipality_offset,municipality[205],-0.107728697966434,0.0653937781854512
fold_06_validate_2022,model_s2_seasonality_municipality_offset,municipality[206],-0.906558697046311,0.0750550072950294
fold_06_validate_2022,model_s2_seasonality_municipality_offset,municipality[207],-0.971967872230924,0.0841516822264936
fold_06_validate_2022,model_s2_seasonality_municipality_offset,municipality[208],-0.607211282261809,0.0627815641450727
fold_06_validate_2022,model_s2_seasonality_municipality_offset,municipality[209],-0.395225197752975,0.0701109889426626
fold_06_validate_2022,model_s2_seasonality_municipality_offset,municipality[210],-0.607017220401338,0.0813639737540415
fold_06_validate_2022,model_s2_seasonality_municipality_offset,municipality[211],-1.13709989857333,0.0891395187378261
fold_06_validate_2022,model_s2_seasonality_municipality_offset,municipality[212],-0.794319274899646,0.0804217458200921
fold_06_validate_2022,model_s2_seasonality_municipality_offset,municipality[213],-1.55465335634779,0.103859341860874
fold_06_validate_2022,model_s3_seasonality_municipality_past_incidence_offset,intercept,-8.28649751533478,0.0198442738718034
fold_06_validate_2022,model_s3_seasonality_municipality_past_incidence_offset,seasonal_sin_annual,0.36221710609381,0.00460620971430467
fold_06_validate_2022,model_s3_seasonality_municipality_past_incidence_offset,seasonal_cos_annual,-1.08712737834483,0.00559874359111185
fold_06_validate_2022,model_s3_seasonality_municipality_past_incidence_offset,municipality[002],-0.661300631480536,0.0486486643571005
fold_06_validate_2022,model_s3_seasonality_municipality_past_incidence_offset,municipality[003],-0.707812527356221,0.0504416296778291
fold_06_validate_2022,model_s3_seasonality_municipality_past_incidence_offset,municipality[004],-0.48426491288466,0.054341576042821
fold_06_validate_2022,model_s3_seasonality_municipality_past_incidence_offset,municipality[005],-0.367034928506138,0.0543160854026554
fold_06_validate_2022,model_s3_seasonality_municipality_past_incidence_offset,municipality[006],-0.718291925089066,0.0778588357326054
fold_06_validate_2022,model_s3_seasonality_municipality_past_incidence_offset,municipality[007],-0.252659033094904,0.0460423777804984
fold_06_validate_2022,model_s3_seasonality_municipality_past_incidence_offset,municipality[008],-0.595439013325725,0.0397904596384087
fold_06_validate_2022,model_s3_seasonality_municipality_past_incidence_offset,municipality[009],-1.76408206292757,0.0507028947615861
fold_06_validate_2022,model_s3_seasonality_municipality_past_incidence_offset,municipality[010],-0.75457462415266,0.0690138641899585
fold_06_validate_2022,model_s3_seasonality_municipality_past_incidence_offset,municipality[011],-1.78632450504461,0.0385262922412398
fold_06_validate_2022,model_s3_seasonality_municipality_past_incidence_offset,municipality[012],-0.882127201815683,0.0559346741750762
fold_06_validate_2022,model_s3_seasonality_municipality_past_incidence_offset,municipality[013],-0.388293211297019,0.0374921101652842
fold_06_validate_2022,model_s3_seasonality_municipality_past_incidence_offset,municipality[014],-0.624180422531352,0.0612869041561532
fold_06_validate_2022,model_s3_seasonality_municipality_past_incidence_offset,municipality[015],-0.695955323448625,0.0679378313903812
fold_06_validate_2022,model_s3_seasonality_municipality_past_incidence_offset,municipality[016],-1.3532617773908,0.103934712503759
fold_06_validate_2022,model_s3_seasonality_municipality_past_incidence_offset,municipality[017],-0.459294471592149,0.0354227206904051
fold_06_validate_2022,model_s3_seasonality_municipality_past_incidence_offset,municipality[018],-0.680498393895676,0.081395030910828
fold_06_validate_2022,model_s3_seasonality_municipality_past_incidence_offset,municipality[019],-0.991862027075164,0.077861039010672
fold_06_validate_2022,model_s3_seasonality_municipality_past_incidence_offset,municipality[020],-0.686594904031887,0.0679280931311511
fold_06_validate_2022,model_s3_seasonality_municipality_past_incidence_offset,municipality[021],-0.0743748957235018,0.0372623262825838
fold_06_validate_2022,model_s3_seasonality_municipality_past_incidence_offset,municipality[022],-0.67852955568492,0.0554318726984617
fold_06_validate_2022,model_s3_seasonality_municipality_past_incidence_offset,municipality[023],-1.35647116387614,0.0367929219602812
fold_06_validate_2022,model_s3_seasonality_municipality_past_incidence_offset,municipality[024],-1.12208355094372,0.0981937920211546
fold_06_validate_2022,model_s3_seasonality_municipality_past_incidence_offset,municipality[025],-0.317689752545882,0.0395407214664238
fold_06_validate_2022,model_s3_seasonality_municipality_past_incidence_offset,municipality[026],-1.3099141896101,0.0720630043109309
fold_06_validate_2022,model_s3_seasonality_municipality_past_incidence_offset,municipality[027],-0.21839329249709,0.0407781855054135
fold_06_validate_2022,model_s3_seasonality_municipality_past_incidence_offset,municipality[028],-1.62699447739545,0.108398079398022
fold_06_validate_2022,model_s3_seasonality_municipality_past_incidence_offset,municipality[029],-0.216442473953153,0.038773707694683
fold_06_validate_2022,model_s3_seasonality_municipality_past_incidence_offset,municipality[030],-0.427799032732398,0.0707134308040684
fold_06_validate_2022,model_s3_seasonality_municipality_past_incidence_offset,municipality[031],-0.307732122092108,0.0739790677587837
fold_06_validate_2022,model_s3_seasonality_municipality_past_incidence_offset,municipality[032],-1.07955705746016,0.0403677366999315
fold_06_validate_2022,model_s3_seasonality_municipality_past_incidence_offset,municipality[033],-0.407964163179658,0.0918445772753987
fold_06_validate_2022,model_s3_seasonality_municipality_past_incidence_offset,municipality[034],-1.35751343904251,0.0641598223792028
fold_06_validate_2022,model_s3_seasonality_municipality_past_incidence_offset,municipality[035],-1.27639251642571,0.0870587230475445
fold_06_validate_2022,model_s3_seasonality_municipality_past_incidence_offset,municipality[036],-0.780867925228238,0.0440983575056958
fold_06_validate_2022,model_s3_seasonality_municipality_past_incidence_offset,municipality[037],-0.234831883781292,0.0409904780804252
fold_06_validate_2022,model_s3_seasonality_municipality_past_incidence_offset,municipality[038],-1.03991461448018,0.0469815633062501
fold_06_validate_2022,model_s3_seasonality_municipality_past_incidence_offset,municipality[039],-0.753650716012417,0.0382228823063286
fold_06_validate_2022,model_s3_seasonality_municipality_past_incidence_offset,municipality[040],-0.997814464366049,0.0428402200356804
fold_06_validate_2022,model_s3_seasonality_municipality_past_incidence_offset,municipality[041],-0.320285378136185,0.0300589599229614
fold_06_validate_2022,model_s3_seasonality_municipality_past_incidence_offset,municipality[042],-0.94107584230024,0.0981807163178716
fold_06_validate_2022,model_s3_seasonality_municipality_past_incidence_offset,municipality[043],-0.77006984372626,0.0315581408118194
fold_06_validate_2022,model_s3_seasonality_municipality_past_incidence_offset,municipality[044],-0.231998186949183,0.0463368054224165
fold_06_validate_2022,model_s3_seasonality_municipality_past_incidence_offset,municipality[045],-1.42803658142644,0.0780982057828414
fold_06_validate_2022,model_s3_seasonality_municipality_past_incidence_offset,municipality[046],0.249035376754654,0.0377048526985189
fold_06_validate_2022,model_s3_seasonality_municipality_past_incidence_offset,municipality[047],-0.909967890739521,0.189962866414142
fold_06_validate_2022,model_s3_seasonality_municipality_past_incidence_offset,municipality[048],-1.80136549188498,0.0621324592725134
fold_06_validate_2022,model_s3_seasonality_municipality_past_incidence_offset,municipality[049],-0.514254690781878,0.0645137077652033
fold_06_validate_2022,model_s3_seasonality_municipality_past_incidence_offset,municipality[050],-1.10926968953757,0.029880646908245
fold_06_validate_2022,model_s3_seasonality_municipality_past_incidence_offset,municipality[051],-2.03232612791664,0.15203777598674
fold_06_validate_2022,model_s3_seasonality_municipality_past_incidence_offset,municipality[052],-0.526204377068566,0.0250329042262211
fold_06_validate_2022,model_s3_seasonality_municipality_past_incidence_offset,municipality[053],-0.299145358135364,0.0493604041463634
fold_06_validate_2022,model_s3_seasonality_municipality_past_incidence_offset,municipality[054],-1.06048112795514,0.0366521672654962
fold_06_validate_2022,model_s3_seasonality_municipality_past_incidence_offset,municipality[055],-0.843137922220984,0.0674316577806776
fold_06_validate_2022,model_s3_seasonality_municipality_past_incidence_offset,municipality[056],-0.414193459498115,0.0891542577661394
fold_06_validate_2022,model_s3_seasonality_municipality_past_incidence_offset,municipality[057],-0.914677445221601,0.0450180697249168
fold_06_validate_2022,model_s3_seasonality_municipality_past_incidence_offset,municipality[058],-0.786607076573252,0.0509019565502235
fold_06_validate_2022,model_s3_seasonality_municipality_past_incidence_offset,municipality[059],-0.753752376091936,0.0456007577645839
fold_06_validate_2022,model_s3_seasonality_municipality_past_incidence_offset,municipality[060],-0.870005835031994,0.0414427301169029
fold_06_validate_2022,model_s3_seasonality_municipality_past_incidence_offset,municipality[061],-0.875747645740182,0.0212537127905873
fold_06_validate_2022,model_s3_seasonality_municipality_past_incidence_offset,municipality[062],-0.0201506626818941,0.0573212999056905
fold_06_validate_2022,model_s3_seasonality_municipality_past_incidence_offset,municipality[063],0.356851437278841,0.0279549002125535
fold_06_validate_2022,model_s3_seasonality_municipality_past_incidence_offset,municipality[064],-0.457629429074849,0.0357993031283183
fold_06_validate_2022,model_s3_seasonality_municipality_past_incidence_offset,municipality[065],-0.416617423065797,0.0600055071471051
fold_06_validate_2022,model_s3_seasonality_municipality_past_incidence_offset,municipality[066],-1.63513405516305,0.159326930881312
fold_06_validate_2022,model_s3_seasonality_municipality_past_incidence_offset,municipality[067],0.138200711426405,0.0641309152697353
fold_06_validate_2022,model_s3_seasonality_municipality_past_incidence_offset,municipality[068],-1.23951984576901,0.0755284641944415
fold_06_validate_2022,model_s3_seasonality_municipality_past_incidence_offset,municipality[069],-0.660316059397563,0.0664086523607155
fold_06_validate_2022,model_s3_seasonality_municipality_past_incidence_offset,municipality[070],-1.11968899250386,0.024950004216263
fold_06_validate_2022,model_s3_seasonality_municipality_past_incidence_offset,municipality[071],-0.556231308246456,0.0354330625055718
fold_06_validate_2022,model_s3_seasonality_municipality_past_incidence_offset,municipality[072],-1.27542727888518,0.0662140122458556
fold_06_validate_2022,model_s3_seasonality_municipality_past_incidence_offset,municipality[073],-0.801442844771197,0.051198641092356
fold_06_validate_2022,model_s3_seasonality_municipality_past_incidence_offset,municipality[074],-0.767587640962146,0.074036276363131
fold_06_validate_2022,model_s3_seasonality_municipality_past_incidence_offset,municipality[075],-0.111923748216072,0.0451011957708635
fold_06_validate_2022,model_s3_seasonality_municipality_past_incidence_offset,municipality[076],-0.845859921676657,0.0684769724137676
fold_06_validate_2022,model_s3_seasonality_municipality_past_incidence_offset,municipality[077],-1.10363292013279,0.0730298664347773
fold_06_validate_2022,model_s3_seasonality_municipality_past_incidence_offset,municipality[078],-0.329910475591459,0.047468545775709
fold_06_validate_2022,model_s3_seasonality_municipality_past_incidence_offset,municipality[079],-0.105197082850577,0.0486850597471723
fold_06_validate_2022,model_s3_seasonality_municipality_past_incidence_offset,municipality[080],-0.93367082885737,0.039296615568784
fold_06_validate_2022,model_s3_seasonality_municipality_past_incidence_offset,municipality[081],-0.475896998080569,0.0645076102402321
fold_06_validate_2022,model_s3_seasonality_municipality_past_incidence_offset,municipality[082],-0.498577878672704,0.0536846735692645
fold_06_validate_2022,model_s3_seasonality_municipality_past_incidence_offset,municipality[083],-0.600385115465174,0.0778216035951524
fold_06_validate_2022,model_s3_seasonality_municipality_past_incidence_offset,municipality[084],-0.337550185375108,0.0268909710514192
fold_06_validate_2022,model_s3_seasonality_municipality_past_incidence_offset,municipality[085],-0.528305032972875,0.0273843681260493
fold_06_validate_2022,model_s3_seasonality_municipality_past_incidence_offset,municipality[086],-1.42062447124629,0.152029983315922
fold_06_validate_2022,model_s3_seasonality_municipality_past_incidence_offset,municipality[087],-0.324124105121673,0.0355438016819579
fold_06_validate_2022,model_s3_seasonality_municipality_past_incidence_offset,municipality[088],-0.992520784599599,0.250751649623768
fold_06_validate_2022,model_s3_seasonality_municipality_past_incidence_offset,municipality[089],-0.796220244268919,0.0542021686390803
fold_06_validate_2022,model_s3_seasonality_municipality_past_incidence_offset,municipality[090],-1.28627721669761,0.0467204967390632
fold_06_validate_2022,model_s3_seasonality_municipality_past_incidence_offset,municipality[091],-0.0632306880095602,0.0402506633294621
fold_06_validate_2022,model_s3_seasonality_municipality_past_incidence_offset,municipality[092],-1.9671160593651,0.14006611906112
fold_06_validate_2022,model_s3_seasonality_municipality_past_incidence_offset,municipality[093],-0.565850009350981,0.0804538297031188
fold_06_validate_2022,model_s3_seasonality_municipality_past_incidence_offset,municipality[094],-0.415670841462598,0.0337462447665214
fold_06_validate_2022,model_s3_seasonality_municipality_past_incidence_offset,municipality[095],-0.395983721429876,0.0599918804528092
fold_06_validate_2022,model_s3_seasonality_municipality_past_incidence_offset,municipality[096],-0.951157390804198,0.0366500337053798
fold_06_validate_2022,model_s3_seasonality_municipality_past_incidence_offset,municipality[097],-0.361959508507695,0.0476139590909325
fold_06_validate_2022,model_s3_seasonality_municipality_past_incidence_offset,municipality[098],-1.00288767778512,0.0602363372102065
fold_06_validate_2022,model_s3_seasonality_municipality_past_incidence_offset,municipality[099],-1.53812161828417,0.100939794212403
fold_06_validate_2022,model_s3_seasonality_municipality_past_incidence_offset,municipality[100],-0.627202630873136,0.0582183112664041
fold_06_validate_2022,model_s3_seasonality_municipality_past_incidence_offset,municipality[101],-0.958961790852012,0.0637135920893332
fold_06_validate_2022,model_s3_seasonality_municipality_past_incidence_offset,municipality[102],0.0228505497067938,0.0271677199512064
fold_06_validate_2022,model_s3_seasonality_municipality_past_incidence_offset,municipality[103],-0.187298097899994,0.0341990791939009
fold_06_validate_2022,model_s3_seasonality_municipality_past_incidence_offset,municipality[104],-1.38142415417374,0.0646070198185821
fold_06_validate_2022,model_s3_seasonality_municipality_past_incidence_offset,municipality[105],-1.05552289532372,0.0919037196544642
fold_06_validate_2022,model_s3_seasonality_municipality_past_incidence_offset,municipality[106],-1.16872707271315,0.0543582832352658
fold_06_validate_2022,model_s3_seasonality_municipality_past_incidence_offset,municipality[107],-0.616114263493406,0.0733264735119984
fold_06_validate_2022,model_s3_seasonality_municipality_past_incidence_offset,municipality[108],-1.04321253940498,0.0620853952515595
fold_06_validate_2022,model_s3_seasonality_municipality_past_incidence_offset,municipality[109],-0.140978572415361,0.0510155460312679
fold_06_validate_2022,model_s3_seasonality_municipality_past_incidence_offset,municipality[110],-1.00031986037905,0.0415002862732133
fold_06_validate_2022,model_s3_seasonality_municipality_past_incidence_offset,municipality[111],-1.23466783167164,0.0515415461193698
fold_06_validate_2022,model_s3_seasonality_municipality_past_incidence_offset,municipality[112],-0.647477118024562,0.0366004975199487
fold_06_validate_2022,model_s3_seasonality_municipality_past_incidence_offset,municipality[113],-1.17050875541215,0.038597923935392
fold_06_validate_2022,model_s3_seasonality_municipality_past_incidence_offset,municipality[114],-1.00895659051395,0.0448287577233
fold_06_validate_2022,model_s3_seasonality_municipality_past_incidence_offset,municipality[115],-0.795104482601658,0.0701594041242108
fold_06_validate_2022,model_s3_seasonality_municipality_past_incidence_offset,municipality[116],0.179776007499687,0.0479186877478405
fold_06_validate_2022,model_s3_seasonality_municipality_past_incidence_offset,municipality[117],-0.335322029189604,0.0406036999972101
fold_06_validate_2022,model_s3_seasonality_municipality_past_incidence_offset,municipality[118],-0.851341054987167,0.0524937494697361
fold_06_validate_2022,model_s3_seasonality_municipality_past_incidence_offset,municipality[119],-0.565898239516833,0.0489425645569754
fold_06_validate_2022,model_s3_seasonality_municipality_past_incidence_offset,municipality[120],-0.582121966050524,0.0339744734287835
fold_06_validate_2022,model_s3_seasonality_municipality_past_incidence_offset,municipality[121],-1.11769171060527,0.0918991726665655
fold_06_validate_2022,model_s3_seasonality_municipality_past_incidence_offset,municipality[122],-0.317812147437,0.0291361275094124
fold_06_validate_2022,model_s3_seasonality_municipality_past_incidence_offset,municipality[123],-0.415295978809569,0.0384127313007617
fold_06_validate_2022,model_s3_seasonality_municipality_past_incidence_offset,municipality[124],-1.33952609052557,0.0609869960005848
fold_06_validate_2022,model_s3_seasonality_municipality_past_incidence_offset,municipality[125],-1.45891775078395,0.110863348939226
fold_06_validate_2022,model_s3_seasonality_municipality_past_incidence_offset,municipality[126],-1.19283379852049,0.0609683362107794
fold_06_validate_2022,model_s3_seasonality_municipality_past_incidence_offset,municipality[127],-1.25897364300652,0.0867581420950755
fold_06_validate_2022,model_s3_seasonality_municipality_past_incidence_offset,municipality[128],-0.0238973040225822,0.0319112152385374
fold_06_validate_2022,model_s3_seasonality_municipality_past_incidence_offset,municipality[129],-0.780347595091467,0.0389265784519912
fold_06_validate_2022,model_s3_seasonality_municipality_past_incidence_offset,municipality[130],-0.883981134750447,0.0448468473920232
fold_06_validate_2022,model_s3_seasonality_municipality_past_incidence_offset,municipality[131],-0.690978784917161,0.0388813726075366
fold_06_validate_2022,model_s3_seasonality_municipality_past_incidence_offset,municipality[132],-0.446539234071786,0.0654299067737361
fold_06_validate_2022,model_s3_seasonality_municipality_past_incidence_offset,municipality[133],-1.56107508164381,0.041032862151804
fold_06_validate_2022,model_s3_seasonality_municipality_past_incidence_offset,municipality[134],-0.102709887361799,0.0478944631802533
fold_06_validate_2022,model_s3_seasonality_municipality_past_incidence_offset,municipality[135],-1.09906805653659,0.0714109433992376
fold_06_validate_2022,model_s3_seasonality_municipality_past_incidence_offset,municipality[136],0.0792567253975886,0.0377961450210013
fold_06_validate_2022,model_s3_seasonality_municipality_past_incidence_offset,municipality[137],-0.299561504629066,0.0707178904544424
fold_06_validate_2022,model_s3_seasonality_municipality_past_incidence_offset,municipality[138],-0.447054055330769,0.0540171305759702
fold_06_validate_2022,model_s3_seasonality_municipality_past_incidence_offset,municipality[139],-0.938010855328615,0.0536729196864508
fold_06_validate_2022,model_s3_seasonality_municipality_past_incidence_offset,municipality[140],-0.341797117121892,0.0319217059565507
fold_06_validate_2022,model_s3_seasonality_municipality_past_incidence_offset,municipality[141],-0.619834332027312,0.0778238889265494
fold_06_validate_2022,model_s3_seasonality_municipality_past_incidence_offset,municipality[142],-0.792822876444321,0.0387427275297848
fold_06_validate_2022,model_s3_seasonality_municipality_past_incidence_offset,municipality[143],-1.14518665047889,0.130579678361905
fold_06_validate_2022,model_s3_seasonality_municipality_past_incidence_offset,municipality[144],-0.858470406401576,0.0592035832056316
fold_06_validate_2022,model_s3_seasonality_municipality_past_incidence_offset,municipality[146],-0.103273436948658,0.0398725835545863
fold_06_validate_2022,model_s3_seasonality_municipality_past_incidence_offset,municipality[147],-0.444769064518946,0.0540781036256484
fold_06_validate_2022,model_s3_seasonality_municipality_past_incidence_offset,municipality[148],-0.389900553374731,0.0695389222727033
fold_06_validate_2022,model_s3_seasonality_municipality_past_incidence_offset,municipality[149],-1.4694940962467,0.16780112835834
fold_06_validate_2022,model_s3_seasonality_municipality_past_incidence_offset,municipality[150],-0.240502745815668,0.0813679813964257
fold_06_validate_2022,model_s3_seasonality_municipality_past_incidence_offset,municipality[151],-0.664121601099799,0.0573063990546557
fold_06_validate_2022,model_s3_seasonality_municipality_past_incidence_offset,municipality[152],-0.850086203474901,0.108372929864237
fold_06_validate_2022,model_s3_seasonality_municipality_past_incidence_offset,municipality[153],-0.556906026668457,0.0855572995210628
fold_06_validate_2022,model_s3_seasonality_municipality_past_incidence_offset,municipality[154],-0.104934633490063,0.0932934757600083
fold_06_validate_2022,model_s3_seasonality_municipality_past_incidence_offset,municipality[155],-2.02283325612859,0.177872070769228
fold_06_validate_2022,model_s3_seasonality_municipality_past_incidence_offset,municipality[156],-0.87002338743114,0.126501671420235
fold_06_validate_2022,model_s3_seasonality_municipality_past_incidence_offset,municipality[157],-0.465503828729752,0.0636402933105645
fold_06_validate_2022,model_s3_seasonality_municipality_past_incidence_offset,municipality[158],-0.158619849759611,0.0672313726827381
fold_06_validate_2022,model_s3_seasonality_municipality_past_incidence_offset,municipality[159],-1.2123735255857,0.0905293274828106
fold_06_validate_2022,model_s3_seasonality_municipality_past_incidence_offset,municipality[160],-0.798771357278045,0.0449943638242353
fold_06_validate_2022,model_s3_seasonality_municipality_past_incidence_offset,municipality[161],-0.622658433943895,0.189971707348353
fold_06_validate_2022,model_s3_seasonality_municipality_past_incidence_offset,municipality[162],-0.0475658557229529,0.0531182447534515
fold_06_validate_2022,model_s3_seasonality_municipality_past_incidence_offset,municipality[163],-0.488305022916012,0.145624010973418
fold_06_validate_2022,model_s3_seasonality_municipality_past_incidence_offset,municipality[164],-1.26031704049173,0.0740755129615812
fold_06_validate_2022,model_s3_seasonality_municipality_past_incidence_offset,municipality[165],-0.748668569799846,0.167791897384382
fold_06_validate_2022,model_s3_seasonality_municipality_past_incidence_offset,municipality[166],0.208885002944173,0.0444149142348962
fold_06_validate_2022,model_s3_seasonality_municipality_past_incidence_offset,municipality[167],-1.44437663400712,0.113516708953761
fold_06_validate_2022,model_s3_seasonality_municipality_past_incidence_offset,municipality[168],-1.26659536766044,0.0905361980470232
fold_06_validate_2022,model_s3_seasonality_municipality_past_incidence_offset,municipality[169],-0.626003525937694,0.0520935765953296
fold_06_validate_2022,model_s3_seasonality_municipality_past_incidence_offset,municipality[170],-0.574612878181365,0.0719737537366633
fold_06_validate_2022,model_s3_seasonality_municipality_past_incidence_offset,municipality[171],-1.64406206532864,0.108398807742263
fold_06_validate_2022,model_s3_seasonality_municipality_past_incidence_offset,municipality[172],-1.44759616706761,0.145669141645231
fold_06_validate_2022,model_s3_seasonality_municipality_past_incidence_offset,municipality[173],-0.858573624937395,0.0602217391121235
fold_06_validate_2022,model_s3_seasonality_municipality_past_incidence_offset,municipality[174],-1.02334717695679,0.0713974029684744
fold_06_validate_2022,model_s3_seasonality_municipality_past_incidence_offset,municipality[175],-0.647520861330113,0.0518753733122918
fold_06_validate_2022,model_s3_seasonality_municipality_past_incidence_offset,municipality[176],0.0217595567710784,0.0777955917369544
fold_06_validate_2022,model_s3_seasonality_municipality_past_incidence_offset,municipality[177],-0.119418487124771,0.0885059538516763
fold_06_validate_2022,model_s3_seasonality_municipality_past_incidence_offset,municipality[178],-0.839522880038693,0.0690360622924333
fold_06_validate_2022,model_s3_seasonality_municipality_past_incidence_offset,municipality[179],-0.884953333904971,0.0981643907422528
fold_06_validate_2022,model_s3_seasonality_municipality_past_incidence_offset,municipality[180],-0.798494113000906,0.103303208384796
fold_06_validate_2022,model_s3_seasonality_municipality_past_incidence_offset,municipality[181],-0.44395864434969,0.0754456079619009
fold_06_validate_2022,model_s3_seasonality_municipality_past_incidence_offset,municipality[182],-0.904135660874645,0.135034333442182
fold_06_validate_2022,model_s3_seasonality_municipality_past_incidence_offset,municipality[183],-0.533670335696099,0.0512252039458992
fold_06_validate_2022,model_s3_seasonality_municipality_past_incidence_offset,municipality[184],-0.666037941042296,0.0964296533794428
fold_06_validate_2022,model_s3_seasonality_municipality_past_incidence_offset,municipality[185],-0.497520419691306,0.098132003165004
fold_06_validate_2022,model_s3_seasonality_municipality_past_incidence_offset,municipality[186],-0.994355658013647,0.0795813183254885
fold_06_validate_2022,model_s3_seasonality_municipality_past_incidence_offset,municipality[187],-0.633171434714254,0.106044907677032
fold_06_validate_2022,model_s3_seasonality_municipality_past_incidence_offset,municipality[188],-0.524482893930036,0.106049982981511
fold_06_validate_2022,model_s3_seasonality_municipality_past_incidence_offset,municipality[189],-0.65217894001677,0.0795390559699375
fold_06_validate_2022,model_s3_seasonality_municipality_past_incidence_offset,municipality[190],-1.17060940392815,0.0413976554309405
fold_06_validate_2022,model_s3_seasonality_municipality_past_incidence_offset,municipality[191],-0.814531375175575,0.12282025330824
fold_06_validate_2022,model_s3_seasonality_municipality_past_incidence_offset,municipality[192],-0.400602512429853,0.0550689911348777
fold_06_validate_2022,model_s3_seasonality_municipality_past_incidence_offset,municipality[193],-0.738376130263602,0.0645358611035307
fold_06_validate_2022,model_s3_seasonality_municipality_past_incidence_offset,municipality[194],-0.75537391125742,0.0598609799166126
fold_06_validate_2022,model_s3_seasonality_municipality_past_incidence_offset,municipality[195],-0.269259683507701,0.0561132317935318
fold_06_validate_2022,model_s3_seasonality_municipality_past_incidence_offset,municipality[196],-1.07033360488117,0.106075714830245
fold_06_validate_2022,model_s3_seasonality_municipality_past_incidence_offset,municipality[197],-1.35096391235773,0.11946510597069
fold_06_validate_2022,model_s3_seasonality_municipality_past_incidence_offset,municipality[198],-0.808135366175297,0.0981635926548765
fold_06_validate_2022,model_s3_seasonality_municipality_past_incidence_offset,municipality[199],-0.52689411589164,0.0689829776866886
fold_06_validate_2022,model_s3_seasonality_municipality_past_incidence_offset,municipality[200],-1.45014558776571,0.094902385725553
fold_06_validate_2022,model_s3_seasonality_municipality_past_incidence_offset,municipality[201],-0.202482793771881,0.049988458524599
fold_06_validate_2022,model_s3_seasonality_municipality_past_incidence_offset,municipality[202],-0.189412984046477,0.0701154039000501
fold_06_validate_2022,model_s3_seasonality_municipality_past_incidence_offset,municipality[203],-0.434459442301545,0.0591390891427001
fold_06_validate_2022,model_s3_seasonality_municipality_past_incidence_offset,municipality[204],-0.88089106905741,0.101884168776323
fold_06_validate_2022,model_s3_seasonality_municipality_past_incidence_offset,municipality[205],-0.100839091371124,0.0653956451261844
fold_06_validate_2022,model_s3_seasonality_municipality_past_incidence_offset,municipality[206],-0.758196518044274,0.0750961561760203
fold_06_validate_2022,model_s3_seasonality_municipality_past_incidence_offset,municipality[207],-0.800017455402241,0.084200877493522
fold_06_validate_2022,model_s3_seasonality_municipality_past_incidence_offset,municipality[208],-0.491994277349753,0.0628126222115227
fold_06_validate_2022,model_s3_seasonality_municipality_past_incidence_offset,municipality[209],-0.327970996829961,0.0701135914006565
fold_06_validate_2022,model_s3_seasonality_municipality_past_incidence_offset,municipality[210],-0.471301372072435,0.0813954065054619
fold_06_validate_2022,model_s3_seasonality_municipality_past_incidence_offset,municipality[211],-0.948929739857131,0.0891960314834011
fold_06_validate_2022,model_s3_seasonality_municipality_past_incidence_offset,municipality[212],-0.639782558553857,0.0804616314493522
fold_06_validate_2022,model_s3_seasonality_municipality_past_incidence_offset,municipality[213],-1.33871378433082,0.103924691297853
fold_06_validate_2022,model_s3_seasonality_municipality_past_incidence_offset,past_4w_lyme_incidence_per_100000,0.00382952058474003,6.25522005272848e-05
fold_07_validate_2023,model_s1_seasonality_offset,intercept,-8.96554351186635,0.00376706549346231
fold_07_validate_2023,model_s1_seasonality_offset,seasonal_sin_annual,0.307924907784134,0.00418529146708879
fold_07_validate_2023,model_s1_seasonality_offset,seasonal_cos_annual,-1.21406324112955,0.00491339537285294
fold_07_validate_2023,model_s2_seasonality_municipality_offset,intercept,-8.03561626948439,0.0177414961101472
fold_07_validate_2023,model_s2_seasonality_municipality_offset,seasonal_sin_annual,0.307924360125194,0.00418529058451914
fold_07_validate_2023,model_s2_seasonality_municipality_offset,seasonal_cos_annual,-1.21406170789039,0.00491339754271091
fold_07_validate_2023,model_s2_seasonality_municipality_offset,municipality[002],-0.866926944644237,0.0450768781402785
fold_07_validate_2023,model_s2_seasonality_municipality_offset,municipality[003],-0.950334411653603,0.0471539587272419
fold_07_validate_2023,model_s2_seasonality_municipality_offset,municipality[004],-0.450850264476493,0.0457547953543544
fold_07_validate_2023,model_s2_seasonality_municipality_offset,municipality[005],-0.523145988459119,0.0505968305712983
fold_07_validate_2023,model_s2_seasonality_municipality_offset,municipality[006],-1.01657165281459,0.0746387627592729
fold_07_validate_2023,model_s2_seasonality_municipality_offset,municipality[007],-0.360074083522032,0.0425888613130635
fold_07_validate_2023,model_s2_seasonality_municipality_offset,municipality[008],-0.80835204786466,0.0372675206118885
fold_07_validate_2023,model_s2_seasonality_municipality_offset,municipality[009],-2.11692282746962,0.0483767230873396
fold_07_validate_2023,model_s2_seasonality_municipality_offset,municipality[010],-1.08666927441918,0.0685109620718897
fold_07_validate_2023,model_s2_seasonality_municipality_offset,municipality[011],-2.1387785117708,0.0364444121221931
fold_07_validate_2023,model_s2_seasonality_municipality_offset,municipality[012],-1.1197934662312,0.0518530557667665
fold_07_validate_2023,model_s2_seasonality_municipality_offset,municipality[013],-0.543333881483,0.0345361081135597
fold_07_validate_2023,model_s2_seasonality_municipality_offset,municipality[014],-0.736805453133776,0.0547353547059255
fold_07_validate_2023,model_s2_seasonality_municipality_offset,municipality[015],-0.978887127563854,0.0653914442400752
fold_07_validate_2023,model_s2_seasonality_municipality_offset,municipality[016],-1.54724665422133,0.0933335328616455
fold_07_validate_2023,model_s2_seasonality_municipality_offset,municipality[017],-0.668179159641305,0.0333413486909309
fold_07_validate_2023,model_s2_seasonality_municipality_offset,municipality[018],-0.93088273980773,0.0782415522581348
fold_07_validate_2023,model_s2_seasonality_municipality_offset,municipality[019],-1.30406123350787,0.0750129052092535
fold_07_validate_2023,model_s2_seasonality_municipality_offset,municipality[020],-0.852323624590648,0.06228334916335
fold_07_validate_2023,model_s2_seasonality_municipality_offset,municipality[021],-0.0812392384432774,0.033821700322848
fold_07_validate_2023,model_s2_seasonality_municipality_offset,municipality[022],-0.834674499217628,0.0504472345811994
fold_07_validate_2023,model_s2_seasonality_municipality_offset,municipality[023],-1.66485208912997,0.0343456924941934
fold_07_validate_2023,model_s2_seasonality_municipality_offset,municipality[024],-1.40590656402611,0.0929576266097876
fold_07_validate_2023,model_s2_seasonality_municipality_offset,municipality[025],-0.43773481536095,0.0366613753375557
fold_07_validate_2023,model_s2_seasonality_municipality_offset,municipality[026],-1.64518820731561,0.0690801905448022
fold_07_validate_2023,model_s2_seasonality_municipality_offset,municipality[027],-0.308328111325113,0.0371429451255467
fold_07_validate_2023,model_s2_seasonality_municipality_offset,municipality[028],-1.96204579826397,0.103558938185327
fold_07_validate_2023,model_s2_seasonality_municipality_offset,municipality[029],-0.408794633438771,0.0369139449558725
fold_07_validate_2023,model_s2_seasonality_municipality_offset,municipality[030],-0.662543529076548,0.0696652105245347
fold_07_validate_2023,model_s2_seasonality_municipality_offset,municipality[031],-0.530660121488338,0.0725140128601054
fold_07_validate_2023,model_s2_seasonality_municipality_offset,municipality[032],-1.38660874015644,0.0381216786581614
fold_07_validate_2023,model_s2_seasonality_municipality_offset,municipality[033],-0.655860258626408,0.0915002903876849
fold_07_validate_2023,model_s2_seasonality_municipality_offset,municipality[034],-1.70218507677319,0.0618782172699147
fold_07_validate_2023,model_s2_seasonality_municipality_offset,municipality[035],-1.63279959709322,0.0840508403835614
fold_07_validate_2023,model_s2_seasonality_municipality_offset,municipality[036],-0.955351655564958,0.0401231896166675
fold_07_validate_2023,model_s2_seasonality_municipality_offset,municipality[037],-0.344316386495909,0.0379342685562641
fold_07_validate_2023,model_s2_seasonality_municipality_offset,municipality[038],-1.27976826216812,0.043474883469397
fold_07_validate_2023,model_s2_seasonality_municipality_offset,municipality[039],-1.01856077585168,0.0359449437356288
fold_07_validate_2023,model_s2_seasonality_municipality_offset,municipality[040],-1.20056011546942,0.0390048618049492
fold_07_validate_2023,model_s2_seasonality_municipality_offset,municipality[041],-0.357854874852094,0.0266405005931087
fold_07_validate_2023,model_s2_seasonality_municipality_offset,municipality[042],-1.14317081125007,0.0901126351373893
fold_07_validate_2023,model_s2_seasonality_municipality_offset,municipality[043],-1.03698047952226,0.0295209225698568
fold_07_validate_2023,model_s2_seasonality_municipality_offset,municipality[044],-0.315109583251327,0.0426958841917879
fold_07_validate_2023,model_s2_seasonality_municipality_offset,municipality[045],-1.72136533052828,0.0735515317840398
fold_07_validate_2023,model_s2_seasonality_municipality_offset,municipality[046],0.533294105421008,0.0340100491985786
fold_07_validate_2023,model_s2_seasonality_municipality_offset,municipality[047],-1.21476275733777,0.189794817438771
fold_07_validate_2023,model_s2_seasonality_municipality_offset,municipality[048],-2.16093638750548,0.0596199652678778
fold_07_validate_2023,model_s2_seasonality_municipality_offset,municipality[049],-0.628566007630409,0.0585899907099812
fold_07_validate_2023,model_s2_seasonality_municipality_offset,municipality[050],-1.31248491494212,0.0270465492244401
fold_07_validate_2023,model_s2_seasonality_municipality_offset,municipality[051],-2.37485614872767,0.145399863634992
fold_07_validate_2023,model_s2_seasonality_municipality_offset,municipality[052],-0.730289779930728,0.0229291715244684
fold_07_validate_2023,model_s2_seasonality_municipality_offset,municipality[053],-0.328586788346256,0.0422221896156827
fold_07_validate_2023,model_s2_seasonality_municipality_offset,municipality[054],-1.33688727014138,0.0343015559742247
fold_07_validate_2023,model_s2_seasonality_municipality_offset,municipality[055],-1.01526640119202,0.0610937357318484
fold_07_validate_2023,model_s2_seasonality_municipality_offset,municipality[056],-0.565693721942591,0.0829863505632694
fold_07_validate_2023,model_s2_seasonality_municipality_offset,municipality[057],-1.23618657977267,0.043134464673121
fold_07_validate_2023,model_s2_seasonality_municipality_offset,municipality[058],-1.04617321057576,0.0482070123908513
fold_07_validate_2023,model_s2_seasonality_municipality_offset,municipality[059],-0.986834131235782,0.0426958841895502
fold_07_validate_2023,model_s2_seasonality_municipality_offset,municipality[060],-1.19494331534729,0.0397906674418941
fold_07_validate_2023,model_s2_seasonality_municipality_offset,municipality[061],-1.12292473564473,0.0192432492147064
fold_07_validate_2023,model_s2_seasonality_municipality_offset,municipality[062],-0.232972256955202,0.0566988867239344
fold_07_validate_2023,model_s2_seasonality_municipality_offset,municipality[063],0.374802937123473,0.0258085553618154
fold_07_validate_2023,model_s2_seasonality_municipality_offset,municipality[064],-0.578068549469877,0.0325178750677577
fold_07_validate_2023,model_s2_seasonality_municipality_offset,municipality[065],-0.661704633902307,0.057776206542221
fold_07_validate_2023,model_s2_seasonality_municipality_offset,municipality[066],-1.95288938265586,0.151773053402502
fold_07_validate_2023,model_s2_seasonality_municipality_offset,municipality[067],0.0747573118827098,0.0635541524642325
fold_07_validate_2023,model_s2_seasonality_municipality_offset,municipality[068],-1.54957716615063,0.0715225790859436
fold_07_validate_2023,model_s2_seasonality_municipality_offset,municipality[069],-0.960093131889706,0.0644510733627783
fold_07_validate_2023,model_s2_seasonality_municipality_offset,municipality[070],-1.44657937018746,0.0230673545970746
fold_07_validate_2023,model_s2_seasonality_municipality_offset,municipality[071],-0.838626719356454,0.0338010584492539
fold_07_validate_2023,model_s2_seasonality_municipality_offset,municipality[072],-1.52215767433649,0.060902771332253
fold_07_validate_2023,model_s2_seasonality_municipality_offset,municipality[073],-0.965909749050736,0.0464719147797322
fold_07_validate_2023,model_s2_seasonality_municipality_offset,municipality[074],-0.999306579347476,0.0692249373004536
fold_07_validate_2023,model_s2_seasonality_municipality_offset,municipality[075],-0.150916638323023,0.0413797220074476
fold_07_validate_2023,model_s2_seasonality_municipality_offset,municipality[076],-1.08636711928827,0.0644510733648359
fold_07_validate_2023,model_s2_seasonality_municipality_offset,municipality[077],-1.42233829667338,0.0699638690660595
fold_07_validate_2023,model_s2_seasonality_municipality_offset,municipality[078],-0.590232061961436,0.0461801313299469
fold_07_validate_2023,model_s2_seasonality_municipality_offset,municipality[079],-0.312032194972313,0.0477104909682393
fold_07_validate_2023,model_s2_seasonality_municipality_offset,municipality[080],-1.23070173453379,0.0372206020727056
fold_07_validate_2023,model_s2_seasonality_municipality_offset,municipality[081],-0.621239651358314,0.0596199652653247
fold_07_validate_2023,model_s2_seasonality_municipality_offset,municipality[082],-0.686902338192939,0.0500076940837613
fold_07_validate_2023,model_s2_seasonality_municipality_offset,municipality[083],-0.915112681511652,0.077392539649
fold_07_validate_2023,model_s2_seasonality_municipality_offset,municipality[084],-0.436349592557894,0.0244074274352579
fold_07_validate_2023,model_s2_seasonality_municipality_offset,municipality[085],-0.758373358546685,0.0255092637982463
fold_07_validate_2023,model_s2_seasonality_municipality_offset,municipality[086],-1.83610812806588,0.151773053402057
fold_07_validate_2023,model_s2_seasonality_municipality_offset,municipality[087],-0.514940228070941,0.0335477048415609
fold_07_validate_2023,model_s2_seasonality_municipality_offset,municipality[088],-1.34447693083504,0.250614817268817
fold_07_validate_2023,model_s2_seasonality_municipality_offset,municipality[089],-1.12413967768586,0.0525812653749179
fold_07_validate_2023,model_s2_seasonality_municipality_offset,municipality[090],-1.48053302039953,0.0420180075554741
fold_07_validate_2023,model_s2_seasonality_municipality_offset,municipality[091],-0.211103054831352,0.0387809136074656
fold_07_validate_2023,model_s2_seasonality_municipality_offset,municipality[092],-2.32967895901585,0.134777334403623
fold_07_validate_2023,model_s2_seasonality_municipality_offset,municipality[093],-0.633842223575275,0.0708855989863046
fold_07_validate_2023,model_s2_seasonality_municipality_offset,municipality[094],-0.626722565188489,0.0314555284447523
fold_07_validate_2023,model_s2_seasonality_municipality_offset,municipality[095],-0.438305835466899,0.0531069658849301
fold_07_validate_2023,model_s2_seasonality_municipality_offset,municipality[096],-1.21770147162712,0.0341598234864791
fold_07_validate_2023,model_s2_seasonality_municipality_offset,municipality[097],-0.589953278772284,0.0458949688173949
fold_07_validate_2023,model_s2_seasonality_municipality_offset,municipality[098],-1.33680215988396,0.0582598211859428
fold_07_validate_2023,model_s2_seasonality_municipality_offset,municipality[099],-1.92320975483361,0.0996151174631442
fold_07_validate_2023,model_s2_seasonality_municipality_offset,municipality[100],-0.891522848211881,0.0558280912782317
fold_07_validate_2023,model_s2_seasonality_municipality_offset,municipality[101],-1.14836522815885,0.057618011111253
fold_07_validate_2023,model_s2_seasonality_municipality_offset,municipality[102],0.0406559394752252,0.0246484726356984
fold_07_validate_2023,model_s2_seasonality_municipality_offset,municipality[103],-0.269280523527784,0.0315074359231636
fold_07_validate_2023,model_s2_seasonality_municipality_offset,municipality[104],-1.69805320618231,0.0610937357315641
fold_07_validate_2023,model_s2_seasonality_municipality_offset,municipality[105],-1.3658094941646,0.0884679829312839
fold_07_validate_2023,model_s2_seasonality_municipality_offset,municipality[106],-1.52026138450418,0.0524668922888522
fold_07_validate_2023,model_s2_seasonality_municipality_offset,municipality[107],-0.957585868668636,0.072854560676723
fold_07_validate_2023,model_s2_seasonality_municipality_offset,municipality[108],-1.39784384020605,0.0607137990082843
fold_07_validate_2023,model_s2_seasonality_municipality_offset,municipality[109],-0.238707073507654,0.0477104909680046
fold_07_validate_2023,model_s2_seasonality_municipality_offset,municipality[110],-1.28447517461783,0.0390806756161244
fold_07_validate_2023,model_s2_seasonality_municipality_offset,municipality[111],-1.54214730833857,0.0487665908809542
fold_07_validate_2023,model_s2_seasonality_municipality_offset,municipality[112],-0.861154304373707,0.0339048352504104
fold_07_validate_2023,model_s2_seasonality_municipality_offset,municipality[113],-1.44843332479093,0.0359449437324264
fold_07_validate_2023,model_s2_seasonality_municipality_offset,municipality[114],-1.30184787436418,0.0420941308822113
fold_07_validate_2023,model_s2_seasonality_municipality_offset,municipality[115],-1.05988243215115,0.0674171724935361
fold_07_validate_2023,model_s2_seasonality_municipality_offset,municipality[116],0.149763912903839,0.0458949688161889
fold_07_validate_2023,model_s2_seasonality_municipality_offset,municipality[117],-0.466594307811399,0.0373938437752209
fold_07_validate_2023,model_s2_seasonality_municipality_offset,municipality[118],-1.09025064054908,0.049032877442645
fold_07_validate_2023,model_s2_seasonality_municipality_offset,municipality[119],-0.78330262756435,0.0461801313300033
fold_07_validate_2023,model_s2_seasonality_municipality_offset,municipality[120],-0.822064746224373,0.0318277493578828
fold_07_validate_2023,model_s2_seasonality_municipality_offset,municipality[121],-1.40915678189114,0.0875255859045383
fold_07_validate_2023,model_s2_seasonality_municipality_offset,municipality[122],-0.510587476208202,0.0271134180574221
fold_07_validate_2023,model_s2_seasonality_municipality_offset,municipality[123],-0.586677084944436,0.0356535853518931
fold_07_validate_2023,model_s2_seasonality_municipality_offset,municipality[124],-1.74104921983259,0.0599771681197251
fold_07_validate_2023,model_s2_seasonality_municipality_offset,municipality[125],-1.78435953077566,0.105722997634484
fold_07_validate_2023,model_s2_seasonality_municipality_offset,municipality[126],-1.49045990573311,0.057618011109241
fold_07_validate_2023,model_s2_seasonality_municipality_offset,municipality[127],-1.63573614244348,0.0851600343814149
fold_07_validate_2023,model_s2_seasonality_municipality_offset,municipality[128],-0.0245922585476381,0.0291764506527847
fold_07_validate_2023,model_s2_seasonality_municipality_offset,municipality[129],-1.12000635732082,0.0378003074714203
fold_07_validate_2023,model_s2_seasonality_municipality_offset,municipality[130],-1.16135899043495,0.0423517545395366
fold_07_validate_2023,model_s2_seasonality_municipality_offset,municipality[131],-0.978738293431627,0.0369290295098513
fold_07_validate_2023,model_s2_seasonality_municipality_offset,municipality[132],-0.649849370792105,0.0618782172685341
fold_07_validate_2023,model_s2_seasonality_municipality_offset,municipality[133],-1.92598630314285,0.0391762795122885
fold_07_validate_2023,model_s2_seasonality_municipality_offset,municipality[134],0.00504657635888061,0.0408225754166604
fold_07_validate_2023,model_s2_seasonality_municipality_offset,municipality[135],-1.45108953663265,0.0696652105203451
fold_07_validate_2023,model_s2_seasonality_municipality_offset,municipality[136],0.210329049794196,0.0340312672030412
fold_07_validate_2023,model_s2_seasonality_municipality_offset,municipality[137],-0.571493701577701,0.0702667534556816
fold_07_validate_2023,model_s2_seasonality_municipality_offset,municipality[138],-0.66391232326152,0.0515822468283638
fold_07_validate_2023,model_s2_seasonality_municipality_offset,municipality[139],-1.27258539469202,0.052073344094981
fold_07_validate_2023,model_s2_seasonality_municipality_offset,municipality[140],-0.545958457214611,0.0300740041001022
fold_07_validate_2023,model_s2_seasonality_municipality_offset,municipality[141],-0.855228251161843,0.074270588694656
fold_07_validate_2023,model_s2_seasonality_municipality_offset,municipality[142],-1.07210681548315,0.0367941859041041
fold_07_validate_2023,model_s2_seasonality_municipality_offset,municipality[143],-1.35556354590852,0.119149804468621
fold_07_validate_2023,model_s2_seasonality_municipality_offset,municipality[144],-1.08632702392116,0.0550016210282683
fold_07_validate_2023,model_s2_seasonality_municipality_offset,municipality[146],-0.158508864869223,0.0366321330933142
fold_07_validate_2023,model_s2_seasonality_municipality_offset,municipality[147],-0.647575966191613,0.0512113447022156
fold_07_validate_2023,model_s2_seasonality_municipality_offset,municipality[148],-0.563442666674715,0.066378819416651
fold_07_validate_2023,model_s2_seasonality_municipality_offset,municipality[149],-1.74257445866539,0.159084213583688
fold_07_validate_2023,model_s2_seasonality_municipality_offset,municipality[150],-0.376989454530481,0.076572466115758
fold_07_validate_2023,model_s2_seasonality_municipality_offset,municipality[151],-0.871430274084157,0.0534678166710275
fold_07_validate_2023,model_s2_seasonality_municipality_offset,municipality[152],-1.18133340901358,0.105722997636454
fold_07_validate_2023,model_s2_seasonality_municipality_offset,municipality[153],-0.809765352494385,0.0819636713535611
fold_07_validate_2023,model_s2_seasonality_municipality_offset,municipality[154],-0.198017709870771,0.0881502897307345
fold_07_validate_2023,model_s2_seasonality_municipality_offset,municipality[155],-2.34114085614651,0.167587483987338
fold_07_validate_2023,model_s2_seasonality_municipality_offset,municipality[156],-1.15966263897185,0.122530279377829
fold_07_validate_2023,model_s2_seasonality_municipality_offset,municipality[157],-0.711821727163311,0.0614817796882652
fold_07_validate_2023,model_s2_seasonality_municipality_offset,municipality[158],-0.271227321202388,0.0631209759113306
fold_07_validate_2023,model_s2_seasonality_municipality_offset,municipality[159],-1.49328033725621,0.0851600343817014
fold_07_validate_2023,model_s2_seasonality_municipality_offset,municipality[160],-1.05464837486221,0.0422738329492032
fold_07_validate_2023,model_s2_seasonality_municipality_offset,municipality[161],-0.786537540828173,0.189794817436421
fold_07_validate_2023,model_s2_seasonality_municipality_offset,municipality[162],-0.147973338389685,0.0510035782396841
fold_07_validate_2023,model_s2_seasonality_municipality_offset,municipality[163],-0.581855999943197,0.130286045600653
fold_07_validate_2023,model_s2_seasonality_municipality_offset,municipality[164],-1.61510375129355,0.0715225790863579
fold_07_validate_2023,model_s2_seasonality_municipality_offset,municipality[165],-1.11067900276616,0.167587483988855
fold_07_validate_2023,model_s2_seasonality_municipality_offset,municipality[166],0.159803678359318,0.0413797220124643
fold_07_validate_2023,model_s2_seasonality_municipality_offset,municipality[167],-1.71625078910406,0.105722997636555
fold_07_validate_2023,model_s2_seasonality_municipality_offset,municipality[168],-1.6364254541894,0.0887893269897712
fold_07_validate_2023,model_s2_seasonality_municipality_offset,municipality[169],-0.872063586379201,0.0492588172752152
fold_07_validate_2023,model_s2_seasonality_municipality_offset,municipality[170],-0.837434113886495,0.0702667534543852
fold_07_validate_2023,model_s2_seasonality_municipality_offset,municipality[171],-1.82326999113996,0.0961059750484602
fold_07_validate_2023,model_s2_seasonality_municipality_offset,municipality[172],-1.64268733010249,0.130286045600476
fold_07_validate_2023,model_s2_seasonality_municipality_offset,municipality[173],-1.12386581135483,0.056999679665622
fold_07_validate_2023,model_s2_seasonality_municipality_offset,municipality[174],-1.29056512068573,0.0674171724932269
fold_07_validate_2023,model_s2_seasonality_municipality_offset,municipality[175],-0.845806581073183,0.0483767230879984
fold_07_validate_2023,model_s2_seasonality_municipality_offset,municipality[176],-0.0166006650634818,0.0708855989877138
fold_07_validate_2023,model_s2_seasonality_municipality_offset,municipality[177],-0.124301916666002,0.0782415522611471
fold_07_validate_2023,model_s2_seasonality_municipality_offset,municipality[178],-1.0899686522149,0.0649156145424642
fold_07_validate_2023,model_s2_seasonality_municipality_offset,municipality[179],-1.00173499562893,0.0875255859041201
fold_07_validate_2023,model_s2_seasonality_municipality_offset,municipality[180],0.55692895400199,0.0829863505632881
fold_07_validate_2023,model_s2_seasonality_municipality_offset,municipality[181],-0.627666593671736,0.0715225790864795
fold_07_validate_2023,model_s2_seasonality_municipality_offset,municipality[182],-1.26097884957824,0.134777334402163
fold_07_validate_2023,model_s2_seasonality_municipality_offset,municipality[183],-0.707476776626076,0.0471929317593489
fold_07_validate_2023,model_s2_seasonality_municipality_offset,municipality[184],-0.881163210387118,0.0944906168179782
fold_07_validate_2023,model_s2_seasonality_municipality_offset,municipality[185],-0.646783884615395,0.0929576266091104
fold_07_validate_2023,model_s2_seasonality_municipality_offset,municipality[186],-1.29718237608044,0.076572466115673
fold_07_validate_2023,model_s2_seasonality_municipality_offset,municipality[187],-0.837919946635865,0.0996151174659794
fold_07_validate_2023,model_s2_seasonality_municipality_offset,municipality[188],-0.793140713527864,0.101527272254254
fold_07_validate_2023,model_s2_seasonality_municipality_offset,municipality[189],-0.942906014084878,0.0782415522584152
fold_07_validate_2023,model_s2_seasonality_municipality_offset,municipality[190],-1.48138609333836,0.0390806756158157
fold_07_validate_2023,model_s2_seasonality_municipality_offset,municipality[191],-1.17547964481907,0.12253027937826
fold_07_validate_2023,model_s2_seasonality_municipality_offset,municipality[192],-0.41321534646676,0.0483767230869108
fold_07_validate_2023,model_s2_seasonality_municipality_offset,municipality[193],-1.05732567515618,0.0631209759083682
fold_07_validate_2023,model_s2_seasonality_municipality_offset,municipality[194],-1.06122565214874,0.0580970883434874
fold_07_validate_2023,model_s2_seasonality_municipality_offset,municipality[195],-0.457224971150382,0.0542159197922878
fold_07_validate_2023,model_s2_seasonality_municipality_offset,municipality[196],-1.26310150319877,0.0961059750483476
fold_07_validate_2023,model_s2_seasonality_municipality_offset,municipality[197],-1.54348540245359,0.108034362011112
fold_07_validate_2023,model_s2_seasonality_municipality_offset,municipality[198],-1.15458972489818,0.0978112788522154
fold_07_validate_2023,model_s2_seasonality_municipality_offset,municipality[199],-0.752287690302671,0.0663788194166052
fold_07_validate_2023,model_s2_seasonality_municipality_offset,municipality[200],-1.70559309872693,0.0875255859046208
fold_07_validate_2023,model_s2_seasonality_municipality_offset,municipality[201],-0.329184202023615,0.0469225575328349
fold_07_validate_2023,model_s2_seasonality_municipality_offset,municipality[202],-0.400942909927802,0.069080190552095
fold_07_validate_2023,model_s2_seasonality_municipality_offset,municipality[203],-0.689145886503707,0.0579358912877958
fold_07_validate_2023,model_s2_seasonality_municipality_offset,municipality[204],-0.982912913664861,0.0887893269899635
fold_07_validate_2023,model_s2_seasonality_municipality_offset,municipality[205],-0.226369894246002,0.063120975910315
fold_07_validate_2023,model_s2_seasonality_municipality_offset,municipality[206],-1.01392156138241,0.071848145025548
fold_07_validate_2023,model_s2_seasonality_municipality_offset,municipality[207],-1.0310469701719,0.0791212232218311
fold_07_validate_2023,model_s2_seasonality_municipality_offset,municipality[208],-0.69131469792567,0.0596199652669036
fold_07_validate_2023,model_s2_seasonality_municipality_offset,municipality[209],-0.577921174342678,0.0696652105205183
fold_07_validate_2023,model_s2_seasonality_municipality_offset,municipality[210],-0.671756525981455,0.0765724661154304
fold_07_validate_2023,model_s2_seasonality_municipality_offset,municipality[211],-1.25765471193415,0.086317113913962
fold_07_validate_2023,model_s2_seasonality_municipality_offset,municipality[212],-0.865624643849822,0.0757797441281923
fold_07_validate_2023,model_s2_seasonality_municipality_offset,municipality[213],-1.54743911863351,0.0944906168179201
fold_07_validate_2023,model_s3_seasonality_municipality_past_incidence_offset,intercept,-8.27192346688535,0.0181499321260231
fold_07_validate_2023,model_s3_seasonality_municipality_past_incidence_offset,seasonal_sin_annual,0.361378977647506,0.00433392147958628
fold_07_validate_2023,model_s3_seasonality_municipality_past_incidence_offset,seasonal_cos_annual,-1.08565500460549,0.00525730352235802
fold_07_validate_2023,model_s3_seasonality_municipality_past_incidence_offset,municipality[002],-0.687440696727777,0.0451662127673547
fold_07_validate_2023,model_s3_seasonality_municipality_past_incidence_offset,municipality[003],-0.757599190571861,0.0472539681223388
fold_07_validate_2023,model_s3_seasonality_municipality_past_incidence_offset,municipality[004],-0.340419870740696,0.045782585963058
fold_07_validate_2023,model_s3_seasonality_municipality_past_incidence_offset,municipality[005],-0.412795770399596,0.0506244867798759
fold_07_validate_2023,model_s3_seasonality_municipality_past_incidence_offset,municipality[006],-0.812143124889758,0.074706582173171
fold_07_validate_2023,model_s3_seasonality_municipality_past_incidence_offset,municipality[007],-0.273398968808597,0.0426090675331946
fold_07_validate_2023,model_s3_seasonality_municipality_past_incidence_offset,municipality[008],-0.653352047530423,0.0373468795732786
fold_07_validate_2023,model_s3_seasonality_municipality_past_incidence_offset,municipality[009],-1.85993437599183,0.0485456216662787
fold_07_validate_2023,model_s3_seasonality_municipality_past_incidence_offset,municipality[010],-0.90676490928423,0.0685682344140824
fold_07_validate_2023,model_s3_seasonality_municipality_past_incidence_offset,municipality[011],-1.88009489265731,0.036672224957388
fold_07_validate_2023,model_s3_seasonality_municipality_past_incidence_offset,municipality[012],-0.912548557916978,0.0519570323602477
fold_07_validate_2023,model_s3_seasonality_municipality_past_incidence_offset,municipality[013],-0.411181241353239,0.034599427317879
fold_07_validate_2023,model_s3_seasonality_municipality_past_incidence_offset,municipality[014],-0.573347615879774,0.054794726629805
fold_07_validate_2023,model_s3_seasonality_municipality_past_incidence_offset,municipality[015],-0.791715417510034,0.06545657225296
fold_07_validate_2023,model_s3_seasonality_municipality_past_incidence_offset,municipality[016],-1.30386869363515,0.0934117648472406
fold_07_validate_2023,model_s3_seasonality_municipality_past_incidence_offset,municipality[017],-0.528747963292505,0.0334153100785794
fold_07_validate_2023,model_s3_seasonality_municipality_past_incidence_offset,municipality[018],-0.769331120299714,0.0782790674993741
fold_07_validate_2023,model_s3_seasonality_municipality_past_incidence_offset,municipality[019],-1.09554503493339,0.0750842687160697
fold_07_validate_2023,model_s3_seasonality_municipality_past_incidence_offset,municipality[020],-0.686403490896007,0.0623356762673416
fold_07_validate_2023,model_s3_seasonality_municipality_past_incidence_offset,municipality[021],-0.0663545270330378,0.0338219993876618
fold_07_validate_2023,model_s3_seasonality_municipality_past_incidence_offset,municipality[022],-0.668798651154045,0.0505164188242965
fold_07_validate_2023,model_s3_seasonality_municipality_past_incidence_offset,municipality[023],-1.42278561178759,0.0345586805577388
fold_07_validate_2023,model_s3_seasonality_municipality_past_incidence_offset,municipality[024],-1.18309397698661,0.0930229741169968
fold_07_validate_2023,model_s3_seasonality_municipality_past_incidence_offset,municipality[025],-0.344399762711843,0.0366855218325844
fold_07_validate_2023,model_s3_seasonality_municipality_past_incidence_offset,municipality[026],-1.40332734613859,0.069185947792137
fold_07_validate_2023,model_s3_seasonality_municipality_past_incidence_offset,municipality[027],-0.209030024686708,0.037174867146968
fold_07_validate_2023,model_s3_seasonality_municipality_past_incidence_offset,municipality[028],-1.71026640652526,0.103634451427245
fold_07_validate_2023,model_s3_seasonality_municipality_past_incidence_offset,municipality[029],-0.304562976439432,0.0369515543899952
fold_07_validate_2023,model_s3_seasonality_municipality_past_incidence_offset,municipality[030],-0.554785160975536,0.0696759875463796
fold_07_validate_2023,model_s3_seasonality_municipality_past_incidence_offset,municipality[031],-0.424295997497002,0.0725256897750907
fold_07_validate_2023,model_s3_seasonality_municipality_past_incidence_offset,municipality[032],-1.16460582834152,0.0382830819947035
fold_07_validate_2023,model_s3_seasonality_municipality_past_incidence_offset,municipality[033],-0.550877761569773,0.0915099131825589
fold_07_validate_2023,model_s3_seasonality_municipality_past_incidence_offset,municipality[034],-1.46082133997803,0.0619956087183174
fold_07_validate_2023,model_s3_seasonality_municipality_past_incidence_offset,municipality[035],-1.3928821563163,0.0841355012248129
fold_07_validate_2023,model_s3_seasonality_municipality_past_incidence_offset,municipality[036],-0.765825244732863,0.0402361389650486
fold_07_validate_2023,model_s3_seasonality_municipality_past_incidence_offset,municipality[037],-0.269243729501557,0.0379507377429323
fold_07_validate_2023,model_s3_seasonality_municipality_past_incidence_offset,municipality[038],-1.06565072443926,0.043607860339864
fold_07_validate_2023,model_s3_seasonality_municipality_past_incidence_offset,municipality[039],-0.830781991444028,0.0360670187692508
fold_07_validate_2023,model_s3_seasonality_municipality_past_incidence_offset,municipality[040],-0.993795591575414,0.0391437107092948
fold_07_validate_2023,model_s3_seasonality_municipality_past_incidence_offset,municipality[041],-0.245104551577419,0.0267020102532164
fold_07_validate_2023,model_s3_seasonality_municipality_past_incidence_offset,municipality[042],-0.940600595133045,0.0901668678598932
fold_07_validate_2023,model_s3_seasonality_municipality_past_incidence_offset,municipality[043],-0.843486948016983,0.0296765664240714
fold_07_validate_2023,model_s3_seasonality_municipality_past_incidence_offset,municipality[044],-0.248376977326234,0.0427045445537091
fold_07_validate_2023,model_s3_seasonality_municipality_past_incidence_offset,municipality[045],-1.48436425348887,0.0736465683377254
fold_07_validate_2023,model_s3_seasonality_municipality_past_incidence_offset,municipality[046],0.208402642311098,0.0347001304885322
fold_07_validate_2023,model_s3_seasonality_municipality_past_incidence_offset,municipality[047],-1.05746125767624,0.189801464075958
fold_07_validate_2023,model_s3_seasonality_municipality_past_incidence_offset,municipality[048],-1.89877606960272,0.0597628442760759
fold_07_validate_2023,model_s3_seasonality_municipality_past_incidence_offset,municipality[049],-0.500811863420242,0.058622107289193
fold_07_validate_2023,model_s3_seasonality_municipality_past_incidence_offset,municipality[050],-1.10013284087428,0.0272578842554716
fold_07_validate_2023,model_s3_seasonality_municipality_past_incidence_offset,municipality[051],-2.11035617348629,0.145458567248729
fold_07_validate_2023,model_s3_seasonality_municipality_past_incidence_offset,municipality[052],-0.561893526795539,0.0230891097890582
fold_07_validate_2023,model_s3_seasonality_municipality_past_incidence_offset,municipality[053],-0.219270140676923,0.0422557597810716
fold_07_validate_2023,model_s3_seasonality_municipality_past_incidence_offset,municipality[054],-1.12389326688934,0.0344683829266388
fold_07_validate_2023,model_s3_seasonality_municipality_past_incidence_offset,municipality[055],-0.823212234911281,0.0611699356736206
fold_07_validate_2023,model_s3_seasonality_municipality_past_incidence_offset,municipality[056],-0.439349711863026,0.0830050975470841
fold_07_validate_2023,model_s3_seasonality_municipality_past_incidence_offset,municipality[057],-1.01928432805009,0.0432709788258899
fold_07_validate_2023,model_s3_seasonality_municipality_past_incidence_offset,municipality[058],-0.86255607916914,0.0482946742563058
fold_07_validate_2023,model_s3_seasonality_municipality_past_incidence_offset,municipality[059],-0.805582790902721,0.0427945544871347
fold_07_validate_2023,model_s3_seasonality_municipality_past_incidence_offset,municipality[060],-0.986994954683039,0.039926640639386
fold_07_validate_2023,model_s3_seasonality_municipality_past_incidence_offset,municipality[061],-0.920998583030573,0.0195125968060228
fold_07_validate_2023,model_s3_seasonality_municipality_past_incidence_offset,municipality[062],-0.159768698411304,0.0567061978024016
fold_07_validate_2023,model_s3_seasonality_municipality_past_incidence_offset,municipality[063],0.314743101731462,0.025828851716934
fold_07_validate_2023,model_s3_seasonality_municipality_past_incidence_offset,municipality[064],-0.448492794098291,0.0325764095984064
fold_07_validate_2023,model_s3_seasonality_municipality_past_incidence_offset,municipality[065],-0.508806517359905,0.057823471705794
fold_07_validate_2023,model_s3_seasonality_municipality_past_incidence_offset,municipality[066],-1.70663793631444,0.151819336465946
fold_07_validate_2023,model_s3_seasonality_municipality_past_incidence_offset,municipality[067],0.0092171536584572,0.0635999518207313
fold_07_validate_2023,model_s3_seasonality_municipality_past_incidence_offset,municipality[068],-1.30653695575569,0.0716248222675479
fold_07_validate_2023,model_s3_seasonality_municipality_past_incidence_offset,municipality[069],-0.774326633613943,0.0645153452425444
fold_07_validate_2023,model_s3_seasonality_municipality_past_incidence_offset,municipality[070],-1.22084291306505,0.0233447994927688
fold_07_validate_2023,model_s3_seasonality_municipality_past_incidence_offset,municipality[071],-0.667304385299161,0.0339093139510163
fold_07_validate_2023,model_s3_seasonality_municipality_past_incidence_offset,municipality[072],-1.29257440707739,0.0610106714741766
fold_07_validate_2023,model_s3_seasonality_municipality_past_incidence_offset,municipality[073],-0.783511160303198,0.0465623817046922
fold_07_validate_2023,model_s3_seasonality_municipality_past_incidence_offset,municipality[074],-0.80441380486995,0.0692911915994305
fold_07_validate_2023,model_s3_seasonality_municipality_past_incidence_offset,municipality[075],-0.118527314119849,0.0413823869377234
fold_07_validate_2023,model_s3_seasonality_municipality_past_incidence_offset,municipality[076],-0.897758339966409,0.0645167978970813
fold_07_validate_2023,model_s3_seasonality_municipality_past_incidence_offset,municipality[077],-1.19456902632703,0.0700538311555881
fold_07_validate_2023,model_s3_seasonality_municipality_past_incidence_offset,municipality[078],-0.455351481820564,0.0462290273815827
fold_07_validate_2023,model_s3_seasonality_municipality_past_incidence_offset,municipality[079],-0.238568634936982,0.0477176531585935
fold_07_validate_2023,model_s3_seasonality_municipality_past_incidence_offset,municipality[080],-1.01884224508972,0.0373721371935433
fold_07_validate_2023,model_s3_seasonality_municipality_past_incidence_offset,municipality[081],-0.491324635020412,0.0596490558906277
fold_07_validate_2023,model_s3_seasonality_municipality_past_incidence_offset,municipality[082],-0.529888625973944,0.0500682088841915
fold_07_validate_2023,model_s3_seasonality_municipality_past_incidence_offset,municipality[083],-0.752697490416342,0.0774278654121713
fold_07_validate_2023,model_s3_seasonality_municipality_past_incidence_offset,municipality[084],-0.323401076238173,0.0244766887726281
fold_07_validate_2023,model_s3_seasonality_municipality_past_incidence_offset,municipality[085],-0.605570149012595,0.0256262114649544
fold_07_validate_2023,model_s3_seasonality_municipality_past_incidence_offset,municipality[086],-1.58220211042555,0.151823679762771
fold_07_validate_2023,model_s3_seasonality_municipality_past_incidence_offset,municipality[087],-0.395292190393146,0.0335987602789627
fold_07_validate_2023,model_s3_seasonality_municipality_past_incidence_offset,municipality[088],-1.13566079560302,0.250628948092889
fold_07_validate_2023,model_s3_seasonality_municipality_past_incidence_offset,municipality[089],-0.920343528732647,0.0526794710197989
fold_07_validate_2023,model_s3_seasonality_municipality_past_incidence_offset,municipality[090],-1.25759046649707,0.0421656669898984
fold_07_validate_2023,model_s3_seasonality_municipality_past_incidence_offset,municipality[091],-0.165423134133578,0.0387837841860805
fold_07_validate_2023,model_s3_seasonality_municipality_past_incidence_offset,municipality[092],-2.06729430185567,0.134840030155253
fold_07_validate_2023,model_s3_seasonality_municipality_past_incidence_offset,municipality[093],-0.490319396965421,0.0709162663731078
fold_07_validate_2023,model_s3_seasonality_municipality_past_incidence_offset,municipality[094],-0.472992136769062,0.0315524481730999
fold_07_validate_2023,model_s3_seasonality_municipality_past_incidence_offset,municipality[095],-0.335647451089833,0.0531300655015243
fold_07_validate_2023,model_s3_seasonality_municipality_past_incidence_offset,municipality[096],-1.00787514750508,0.0343224407844925
fold_07_validate_2023,model_s3_seasonality_municipality_past_incidence_offset,municipality[097],-0.4644070511387,0.0459376174829613
fold_07_validate_2023,model_s3_seasonality_municipality_past_incidence_offset,municipality[098],-1.11986188202683,0.0583606691542616
fold_07_validate_2023,model_s3_seasonality_municipality_past_incidence_offset,municipality[099],-1.67882809059002,0.099688333615149
fold_07_validate_2023,model_s3_seasonality_municipality_past_incidence_offset,municipality[100],-0.71673609471919,0.0558964730455009
fold_07_validate_2023,model_s3_seasonality_municipality_past_incidence_offset,municipality[101],-0.933939014809525,0.0577170575687083
fold_07_validate_2023,model_s3_seasonality_municipality_past_incidence_offset,municipality[102],0.0299448879151507,0.0246527620720442
fold_07_validate_2023,model_s3_seasonality_municipality_past_incidence_offset,municipality[103],-0.204421914282981,0.031521507921144
fold_07_validate_2023,model_s3_seasonality_municipality_past_incidence_offset,municipality[104],-1.45160134352413,0.0612174528882152
fold_07_validate_2023,model_s3_seasonality_municipality_past_incidence_offset,municipality[105],-1.15203796625797,0.0885321810011849
fold_07_validate_2023,model_s3_seasonality_municipality_past_incidence_offset,municipality[106],-1.28479928328687,0.0525984364560829
fold_07_validate_2023,model_s3_seasonality_municipality_past_incidence_offset,municipality[107],-0.772922094838739,0.0729074447274613
fold_07_validate_2023,model_s3_seasonality_municipality_past_incidence_offset,municipality[108],-1.17551448764143,0.0608157682134953
fold_07_validate_2023,model_s3_seasonality_municipality_past_incidence_offset,municipality[109],-0.181565561985657,0.0477170515771855
fold_07_validate_2023,model_s3_seasonality_municipality_past_incidence_offset,municipality[110],-1.07264803364156,0.0392254403241092
fold_07_validate_2023,model_s3_seasonality_municipality_past_incidence_offset,municipality[111],-1.31102893602339,0.0489032024946413
fold_07_validate_2023,model_s3_seasonality_municipality_past_incidence_offset,municipality[112],-0.680812064610168,0.0340211300972836
fold_07_validate_2023,model_s3_seasonality_municipality_past_incidence_offset,municipality[113],-1.22343267919053,0.0361227524879982
fold_07_validate_2023,model_s3_seasonality_municipality_past_incidence_offset,municipality[114],-1.074493670136,0.0422479475941331
fold_07_validate_2023,model_s3_seasonality_municipality_past_incidence_offset,municipality[115],-0.8846791879227,0.067472644829491
fold_07_validate_2023,model_s3_seasonality_municipality_past_incidence_offset,municipality[116],0.0930697672678401,0.0459111852507243
fold_07_validate_2023,model_s3_seasonality_municipality_past_incidence_offset,municipality[117],-0.352588344114927,0.0374355363915909
fold_07_validate_2023,model_s3_seasonality_municipality_past_incidence_offset,municipality[118],-0.896439252186952,0.0491297349023706
fold_07_validate_2023,model_s3_seasonality_municipality_past_incidence_offset,municipality[119],-0.631010529543795,0.0462388273965679
fold_07_validate_2023,model_s3_seasonality_municipality_past_incidence_offset,municipality[120],-0.649870683040457,0.0319453387698358
fold_07_validate_2023,model_s3_seasonality_municipality_past_incidence_offset,municipality[121],-1.19549146402185,0.0875876256497392
fold_07_validate_2023,model_s3_seasonality_municipality_past_incidence_offset,municipality[122],-0.378596235353494,0.0271942525752357
fold_07_validate_2023,model_s3_seasonality_municipality_past_incidence_offset,municipality[123],-0.457603171035781,0.0357136686964301
fold_07_validate_2023,model_s3_seasonality_municipality_past_incidence_offset,municipality[124],-1.49136238685901,0.0601062073058578
fold_07_validate_2023,model_s3_seasonality_municipality_past_incidence_offset,municipality[125],-1.53812324047,0.10579297768175
fold_07_validate_2023,model_s3_seasonality_municipality_past_incidence_offset,municipality[126],-1.26136290444472,0.0577306921559481
fold_07_validate_2023,model_s3_seasonality_municipality_past_incidence_offset,municipality[127],-1.39797727960574,0.0852407330847368
fold_07_validate_2023,model_s3_seasonality_municipality_past_incidence_offset,municipality[128],-0.0281069846769638,0.0291787346407697
fold_07_validate_2023,model_s3_seasonality_municipality_past_incidence_offset,municipality[129],-0.922367752469439,0.0379255455879002
fold_07_validate_2023,model_s3_seasonality_municipality_past_incidence_offset,municipality[130],-0.960975929069577,0.0424690682107533
fold_07_validate_2023,model_s3_seasonality_municipality_past_incidence_offset,municipality[131],-0.785207435664721,0.0370551474950328
fold_07_validate_2023,model_s3_seasonality_municipality_past_incidence_offset,municipality[132],-0.500433683492653,0.061921581460025
fold_07_validate_2023,model_s3_seasonality_municipality_past_incidence_offset,municipality[133],-1.67307960311996,0.0393788069382417
fold_07_validate_2023,model_s3_seasonality_municipality_past_incidence_offset,municipality[134],-0.00957789633717821,0.0408303416419616
fold_07_validate_2023,model_s3_seasonality_municipality_past_incidence_offset,municipality[135],-1.22700458377456,0.0697547894107552
fold_07_validate_2023,model_s3_seasonality_municipality_past_incidence_offset,municipality[136],0.0903847414876577,0.0341477387978109
fold_07_validate_2023,model_s3_seasonality_municipality_past_incidence_offset,municipality[137],-0.447441791310325,0.0702834661827298
fold_07_validate_2023,model_s3_seasonality_municipality_past_incidence_offset,municipality[138],-0.53016237868859,0.051620878335286
fold_07_validate_2023,model_s3_seasonality_municipality_past_incidence_offset,municipality[139],-1.06323080182894,0.0521784146902114
fold_07_validate_2023,model_s3_seasonality_municipality_past_incidence_offset,municipality[140],-0.426555135349044,0.0301326282756969
fold_07_validate_2023,model_s3_seasonality_municipality_past_incidence_offset,municipality[141],-0.693556619735358,0.0743053618871242
fold_07_validate_2023,model_s3_seasonality_municipality_past_incidence_offset,municipality[142],-0.883150124393325,0.0369137663149682
fold_07_validate_2023,model_s3_seasonality_municipality_past_incidence_offset,municipality[143],-1.12192988397354,0.119204509694452
fold_07_validate_2023,model_s3_seasonality_municipality_past_incidence_offset,municipality[144],-0.892325340947073,0.0550870022570831
fold_07_validate_2023,model_s3_seasonality_municipality_past_incidence_offset,municipality[146],-0.1166571639132,0.0366348048325781
fold_07_validate_2023,model_s3_seasonality_municipality_past_incidence_offset,municipality[147],-0.514752942338878,0.0512479860209492
fold_07_validate_2023,model_s3_seasonality_municipality_past_incidence_offset,municipality[148],-0.464569542049004,0.0663940125515473
fold_07_validate_2023,model_s3_seasonality_municipality_past_incidence_offset,municipality[149],-1.52447335181609,0.159115236718888
fold_07_validate_2023,model_s3_seasonality_municipality_past_incidence_offset,municipality[150],-0.29787394754225,0.0765780271055517
fold_07_validate_2023,model_s3_seasonality_municipality_past_incidence_offset,municipality[151],-0.704675195496151,0.0535316418498666
fold_07_validate_2023,model_s3_seasonality_municipality_past_incidence_offset,municipality[152],-0.968308290471223,0.105774055346028
fold_07_validate_2023,model_s3_seasonality_municipality_past_incidence_offset,municipality[153],-0.646753931305163,0.0819999103971359
fold_07_validate_2023,model_s3_seasonality_municipality_past_incidence_offset,municipality[154],-0.148541161014431,0.0881509259840734
fold_07_validate_2023,model_s3_seasonality_municipality_past_incidence_offset,municipality[155],-2.07706207301367,0.16763802943077
fold_07_validate_2023,model_s3_seasonality_municipality_past_incidence_offset,municipality[156],-0.971811429077466,0.122562930066289
fold_07_validate_2023,model_s3_seasonality_municipality_past_incidence_offset,municipality[157],-0.568026184669685,0.0615184412412073
fold_07_validate_2023,model_s3_seasonality_municipality_past_incidence_offset,municipality[158],-0.202356549669938,0.0631273746044924
fold_07_validate_2023,model_s3_seasonality_municipality_past_incidence_offset,municipality[159],-1.27077465488059,0.0852309169087382
fold_07_validate_2023,model_s3_seasonality_municipality_past_incidence_offset,municipality[160],-0.864048174897193,0.0423836351492086
fold_07_validate_2023,model_s3_seasonality_municipality_past_incidence_offset,municipality[161],-0.763387509072018,0.189799719214082
fold_07_validate_2023,model_s3_seasonality_municipality_past_incidence_offset,municipality[162],-0.134524372852309,0.0510041207297811
fold_07_validate_2023,model_s3_seasonality_municipality_past_incidence_offset,municipality[163],-0.443752387168776,0.130297344680951
fold_07_validate_2023,model_s3_seasonality_municipality_past_incidence_offset,municipality[164],-1.37224522782543,0.0716241121140955
fold_07_validate_2023,model_s3_seasonality_municipality_past_incidence_offset,municipality[165],-0.914683826956902,0.167609436189434
fold_07_validate_2023,model_s3_seasonality_municipality_past_incidence_offset,municipality[166],0.175307834016118,0.0413804092050585
fold_07_validate_2023,model_s3_seasonality_municipality_past_incidence_offset,municipality[167],-1.46679411090904,0.105795382448902
fold_07_validate_2023,model_s3_seasonality_municipality_past_incidence_offset,municipality[168],-1.3977654132002,0.0888685576940411
fold_07_validate_2023,model_s3_seasonality_municipality_past_incidence_offset,municipality[169],-0.69843651952124,0.0493350084452017
fold_07_validate_2023,model_s3_seasonality_municipality_past_incidence_offset,municipality[170],-0.693681844068466,0.0702917849544508
fold_07_validate_2023,model_s3_seasonality_municipality_past_incidence_offset,municipality[171],-1.58192063070627,0.0961806812431009
fold_07_validate_2023,model_s3_seasonality_municipality_past_incidence_offset,municipality[172],-1.39857352644835,0.130341287773393
fold_07_validate_2023,model_s3_seasonality_municipality_past_incidence_offset,municipality[173],-0.926119500868448,0.0570863924938144
fold_07_validate_2023,model_s3_seasonality_municipality_past_incidence_offset,municipality[174],-1.08288401291672,0.067495753532832
fold_07_validate_2023,model_s3_seasonality_municipality_past_incidence_offset,municipality[175],-0.686482465436696,0.0484395640084235
fold_07_validate_2023,model_s3_seasonality_municipality_past_incidence_offset,municipality[176],0.0250950337834959,0.0708863168286014
fold_07_validate_2023,model_s3_seasonality_municipality_past_incidence_offset,municipality[177],-0.0814129361594564,0.0782437840533415
fold_07_validate_2023,model_s3_seasonality_municipality_past_incidence_offset,municipality[178],-0.893189322619958,0.0649893701595352
fold_07_validate_2023,model_s3_seasonality_municipality_past_incidence_offset,municipality[179],-0.840784492525683,0.0875575631734496
fold_07_validate_2023,model_s3_seasonality_municipality_past_incidence_offset,municipality[180],-0.927419858494735,0.100847988329546
fold_07_validate_2023,model_s3_seasonality_municipality_past_incidence_offset,municipality[181],-0.504122634211668,0.0715462980639818
fold_07_validate_2023,model_s3_seasonality_municipality_past_incidence_offset,municipality[182],-1.06434156109059,0.134807045973505
fold_07_validate_2023,model_s3_seasonality_municipality_past_incidence_offset,municipality[183],-0.547458424730858,0.0472608271921805
fold_07_validate_2023,model_s3_seasonality_municipality_past_incidence_offset,municipality[184],-0.779371845070646,0.0944924832406616
fold_07_validate_2023,model_s3_seasonality_municipality_past_incidence_offset,municipality[185],-0.545060427259735,0.0929643133109462
fold_07_validate_2023,model_s3_seasonality_municipality_past_incidence_offset,municipality[186],-1.0908463451797,0.0766416181428387
fold_07_validate_2023,model_s3_seasonality_municipality_past_incidence_offset,municipality[187],-0.671996330791493,0.0996452427367021
fold_07_validate_2023,model_s3_seasonality_municipality_past_incidence_offset,municipality[188],-0.608853873074289,0.10156296708857
fold_07_validate_2023,model_s3_seasonality_municipality_past_incidence_offset,municipality[189],-0.785299265954961,0.0782734657918771
fold_07_validate_2023,model_s3_seasonality_municipality_past_incidence_offset,municipality[190],-1.2500483625537,0.0392523317431222
fold_07_validate_2023,model_s3_seasonality_municipality_past_incidence_offset,municipality[191],-0.971090576904981,0.122569420679617
fold_07_validate_2023,model_s3_seasonality_municipality_past_incidence_offset,municipality[192],-0.321232265446764,0.0483976278444154
fold_07_validate_2023,model_s3_seasonality_municipality_past_incidence_offset,municipality[193],-0.867502195888931,0.0631832001912772
fold_07_validate_2023,model_s3_seasonality_municipality_past_incidence_offset,municipality[194],-0.873481387526256,0.0581712817384975
fold_07_validate_2023,model_s3_seasonality_municipality_past_incidence_offset,municipality[195],-0.370594394807674,0.0542293455625958
fold_07_validate_2023,model_s3_seasonality_municipality_past_incidence_offset,municipality[196],-1.05268817709488,0.0961623040095415
fold_07_validate_2023,model_s3_seasonality_municipality_past_incidence_offset,municipality[197],-1.31861131793914,0.108091074844131
fold_07_validate_2023,model_s3_seasonality_municipality_past_incidence_offset,municipality[198],-0.964764197343239,0.0978508279364941
fold_07_validate_2023,model_s3_seasonality_municipality_past_incidence_offset,municipality[199],-0.619470275121657,0.066405245758091
fold_07_validate_2023,model_s3_seasonality_municipality_past_incidence_offset,municipality[200],-1.46305524071712,0.0876078226556144
fold_07_validate_2023,model_s3_seasonality_municipality_past_incidence_offset,municipality[201],-0.255103919021472,0.0469367358326923
fold_07_validate_2023,model_s3_seasonality_municipality_past_incidence_offset,municipality[202],-0.314483477480546,0.0690902826460389
fold_07_validate_2023,model_s3_seasonality_municipality_past_incidence_offset,municipality[203],-0.560961662610478,0.0579653053908819
fold_07_validate_2023,model_s3_seasonality_municipality_past_incidence_offset,municipality[204],-0.795016892574844,0.0888367833165671
fold_07_validate_2023,model_s3_seasonality_municipality_past_incidence_offset,municipality[205],-0.183711050592716,0.0631215625183089
fold_07_validate_2023,model_s3_seasonality_municipality_past_incidence_offset,municipality[206],-0.84611269591142,0.0718947010905401
fold_07_validate_2023,model_s3_seasonality_municipality_past_incidence_offset,municipality[207],-0.841206098108723,0.0791752237628799
fold_07_validate_2023,model_s3_seasonality_municipality_past_incidence_offset,municipality[208],-0.559774778432473,0.059655394402533
fold_07_validate_2023,model_s3_seasonality_municipality_past_incidence_offset,municipality[209],-0.475346620337239,0.0696736895579772
fold_07_validate_2023,model_s3_seasonality_municipality_past_incidence_offset,municipality[210],-0.516988436599518,0.0766089837337777
fold_07_validate_2023,model_s3_seasonality_municipality_past_incidence_offset,municipality[211],-1.05287832479881,0.0863756172883911
fold_07_validate_2023,model_s3_seasonality_municipality_past_incidence_offset,municipality[212],-0.698478115323393,0.075822046697188
fold_07_validate_2023,model_s3_seasonality_municipality_past_incidence_offset,municipality[213],-1.32241935898898,0.0945566449750454
fold_07_validate_2023,model_s3_seasonality_municipality_past_incidence_offset,past_4w_lyme_incidence_per_100000,0.00391277009882161,5.89142071848224e-05
fold_08_validate_2024,model_s1_seasonality_offset,intercept,-9.02118894375944,0.00360533674839046
fold_08_validate_2024,model_s1_seasonality_offset,seasonal_sin_annual,0.307271053973175,0.00403215351040084
fold_08_validate_2024,model_s1_seasonality_offset,seasonal_cos_annual,-1.19576312191042,0.00470933136473598
fold_08_validate_2024,model_s2_seasonality_municipality_offset,intercept,-8.07613399278573,0.0169834715325895
fold_08_validate_2024,model_s2_seasonality_municipality_offset,seasonal_sin_annual,0.30726918281499,0.00403214949487116
fold_08_validate_2024,model_s2_seasonality_municipality_offset,seasonal_cos_annual,-1.19575683165678,0.00470933973528327
fold_08_validate_2024,model_s2_seasonality_municipality_offset,municipality[002],-0.895905070969665,0.0437738960023459
fold_08_validate_2024,model_s2_seasonality_municipality_offset,municipality[003],-0.943087026774538,0.0449925251751852
fold_08_validate_2024,model_s2_seasonality_municipality_offset,municipality[004],-0.45703176764188,0.0437738960075917
fold_08_validate_2024,model_s2_seasonality_municipality_offset,municipality[005],-0.477668738365119,0.0474412371250652
fold_08_validate_2024,model_s2_seasonality_municipality_offset,municipality[006],-0.993549769463476,0.0707046545495173
fold_08_validate_2024,model_s2_seasonality_municipality_offset,municipality[007],-0.357218345101177,0.040784586704105
fold_08_validate_2024,model_s2_seasonality_municipality_offset,municipality[008],-0.777411923751809,0.035226975655133
fold_08_validate_2024,model_s2_seasonality_municipality_offset,municipality[009],-2.13094445268646,0.0466487560058727
fold_08_validate_2024,model_s2_seasonality_municipality_offset,municipality[010],-1.13402081847507,0.0672268932703563
fold_08_validate_2024,model_s2_seasonality_municipality_offset,municipality[011],-2.20485523106408,0.0358633950903613
fold_08_validate_2024,model_s2_seasonality_municipality_offset,municipality[012],-1.11280457873362,0.0494638171536473
fold_08_validate_2024,model_s2_seasonality_municipality_offset,municipality[013],-0.529086842114821,0.032906041319402
fold_08_validate_2024,model_s2_seasonality_municipality_offset,municipality[014],-0.73649765520934,0.0525110899514439
fold_08_validate_2024,model_s2_seasonality_municipality_offset,municipality[015],-0.97198223791643,0.0624928431804086
fold_08_validate_2024,model_s2_seasonality_municipality_offset,municipality[016],-1.58570025097711,0.0913601837372781
fold_08_validate_2024,model_s2_seasonality_municipality_offset,municipality[017],-0.700970225696972,0.0323526357032983
fold_08_validate_2024,model_s2_seasonality_municipality_offset,municipality[018],-0.912194604652026,0.0742816877644387
fold_08_validate_2024,model_s2_seasonality_municipality_offset,municipality[019],-1.35430318124258,0.0733771617026923
fold_08_validate_2024,model_s2_seasonality_municipality_offset,municipality[020],-0.853279037451562,0.0597632054632924
fold_08_validate_2024,model_s2_seasonality_municipality_offset,municipality[021],-0.0880968032152635,0.0324710303977707
fold_08_validate_2024,model_s2_seasonality_municipality_offset,municipality[022],-0.829643139100857,0.0481541994093158
fold_08_validate_2024,model_s2_seasonality_municipality_offset,municipality[023],-1.67413589147299,0.0329942215515816
fold_08_validate_2024,model_s2_seasonality_municipality_offset,municipality[024],-1.45606555156697,0.0913601837351033
fold_08_validate_2024,model_s2_seasonality_municipality_offset,municipality[025],-0.415800017409487,0.034844418379298
fold_08_validate_2024,model_s2_seasonality_municipality_offset,municipality[026],-1.66249462293065,0.0666995780313373
fold_08_validate_2024,model_s2_seasonality_municipality_offset,municipality[027],-0.354672796099281,0.0362219982924936
fold_08_validate_2024,model_s2_seasonality_municipality_offset,municipality[028],-1.96993575719642,0.0994864395699068
fold_08_validate_2024,model_s2_seasonality_municipality_offset,municipality[029],-0.459745929259482,0.0360912067718293
fold_08_validate_2024,model_s2_seasonality_municipality_offset,municipality[030],-0.729452432964056,0.0688945045503136
fold_08_validate_2024,model_s2_seasonality_municipality_offset,municipality[031],-0.6031310384368,0.07200088768547
fold_08_validate_2024,model_s2_seasonality_municipality_offset,municipality[032],-1.38974623903086,0.0365348959468964
fold_08_validate_2024,model_s2_seasonality_municipality_offset,municipality[033],-0.704084543055736,0.089970367585564
fold_08_validate_2024,model_s2_seasonality_municipality_offset,municipality[034],-1.75459805202115,0.0608836971418463
fold_08_validate_2024,model_s2_seasonality_municipality_offset,municipality[035],-1.62726213914708,0.0798731996335932
fold_08_validate_2024,model_s2_seasonality_municipality_offset,municipality[036],-0.924965360238961,0.0380125997632011
fold_08_validate_2024,model_s2_seasonality_municipality_offset,municipality[037],-0.338367695423814,0.0362073697926973
fold_08_validate_2024,model_s2_seasonality_municipality_offset,municipality[038],-1.27227221562335,0.0415602423988853
fold_08_validate_2024,model_s2_seasonality_municipality_offset,municipality[039],-1.05566888630415,0.0348568911976973
fold_08_validate_2024,model_s2_seasonality_municipality_offset,municipality[040],-1.19946417736339,0.0373266413437098
fold_08_validate_2024,model_s2_seasonality_municipality_offset,municipality[041],-0.35945025573668,0.0255127146012836
fold_08_validate_2024,model_s2_seasonality_municipality_offset,municipality[042],-1.08814657199791,0.0838982943792517
fold_08_validate_2024,model_s2_seasonality_municipality_offset,municipality[043],-1.08434878307705,0.0287289069691436
fold_08_validate_2024,model_s2_seasonality_municipality_offset,municipality[044],-0.287284669771215,0.0405075634347248
fold_08_validate_2024,model_s2_seasonality_municipality_offset,municipality[045],-1.74677312951386,0.0713432502106422
fold_08_validate_2024,model_s2_seasonality_municipality_offset,municipality[046],0.533297036615427,0.0326194400920369
fold_08_validate_2024,model_s2_seasonality_municipality_offset,municipality[047],-1.15901007348293,0.177572990749743
fold_08_validate_2024,model_s2_seasonality_municipality_offset,municipality[048],-2.16801264855081,0.0573952544722489
fold_08_validate_2024,model_s2_seasonality_municipality_offset,municipality[049],-0.654552300436767,0.0567744970341286
fold_08_validate_2024,model_s2_seasonality_municipality_offset,municipality[050],-1.32524280961768,0.0259885239659977
fold_08_validate_2024,model_s2_seasonality_municipality_offset,municipality[051],-2.37747669138078,0.139688712048933
fold_08_validate_2024,model_s2_seasonality_municipality_offset,municipality[052],-0.738049569535897,0.0220014745564634
fold_08_validate_2024,model_s2_seasonality_municipality_offset,municipality[053],-0.392940178140754,0.0407845869441932
fold_08_validate_2024,model_s2_seasonality_municipality_offset,municipality[054],-1.35532236260323,0.033113430667929
fold_08_validate_2024,model_s2_seasonality_municipality_offset,municipality[055],-1.04939061374424,0.0594047160555741
fold_08_validate_2024,model_s2_seasonality_municipality_offset,municipality[056],-0.628878890755549,0.0818072335016975
fold_08_validate_2024,model_s2_seasonality_municipality_offset,municipality[057],-1.25824468671398,0.0417630859400139
fold_08_validate_2024,model_s2_seasonality_municipality_offset,municipality[058],-1.0115307819203,0.0454739631943797
fold_08_validate_2024,model_s2_seasonality_municipality_offset,municipality[059],-1.00970571957398,0.0413610743547729
fold_08_validate_2024,model_s2_seasonality_municipality_offset,municipality[060],-1.23692307577722,0.0387515062676465
fold_08_validate_2024,model_s2_seasonality_municipality_offset,municipality[061],-1.10520618000514,0.0184010991932709
fold_08_validate_2024,model_s2_seasonality_municipality_offset,municipality[062],-0.31530847380824,0.0564725047020289
fold_08_validate_2024,model_s2_seasonality_municipality_offset,municipality[063],0.316154046427515,0.025148155802587
fold_08_validate_2024,model_s2_seasonality_municipality_offset,municipality[064],-0.560723570986937,0.0309195971902358
fold_08_validate_2024,model_s2_seasonality_municipality_offset,municipality[065],-0.728031774974382,0.057237915928455
fold_08_validate_2024,model_s2_seasonality_municipality_offset,municipality[066],-1.94761127315446,0.145311735164755
fold_08_validate_2024,model_s2_seasonality_municipality_offset,municipality[067],0.0073325143423252,0.0629177052300961
fold_08_validate_2024,model_s2_seasonality_municipality_offset,municipality[068],-1.58102062276624,0.0694810879905336
fold_08_validate_2024,model_s2_seasonality_municipality_offset,municipality[069],-1.02872975147905,0.0637969108255175
fold_08_validate_2024,model_s2_seasonality_municipality_offset,municipality[070],-1.49429057272574,0.0223234522376119
fold_08_validate_2024,model_s2_seasonality_municipality_offset,municipality[071],-0.830579137090419,0.0322717908638868
fold_08_validate_2024,model_s2_seasonality_municipality_offset,municipality[072],-1.60033415015813,0.0603147721639516
fold_08_validate_2024,model_s2_seasonality_municipality_offset,municipality[073],-0.992852226142909,0.0450601685660099
fold_08_validate_2024,model_s2_seasonality_municipality_offset,municipality[074],-1.06019388013748,0.0683237290795234
fold_08_validate_2024,model_s2_seasonality_municipality_offset,municipality[075],-0.129942048792904,0.0392633784427441
fold_08_validate_2024,model_s2_seasonality_municipality_offset,municipality[076],-1.12414512112302,0.0629177052292089
fold_08_validate_2024,model_s2_seasonality_municipality_offset,municipality[077],-1.47396240613075,0.068607184783798
fold_08_validate_2024,model_s2_seasonality_municipality_offset,municipality[078],-0.655177032345147,0.0454739631943957
fold_08_validate_2024,model_s2_seasonality_municipality_offset,municipality[079],-0.404530917162842,0.0474412371284554
fold_08_validate_2024,model_s2_seasonality_municipality_offset,municipality[080],-1.28606880872975,0.0364895188584153
fold_08_validate_2024,model_s2_seasonality_municipality_offset,municipality[081],-0.606418560542495,0.0567744970349872
fold_08_validate_2024,model_s2_seasonality_municipality_offset,municipality[082],-0.686887555866113,0.0479405472980879
fold_08_validate_2024,model_s2_seasonality_municipality_offset,municipality[083],-1.00262220708138,0.0772268426436932
fold_08_validate_2024,model_s2_seasonality_municipality_offset,municipality[084],-0.446593753080889,0.0234454640056664
fold_08_validate_2024,model_s2_seasonality_municipality_offset,municipality[085],-0.789940483098455,0.024634170730244
fold_08_validate_2024,model_s2_seasonality_municipality_offset,municipality[086],-1.91687515959916,0.151688627690331
fold_08_validate_2024,model_s2_seasonality_municipality_offset,municipality[087],-0.503452519806037,0.0320518880275138
fold_08_validate_2024,model_s2_seasonality_municipality_offset,municipality[088],-1.41352762022219,0.250563696726763
fold_08_validate_2024,model_s2_seasonality_municipality_offset,municipality[089],-1.15324610181291,0.051013259626695
fold_08_validate_2024,model_s2_seasonality_municipality_offset,municipality[090],-1.45670893378834,0.0398239627321738
fold_08_validate_2024,model_s2_seasonality_municipality_offset,municipality[091],-0.219004673390839,0.0372607264175211
fold_08_validate_2024,model_s2_seasonality_municipality_offset,municipality[092],-2.42253197808235,0.134682255328759
fold_08_validate_2024,model_s2_seasonality_municipality_offset,municipality[093],-0.617329712586294,0.0674957133204965
fold_08_validate_2024,model_s2_seasonality_municipality_offset,municipality[094],-0.665701662904066,0.0305207747647871
fold_08_validate_2024,model_s2_seasonality_municipality_offset,municipality[095],-0.440830556256631,0.0508558207916628
fold_08_validate_2024,model_s2_seasonality_municipality_offset,municipality[096],-1.24908692383149,0.0331134306662391
fold_08_validate_2024,model_s2_seasonality_municipality_offset,municipality[097],-0.582863827282025,0.0438965133608928
fold_08_validate_2024,model_s2_seasonality_municipality_offset,municipality[098],-1.4037193911708,0.05739525447203
fold_08_validate_2024,model_s2_seasonality_municipality_offset,municipality[099],-2.00493604842923,0.0994864395714585
fold_08_validate_2024,model_s2_seasonality_municipality_offset,municipality[100],-0.950981590864849,0.0550401652474669
fold_08_validate_2024,model_s2_seasonality_municipality_offset,municipality[101],-1.09934381591093,0.0540434035795998
fold_08_validate_2024,model_s2_seasonality_municipality_offset,municipality[102],0.0437014930948437,0.0235873909924401
fold_08_validate_2024,model_s2_seasonality_municipality_offset,municipality[103],-0.306525039659765,0.0306042040390798
fold_08_validate_2024,model_s2_seasonality_municipality_offset,municipality[104],-1.68093856351167,0.0580395278751984
fold_08_validate_2024,model_s2_seasonality_municipality_offset,municipality[105],-1.31757829185533,0.082831844186493
fold_08_validate_2024,model_s2_seasonality_municipality_offset,municipality[106],-1.51475283656243,0.0500932983052992
fold_08_validate_2024,model_s2_seasonality_municipality_offset,municipality[107],-1.00091857662561,0.0713432502117238
fold_08_validate_2024,model_s2_seasonality_municipality_offset,municipality[108],-1.41616667815751,0.0587088068779123
fold_08_validate_2024,model_s2_seasonality_municipality_offset,municipality[109],-0.285314777334644,0.0466487560054953
fold_08_validate_2024,model_s2_seasonality_municipality_offset,municipality[110],-1.32143306097425,0.0380125997614517
fold_08_validate_2024,model_s2_seasonality_municipality_offset,municipality[111],-1.54881798096736,0.0468034612979901
fold_08_validate_2024,model_s2_seasonality_municipality_offset,municipality[112],-0.905818465351559,0.0330337483740814
fold_08_validate_2024,model_s2_seasonality_municipality_offset,municipality[113],-1.46215014650152,0.0346109514265809
fold_08_validate_2024,model_s2_seasonality_municipality_offset,municipality[114],-1.34277830557552,0.0409971760184901
fold_08_validate_2024,model_s2_seasonality_municipality_offset,municipality[115],-1.14498562475063,0.0672268932683709
fold_08_validate_2024,model_s2_seasonality_municipality_offset,municipality[116],0.0864815799710263,0.04519657534845
fold_08_validate_2024,model_s2_seasonality_municipality_offset,municipality[117],-0.504759737066873,0.0363399042659736
fold_08_validate_2024,model_s2_seasonality_municipality_offset,municipality[118],-1.12636494588576,0.0477720320170563
fold_08_validate_2024,model_s2_seasonality_municipality_offset,municipality[119],-0.799133833690633,0.0445291737516626
fold_08_validate_2024,model_s2_seasonality_municipality_offset,municipality[120],-0.870224575682134,0.0310083032266765
fold_08_validate_2024,model_s2_seasonality_municipality_offset,municipality[121],-1.36037030926921,0.0818072335015052
fold_08_validate_2024,model_s2_seasonality_municipality_offset,municipality[122],-0.542327322950594,0.0262049191417725
fold_08_validate_2024,model_s2_seasonality_municipality_offset,municipality[123],-0.626636312207433,0.0346109514284796
fold_08_validate_2024,model_s2_seasonality_municipality_offset,municipality[124],-1.71402382714763,0.0567744970345806
fold_08_validate_2024,model_s2_seasonality_municipality_offset,municipality[125],-1.87113250549669,0.105601762581321
fold_08_validate_2024,model_s2_seasonality_municipality_offset,municipality[126],-1.55175686072529,0.0567744970343877
fold_08_validate_2024,model_s2_seasonality_municipality_offset,municipality[127],-1.69265498413791,0.0838982943788138
fold_08_validate_2024,model_s2_seasonality_municipality_offset,municipality[128],-0.0519938418609093,0.0282329612678985
fold_08_validate_2024,model_s2_seasonality_municipality_offset,municipality[129],-1.19254801035515,0.0373266413482823
fold_08_validate_2024,model_s2_seasonality_municipality_offset,municipality[130],-1.18288544664482,0.0408549824996757
fold_08_validate_2024,model_s2_seasonality_municipality_offset,municipality[131],-1.0218564352673,0.0359908081166882
fold_08_validate_2024,model_s2_seasonality_municipality_offset,municipality[132],-0.599203467815767,0.0580395278787638
fold_08_validate_2024,model_s2_seasonality_municipality_offset,municipality[133],-1.99192814292011,0.0385426578912877
fold_08_validate_2024,model_s2_seasonality_municipality_offset,municipality[134],0.0605667831694645,0.0381559426988123
fold_08_validate_2024,model_s2_seasonality_municipality_offset,municipality[135],-1.50007043292164,0.0683237290787393
fold_08_validate_2024,model_s2_seasonality_municipality_offset,municipality[136],0.180459543076104,0.0329353193576929
fold_08_validate_2024,model_s2_seasonality_municipality_offset,municipality[137],-0.618920167649589,0.0688945045508016
fold_08_validate_2024,model_s2_seasonality_municipality_offset,municipality[138],-0.634422789175298,0.0487709247564209
fold_08_validate_2024,model_s2_seasonality_municipality_offset,municipality[139],-1.34108292728328,0.0513873292644381
fold_08_validate_2024,model_s2_seasonality_municipality_offset,municipality[140],-0.501974747151248,0.0283756866912868
fold_08_validate_2024,model_s2_seasonality_municipality_offset,municipality[141],-0.801807947787086,0.0694810879919183
fold_08_validate_2024,model_s2_seasonality_municipality_offset,municipality[142],-1.10113763887522,0.0356963658547594
fold_08_validate_2024,model_s2_seasonality_municipality_offset,municipality[143],-1.37402016386757,0.115931280435112
fold_08_validate_2024,model_s2_seasonality_municipality_offset,municipality[144],-1.06918516674866,0.0522795125747601
fold_08_validate_2024,model_s2_seasonality_municipality_offset,municipality[146],-0.169018097426482,0.0352662091040098
fold_08_validate_2024,model_s2_seasonality_municipality_offset,municipality[147],-0.679848026181606,0.0497508743544517
fold_08_validate_2024,model_s2_seasonality_municipality_offset,municipality[148],-0.545660691162505,0.0629177052293928
fold_08_validate_2024,model_s2_seasonality_municipality_offset,municipality[149],-1.82705334890659,0.159003669904073
fold_08_validate_2024,model_s2_seasonality_municipality_offset,municipality[150],-0.443265363523946,0.0756105128379706
fold_08_validate_2024,model_s2_seasonality_municipality_offset,municipality[151],-0.842634493233448,0.0505459624067032
fold_08_validate_2024,model_s2_seasonality_municipality_offset,municipality[152],-1.13042837360414,0.0990251309875652
fold_08_validate_2024,model_s2_seasonality_municipality_offset,municipality[153],-0.756586438459359,0.0764049906650469
fold_08_validate_2024,model_s2_seasonality_municipality_offset,municipality[154],-0.23467035663163,0.0861685800407918
fold_08_validate_2024,model_s2_seasonality_municipality_offset,municipality[155],-2.42832471799237,0.167511028952332
fold_08_validate_2024,model_s2_seasonality_municipality_offset,municipality[156],-1.13017263118187,0.115931280420839
fold_08_validate_2024,model_s2_seasonality_municipality_offset,municipality[157],-0.77226056689018,0.0605024414488915
fold_08_validate_2024,model_s2_seasonality_municipality_offset,municipality[158],-0.294897574887708,0.0612730712916732
fold_08_validate_2024,model_s2_seasonality_municipality_offset,municipality[159],-1.5255255529705,0.0828318441863587
fold_08_validate_2024,model_s2_seasonality_municipality_offset,municipality[160],-1.06954153990875,0.0407379124552261
fold_08_validate_2024,model_s2_seasonality_municipality_offset,municipality[161],-0.869607059041794,0.189727311574618
fold_08_validate_2024,model_s2_seasonality_municipality_offset,municipality[162],-0.169980834937559,0.0493694182339699
fold_08_validate_2024,model_s2_seasonality_municipality_offset,municipality[163],-0.435339700608149,0.11593128042015
fold_08_validate_2024,model_s2_seasonality_municipality_offset,municipality[164],-1.70464861519492,0.0713432502109591
fold_08_validate_2024,model_s2_seasonality_municipality_offset,municipality[165],-1.0950190238805,0.159003669904117
fold_08_validate_2024,model_s2_seasonality_municipality_offset,municipality[166],0.10027980293916,0.0406914415673964
fold_08_validate_2024,model_s2_seasonality_municipality_offset,municipality[167],-1.63665350543427,0.0976802247264663
fold_08_validate_2024,model_s2_seasonality_municipality_offset,municipality[168],-1.72038391563845,0.088644935663314
fold_08_validate_2024,model_s2_seasonality_municipality_offset,municipality[169],-0.945698538796056,0.0486364099865376
fold_08_validate_2024,model_s2_seasonality_municipality_offset,municipality[170],-0.907945299618293,0.0694810879907895
fold_08_validate_2024,model_s2_seasonality_municipality_offset,municipality[171],-1.8387721303981,0.0928197197598439
fold_08_validate_2024,model_s2_seasonality_municipality_offset,municipality[172],-1.6624109155153,0.126123618101622
fold_08_validate_2024,model_s2_seasonality_municipality_offset,municipality[173],-1.05898177790783,0.0529850881677548
fold_08_validate_2024,model_s2_seasonality_municipality_offset,municipality[174],-1.36292872942843,0.0666995780316738
fold_08_validate_2024,model_s2_seasonality_municipality_offset,municipality[175],-0.896536893175543,0.0474412371264241
fold_08_validate_2024,model_s2_seasonality_municipality_offset,municipality[176],-0.0965181972314876,0.0707046545538329
fold_08_validate_2024,model_s2_seasonality_municipality_offset,municipality[177],-0.139268748578274,0.0756105128398585
fold_08_validate_2024,model_s2_seasonality_municipality_offset,municipality[178],-1.08424228229781,0.0620773357547666
fold_08_validate_2024,model_s2_seasonality_municipality_offset,municipality[179],-1.03263389526359,0.0850094788088156
fold_08_validate_2024,model_s2_seasonality_municipality_offset,municipality[180],0.471158191186829,0.0828318441865637
fold_08_validate_2024,model_s2_seasonality_municipality_offset,municipality[181],-0.586130831402927,0.0672268932685641
fold_08_validate_2024,model_s2_seasonality_municipality_offset,municipality[182],-1.27902017466598,0.130187686474426
fold_08_validate_2024,model_s2_seasonality_municipality_offset,municipality[183],-0.648172748017372,0.0441455967208748
fold_08_validate_2024,model_s2_seasonality_municipality_offset,municipality[184],-0.869079217358468,0.0899703675822943
fold_08_validate_2024,model_s2_seasonality_municipality_offset,municipality[185],-0.700320266308605,0.0913601837341608
fold_08_validate_2024,model_s2_seasonality_municipality_offset,municipality[186],-1.21730763587167,0.0707046545502828
fold_08_validate_2024,model_s2_seasonality_municipality_offset,municipality[187],-0.88069529259373,0.0976802247267824
fold_08_validate_2024,model_s2_seasonality_municipality_offset,municipality[188],-0.73434756425146,0.094354950575561
fold_08_validate_2024,model_s2_seasonality_municipality_offset,municipality[189],-1.00636664249013,0.0772268426436738
fold_08_validate_2024,model_s2_seasonality_municipality_offset,municipality[190],-1.51354873755096,0.0379417243989437
fold_08_validate_2024,model_s2_seasonality_municipality_offset,municipality[191],-1.25964391084006,0.122425689280942
fold_08_validate_2024,model_s2_seasonality_municipality_offset,municipality[192],-0.398607328041116,0.0460478266264759
fold_08_validate_2024,model_s2_seasonality_municipality_offset,municipality[193],-1.11431294249997,0.0620773357541137
fold_08_validate_2024,model_s2_seasonality_municipality_offset,municipality[194],-1.11745705622512,0.0570820244830406
fold_08_validate_2024,model_s2_seasonality_municipality_offset,municipality[195],-0.541017640186121,0.0539791255057651
fold_08_validate_2024,model_s2_seasonality_municipality_offset,municipality[196],-1.27880413293517,0.0928197197597603
fold_08_validate_2024,model_s2_seasonality_municipality_offset,municipality[197],-1.62793104966308,0.107915723630004
fold_08_validate_2024,model_s2_seasonality_municipality_offset,municipality[198],-1.16804504762035,0.094354950575532
fold_08_validate_2024,model_s2_seasonality_municipality_offset,municipality[199],-0.807771037468495,0.065195252980185
fold_08_validate_2024,model_s2_seasonality_municipality_offset,municipality[200],-1.79101510245913,0.0873791063091694
fold_08_validate_2024,model_s2_seasonality_municipality_offset,municipality[201],-0.32682742438609,0.0449252507402621
fold_08_validate_2024,model_s2_seasonality_municipality_offset,municipality[202],-0.462146271194255,0.0683237290843872
fold_08_validate_2024,model_s2_seasonality_municipality_offset,municipality[203],-0.749178461644779,0.0570820244836993
fold_08_validate_2024,model_s2_seasonality_municipality_offset,municipality[204],-0.931862784560991,0.0828318441869573
fold_08_validate_2024,model_s2_seasonality_municipality_offset,municipality[205],-0.211825217038439,0.06012903106106
fold_08_validate_2024,model_s2_seasonality_municipality_offset,municipality[206],-1.10358752832963,0.0716696307722564
fold_08_validate_2024,model_s2_seasonality_municipality_offset,municipality[207],-1.0179212432155,0.0754159959722038
fold_08_validate_2024,model_s2_seasonality_municipality_offset,municipality[208],-0.677553291898183,0.0567744970345229
fold_08_validate_2024,model_s2_seasonality_municipality_offset,municipality[209],-0.661802418834495,0.0694810879911905
fold_08_validate_2024,model_s2_seasonality_municipality_offset,municipality[210],-0.692836043812146,0.0740979107414878
fold_08_validate_2024,model_s2_seasonality_municipality_offset,municipality[211],-1.26655952964216,0.0830944258010963
fold_08_validate_2024,model_s2_seasonality_municipality_offset,municipality[212],-0.911844613788089,0.0740979107415871
fold_08_validate_2024,model_s2_seasonality_municipality_offset,municipality[213],-1.53481934496618,0.0899703675823816
fold_08_validate_2024,model_s3_seasonality_municipality_past_incidence_offset,intercept,-8.33619005663479,0.0173666075006543
fold_08_validate_2024,model_s3_seasonality_municipality_past_incidence_offset,seasonal_sin_annual,0.3650154716287,0.00417479983959388
fold_08_validate_2024,model_s3_seasonality_municipality_past_incidence_offset,seasonal_cos_annual,-1.05669385626344,0.00501528658009723
fold_08_validate_2024,model_s3_seasonality_municipality_past_incidence_offset,municipality[002],-0.695934515342377,0.0438582534174552
fold_08_validate_2024,model_s3_seasonality_municipality_past_incidence_offset,municipality[003],-0.734738920037617,0.0450837304411503
fold_08_validate_2024,model_s3_seasonality_municipality_past_incidence_offset,municipality[004],-0.333637672319256,0.0437999459765761
fold_08_validate_2024,model_s3_seasonality_municipality_past_incidence_offset,municipality[005],-0.367133199562863,0.0474626996488415
fold_08_validate_2024,model_s3_seasonality_municipality_past_incidence_offset,municipality[006],-0.774854491841209,0.0707654915484984
fold_08_validate_2024,model_s3_seasonality_municipality_past_incidence_offset,municipality[007],-0.263630885004187,0.0408026544610202
fold_08_validate_2024,model_s3_seasonality_municipality_past_incidence_offset,municipality[008],-0.610828536448861,0.0352989911275426
fold_08_validate_2024,model_s3_seasonality_municipality_past_incidence_offset,municipality[009],-1.84956349108239,0.0468042222292676
fold_08_validate_2024,model_s3_seasonality_municipality_past_incidence_offset,municipality[010],-0.933725917250689,0.067280206140985
fold_08_validate_2024,model_s3_seasonality_municipality_past_incidence_offset,municipality[011],-1.91971431593944,0.0360712892563761
fold_08_validate_2024,model_s3_seasonality_municipality_past_incidence_offset,municipality[012],-0.88525274423967,0.0495611732890196
fold_08_validate_2024,model_s3_seasonality_municipality_past_incidence_offset,municipality[013],-0.386922813580139,0.0329634723518627
fold_08_validate_2024,model_s3_seasonality_municipality_past_incidence_offset,municipality[014],-0.562984116359917,0.0525627638813624
fold_08_validate_2024,model_s3_seasonality_municipality_past_incidence_offset,municipality[015],-0.767699332512769,0.062552967391376
fold_08_validate_2024,model_s3_seasonality_municipality_past_incidence_offset,municipality[016],-1.31943442265557,0.0914308995988458
fold_08_validate_2024,model_s3_seasonality_municipality_past_incidence_offset,municipality[017],-0.545510529222493,0.0324226975803661
fold_08_validate_2024,model_s3_seasonality_municipality_past_incidence_offset,municipality[018],-0.740018159412539,0.0743142603444211
fold_08_validate_2024,model_s3_seasonality_municipality_past_incidence_offset,municipality[019],-1.12219000609571,0.0734438906565661
fold_08_validate_2024,model_s3_seasonality_municipality_past_incidence_offset,municipality[020],-0.672569263771583,0.0598106412314248
fold_08_validate_2024,model_s3_seasonality_municipality_past_incidence_offset,municipality[021],-0.0718053729778682,0.0324713353688233
fold_08_validate_2024,model_s3_seasonality_municipality_past_incidence_offset,municipality[022],-0.651156652047226,0.0482169402244987
fold_08_validate_2024,model_s3_seasonality_municipality_past_incidence_offset,municipality[023],-1.40861327178195,0.0331917603220622
fold_08_validate_2024,model_s3_seasonality_municipality_past_incidence_offset,municipality[024],-1.21104295190373,0.0914195727380286
fold_08_validate_2024,model_s3_seasonality_municipality_past_incidence_offset,municipality[025],-0.31630845579882,0.0348651642649636
fold_08_validate_2024,model_s3_seasonality_municipality_past_incidence_offset,municipality[026],-1.39714458123729,0.0667970590487787
fold_08_validate_2024,model_s3_seasonality_municipality_past_incidence_offset,municipality[027],-0.239065285627738,0.0362539482772395
fold_08_validate_2024,model_s3_seasonality_municipality_past_incidence_offset,municipality[028],-1.6941767705638,0.0995561230910517
fold_08_validate_2024,model_s3_seasonality_municipality_past_incidence_offset,municipality[029],-0.336959455941879,0.0361297361596048
fold_08_validate_2024,model_s3_seasonality_municipality_past_incidence_offset,municipality[030],-0.606874377425387,0.0689036886285983
fold_08_validate_2024,model_s3_seasonality_municipality_past_incidence_offset,municipality[031],-0.479934333945206,0.0720115442187358
fold_08_validate_2024,model_s3_seasonality_municipality_past_incidence_offset,municipality[032],-1.14676472673625,0.0366844749582475
fold_08_validate_2024,model_s3_seasonality_municipality_past_incidence_offset,municipality[033],-0.584794002899205,0.089979025938096
fold_08_validate_2024,model_s3_seasonality_municipality_past_incidence_offset,municipality[034],-1.48796569769541,0.0609913688508696
fold_08_validate_2024,model_s3_seasonality_municipality_past_incidence_offset,municipality[035],-1.3640191075676,0.0799524017294178
fold_08_validate_2024,model_s3_seasonality_municipality_past_incidence_offset,municipality[036],-0.72191872635244,0.03811479136416
fold_08_validate_2024,model_s3_seasonality_municipality_past_incidence_offset,municipality[037],-0.259181458939147,0.036221558675364
fold_08_validate_2024,model_s3_seasonality_municipality_past_incidence_offset,municipality[038],-1.03875774913144,0.0416831845341831
fold_08_validate_2024,model_s3_seasonality_municipality_past_incidence_offset,municipality[039],-0.847866414060111,0.0349709598839298
fold_08_validate_2024,model_s3_seasonality_municipality_past_incidence_offset,municipality[040],-0.972988700185851,0.037455996370056
fold_08_validate_2024,model_s3_seasonality_municipality_past_incidence_offset,municipality[041],-0.236972941249486,0.0255694679405566
fold_08_validate_2024,model_s3_seasonality_municipality_past_incidence_offset,municipality[042],-0.870146997374444,0.0839480304442775
fold_08_validate_2024,model_s3_seasonality_municipality_past_incidence_offset,municipality[043],-0.86905701510678,0.0288747565344483
fold_08_validate_2024,model_s3_seasonality_municipality_past_incidence_offset,municipality[044],-0.22453444709848,0.0405130351663311
fold_08_validate_2024,model_s3_seasonality_municipality_past_incidence_offset,municipality[045],-1.48532731788102,0.0714314097233838
fold_08_validate_2024,model_s3_seasonality_municipality_past_incidence_offset,municipality[046],0.158904196305027,0.033389354637567
fold_08_validate_2024,model_s3_seasonality_municipality_past_incidence_offset,municipality[047],-1.00923366726714,0.177575817226145
fold_08_validate_2024,model_s3_seasonality_municipality_past_incidence_offset,municipality[048],-1.8806606152431,0.0575271547349384
fold_08_validate_2024,model_s3_seasonality_municipality_past_incidence_offset,municipality[049],-0.514863346452137,0.0568036701174004
fold_08_validate_2024,model_s3_seasonality_municipality_past_incidence_offset,municipality[050],-1.09152371673463,0.0261863843278176
fold_08_validate_2024,model_s3_seasonality_municipality_past_incidence_offset,municipality[051],-2.0867409430045,0.139743166715957
fold_08_validate_2024,model_s3_seasonality_municipality_past_incidence_offset,municipality[052],-0.55372761915523,0.0221503492774577
fold_08_validate_2024,model_s3_seasonality_municipality_past_incidence_offset,municipality[053],-0.266036299712719,0.0408189403123863
fold_08_validate_2024,model_s3_seasonality_municipality_past_incidence_offset,municipality[054],-1.12066454727591,0.033268958573188
fold_08_validate_2024,model_s3_seasonality_municipality_past_incidence_offset,municipality[055],-0.835605016918052,0.0594765073927327
fold_08_validate_2024,model_s3_seasonality_municipality_past_incidence_offset,municipality[056],-0.485002348402366,0.0818246196276702
fold_08_validate_2024,model_s3_seasonality_municipality_past_incidence_offset,municipality[057],-1.01999260035521,0.041889129078263
fold_08_validate_2024,model_s3_seasonality_municipality_past_incidence_offset,municipality[058],-0.815140178534722,0.0455531210560291
fold_08_validate_2024,model_s3_seasonality_municipality_past_incidence_offset,municipality[059],-0.809572252849536,0.0414530894328111
fold_08_validate_2024,model_s3_seasonality_municipality_past_incidence_offset,municipality[060],-1.00644692476613,0.038878404086656
fold_08_validate_2024,model_s3_seasonality_municipality_past_incidence_offset,municipality[061],-0.885947010279983,0.0186486735633023
fold_08_validate_2024,model_s3_seasonality_municipality_past_incidence_offset,municipality[062],-0.224953811755519,0.0564800077483291
fold_08_validate_2024,model_s3_seasonality_municipality_past_incidence_offset,municipality[063],0.263467308694785,0.0251633553831081
fold_08_validate_2024,model_s3_seasonality_municipality_past_incidence_offset,municipality[064],-0.423350860104281,0.0309705789199664
fold_08_validate_2024,model_s3_seasonality_municipality_past_incidence_offset,municipality[065],-0.553365087383282,0.0572831450753589
fold_08_validate_2024,model_s3_seasonality_municipality_past_incidence_offset,municipality[066],-1.67754009163336,0.145354287484503
fold_08_validate_2024,model_s3_seasonality_municipality_past_incidence_offset,municipality[067],-0.0666325769461721,0.0629724430381364
fold_08_validate_2024,model_s3_seasonality_municipality_past_incidence_offset,municipality[068],-1.31507602481534,0.0695743961095932
fold_08_validate_2024,model_s3_seasonality_municipality_past_incidence_offset,municipality[069],-0.819306325789133,0.0638572350264551
fold_08_validate_2024,model_s3_seasonality_municipality_past_incidence_offset,municipality[070],-1.244340016594,0.0225835272433846
fold_08_validate_2024,model_s3_seasonality_municipality_past_incidence_offset,municipality[071],-0.645338327718129,0.032370561226997
fold_08_validate_2024,model_s3_seasonality_municipality_past_incidence_offset,municipality[072],-1.34487927408335,0.0604142695400283
fold_08_validate_2024,model_s3_seasonality_municipality_past_incidence_offset,municipality[073],-0.790252237096597,0.0451453217120195
fold_08_validate_2024,model_s3_seasonality_municipality_past_incidence_offset,municipality[074],-0.843643198013591,0.0683847035915405
fold_08_validate_2024,model_s3_seasonality_municipality_past_incidence_offset,municipality[075],-0.105687026115818,0.039264499316014
fold_08_validate_2024,model_s3_seasonality_municipality_past_incidence_offset,municipality[076],-0.915140241048782,0.0629784154271539
fold_08_validate_2024,model_s3_seasonality_municipality_past_incidence_offset,municipality[077],-1.2226501010618,0.0686896357938036
fold_08_validate_2024,model_s3_seasonality_municipality_past_incidence_offset,municipality[078],-0.499190772871709,0.0455224161597409
fold_08_validate_2024,model_s3_seasonality_municipality_past_incidence_offset,municipality[079],-0.312850477605251,0.0474486837379989
fold_08_validate_2024,model_s3_seasonality_municipality_past_incidence_offset,municipality[080],-1.05025048443692,0.0366309989708747
fold_08_validate_2024,model_s3_seasonality_municipality_past_incidence_offset,municipality[081],-0.471295347236065,0.0567983883479121
fold_08_validate_2024,model_s3_seasonality_municipality_past_incidence_offset,municipality[082],-0.517606248864898,0.0479950574107031
fold_08_validate_2024,model_s3_seasonality_municipality_past_incidence_offset,municipality[083],-0.818046248030384,0.0772595969248505
fold_08_validate_2024,model_s3_seasonality_municipality_past_incidence_offset,municipality[084],-0.321323429350753,0.0235115359653044
fold_08_validate_2024,model_s3_seasonality_municipality_past_incidence_offset,municipality[085],-0.618640922721552,0.024746636574518
fold_08_validate_2024,model_s3_seasonality_municipality_past_incidence_offset,municipality[086],-1.63722622043652,0.151733893182639
fold_08_validate_2024,model_s3_seasonality_municipality_past_incidence_offset,municipality[087],-0.37448151173823,0.0320977733997194
fold_08_validate_2024,model_s3_seasonality_municipality_past_incidence_offset,municipality[088],-1.18776171437597,0.250574778410454
fold_08_validate_2024,model_s3_seasonality_municipality_past_incidence_offset,municipality[089],-0.931193584679132,0.0511023291889042
fold_08_validate_2024,model_s3_seasonality_municipality_past_incidence_offset,municipality[090],-1.21419531834717,0.0399609428929616
fold_08_validate_2024,model_s3_seasonality_municipality_past_incidence_offset,municipality[091],-0.172798238656165,0.0372625197098553
fold_08_validate_2024,model_s3_seasonality_municipality_past_incidence_offset,municipality[092],-2.13307538374021,0.134738633097175
fold_08_validate_2024,model_s3_seasonality_municipality_past_incidence_offset,municipality[093],-0.468075844624506,0.0675205721225075
fold_08_validate_2024,model_s3_seasonality_municipality_past_incidence_offset,municipality[094],-0.493032106976723,0.0306138669399377
fold_08_validate_2024,model_s3_seasonality_municipality_past_incidence_offset,municipality[095],-0.328584542621578,0.0508769115607479
fold_08_validate_2024,model_s3_seasonality_municipality_past_incidence_offset,municipality[096],-1.01650758465408,0.0332660450632021
fold_08_validate_2024,model_s3_seasonality_municipality_past_incidence_offset,municipality[097],-0.449854429010165,0.0439340861105971
fold_08_validate_2024,model_s3_seasonality_municipality_past_incidence_offset,municipality[098],-1.16161718315514,0.0574893116367207
fold_08_validate_2024,model_s3_seasonality_municipality_past_incidence_offset,municipality[099],-1.73434173038941,0.0995527153745172
fold_08_validate_2024,model_s3_seasonality_municipality_past_incidence_offset,municipality[100],-0.754646653903734,0.0551046977822431
fold_08_validate_2024,model_s3_seasonality_municipality_past_incidence_offset,municipality[101],-0.867625125614459,0.0541347251405354
fold_08_validate_2024,model_s3_seasonality_municipality_past_incidence_offset,municipality[102],0.0249975672541686,0.0235935934309352
fold_08_validate_2024,model_s3_seasonality_municipality_past_incidence_offset,municipality[103],-0.231146597596906,0.0306178524101215
fold_08_validate_2024,model_s3_seasonality_municipality_past_incidence_offset,municipality[104],-1.41126336819318,0.05815481460354
fold_08_validate_2024,model_s3_seasonality_municipality_past_incidence_offset,municipality[105],-1.08537266313233,0.0828917810601356
fold_08_validate_2024,model_s3_seasonality_municipality_past_incidence_offset,municipality[106],-1.25844776864393,0.0502144346627757
fold_08_validate_2024,model_s3_seasonality_municipality_past_incidence_offset,municipality[107],-0.796508503448119,0.0713916230321511
fold_08_validate_2024,model_s3_seasonality_municipality_past_incidence_offset,municipality[108],-1.16991058136322,0.0588044217822843
fold_08_validate_2024,model_s3_seasonality_municipality_past_incidence_offset,municipality[109],-0.218806265439738,0.0466550169556199
fold_08_validate_2024,model_s3_seasonality_municipality_past_incidence_offset,municipality[110],-1.08737128551038,0.0381472111949168
fold_08_validate_2024,model_s3_seasonality_municipality_past_incidence_offset,municipality[111],-1.29460607643069,0.046930877895916
fold_08_validate_2024,model_s3_seasonality_municipality_past_incidence_offset,municipality[112],-0.705355125870189,0.0331421542006991
fold_08_validate_2024,model_s3_seasonality_municipality_past_incidence_offset,municipality[113],-1.21521596511355,0.0347759757913781
fold_08_validate_2024,model_s3_seasonality_municipality_past_incidence_offset,municipality[114],-1.09244805893224,0.0411390151919204
fold_08_validate_2024,model_s3_seasonality_municipality_past_incidence_offset,municipality[115],-0.945190472370349,0.0672798145389621
fold_08_validate_2024,model_s3_seasonality_municipality_past_incidence_offset,municipality[116],0.0359098114198919,0.045210153501789
fold_08_validate_2024,model_s3_seasonality_municipality_past_incidence_offset,municipality[117],-0.375410990596611,0.0363800602486128
fold_08_validate_2024,model_s3_seasonality_municipality_past_incidence_offset,municipality[118],-0.909487672698257,0.0478637780819722
fold_08_validate_2024,model_s3_seasonality_municipality_past_incidence_offset,municipality[119],-0.630838566391391,0.0445838849129627
fold_08_validate_2024,model_s3_seasonality_municipality_past_incidence_offset,municipality[120],-0.676635444571299,0.0311207922253281
fold_08_validate_2024,model_s3_seasonality_municipality_past_incidence_offset,municipality[121],-1.13017024317263,0.081864033031236
fold_08_validate_2024,model_s3_seasonality_municipality_past_incidence_offset,municipality[122],-0.394417625547302,0.0262825182446052
fold_08_validate_2024,model_s3_seasonality_municipality_past_incidence_offset,municipality[123],-0.478745781867374,0.0346705696728884
fold_08_validate_2024,model_s3_seasonality_municipality_past_incidence_offset,municipality[124],-1.44193772328086,0.0568943413598724
fold_08_validate_2024,model_s3_seasonality_municipality_past_incidence_offset,municipality[125],-1.59848049966794,0.105665108454581
fold_08_validate_2024,model_s3_seasonality_municipality_past_incidence_offset,municipality[126],-1.29734302343083,0.0568786457844578
fold_08_validate_2024,model_s3_seasonality_municipality_past_incidence_offset,municipality[127],-1.43108113686616,0.0839715010339753
fold_08_validate_2024,model_s3_seasonality_municipality_past_incidence_offset,municipality[128],-0.0531468055803871,0.028235480896524
fold_08_validate_2024,model_s3_seasonality_municipality_past_incidence_offset,municipality[129],-0.970901488291749,0.0374438555141535
fold_08_validate_2024,model_s3_seasonality_municipality_past_incidence_offset,municipality[130],-0.961341790217669,0.0409648580638182
fold_08_validate_2024,model_s3_seasonality_municipality_past_incidence_offset,municipality[131],-0.807769321655437,0.0361080697931657
fold_08_validate_2024,model_s3_seasonality_municipality_past_incidence_offset,municipality[132],-0.457495838621216,0.0580696922011111
fold_08_validate_2024,model_s3_seasonality_municipality_past_incidence_offset,municipality[133],-1.71268803370789,0.0387280973472326
fold_08_validate_2024,model_s3_seasonality_municipality_past_incidence_offset,municipality[134],0.0276408657082163,0.038169603580712
fold_08_validate_2024,model_s3_seasonality_municipality_past_incidence_offset,municipality[135],-1.25323071764237,0.0684057294964606
fold_08_validate_2024,model_s3_seasonality_municipality_past_incidence_offset,municipality[136],0.0442197046159809,0.0330677360085678
fold_08_validate_2024,model_s3_seasonality_municipality_past_incidence_offset,municipality[137],-0.479517939639673,0.0689089776628163
fold_08_validate_2024,model_s3_seasonality_municipality_past_incidence_offset,municipality[138],-0.496577525081139,0.0488026210003195
fold_08_validate_2024,model_s3_seasonality_municipality_past_incidence_offset,municipality[139],-1.10690029952623,0.0514856122089031
fold_08_validate_2024,model_s3_seasonality_municipality_past_incidence_offset,municipality[140],-0.379372880866,0.0284250492266169
fold_08_validate_2024,model_s3_seasonality_municipality_past_incidence_offset,municipality[141],-0.63626642356459,0.0695084890794491
fold_08_validate_2024,model_s3_seasonality_municipality_past_incidence_offset,municipality[142],-0.892033711282941,0.0358078770275065
fold_08_validate_2024,model_s3_seasonality_municipality_past_incidence_offset,municipality[143],-1.12035074234597,0.11598010435377
fold_08_validate_2024,model_s3_seasonality_municipality_past_incidence_offset,municipality[144],-0.860244415027523,0.0523570957286855
fold_08_validate_2024,model_s3_seasonality_municipality_past_incidence_offset,municipality[146],-0.123151055307508,0.0352683728826222
fold_08_validate_2024,model_s3_seasonality_municipality_past_incidence_offset,municipality[147],-0.533840954323809,0.0497835244390913
fold_08_validate_2024,model_s3_seasonality_municipality_past_incidence_offset,municipality[148],-0.436501307180202,0.0629318321389768
fold_08_validate_2024,model_s3_seasonality_municipality_past_incidence_offset,municipality[149],-1.58611446176456,0.159030890168322
fold_08_validate_2024,model_s3_seasonality_municipality_past_incidence_offset,municipality[150],-0.350443167029418,0.0756156958943572
fold_08_validate_2024,model_s3_seasonality_municipality_past_incidence_offset,municipality[151],-0.666739868349216,0.0506020586306592
fold_08_validate_2024,model_s3_seasonality_municipality_past_incidence_offset,municipality[152],-0.906360929365452,0.099069336426522
fold_08_validate_2024,model_s3_seasonality_municipality_past_incidence_offset,municipality[153],-0.587271884808852,0.0764356253381663
fold_08_validate_2024,model_s3_seasonality_municipality_past_incidence_offset,municipality[154],-0.181209883310576,0.0861694027901631
fold_08_validate_2024,model_s3_seasonality_municipality_past_incidence_offset,municipality[155],-2.13757716529714,0.167556265076866
fold_08_validate_2024,model_s3_seasonality_municipality_past_incidence_offset,municipality[156],-0.926109589215936,0.115960971895153
fold_08_validate_2024,model_s3_seasonality_municipality_past_incidence_offset,municipality[157],-0.609516301317103,0.0605368130893408
fold_08_validate_2024,model_s3_seasonality_municipality_past_incidence_offset,municipality[158],-0.220339051389086,0.0612783928605357
fold_08_validate_2024,model_s3_seasonality_municipality_past_incidence_offset,municipality[159],-1.28146691812709,0.0828965708577762
fold_08_validate_2024,model_s3_seasonality_municipality_past_incidence_offset,municipality[160],-0.859124899235476,0.0408408207108091
fold_08_validate_2024,model_s3_seasonality_municipality_past_incidence_offset,municipality[161],-0.847919294878395,0.189734856860737
fold_08_validate_2024,model_s3_seasonality_municipality_past_incidence_offset,municipality[162],-0.159497298518298,0.0493705985994811
fold_08_validate_2024,model_s3_seasonality_municipality_past_incidence_offset,municipality[163],-0.309447213049179,0.115937149669678
fold_08_validate_2024,model_s3_seasonality_municipality_past_incidence_offset,municipality[164],-1.43515820287786,0.071435719519832
fold_08_validate_2024,model_s3_seasonality_municipality_past_incidence_offset,municipality[165],-0.896768216444688,0.159019635077898
fold_08_validate_2024,model_s3_seasonality_municipality_past_incidence_offset,municipality[166],0.125484310530859,0.0406924799126272
fold_08_validate_2024,model_s3_seasonality_municipality_past_incidence_offset,municipality[167],-1.37291535963021,0.0977450946338449
fold_08_validate_2024,model_s3_seasonality_municipality_past_incidence_offset,municipality[168],-1.45534470778708,0.0887171803355381
fold_08_validate_2024,model_s3_seasonality_municipality_past_incidence_offset,municipality[169],-0.747687950771401,0.0487098528789317
fold_08_validate_2024,model_s3_seasonality_municipality_past_incidence_offset,municipality[170],-0.747300431376556,0.0695028823014677
fold_08_validate_2024,model_s3_seasonality_municipality_past_incidence_offset,municipality[171],-1.57282809480245,0.0928891102724918
fold_08_validate_2024,model_s3_seasonality_municipality_past_incidence_offset,municipality[172],-1.39526392061659,0.126173920469562
fold_08_validate_2024,model_s3_seasonality_municipality_past_incidence_offset,municipality[173],-0.854180078400878,0.0530595401652603
fold_08_validate_2024,model_s3_seasonality_municipality_past_incidence_offset,municipality[174],-1.13008022498376,0.06677312841686
fold_08_validate_2024,model_s3_seasonality_municipality_past_incidence_offset,municipality[175],-0.716106378480818,0.0475012131025013
fold_08_validate_2024,model_s3_seasonality_municipality_past_incidence_offset,municipality[176],-0.0420506909125189,0.0707054595837963
fold_08_validate_2024,model_s3_seasonality_municipality_past_incidence_offset,municipality[177],-0.108380603880826,0.0756157088472847
fold_08_validate_2024,model_s3_seasonality_municipality_past_incidence_offset,municipality[178],-0.8677242965231,0.0621461998067966
fold_08_validate_2024,model_s3_seasonality_municipality_past_incidence_offset,municipality[179],-0.855914263850954,0.0850384313286676
fold_08_validate_2024,model_s3_seasonality_municipality_past_incidence_offset,municipality[180],-1.55899819883373,0.105410513544007
fold_08_validate_2024,model_s3_seasonality_municipality_past_incidence_offset,municipality[181],-0.469500477813879,0.0672427850980411
fold_08_validate_2024,model_s3_seasonality_municipality_past_incidence_offset,municipality[182],-1.06031086906988,0.130214997825914
fold_08_validate_2024,model_s3_seasonality_municipality_past_incidence_offset,municipality[183],-0.485076334541813,0.0442023395272956
fold_08_validate_2024,model_s3_seasonality_municipality_past_incidence_offset,municipality[184],-0.763090192586637,0.0899707892451731
fold_08_validate_2024,model_s3_seasonality_municipality_past_incidence_offset,municipality[185],-0.588094277599769,0.0913654003341522
fold_08_validate_2024,model_s3_seasonality_municipality_past_incidence_offset,municipality[186],-1.0011380691759,0.0707656001732179
fold_08_validate_2024,model_s3_seasonality_municipality_past_incidence_offset,municipality[187],-0.695771255724761,0.0977077053534371
fold_08_validate_2024,model_s3_seasonality_municipality_past_incidence_offset,municipality[188],-0.537554933910927,0.0943848711603251
fold_08_validate_2024,model_s3_seasonality_municipality_past_incidence_offset,municipality[189],-0.82796252967034,0.0772563649614812
fold_08_validate_2024,model_s3_seasonality_municipality_past_incidence_offset,municipality[190],-1.2583989862754,0.0381008813052516
fold_08_validate_2024,model_s3_seasonality_municipality_past_incidence_offset,municipality[191],-1.03110104576706,0.122461568943191
fold_08_validate_2024,model_s3_seasonality_municipality_past_incidence_offset,municipality[192],-0.297814912930094,0.0460670190262705
fold_08_validate_2024,model_s3_seasonality_municipality_past_incidence_offset,municipality[193],-0.903211117728548,0.062133922313112
fold_08_validate_2024,model_s3_seasonality_municipality_past_incidence_offset,municipality[194],-0.907069747688342,0.0571517670600182
fold_08_validate_2024,model_s3_seasonality_municipality_past_incidence_offset,municipality[195],-0.434885789552502,0.0539931993292545
fold_08_validate_2024,model_s3_seasonality_municipality_past_incidence_offset,municipality[196],-1.04754541337663,0.0928718017066553
fold_08_validate_2024,model_s3_seasonality_municipality_past_incidence_offset,municipality[197],-1.37731982741421,0.107967670917855
fold_08_validate_2024,model_s3_seasonality_municipality_past_incidence_offset,municipality[198],-0.961817334964631,0.0943900250689084
fold_08_validate_2024,model_s3_seasonality_municipality_past_incidence_offset,municipality[199],-0.656431036184266,0.0652199003289576
fold_08_validate_2024,model_s3_seasonality_municipality_past_incidence_offset,municipality[200],-1.52214547260208,0.0874537709611664
fold_08_validate_2024,model_s3_seasonality_municipality_past_incidence_offset,municipality[201],-0.243800306849764,0.0449388220599599
fold_08_validate_2024,model_s3_seasonality_municipality_past_incidence_offset,municipality[202],-0.359406208091973,0.0683337098050454
fold_08_validate_2024,model_s3_seasonality_municipality_past_incidence_offset,municipality[203],-0.601926462249479,0.0571101259688541
fold_08_validate_2024,model_s3_seasonality_municipality_past_incidence_offset,municipality[204],-0.737535155313018,0.0828715735704564
fold_08_validate_2024,model_s3_seasonality_municipality_past_incidence_offset,municipality[205],-0.185143756793943,0.060129828433488
fold_08_validate_2024,model_s3_seasonality_municipality_past_incidence_offset,municipality[206],-0.911216411852852,0.0717143987990936
fold_08_validate_2024,model_s3_seasonality_municipality_past_incidence_offset,municipality[207],-0.815825756793706,0.0754635368247694
fold_08_validate_2024,model_s3_seasonality_municipality_past_incidence_offset,municipality[208],-0.533282232798425,0.0568075186380176
fold_08_validate_2024,model_s3_seasonality_municipality_past_incidence_offset,municipality[209],-0.543307581674332,0.0694882751250117
fold_08_validate_2024,model_s3_seasonality_municipality_past_incidence_offset,municipality[210],-0.526372879955439,0.0741299833106081
fold_08_validate_2024,model_s3_seasonality_municipality_past_incidence_offset,municipality[211],-1.04331469652793,0.0831476647362122
fold_08_validate_2024,model_s3_seasonality_municipality_past_incidence_offset,municipality[212],-0.723969145519243,0.0741377332852577
fold_08_validate_2024,model_s3_seasonality_municipality_past_incidence_offset,municipality[213],-1.28901006740901,0.090031552766584
fold_08_validate_2024,model_s3_seasonality_municipality_past_incidence_offset,past_4w_lyme_incidence_per_100000,0.00452599128794415,5.79684937546019e-05
