candidate_id,candidate_name,municipality_code,municipality_name,n_issue_weeks,observed_total,predicted_total,mae,rmse,median_absolute_error,maximum_absolute_error,mean_signed_error_prediction_minus_observation,mean_poisson_deviance,poisson_deviance_status
catboost_poisson_s3_weather_offset,Frozen CatBoost Poisson final model,001,Ajdovščina,47,318,315.878815320519,3.40329894365988,5.13377349524384,1.54030967006924,14.5941999334237,-0.0451315889251308,3.1787971358577,valid
catboost_poisson_s3_weather_offset,Frozen CatBoost Poisson final model,002,Beltinci,47,42,49.8520173620384,0.814300369129988,1.01105431708169,0.70276219539782,2.39482126858754,0.167064199192307,1.19622591197209,valid
catboost_poisson_s3_weather_offset,Frozen CatBoost Poisson final model,003,Bled,47,75,69.3346551872629,0.952072296729177,1.16977461279774,0.775185760881204,3.17543093394306,-0.120539251334832,1.07026715819695,valid
catboost_poisson_s3_weather_offset,Frozen CatBoost Poisson final model,004,Bohinj,47,98,64.9123319539137,1.53303940911878,2.01712551963809,1.17987810612355,4.74404105207055,-0.703992937150772,2.28235224276363,valid
catboost_poisson_s3_weather_offset,Frozen CatBoost Poisson final model,005,Borovnica,47,74,60.8893236244871,1.09912480891091,1.58596714696337,0.578203010838554,4.32221158155004,-0.278950561181126,1.60839811287681,valid
catboost_poisson_s3_weather_offset,Frozen CatBoost Poisson final model,006,Bovec,47,87,52.297697735137,1.30144848640661,1.66763462493476,0.898482493262499,4.41812701527582,-0.738346856699212,2.25790298011778,valid
catboost_poisson_s3_weather_offset,Frozen CatBoost Poisson final model,007,Brda,47,75,61.0564695193632,1.2239950503767,1.54606477577473,0.750703057885859,4.77309215171372,-0.296670861290144,1.76230954693742,valid
catboost_poisson_s3_weather_offset,Frozen CatBoost Poisson final model,008,Brezovica,47,160,113.736998252437,2.04182355647931,3.82344192468807,1.00342207265115,14.9802341067103,-0.984319186118371,2.98802674293472,valid
catboost_poisson_s3_weather_offset,Frozen CatBoost Poisson final model,009,Brežice,47,76,96.1433654789727,1.3919863964181,1.88110249952207,0.97867970461876,4.45134067067233,0.428582244233461,1.61063049045128,valid
catboost_poisson_s3_weather_offset,Frozen CatBoost Poisson final model,010,Tišina,47,20,27.6598322108336,0.46718835060505,0.617691180151967,0.343572745314235,2.03460707159146,0.162975153421991,0.624716600076267,valid
catboost_poisson_s3_weather_offset,Frozen CatBoost Poisson final model,011,Celje,47,88,132.832712932083,1.24889192244924,1.59138287280602,0.870042154709978,4.08934624334461,0.953887509193247,1.25207574203154,valid
catboost_poisson_s3_weather_offset,Frozen CatBoost Poisson final model,012,Cerklje na Gorenjskem,47,87,70.5214543603723,1.51478948450354,1.90968204261417,0.964930484851606,4.50500722582505,-0.350607354034632,2.01578489917084,valid
catboost_poisson_s3_weather_offset,Frozen CatBoost Poisson final model,013,Cerknica,47,84,81.968060303745,1.34598635487595,1.7669683570106,1.10915682402662,4.46949267136411,-0.0432327594947876,1.60146187596155,valid
catboost_poisson_s3_weather_offset,Frozen CatBoost Poisson final model,014,Cerkno,47,72,50.7499209623125,0.996970061110937,1.42739794507076,0.699107367394726,4.39521974640747,-0.452129341227393,1.32734870679501,valid
catboost_poisson_s3_weather_offset,Frozen CatBoost Poisson final model,015,Črenšovci,47,22,24.5991816033493,0.646134842702236,0.768671316320228,0.568296995232654,1.56391290678817,0.0553017362414746,1.20827495918613,valid
catboost_poisson_s3_weather_offset,Frozen CatBoost Poisson final model,016,Črna na Koroškem,47,44,28.8231724593559,0.749771772016041,1.05285535087347,0.528314219709928,2.66115621741426,-0.322911224269023,1.17646973726313,valid
catboost_poisson_s3_weather_offset,Frozen CatBoost Poisson final model,017,Črnomelj,47,134,120.640151440114,1.66506978409842,2.21542777667984,1.18996619388931,6.03682254728768,-0.284252097018848,1.53883288256644,valid
catboost_poisson_s3_weather_offset,Frozen CatBoost Poisson final model,018,Destrnik,47,28,22.3926098251777,0.556059849564919,0.686428635039157,0.615062017194208,1.54811481913443,-0.11930617393239,0.978306884783023,valid
catboost_poisson_s3_weather_offset,Frozen CatBoost Poisson final model,019,Divača,47,4,23.8909756681711,0.450293904064424,0.561236347292605,0.355961307875692,1.29745252922347,0.42321224825896,0.87567795320267,valid
catboost_poisson_s3_weather_offset,Frozen CatBoost Poisson final model,020,Dobrepolje,47,63,38.1469332485116,0.96382191131889,1.3372078766919,0.592106120545281,3.57598036907702,-0.528788654286987,1.5812794681455,valid
catboost_poisson_s3_weather_offset,Frozen CatBoost Poisson final model,021,Dobrova-Polhov Gradec,47,137,104.697534268797,1.26167000103148,1.60559877469598,1.02879003617094,3.77134271405682,-0.687286504919209,1.2543946620032,valid
catboost_poisson_s3_weather_offset,Frozen CatBoost Poisson final model,022,Dol pri Ljubljani,47,83,64.8355620650241,0.816959163864705,1.1834174904378,0.48887425570656,3.67170371218304,-0.386477402871827,0.768391966181312,valid
catboost_poisson_s3_weather_offset,Frozen CatBoost Poisson final model,023,Domžale,47,379,276.069706745666,4.12139116434783,6.26826787565637,1.78807086279384,18.5168238557747,-2.19000623945392,4.33889509481417,valid
catboost_poisson_s3_weather_offset,Frozen CatBoost Poisson final model,024,Dornava,47,13,20.1968371674958,0.552361277929331,0.716877497373399,0.43243286256083,1.86414648142907,0.153124195053103,1.0591416195439,valid
catboost_poisson_s3_weather_offset,Frozen CatBoost Poisson final model,025,Dravograd,47,104,90.1853183403353,2.17197118463402,2.84696352838907,1.44829507964222,6.20370003298052,-0.293929397014143,3.23164320673875,valid
catboost_poisson_s3_weather_offset,Frozen CatBoost Poisson final model,026,Duplek,47,56,51.6116090478982,0.666005720678881,0.89894810631469,0.53429360457695,2.57261379020913,-0.0933700202574844,1.00156431320818,valid
catboost_poisson_s3_weather_offset,Frozen CatBoost Poisson final model,027,Gorenja vas-Poljane,47,141,87.3918883735187,1.82480750018547,3.04947174105741,0.838410367032287,10.7332177847468,-1.14059811971237,2.57517897941331,valid
catboost_poisson_s3_weather_offset,Frozen CatBoost Poisson final model,028,Gorišnica,47,12,23.5369289077435,0.454988915689956,0.591199642923033,0.351602714709055,1.51065408747299,0.245466572505181,0.803021014898311,valid
catboost_poisson_s3_weather_offset,Frozen CatBoost Poisson final model,029,Gornja Radgona,47,67,55.2063743688789,1.2245498543378,1.58932313322826,0.854001266094974,4.40771631899552,-0.250928204917471,2.01343162990411,valid
catboost_poisson_s3_weather_offset,Frozen CatBoost Poisson final model,030,Gornji Grad,47,52,29.9999195536354,0.907996475769105,1.49004863967922,0.487151920952837,5.13510459475021,-0.468086818007757,1.99595847083879,valid
catboost_poisson_s3_weather_offset,Frozen CatBoost Poisson final model,031,Gornji Petrovci,47,36,18.7613247767255,0.769245311609123,1.16883515670496,0.535393611097212,3.85983092593559,-0.366780323899458,1.83433345660491,valid
catboost_poisson_s3_weather_offset,Frozen CatBoost Poisson final model,032,Grosuplje,47,178,161.595923392957,2.00311913465619,2.98101671998462,1.21274329110277,8.27179953334183,-0.349022906532836,1.89186219137502,valid
catboost_poisson_s3_weather_offset,Frozen CatBoost Poisson final model,033,Šalovci,47,8,8.08898063056637,0.309313051216554,0.42509345286221,0.224397987031703,0.929590870199453,0.00189320490566738,0.801804286750388,valid
catboost_poisson_s3_weather_offset,Frozen CatBoost Poisson final model,034,Hrastnik,47,32,56.3579022203741,0.98651476768854,1.36426195706086,0.686451816167177,4.23064803744303,0.518253238731364,1.72299467652667,valid
catboost_poisson_s3_weather_offset,Frozen CatBoost Poisson final model,035,Hrpelje-Kozina,47,36,30.9654663620537,1.00999119459256,1.42921232032745,0.580697441972885,4.31064033831166,-0.107117736977581,2.0452563375777,valid
catboost_poisson_s3_weather_offset,Frozen CatBoost Poisson final model,036,Idrija,47,168,116.140068537797,1.89796786717246,2.74302393817498,1.26859984037822,8.73233498242063,-1.10340279706815,2.3587319895111,valid
catboost_poisson_s3_weather_offset,Frozen CatBoost Poisson final model,037,Ig,47,118,83.5970905903068,1.0187089540939,1.49141825434308,0.73517569951793,4.55768064976188,-0.731976795950918,0.967004288724043,valid
catboost_poisson_s3_weather_offset,Frozen CatBoost Poisson final model,038,Ilirska Bistrica,47,36,72.3369892815394,1.22433323394383,1.43261192435849,1.14194246917685,3.24598742273662,0.773127431522114,1.6737811165305,valid
catboost_poisson_s3_weather_offset,Frozen CatBoost Poisson final model,039,Ivančna Gorica,47,208,154.769155265063,1.99344867494234,3.03318009059263,1.23589873197524,10.1804182717233,-1.13257116457314,1.82235598823045,valid
catboost_poisson_s3_weather_offset,Frozen CatBoost Poisson final model,040,Izola,47,67,93.2657516659618,1.28924489294503,1.59289922009046,1.20704702247033,3.6121567165664,0.558845780126847,1.4748029639093,valid
catboost_poisson_s3_weather_offset,Frozen CatBoost Poisson final model,041,Jesenice,47,275,264.855513452259,2.96628999356282,3.5211622866528,2.39507209162587,7.980662042477,-0.215840139313638,2.32171695879096,valid
catboost_poisson_s3_weather_offset,Frozen CatBoost Poisson final model,042,Juršinci,47,20,17.8984613676932,0.461053698748217,0.650695753853921,0.267023240896022,1.77657532576659,-0.0447135879214218,0.804845263224051,valid
catboost_poisson_s3_weather_offset,Frozen CatBoost Poisson final model,043,Kamnik,47,357,274.206362086003,2.76629520873057,4.02117953572758,1.97726175196821,14.3617850079388,-1.76156676412759,2.09420262814868,valid
catboost_poisson_s3_weather_offset,Frozen CatBoost Poisson final model,044,Kanal,47,72,56.8514528714086,0.71926221307921,0.894062705593865,0.586262685475976,2.55099744615461,-0.322309513374285,0.843166765318757,valid
catboost_poisson_s3_weather_offset,Frozen CatBoost Poisson final model,045,Kidričevo,47,28,42.562906387858,0.805624074331144,1.08753525814574,0.516792633655783,2.70962879589563,0.309849072082085,1.29653126834691,valid
catboost_poisson_s3_weather_offset,Frozen CatBoost Poisson final model,046,Kobarid,47,156,125.862136344932,2.87717317249365,3.8857359978283,1.91287548470819,9.98441154754878,-0.641231141597183,4.28638231839138,valid
catboost_poisson_s3_weather_offset,Frozen CatBoost Poisson final model,047,Kobilje,47,1,2.63240001993429,0.0763421672192588,0.159571129132065,0.0400876508281405,0.977840919685434,0.0347319153177509,0.231570550636121,valid
catboost_poisson_s3_weather_offset,Frozen CatBoost Poisson final model,048,Kočevje,47,127,84.6796964716373,1.23518251020008,1.58021355425409,0.935567439256895,3.93605662087326,-0.900431989965165,1.05336432849759,valid
catboost_poisson_s3_weather_offset,Frozen CatBoost Poisson final model,049,Komen,47,28,27.3315838175115,0.79306060245039,1.00714087239631,0.594371887027748,2.55443256144619,-0.01422162090401,1.66889382496333,valid
catboost_poisson_s3_weather_offset,Frozen CatBoost Poisson final model,050,Koper,47,240,292.565939815211,2.6995358338391,3.75412358158606,2.0183546443767,14.4350740366033,1.11842425138747,1.84225745982039,valid
catboost_poisson_s3_weather_offset,Frozen CatBoost Poisson final model,051,Kozje,47,45,32.4789383136811,0.705533689033735,0.917475599822839,0.606763722421124,1.89000445384908,-0.26640556779402,1.17234663742132,valid
catboost_poisson_s3_weather_offset,Frozen CatBoost Poisson final model,052,Kranj,47,493,466.7461028561,2.98415491462285,3.82225113023234,2.38443160493381,9.44211812633777,-0.558593556253185,1.64022008704561,valid
catboost_poisson_s3_weather_offset,Frozen CatBoost Poisson final model,053,Kranjska Gora,47,60,59.5286312706918,1.07585837055105,1.57093280574592,0.603258252609512,4.8262439590844,-0.0100291219001743,1.47170450223589,valid
catboost_poisson_s3_weather_offset,Frozen CatBoost Poisson final model,054,Krško,47,203,170.01066728335,2.19785550722564,3.35556995586754,1.08228478090762,10.0151096971121,-0.701900696098934,2.03049736191406,valid
catboost_poisson_s3_weather_offset,Frozen CatBoost Poisson final model,055,Kungota,47,8,27.8572817441689,0.566959434215997,0.692723044867828,0.499629703706368,1.51857526133496,0.422495356258913,1.05576143204309,valid
catboost_poisson_s3_weather_offset,Frozen CatBoost Poisson final model,056,Kuzma,47,20,17.4087550534691,0.372086689344755,0.506636929249081,0.174959759402884,1.50001615332546,-0.0551328712027859,0.689470949622807,valid
catboost_poisson_s3_weather_offset,Frozen CatBoost Poisson final model,057,Laško,47,100,86.6655682864124,1.4128625817476,1.79908031518315,1.08234162690381,4.07349615032463,-0.283711313055056,1.50588574058487,valid
catboost_poisson_s3_weather_offset,Frozen CatBoost Poisson final model,058,Lenart,47,68,65.0857942142402,1.04266049492275,1.32996767359294,0.736403896332931,3.1798936999186,-0.0620043784204219,1.24470787558598,valid
catboost_poisson_s3_weather_offset,Frozen CatBoost Poisson final model,059,Lendava,47,96,78.5033334075262,1.31787027874698,1.82906757136993,0.906658871137894,4.65250199968807,-0.372269501967527,1.65380702783549,valid
catboost_poisson_s3_weather_offset,Frozen CatBoost Poisson final model,060,Litija,47,233,160.144294426543,2.15815223907774,2.94101245560525,1.34354530849301,8.75886452259152,-1.55012139517993,1.93296322824971,valid
catboost_poisson_s3_weather_offset,Frozen CatBoost Poisson final model,061,Ljubljana,47,2299,2040.4536029057,9.963945769531,14.0670001192294,6.57189059718564,39.4565949314072,-5.50098717221913,3.33086513085205,valid
catboost_poisson_s3_weather_offset,Frozen CatBoost Poisson final model,062,Ljubno,47,34,24.1478834272313,0.737636662822323,1.07018606470957,0.556640179372886,3.52196724323682,-0.209619501548271,1.40208179379269,valid
catboost_poisson_s3_weather_offset,Frozen CatBoost Poisson final model,063,Ljutomer,47,88,131.571041715705,2.5245788841625,3.28250223171122,1.74630611624703,9.24994947482146,0.927043440759686,3.93302019654337,valid
catboost_poisson_s3_weather_offset,Frozen CatBoost Poisson final model,064,Logatec,47,196,153.639547905577,1.62158641780758,2.29658146687833,1.04004076692711,6.29989063837154,-0.901286214774963,1.04543425418179,valid
catboost_poisson_s3_weather_offset,Frozen CatBoost Poisson final model,065,Loška dolina,47,56,35.4837135395403,1.01998021595801,1.69222711435796,0.428175257168511,5.40921943419503,-0.436516733201271,2.07720918638596,valid
catboost_poisson_s3_weather_offset,Frozen CatBoost Poisson final model,066,Loški Potok,47,8,11.6462667904511,0.363820597751339,0.459426087056025,0.275298261221677,0.910320615228848,0.0775801444776827,0.806450677649498,valid
catboost_poisson_s3_weather_offset,Frozen CatBoost Poisson final model,067,Luče,47,20,13.639039514014,0.456141669911068,0.671064820002773,0.289525426502467,2.3339143939357,-0.135339584808213,0.938378869143893,valid
catboost_poisson_s3_weather_offset,Frozen CatBoost Poisson final model,068,Lukovica,47,71,58.8376249888321,1.28795732019182,1.75203995960476,0.811251271281719,4.44195044989746,-0.258773936407828,2.17031328516769,valid
catboost_poisson_s3_weather_offset,Frozen CatBoost Poisson final model,069,Majšperk,47,16,24.7768917500033,0.48701311786679,0.700368638083605,0.268812305357282,2.38605529210012,0.186742377659645,0.865064794149917,valid
catboost_poisson_s3_weather_offset,Frozen CatBoost Poisson final model,070,Maribor,47,435,464.398039782133,5.03340037677551,6.53131439229433,3.60069155122003,17.3704528111443,0.62549020813048,3.78140666724005,valid
catboost_poisson_s3_weather_offset,Frozen CatBoost Poisson final model,071,Medvode,47,241,187.747865474752,1.7463751745875,2.26211560643201,1.41652412413205,6.78317793051554,-1.13302413883507,1.58603656903267,valid
catboost_poisson_s3_weather_offset,Frozen CatBoost Poisson final model,072,Mengeš,47,118,82.5068048175321,1.49501978410908,2.27537725890005,0.916939977440653,6.00690018232865,-0.755174365584423,2.33228416679252,valid
catboost_poisson_s3_weather_offset,Frozen CatBoost Poisson final model,073,Metlika,47,163,103.497691282965,1.89486783099196,2.46997830921245,1.23170945518357,6.45501131601919,-1.26600656844754,2.86202409982407,valid
catboost_poisson_s3_weather_offset,Frozen CatBoost Poisson final model,074,Mežica,47,12,21.5232739337743,0.510495663948227,0.614043889475149,0.535713853438575,1.85642407586968,0.202622849654773,1.00964849457336,valid
catboost_poisson_s3_weather_offset,Frozen CatBoost Poisson final model,075,Miren-Kostanjevica,47,94,66.0205031077319,1.45061840781488,2.02056136381952,0.873383684084438,5.62687575680472,-0.595308444516342,2.86812101519294,valid
catboost_poisson_s3_weather_offset,Frozen CatBoost Poisson final model,076,Mislinja,47,77,51.5280654432084,1.39218023553585,1.89198631773205,0.852427124403003,4.71898747518576,-0.541956054399822,2.38091666691327,valid
catboost_poisson_s3_weather_offset,Frozen CatBoost Poisson final model,077,Moravče,47,157,91.0050722344111,1.94664556868601,2.36219819981768,1.98063561623192,5.18955089222128,-1.40414739926785,2.86058084354207,valid
catboost_poisson_s3_weather_offset,Frozen CatBoost Poisson final model,078,Moravske Toplice,47,50,45.619283455569,0.90781224153706,1.00636677299308,0.801508100827698,1.90187698762,-0.0932067349878942,1.33218870830495,valid
catboost_poisson_s3_weather_offset,Frozen CatBoost Poisson final model,079,Mozirje,47,67,41.7839101375102,0.905074963432382,1.38074857900667,0.436081104945474,5.02125549208893,-0.53651255026574,1.42510655149478,valid
catboost_poisson_s3_weather_offset,Frozen CatBoost Poisson final model,080,Murska Sobota,47,97,117.139736577845,1.51215352005341,2.0885858059305,0.816635178471539,6.05104496564847,0.428505033571172,1.65885718461799,valid
catboost_poisson_s3_weather_offset,Frozen CatBoost Poisson final model,081,Muta,47,30,29.3125268285294,0.814154451119116,1.09158730219795,0.530248624224726,2.80516446258937,-0.0146270887546935,1.55969400224282,valid
catboost_poisson_s3_weather_offset,Frozen CatBoost Poisson final model,082,Naklo,47,67,51.5719414452533,0.800140015720216,1.14860574637772,0.361753905970272,3.26666722823306,-0.328256564994611,1.01722802938105,valid
catboost_poisson_s3_weather_offset,Frozen CatBoost Poisson final model,083,Nazarje,47,44,24.215916750964,0.894646121621654,1.39774908965429,0.45336147174716,4.68775403409114,-0.420937941468851,2.32850016958046,valid
catboost_poisson_s3_weather_offset,Frozen CatBoost Poisson final model,084,Nova Gorica,47,464,414.946021558814,2.98148503313858,4.4026512856518,1.6077544408096,14.0422428936286,-1.0437016689614,1.40477455448996,valid
catboost_poisson_s3_weather_offset,Frozen CatBoost Poisson final model,085,Novo mesto,47,425,306.553733121591,5.22097661036762,7.49977820180128,3.10615889031144,19.8863023041453,-2.52013333783848,5.86309432464438,valid
catboost_poisson_s3_weather_offset,Frozen CatBoost Poisson final model,086,Odranci,47,0,8.19305621720061,0.174320345046822,0.223530334043432,0.122474638731693,0.537869592515868,0.174320345046822,0.348640690093643,valid
catboost_poisson_s3_weather_offset,Frozen CatBoost Poisson final model,087,Ormož,47,161,107.798147824063,2.13174871459495,2.49945144043382,2.08195640697309,4.82929362313677,-1.13195430161569,2.64638953891717,valid
catboost_poisson_s3_weather_offset,Frozen CatBoost Poisson final model,088,Osilnica,47,0,1.74414021885663,0.0371093663586517,0.0440874507376961,0.0292999816642174,0.0871800240363819,0.0371093663586517,0.0742187327173034,valid
catboost_poisson_s3_weather_offset,Frozen CatBoost Poisson final model,089,Pesnica,47,52,51.981165193571,1.02951682206328,1.35410879946756,0.715987017027748,3.31630781110699,-0.000400740562320053,1.60610118770109,valid
catboost_poisson_s3_weather_offset,Frozen CatBoost Poisson final model,090,Piran,47,88,113.425247675001,1.68402007845127,2.19918906835506,1.35788933799056,5.6177676444658,0.540962716489378,2.15749246377919,valid
catboost_poisson_s3_weather_offset,Frozen CatBoost Poisson final model,091,Pivka,47,100,71.7808611511772,1.26385455293935,1.71355136200252,0.824587338227803,4.88244879601528,-0.600407209549421,1.32885473589943,valid
catboost_poisson_s3_weather_offset,Frozen CatBoost Poisson final model,092,Podčetrtek,47,20,24.1372199770599,0.435998631942632,0.545154794825527,0.363913107913623,1.76598042482442,0.0880259569587221,0.766006829792477,valid
catboost_poisson_s3_weather_offset,Frozen CatBoost Poisson final model,093,Podvelka,47,20,21.0522236462979,0.491626082802196,0.714604924269264,0.277026677543834,1.74262880115434,0.0223877371552744,0.905245814525297,valid
catboost_poisson_s3_weather_offset,Frozen CatBoost Poisson final model,094,Postojna,47,204,172.364654814177,1.69486159305978,2.23444964197966,1.43163190704913,7.21249040493369,-0.673092450762192,1.38838001819979,valid
catboost_poisson_s3_weather_offset,Frozen CatBoost Poisson final model,095,Preddvor,47,34,28.1298220001741,0.923024197572197,1.15399398074759,0.827837735977696,2.82051565832835,-0.124897404251615,2.08077116791765,valid
catboost_poisson_s3_weather_offset,Frozen CatBoost Poisson final model,096,Ptuj,47,169,163.229276664739,2.59236991956754,3.65303705270393,1.51877939887483,10.8791749575801,-0.122781347558738,2.59898803008284,valid
catboost_poisson_s3_weather_offset,Frozen CatBoost Poisson final model,097,Puconci,47,77,52.7348403675202,0.939743380097383,1.30999076894561,0.57350686153424,4.51361563612907,-0.516279992180422,1.12390298193529,valid
catboost_poisson_s3_weather_offset,Frozen CatBoost Poisson final model,098,Rače-Fram,47,46,52.2366328863241,0.766242956122449,1.07001755163658,0.518873416437046,3.35583878561646,0.132694316730301,1.08966944159194,valid
catboost_poisson_s3_weather_offset,Frozen CatBoost Poisson final model,099,Radeče,47,8,24.1103163920514,0.47963248482877,0.649598521506047,0.323262875930244,1.75554870821794,0.342772689192582,0.879931199596832,valid
catboost_poisson_s3_weather_offset,Frozen CatBoost Poisson final model,100,Radenci,47,52,37.9317553801972,1.2772775505223,1.70027421963784,0.943759154106221,4.16713287897148,-0.299324353612825,2.56400514621305,valid
catboost_poisson_s3_weather_offset,Frozen CatBoost Poisson final model,101,Radlje ob Dravi,47,72,54.3602124742785,1.06389913963281,1.35189873299894,0.802514427802622,3.11051967853717,-0.375314628206839,1.31524837912148,valid
catboost_poisson_s3_weather_offset,Frozen CatBoost Poisson final model,102,Radovljica,47,446,408.917161943286,3.32273450622348,4.69263762797986,2.04443925362599,11.7931351241537,-0.78899655439816,2.02486623060507,valid
catboost_poisson_s3_weather_offset,Frozen CatBoost Poisson final model,103,Ravne na Koroškem,47,112,95.0956773621772,1.74053500670369,2.53220660115079,1.05218598289931,8.55399738954716,-0.359666439102612,2.45962232557243,valid
catboost_poisson_s3_weather_offset,Frozen CatBoost Poisson final model,104,Ribnica,47,40,60.5424879760345,1.14348953820677,1.43040856342292,0.86554056507785,3.6840964071152,0.437074212256054,1.71997718104152,valid
catboost_poisson_s3_weather_offset,Frozen CatBoost Poisson final model,105,Rogašovci,47,24,22.5495942828082,0.485107347469277,0.701329474403324,0.309855619936433,2.4907449777567,-0.0308596961104645,0.904581734380821,valid
catboost_poisson_s3_weather_offset,Frozen CatBoost Poisson final model,106,Rogaška Slatina,47,92,83.3970355381012,1.67040085131271,2.61112211922182,1.00825913358309,8.25566550157282,-0.183041797061678,2.32209025345648,valid
catboost_poisson_s3_weather_offset,Frozen CatBoost Poisson final model,107,Rogatec,47,28,26.8105206194899,0.512242812028734,0.700212137202777,0.373283731224721,1.76543641799855,-0.0253080719257468,0.769451577310532,valid
catboost_poisson_s3_weather_offset,Frozen CatBoost Poisson final model,108,Ruše,47,87,67.460670116403,1.34124671892737,1.62944454418635,1.32174538960891,3.20370134383474,-0.415730423055255,1.65318185050942,valid
catboost_poisson_s3_weather_offset,Frozen CatBoost Poisson final model,109,Semič,47,36,29.9441317901832,0.889394568861326,1.3257196012811,0.471579716202936,3.67519471190589,-0.128848259783336,1.76008088645571,valid
catboost_poisson_s3_weather_offset,Frozen CatBoost Poisson final model,110,Sevnica,47,140,133.543798188052,1.35852404437928,1.64429023622732,1.07296099856428,3.85118738127578,-0.137365995998899,1.2382410232325,valid
catboost_poisson_s3_weather_offset,Frozen CatBoost Poisson final model,111,Sežana,47,42,76.2969439631513,1.08846478341085,1.51772343540736,0.682618390315886,4.58152413434252,0.729722211981943,1.49121274730215,valid
catboost_poisson_s3_weather_offset,Frozen CatBoost Poisson final model,112,Slovenj Gradec,47,209,140.373601296858,3.24743349802249,4.30778106761376,2.40574280821114,12.2210870924904,-1.46013614262004,4.61490481099146,valid
catboost_poisson_s3_weather_offset,Frozen CatBoost Poisson final model,113,Slovenska Bistrica,47,179,168.383836623044,2.28648981114899,3.10983421130177,1.47306043854393,8.38816142379912,-0.225875816530969,2.02599251976735,valid
catboost_poisson_s3_weather_offset,Frozen CatBoost Poisson final model,114,Slovenske Konjice,47,160,119.598916614891,2.03229262820906,3.0447805177351,0.902226143407331,8.32511853094476,-0.859597518832101,2.57916928156041,valid
catboost_poisson_s3_weather_offset,Frozen CatBoost Poisson final model,115,Starše,47,20,27.0277603660475,0.469379933256323,0.561015954216696,0.420889785886441,1.57903980650357,0.149526816298883,0.681933667438414,valid
catboost_poisson_s3_weather_offset,Frozen CatBoost Poisson final model,116,Sveti Jurij ob Ščavnici,47,40,25.9501026934922,0.634028654822912,0.837627740671081,0.437618418019079,2.20769549245978,-0.298933985244846,0.98088509232289,valid
catboost_poisson_s3_weather_offset,Frozen CatBoost Poisson final model,117,Šenčur,47,124,91.1443627759345,1.22421839382649,1.6711550007515,0.872325844499147,5.76497257594313,-0.69905611115033,1.2279828890708,valid
catboost_poisson_s3_weather_offset,Frozen CatBoost Poisson final model,118,Šentilj,47,60,59.0192770147468,0.816024276074727,1.09859204736084,0.630410183023783,3.42794682885253,-0.0208664464947498,1.11136177863596,valid
catboost_poisson_s3_weather_offset,Frozen CatBoost Poisson final model,119,Šentjernej,47,68,52.4888913308754,1.28413470082378,1.76933810127794,0.715682546651247,4.3937735883998,-0.330023588704778,2.16671304791772,valid
catboost_poisson_s3_weather_offset,Frozen CatBoost Poisson final model,120,Šentjur,47,116,123.004527922246,2.01803227540877,2.46643656601137,1.77843848368075,5.95461234041705,0.149032508983958,2.46671522133019,valid
catboost_poisson_s3_weather_offset,Frozen CatBoost Poisson final model,121,Škocjan,47,32,29.4604259946699,0.685216045642152,0.885894357536101,0.529370265725664,2.3462095352636,-0.0540334894751085,1.15784280889096,valid
catboost_poisson_s3_weather_offset,Frozen CatBoost Poisson final model,122,Škofja Loka,47,328,245.76916937297,2.34204025077948,3.60345902865291,1.10631902061677,9.96099721944643,-1.74959214100064,1.42719319475453,valid
catboost_poisson_s3_weather_offset,Frozen CatBoost Poisson final model,123,Škofljica,47,149,106.489611088034,1.64557976772482,2.41632736774897,0.796954044372035,7.46366719547356,-0.904476359829065,1.93207820514118,valid
catboost_poisson_s3_weather_offset,Frozen CatBoost Poisson final model,124,Šmarje pri Jelšah,47,48,62.8135650636042,1.03739084536028,1.37350988413601,0.73485016359058,3.39675515251352,0.315182235395834,1.55147441812999,valid
catboost_poisson_s3_weather_offset,Frozen CatBoost Poisson final model,125,Šmartno ob Paki,47,20,21.3535858924305,0.508903670283715,0.597513664825119,0.503884079024124,1.62125560422644,0.0287996998389478,0.816126598149996,valid
catboost_poisson_s3_weather_offset,Frozen CatBoost Poisson final model,126,Šoštanj,47,56,59.2195504688905,1.24050294940158,1.62975362194533,0.901591758476098,4.83804992514783,0.0685010738061814,1.97862113943181,valid
catboost_poisson_s3_weather_offset,Frozen CatBoost Poisson final model,127,Štore,47,20,28.3792564868595,0.54448992572958,0.742765549615626,0.455492696829525,1.99361157971273,0.178282052911904,0.897924738798445,valid
catboost_poisson_s3_weather_offset,Frozen CatBoost Poisson final model,128,Tolmin,47,226,193.247287729627,2.25228280447036,2.57413226599243,2.25525753917261,5.24826233693744,-0.696866218518567,1.91932691955048,valid
catboost_poisson_s3_weather_offset,Frozen CatBoost Poisson final model,129,Trbovlje,47,152,130.769789759866,1.64959659781071,2.4502659489779,0.687603938530994,7.58873713108116,-0.451706600853912,1.51152920671548,valid
catboost_poisson_s3_weather_offset,Frozen CatBoost Poisson final model,130,Trebnje,47,166,112.191429164298,2.28324162733492,3.21261480294486,1.36984965887351,9.46183106766129,-1.14486320927025,2.94734907014384,valid
catboost_poisson_s3_weather_offset,Frozen CatBoost Poisson final model,131,Tržič,47,162,142.043368701876,1.33929667674685,1.81031977596283,1.09922346314498,6.23932694238162,-0.424609176555829,1.19786237528612,valid
catboost_poisson_s3_weather_offset,Frozen CatBoost Poisson final model,132,Turnišče,47,24,26.0575868537311,0.664145006272536,0.857684387668075,0.545542742847798,2.03021623307126,0.0437784436964059,1.25241694386936,valid
catboost_poisson_s3_weather_offset,Frozen CatBoost Poisson final model,133,Velenje,47,177,127.655963350107,2.17362488549265,2.98801582542011,1.45883933756887,8.0504990691963,-1.04987312021049,2.31211523577126,valid
catboost_poisson_s3_weather_offset,Frozen CatBoost Poisson final model,134,Velike Lašče,47,183,92.2831452684838,2.16843133988272,3.74089203245429,1.02077381492146,13.6730057403668,-1.93014584535141,3.40887213629047,valid
catboost_poisson_s3_weather_offset,Frozen CatBoost Poisson final model,135,Videm,47,68,45.642954285515,1.30829030609321,1.64629748442221,0.883737796582876,4.37895272771623,-0.475681823712448,2.36516230762309,valid
catboost_poisson_s3_weather_offset,Frozen CatBoost Poisson final model,136,Vipava,47,69,73.0971894219392,1.53000294808082,1.83261387248899,1.36691718437502,4.23411141378351,0.0871742430199823,2.36795501220938,valid
catboost_poisson_s3_weather_offset,Frozen CatBoost Poisson final model,137,Vitanje,47,48,26.519230405141,0.733057617201573,1.2609720805031,0.397335981144487,3.95478632629748,-0.457037650954446,1.14221022710836,valid
catboost_poisson_s3_weather_offset,Frozen CatBoost Poisson final model,138,Vodice,47,56,43.7536067403656,0.750899618816275,1.04958613849766,0.386589593491707,3.15614065543511,-0.260561558715626,1.02457065148185,valid
catboost_poisson_s3_weather_offset,Frozen CatBoost Poisson final model,139,Vojnik,47,55,61.0832036889344,0.678357707563111,0.839705316682007,0.600828889955069,2.20389473190323,0.129429865722008,0.895485238513843,valid
catboost_poisson_s3_weather_offset,Frozen CatBoost Poisson final model,140,Vrhnika,47,227,184.45451458237,1.77993229478048,2.53365043615758,1.17350582267432,8.17044412055489,-0.905223093992135,1.36094237884741,valid
catboost_poisson_s3_weather_offset,Frozen CatBoost Poisson final model,141,Vuzenica,47,28,20.6156191623133,0.5422538261404,0.727055571581279,0.403926454239094,1.86825128829365,-0.157114485908227,1.09516508087312,valid
catboost_poisson_s3_weather_offset,Frozen CatBoost Poisson final model,142,Zagorje ob Savi,47,138,128.326086714375,1.54567033301149,2.12122008868032,0.99709691299529,5.95366255106547,-0.205827942247348,1.58813473898574,valid
catboost_poisson_s3_weather_offset,Frozen CatBoost Poisson final model,143,Zavrč,47,4,7.96609485060313,0.239137850125997,0.338969928710884,0.133471957388741,0.919945366372763,0.0843849968213432,0.577955898491075,valid
catboost_poisson_s3_weather_offset,Frozen CatBoost Poisson final model,144,Zreče,47,138,72.4201482284519,1.89339285055751,2.76490543458257,0.937749218085291,7.6472331507491,-1.39531599513932,2.68667019287033,valid
catboost_poisson_s3_weather_offset,Frozen CatBoost Poisson final model,146,Železniki,47,104,82.1009381026928,1.41288372155087,1.87693397324528,1.01974265826858,4.83512853972123,-0.465937487176749,1.66032658460701,valid
catboost_poisson_s3_weather_offset,Frozen CatBoost Poisson final model,147,Žiri,47,80,45.8569906465756,1.095353960328,1.73694074083755,0.50997648765914,5.8254130502006,-0.726447007519667,1.65522175301874,valid
catboost_poisson_s3_weather_offset,Frozen CatBoost Poisson final model,148,Benedikt,47,19,18.4659464699816,0.584264809152018,0.791595269006544,0.392426670795182,2.42930688111315,-0.0113628410642221,1.18039163268385,valid
catboost_poisson_s3_weather_offset,Frozen CatBoost Poisson final model,149,Bistrica ob Sotli,47,24,13.7324762099795,0.570566234399179,0.784986011343295,0.432704629281452,1.75148355260332,-0.218457952979159,1.31778336186181,valid
catboost_poisson_s3_weather_offset,Frozen CatBoost Poisson final model,150,Bloke,47,12,15.0912210542643,0.329483931346771,0.446579079610743,0.166439041929967,1.05780604535185,0.0657706607290276,0.612923973675058,valid
catboost_poisson_s3_weather_offset,Frozen CatBoost Poisson final model,151,Braslovče,47,54,45.3336811356899,0.757874977207184,1.09343732815482,0.653618247634945,3.31783313542978,-0.184389763070428,1.1710007894323,valid
catboost_poisson_s3_weather_offset,Frozen CatBoost Poisson final model,152,Cankova,47,12,14.2910250447383,0.418438109181646,0.610233930324816,0.202574849070374,1.8781972432767,0.0487452137178354,0.911600515459387,valid
catboost_poisson_s3_weather_offset,Frozen CatBoost Poisson final model,153,Cerkvenjak,47,12,15.3740530520104,0.381780207364981,0.49240655497402,0.269855321758193,1.31309302970693,0.0717883628087321,0.744751782815245,valid
catboost_poisson_s3_weather_offset,Frozen CatBoost Poisson final model,154,Dobje,47,24,7.88635802410897,0.55931553017659,0.987306041160099,0.219685964430611,2.91683587349484,-0.342843446295554,1.99991797027832,valid
catboost_poisson_s3_weather_offset,Frozen CatBoost Poisson final model,155,Dobrna,47,8,13.568539239894,0.408996849357552,0.484251766682052,0.329827530643224,0.899790789707329,0.118479558295618,0.899753823455654,valid
catboost_poisson_s3_weather_offset,Frozen CatBoost Poisson final model,156,Dobrovnik,47,8,7.77980239723761,0.303797956100233,0.423271446635821,0.198033253558515,0.932110192789759,-0.00468505537792329,0.800562791715631,valid
catboost_poisson_s3_weather_offset,Frozen CatBoost Poisson final model,157,Dolenjske Toplice,47,32,28.6904235432734,0.78037259092568,0.98980281587865,0.699646359302622,2.58807558643075,-0.0704165203558846,1.45513297215477,valid
catboost_poisson_s3_weather_offset,Frozen CatBoost Poisson final model,158,Grad,47,36,19.7762737404793,0.676323257644845,1.13685907617539,0.347539414575503,3.76909627761944,-0.345185665096185,1.47260788590038,valid
catboost_poisson_s3_weather_offset,Frozen CatBoost Poisson final model,159,Hajdina,47,16,24.1568665016256,0.363188052516659,0.42321646101531,0.331747445882247,1.16822630818979,0.173550351098416,0.534615782404243,valid
catboost_poisson_s3_weather_offset,Frozen CatBoost Poisson final model,160,Hoče-Slivnica,47,80,83.9453607688736,0.980913763784704,1.23715955099692,0.816341047527411,3.08712662995412,0.0839438461462462,1.08257248969308,valid
catboost_poisson_s3_weather_offset,Frozen CatBoost Poisson final model,161,Hodoš,47,0,1.78155921230565,0.0379055151554394,0.0483431648240858,0.0266182320106775,0.114524582846498,0.0379055151554394,0.0758110303108789,valid
catboost_poisson_s3_weather_offset,Frozen CatBoost Poisson final model,162,Horjul,47,56,37.0101060497529,0.758048538638563,1.18515879385524,0.444213104915452,4.45326466552935,-0.404040296813769,1.12039226710221,valid
catboost_poisson_s3_weather_offset,Frozen CatBoost Poisson final model,163,Jezersko,47,20,8.35586959793618,0.44258423983822,0.80070261853089,0.135088820725838,2.89105909120475,-0.24774745536306,1.28914472593534,valid
catboost_poisson_s3_weather_offset,Frozen CatBoost Poisson final model,164,Komenda,47,68,58.74816495016,1.02088445112937,1.2634482448357,0.777048518840948,3.09462073859475,-0.196847554251914,1.30548326437125,valid
catboost_poisson_s3_weather_offset,Frozen CatBoost Poisson final model,165,Kostel,47,12,4.63916353947767,0.316216095209475,0.682146403545175,0.0889176869914476,2.93504141938442,-0.156613541713241,1.23977344510742,valid
catboost_poisson_s3_weather_offset,Frozen CatBoost Poisson final model,166,Križevci,47,40,29.2778542575964,0.607520732627145,0.815264915896147,0.421938239390191,2.38350320167438,-0.228130760476673,0.903008235605677,valid
catboost_poisson_s3_weather_offset,Frozen CatBoost Poisson final model,167,Lovrenc na Pohorju,47,4,17.9783820224609,0.340619052009524,0.428005607256643,0.24552231145091,1.24351892314455,0.297412383456614,0.644730092798448,valid
catboost_poisson_s3_weather_offset,Frozen CatBoost Poisson final model,168,Markovci,47,8,24.3624231935155,0.405696806405448,0.550927573099572,0.297186234502503,2.00200375894372,0.348136663691819,0.723419946837116,valid
catboost_poisson_s3_weather_offset,Frozen CatBoost Poisson final model,169,Miklavž na Dravskem polju,47,56,52.9852401935609,0.822501457289287,1.07924450195681,0.697525751918803,3.44965261064562,-0.0641438256689162,1.2457716238898,valid
catboost_poisson_s3_weather_offset,Frozen CatBoost Poisson final model,170,Mirna Peč,47,36,31.5225696818016,0.717863019087236,0.923628456383608,0.669893856284541,2.35004440129836,-0.0952644748552858,1.23805395369271,valid
catboost_poisson_s3_weather_offset,Frozen CatBoost Poisson final model,171,Oplotnica,47,18,25.851272979071,0.442570705209139,0.505970305627918,0.446035155300785,1.08252410794614,0.167048361256829,0.708570770025753,valid
catboost_poisson_s3_weather_offset,Frozen CatBoost Poisson final model,172,Podlehnik,47,9,13.0055628522136,0.349051399840064,0.471468754121746,0.203132795103258,1.2773602207022,0.08522474153646,0.743404546763298,valid
catboost_poisson_s3_weather_offset,Frozen CatBoost Poisson final model,173,Polzela,47,30,44.9414262224035,0.786305168572685,1.10681554719072,0.538953577886674,3.7363138219491,0.317902685583053,1.17121522425116,valid
catboost_poisson_s3_weather_offset,Frozen CatBoost Poisson final model,174,Prebold,47,40,41.3433695404798,0.62768492165111,0.827225606705091,0.497664328973625,2.02098687993592,0.0285823306485057,0.828482034641292,valid
catboost_poisson_s3_weather_offset,Frozen CatBoost Poisson final model,175,Prevalje,47,48,50.0867471176912,1.14350083701115,1.69946063962585,0.703696090621303,5.73165637836,0.0443988748444938,1.98077897754481,valid
catboost_poisson_s3_weather_offset,Frozen CatBoost Poisson final model,176,Razkrižje,47,14,11.4659595959969,0.473183648310876,0.687252025226088,0.25407626462071,1.8945014880627,-0.0539157532766614,1.27887040464173,valid
catboost_poisson_s3_weather_offset,Frozen CatBoost Poisson final model,177,Ribnica na Pohorju,47,29,13.609872368576,0.746547036741904,1.04040145874151,0.567959038574224,2.73794617228237,-0.327449524072851,2.15920922325817,valid
catboost_poisson_s3_weather_offset,Frozen CatBoost Poisson final model,178,Selnica ob Dravi,47,50,39.5246553040116,0.646737203242526,0.850449451478669,0.436860989004795,2.28429265177735,-0.222879674382731,0.787605321233208,valid
catboost_poisson_s3_weather_offset,Frozen CatBoost Poisson final model,179,Sodražica,47,20,19.0092830054094,0.474841724359129,0.614834081600498,0.414477290995684,1.41583549887642,-0.02107908499129,0.749219433644421,valid
catboost_poisson_s3_weather_offset,Frozen CatBoost Poisson final model,180,Solčava,47,16,6.08430050108028,0.360203047504373,0.592208835789433,0.123753415207329,1.90533471108539,-0.210972329764249,1.08928565250858,valid
catboost_poisson_s3_weather_offset,Frozen CatBoost Poisson final model,181,Sveta Ana,47,32,24.8742188366934,0.563683304726165,0.669229603519843,0.540631086996091,1.49162665515973,-0.151612365176737,0.924066073147335,valid
catboost_poisson_s3_weather_offset,Frozen CatBoost Poisson final model,182,Sveti Andraž v Slov. goricah,47,4,6.84373601097999,0.215517731368583,0.320164517521737,0.120773101309142,0.921305953582424,0.0605050215102126,0.5326397164677,valid
catboost_poisson_s3_weather_offset,Frozen CatBoost Poisson final model,183,Šempeter-Vrtojba,47,76,64.3300490289159,1.24064220195198,1.77680801208314,0.72758302025237,6.32668600875679,-0.248296829172002,1.78295736662789,valid
catboost_poisson_s3_weather_offset,Frozen CatBoost Poisson final model,184,Tabor,47,8,12.1429380018847,0.288662084607282,0.445734315970826,0.141753467923477,1.56029675144757,0.0881476170613774,0.525051360459338,valid
catboost_poisson_s3_weather_offset,Frozen CatBoost Poisson final model,185,Trnovska vas,47,12,10.2541600735657,0.398026538506787,0.592999626069219,0.253551533413101,1.77217297207532,-0.0371455303496661,0.953206198083274,valid
catboost_poisson_s3_weather_offset,Frozen CatBoost Poisson final model,186,Trzin,47,24,33.4591734486677,0.668195481309698,0.969780267710193,0.403542538260216,2.80019576674576,0.201259009546122,0.966106322148879,valid
catboost_poisson_s3_weather_offset,Frozen CatBoost Poisson final model,187,Velika Polana,47,0,7.16161050225331,0.152374691537304,0.19483019536898,0.107242223527563,0.46371797904061,0.152374691537304,0.304749383074609,valid
catboost_poisson_s3_weather_offset,Frozen CatBoost Poisson final model,188,Veržej,47,11,8.9549898569466,0.348729388762694,0.463713508779497,0.27801040614328,0.940488259774274,-0.0435108541075192,0.872893397702693,valid
catboost_poisson_s3_weather_offset,Frozen CatBoost Poisson final model,189,Vransko,47,15,18.1740383842521,0.519501070828327,0.638989169982313,0.390811219868191,1.29856997396124,0.0675327315798326,1.06824451107758,valid
catboost_poisson_s3_weather_offset,Frozen CatBoost Poisson final model,190,Žalec,47,87,123.264535512894,1.8729787577375,2.37987326565452,1.30650125348117,5.52918524315148,0.771585861976466,2.27288122743229,valid
catboost_poisson_s3_weather_offset,Frozen CatBoost Poisson final model,191,Žetale,47,12,8.79412061242301,0.35282590905166,0.467311912491022,0.287580737533613,0.934168773848257,-0.0682101997356806,0.852099299870162,valid
catboost_poisson_s3_weather_offset,Frozen CatBoost Poisson final model,192,Žirovnica,47,64,49.1031850924163,0.830505030101202,1.10650839404955,0.553324004465234,2.95697644971209,-0.316953508671995,1.04297920714652,valid
catboost_poisson_s3_weather_offset,Frozen CatBoost Poisson final model,193,Žužemberk,47,136,73.4703859358009,1.5351026089002,1.86858584335023,1.34491124872288,3.90903222341583,-1.33041732051487,2.07914699785531,valid
catboost_poisson_s3_weather_offset,Frozen CatBoost Poisson final model,194,Šmartno pri Litiji,47,102,69.2247360204743,1.31504189362132,1.83567235931666,0.814386147800942,5.15739257136203,-0.697346042117568,1.70953777132016,valid
catboost_poisson_s3_weather_offset,Frozen CatBoost Poisson final model,195,Apače,47,50,27.9434830188421,0.951872821043907,1.35674279959599,0.598953020290134,3.58962780068518,-0.469287595343786,1.97591548174832,valid
catboost_poisson_s3_weather_offset,Frozen CatBoost Poisson final model,196,Cirkulane,47,12,15.1076503512338,0.457658578477534,0.70106412372971,0.238288833542633,2.73741678073524,0.0661202202390175,1.01905729485211,valid
catboost_poisson_s3_weather_offset,Frozen CatBoost Poisson final model,197,Kostanjevica na Krki,47,20,20.1144427476606,0.532841856393085,0.694599086099977,0.425463088189398,1.82455312855958,0.00243495207788613,0.991289197916959,valid
catboost_poisson_s3_weather_offset,Frozen CatBoost Poisson final model,198,Makole,47,40,20.9026630030685,0.803381438603629,1.13615148703875,0.600607332434183,3.58112464403941,-0.406326319083648,1.74164121646292,valid
catboost_poisson_s3_weather_offset,Frozen CatBoost Poisson final model,199,Mokronog-Trebelno,47,40,26.1360023574651,0.851997366252919,1.31959646178947,0.480862007641954,4.35818926309686,-0.294978673245424,1.54806609362628,valid
catboost_poisson_s3_weather_offset,Frozen CatBoost Poisson final model,200,Poljčane,47,12,25.0567258016977,0.534107614524646,0.696218057798497,0.36066626498742,1.64314519838773,0.277802676631866,1.02724247524634,valid
catboost_poisson_s3_weather_offset,Frozen CatBoost Poisson final model,201,Renče-Vogrsko,47,64,52.713955239127,1.004888009894,1.30874537065835,0.653548612974543,3.23921115827823,-0.240128611933468,1.53159375520578,valid
catboost_poisson_s3_weather_offset,Frozen CatBoost Poisson final model,202,Središče ob Dravi,47,24,17.4509292918788,0.689324548278721,0.915126982942316,0.624615222685886,2.55252549733313,-0.139341929960026,1.51859666439158,valid
catboost_poisson_s3_weather_offset,Frozen CatBoost Poisson final model,203,Straža,47,24,25.7198195967102,0.658728696897972,0.895687938523892,0.480520262490714,2.56773058251775,0.0365919063129826,1.28862125071918,valid
catboost_poisson_s3_weather_offset,Frozen CatBoost Poisson final model,204,Sveta Trojica v Slovenskih goricah,47,8,15.8085928955682,0.426373771054121,0.577661982198936,0.20275950775436,1.87470707794667,0.166140274373792,0.839924451162616,valid
catboost_poisson_s3_weather_offset,Frozen CatBoost Poisson final model,205,Sveti Tomaž,47,42,27.3215341050064,0.656758602719088,0.951995947412112,0.471102991445428,3.22491726276086,-0.312307784999863,1.30881960736525,valid
catboost_poisson_s3_weather_offset,Frozen CatBoost Poisson final model,206,Šmarješke Toplice,47,30,24.7602747462776,0.413637494703429,0.527023039062986,0.397849717461787,1.52118564851607,-0.111483516036647,0.557683871474515,valid
catboost_poisson_s3_weather_offset,Frozen CatBoost Poisson final model,207,Gorje,47,28,25.143899379028,0.794387545294261,1.14327481597294,0.513674125950606,3.55551218008921,-0.0607680983185538,1.64919594068584,valid
catboost_poisson_s3_weather_offset,Frozen CatBoost Poisson final model,208,Log-Dragomer,47,48,40.8839403206455,0.590905160318838,0.751818074900361,0.477516807606354,1.80217986712795,-0.15140552509265,0.732663536436061,valid
catboost_poisson_s3_weather_offset,Frozen CatBoost Poisson final model,209,Rečica ob Savinji,47,22,18.7883108971524,0.52527868059613,0.640078540740001,0.394762190457114,1.51864172467376,-0.0683338106988844,0.948710321542863,valid
catboost_poisson_s3_weather_offset,Frozen CatBoost Poisson final model,210,Sveti Jurij v Slovenskih goricah,47,12,14.3302083660942,0.377341663328691,0.454705052292959,0.34065844659558,0.868098546827851,0.0495789014062595,0.709943581990356,valid
catboost_poisson_s3_weather_offset,Frozen CatBoost Poisson final model,211,Šentrupert,47,28,22.1006108227238,0.729385276148336,1.29315410283322,0.315874265990026,4.66655203705599,-0.125518918665451,1.85372191687737,valid
catboost_poisson_s3_weather_offset,Frozen CatBoost Poisson final model,212,Mirna,47,27,18.648742144691,0.696979056537923,0.856732663985298,0.638697577178716,1.76252268408558,-0.177686337346999,1.45939516830224,valid
catboost_poisson_s3_weather_offset,Frozen CatBoost Poisson final model,213,Ankaran,47,17,23.1689240022029,0.481092879390247,0.603852750572246,0.38877718696526,1.91845681468498,0.13125370217453,0.856827403630785,valid
model_s3_weather_offset_matched,Matched S3 weather Poisson GLM,001,Ajdovščina,47,318,343.156938211511,2.20938667808425,3.24097650287419,1.2277007509963,10.1243293528691,0.535254004500237,1.13950008820743,valid
model_s3_weather_offset_matched,Matched S3 weather Poisson GLM,002,Beltinci,47,42,55.7451470735651,0.847692247113032,1.03751928585504,0.637836088126794,2.33948664371067,0.292449937735427,1.174044044483,valid
model_s3_weather_offset_matched,Matched S3 weather Poisson GLM,003,Bled,47,75,66.2761760782143,0.901049253132844,1.130711300253,0.648453708340899,3.22977332540922,-0.18561327493161,1.0803669765202,valid
model_s3_weather_offset_matched,Matched S3 weather Poisson GLM,004,Bohinj,47,98,70.3877572734545,1.61898746615559,1.9859712251598,1.38549539620866,4.49063900076867,-0.587494526096713,2.25672735903235,valid
model_s3_weather_offset_matched,Matched S3 weather Poisson GLM,005,Borovnica,47,74,66.9762994613331,1.01630995262581,1.29557922218816,0.716637032343633,3.49236205885447,-0.149440436992913,1.25117434656501,valid
model_s3_weather_offset_matched,Matched S3 weather Poisson GLM,006,Bovec,47,87,34.7933396674081,1.37619713458283,1.67281476024832,1.23243462337458,4.30139782161585,-1.11078000707642,2.56307254054576,valid
model_s3_weather_offset_matched,Matched S3 weather Poisson GLM,007,Brda,47,75,78.7343427816412,1.23404253505877,1.49897566389379,0.961273325924443,3.48951104513824,0.0794541017370473,1.58162418281608,valid
model_s3_weather_offset_matched,Matched S3 weather Poisson GLM,008,Brezovica,47,160,124.09069858977,2.44577273984018,3.9733797003779,1.46385768874818,14.6873645881815,-0.764027689579354,3.56766377005363,valid
model_s3_weather_offset_matched,Matched S3 weather Poisson GLM,009,Brežice,47,76,56.820695821919,1.1961038708224,1.53813112632617,0.725346070219843,3.48426464169129,-0.408070301661299,1.88236414159521,valid
model_s3_weather_offset_matched,Matched S3 weather Poisson GLM,010,Tišina,47,20,22.8721833161457,0.363946248108427,0.459298265914799,0.277095091456499,1.25728741526937,0.0611102833222483,0.520842387435965,valid
model_s3_weather_offset_matched,Matched S3 weather Poisson GLM,011,Celje,47,88,103.19603650517,1.21146351686453,1.60338088598956,0.898214225107679,5.25641065957652,0.323319925641917,1.19207913677356,valid
model_s3_weather_offset_matched,Matched S3 weather Poisson GLM,012,Cerklje na Gorenjskem,47,87,54.5994656207395,1.14850404445704,1.51774867635935,0.731858094413555,4.21900464121559,-0.689373071899159,1.7420677989696,valid
model_s3_weather_offset_matched,Matched S3 weather Poisson GLM,013,Cerknica,47,84,130.033277223906,1.78229687767375,2.31300309672127,1.43339663659482,5.80614515438225,0.979431430295876,2.14329998334767,valid
model_s3_weather_offset_matched,Matched S3 weather Poisson GLM,014,Cerkno,47,72,49.8066532550985,0.987044862245365,1.34113031064112,0.690789131479641,3.95332063279403,-0.472198866912797,1.15441695330793,valid
model_s3_weather_offset_matched,Matched S3 weather Poisson GLM,015,Črenšovci,47,22,25.4765610335813,0.599209246992576,0.705567204541422,0.529566105993312,1.44085979999573,0.0739693836932195,1.05085833168328,valid
model_s3_weather_offset_matched,Matched S3 weather Poisson GLM,016,Črna na Koroškem,47,44,14.8017856650899,0.910004475593351,1.32480763477721,0.531306923214492,3.57570264911425,-0.621238602870427,2.12860991691112,valid
model_s3_weather_offset_matched,Matched S3 weather Poisson GLM,017,Črnomelj,47,134,128.145854317177,1.47128510509815,2.17569240686892,0.96919507403723,6.98836105222265,-0.124556291123896,1.59774809708692,valid
model_s3_weather_offset_matched,Matched S3 weather Poisson GLM,018,Destrnik,47,28,22.8394566911117,0.577792944495663,0.687996954776335,0.627020564700282,1.46560137107252,-0.109798793806133,0.950986210888442,valid
model_s3_weather_offset_matched,Matched S3 weather Poisson GLM,019,Divača,47,4,19.428237072674,0.407447471289536,0.480911982214137,0.342538111124542,0.96662682053348,0.328260363248383,0.773420568073295,valid
model_s3_weather_offset_matched,Matched S3 weather Poisson GLM,020,Dobrepolje,47,63,36.9710383261783,0.990086575146936,1.39519301947971,0.559993211650913,3.82230447539535,-0.553807695187696,1.61217982256382,valid
model_s3_weather_offset_matched,Matched S3 weather Poisson GLM,021,Dobrova-Polhov Gradec,47,137,138.863766995241,1.34077160186086,1.58501172435717,1.18402619149122,3.25263621372681,0.0396546169200278,1.35545597984149,valid
model_s3_weather_offset_matched,Matched S3 weather Poisson GLM,022,Dol pri Ljubljani,47,83,58.5637749542569,1.12645248214755,1.59071080091307,0.655627114434704,4.84032349649462,-0.519919681824321,1.28583904598818,valid
model_s3_weather_offset_matched,Matched S3 weather Poisson GLM,023,Domžale,47,379,158.807482041432,4.83929037751733,6.67953806137129,3.18861552110786,19.4476458363555,-4.68494719060783,6.44063567934242,valid
model_s3_weather_offset_matched,Matched S3 weather Poisson GLM,024,Dornava,47,13,12.5921168991905,0.387233203142701,0.471766489763278,0.336290994674726,0.927280860416202,-0.00867836384701041,0.729592027742478,valid
model_s3_weather_offset_matched,Matched S3 weather Poisson GLM,025,Dravograd,47,104,112.075610276484,1.88828879426003,2.37843362585289,1.14932531686557,4.76196619830742,0.171821495244339,2.27616807668541,valid
model_s3_weather_offset_matched,Matched S3 weather Poisson GLM,026,Duplek,47,56,27.3625622418999,0.912621641176369,1.22857658295543,0.573199875355689,2.82968539521953,-0.609307186342556,1.8075216360854,valid
model_s3_weather_offset_matched,Matched S3 weather Poisson GLM,027,Gorenja vas-Poljane,47,141,110.595420127635,1.70504583070568,2.82349061112234,0.92908202182185,10.1793271898418,-0.646905954731162,2.02475602807161,valid
model_s3_weather_offset_matched,Matched S3 weather Poisson GLM,028,Gorišnica,47,12,11.1555953022261,0.31966630744458,0.431622795845671,0.194522964469944,1.58745663748392,-0.0179660573994447,0.542586023287524,valid
model_s3_weather_offset_matched,Matched S3 weather Poisson GLM,029,Gornja Radgona,47,67,91.4524508802183,1.48705190605565,1.78548957856712,1.17994483398508,3.547130389813,0.520264912345069,2.06807658843252,valid
model_s3_weather_offset_matched,Matched S3 weather Poisson GLM,030,Gornji Grad,47,52,24.5853547335518,0.87553910170748,1.46048912804614,0.287417545417217,5.03743021502256,-0.583290324818047,1.74934103476087,valid
model_s3_weather_offset_matched,Matched S3 weather Poisson GLM,031,Gornji Petrovci,47,36,20.0233139429487,0.732902614795739,1.13462094738482,0.430952231073587,3.81735004066933,-0.339929490575559,1.78556838184387,valid
model_s3_weather_offset_matched,Matched S3 weather Poisson GLM,032,Grosuplje,47,178,113.363860683138,1.81063495823924,3.00344248607021,0.862661431086073,8.64430261014307,-1.37523700674174,2.06843384101859,valid
model_s3_weather_offset_matched,Matched S3 weather Poisson GLM,033,Šalovci,47,8,11.7616026163372,0.351427243137298,0.432855239691548,0.295913924713403,0.907347801340471,0.0800340982199411,0.755640261138739,valid
model_s3_weather_offset_matched,Matched S3 weather Poisson GLM,034,Hrastnik,47,32,29.9896180221475,0.70698939279399,0.861675515835448,0.637993630254923,1.91899631817504,-0.0427740846351598,1.19346746010705,valid
model_s3_weather_offset_matched,Matched S3 weather Poisson GLM,035,Hrpelje-Kozina,47,36,19.3963165592586,0.997131386936662,1.54053573895993,0.592003689329627,4.80428565215147,-0.353269860441306,3.18645745280163,valid
model_s3_weather_offset_matched,Matched S3 weather Poisson GLM,036,Idrija,47,168,100.261022243173,1.98645129134246,2.77957591337494,1.46786732949838,8.08330033029284,-1.44125484588994,2.4256408929457,valid
model_s3_weather_offset_matched,Matched S3 weather Poisson GLM,037,Ig,47,118,113.573214775398,1.12404356553127,1.35907356880791,0.878509553948109,3.39372529979354,-0.0941869196723912,1.04159174245017,valid
model_s3_weather_offset_matched,Matched S3 weather Poisson GLM,038,Ilirska Bistrica,47,36,67.9494154954075,1.20999474645361,1.41603750226052,1.05315622738261,2.773950481524,0.679774797774628,1.79376831720956,valid
model_s3_weather_offset_matched,Matched S3 weather Poisson GLM,039,Ivančna Gorica,47,208,129.445081959986,2.55747272234427,3.94522201588698,1.4278765566436,11.7972397516461,-1.67138123489391,3.46446937899287,valid
model_s3_weather_offset_matched,Matched S3 weather Poisson GLM,040,Izola,47,67,95.4302145265085,1.02059060098093,1.27915195823431,0.832023928704451,2.96329850779473,0.604898181415075,1.0878773513273,valid
model_s3_weather_offset_matched,Matched S3 weather Poisson GLM,041,Jesenice,47,275,295.899440839021,2.5730615750068,3.22113906501571,2.30704853957322,8.27618535126007,0.444668954021733,1.90842094153577,valid
model_s3_weather_offset_matched,Matched S3 weather Poisson GLM,042,Juršinci,47,20,16.2773959586944,0.453617294684307,0.64035322411867,0.285412278466035,1.62704486422169,-0.079204341304375,0.771837671936001,valid
model_s3_weather_offset_matched,Matched S3 weather Poisson GLM,043,Kamnik,47,357,206.304440853158,3.50179478475508,4.7267441944227,2.66855344605539,13.7004056319435,-3.20628849248601,3.63305670545448,valid
model_s3_weather_offset_matched,Matched S3 weather Poisson GLM,044,Kanal,47,72,76.1841068266262,0.71902719902306,0.891127751735393,0.519714499632255,1.95893320179398,0.0890235495026844,0.794972758190704,valid
model_s3_weather_offset_matched,Matched S3 weather Poisson GLM,045,Kidričevo,47,28,22.0260671919388,0.623069921665952,0.825058321074725,0.41169396260353,2.45288648210275,-0.127104953363004,1.07502149623451,valid
model_s3_weather_offset_matched,Matched S3 weather Poisson GLM,046,Kobarid,47,156,134.765842856447,2.93191650644856,3.89630414160311,1.94012270933883,10.3207204130456,-0.451790577522395,3.68540101090354,valid
model_s3_weather_offset_matched,Matched S3 weather Poisson GLM,047,Kobilje,47,1,2.67658271883763,0.0775754050796639,0.158811692926032,0.0451206858585372,0.984730659953286,0.0356719727412262,0.249297493551825,valid
model_s3_weather_offset_matched,Matched S3 weather Poisson GLM,048,Kočevje,47,127,34.9514350681535,2.10305594505862,2.68446050452729,1.6781310142457,5.42055237049626,-1.9584801049329,4.32456994278633,valid
model_s3_weather_offset_matched,Matched S3 weather Poisson GLM,049,Komen,47,28,33.1201112600374,0.788158980110145,0.967125923473812,0.663689570178527,2.31561865625232,0.108938537447604,1.42307379489674,valid
model_s3_weather_offset_matched,Matched S3 weather Poisson GLM,050,Koper,47,240,280.796683605833,1.82842428320184,2.39219166574652,1.46842333443821,6.9215994835478,0.868014544804967,0.959901834570479,valid
model_s3_weather_offset_matched,Matched S3 weather Poisson GLM,051,Kozje,47,45,7.49672363375425,0.87983727369847,1.22793599763511,0.805870772415901,3.67531443542777,-0.797942050345654,2.81678896441737,valid
model_s3_weather_offset_matched,Matched S3 weather Poisson GLM,052,Kranj,47,493,533.057091714668,3.44876121934373,4.52760769552415,2.51803227505102,13.7778138201072,0.852278547120585,2.0941073887799,valid
model_s3_weather_offset_matched,Matched S3 weather Poisson GLM,053,Kranjska Gora,47,60,70.5653708068807,0.992795319391278,1.2933305738485,0.779360486470827,3.75148541205109,0.224795123550653,1.24563330325402,valid
model_s3_weather_offset_matched,Matched S3 weather Poisson GLM,054,Krško,47,203,134.62373840694,2.56874232779766,3.89847947670234,1.42373257248045,12.0565527942257,-1.45481407644809,3.26215252350504,valid
model_s3_weather_offset_matched,Matched S3 weather Poisson GLM,055,Kungota,47,8,32.467642552745,0.605374012229616,0.75190909603848,0.434405831447755,1.6232783095731,0.520588139420106,1.14017603608619,valid
model_s3_weather_offset_matched,Matched S3 weather Poisson GLM,056,Kuzma,47,20,16.9929907249106,0.368370140467974,0.478080130334536,0.280287981261097,1.29215489096563,-0.0639789207465819,0.558832604328295,valid
model_s3_weather_offset_matched,Matched S3 weather Poisson GLM,057,Laško,47,100,69.8651566094217,1.32888620526979,1.75925804350244,0.729278017280123,4.37676074693648,-0.641166880650602,1.58758350816297,valid
model_s3_weather_offset_matched,Matched S3 weather Poisson GLM,058,Lenart,47,68,60.601508070975,0.984350359297866,1.26786294664788,0.597464824524683,3.4703136928574,-0.157414721894148,1.1745274964976,valid
model_s3_weather_offset_matched,Matched S3 weather Poisson GLM,059,Lendava,47,96,68.5073944543926,1.19590697247852,1.58509621922453,0.765709072028014,4.02401282014949,-0.584949054161861,1.42808095573084,valid
model_s3_weather_offset_matched,Matched S3 weather Poisson GLM,060,Litija,47,233,95.6266064887405,3.0365796806994,4.06341299113812,2.388533130957,11.2175735036079,-2.92283815981403,4.50688824803835,valid
model_s3_weather_offset_matched,Matched S3 weather Poisson GLM,061,Ljubljana,47,2299,2038.1154457586,14.8502622352814,18.8705507862201,13.0127577162433,55.3874244785894,-5.55073519662558,7.4150190845382,valid
model_s3_weather_offset_matched,Matched S3 weather Poisson GLM,062,Ljubno,47,34,33.0262321470103,0.787989921720987,1.03146243086307,0.68100717190435,3.20784355864221,-0.0207184649572278,1.32076708802292,valid
model_s3_weather_offset_matched,Matched S3 weather Poisson GLM,063,Ljutomer,47,88,218.550959726393,3.56008985204463,4.58154815103328,2.44198683066234,10.5215599037473,2.77767999417858,5.13794434232845,valid
model_s3_weather_offset_matched,Matched S3 weather Poisson GLM,064,Logatec,47,196,176.362904073399,2.00719148699654,2.92770317308584,1.40874510954464,8.91399145658082,-0.417810551629806,1.88696389962588,valid
model_s3_weather_offset_matched,Matched S3 weather Poisson GLM,065,Loška dolina,47,56,33.7804778843261,1.11331957623131,1.76216094451466,0.449765711562315,5.43239523727161,-0.47275578969519,2.39452300699001,valid
model_s3_weather_offset_matched,Matched S3 weather Poisson GLM,066,Loški Potok,47,8,4.66123258984398,0.239340503672893,0.391923042759425,0.119599964239535,0.97024637041644,-0.0710376044714047,0.767233178426267,valid
model_s3_weather_offset_matched,Matched S3 weather Poisson GLM,067,Luče,47,20,21.9925584402548,0.510804276553826,0.646713879703201,0.373373780338115,2.06742501621981,0.0423948604309525,0.885938400194797,valid
model_s3_weather_offset_matched,Matched S3 weather Poisson GLM,068,Lukovica,47,71,29.1249336077146,1.22037436820586,1.64427193053209,0.863873974990886,4.32182201091333,-0.890958859410328,2.37539386957131,valid
model_s3_weather_offset_matched,Matched S3 weather Poisson GLM,069,Majšperk,47,16,25.6935123749934,0.525326826402136,0.730165810528308,0.32568124728349,2.34165408683809,0.206244944148795,0.949698495041796,valid
model_s3_weather_offset_matched,Matched S3 weather Poisson GLM,070,Maribor,47,435,479.988313381706,5.18618494885608,6.27171449397218,5.33909741705945,14.402176711849,0.957198157057582,4.03832182722894,valid
model_s3_weather_offset_matched,Matched S3 weather Poisson GLM,071,Medvode,47,241,174.475038375491,1.93164174191785,2.47183672122543,1.46993862328935,6.80384358694185,-1.41542471541507,1.20639231891484,valid
model_s3_weather_offset_matched,Matched S3 weather Poisson GLM,072,Mengeš,47,118,38.6660013755627,1.8798138216528,2.47778967944785,1.55363744272005,6.25814907170347,-1.68795741754122,3.75654521959611,valid
model_s3_weather_offset_matched,Matched S3 weather Poisson GLM,073,Metlika,47,163,66.5454805221256,2.44858628734112,3.1577364493454,2.21338424851903,8.10637932544724,-2.05222381867818,3.99396447451366,valid
model_s3_weather_offset_matched,Matched S3 weather Poisson GLM,074,Mežica,47,12,24.3472947475682,0.509816865855517,0.633187972030675,0.41737696031151,1.88085062413604,0.26270839888443,1.06014551040412,valid
model_s3_weather_offset_matched,Matched S3 weather Poisson GLM,075,Miren-Kostanjevica,47,94,85.5207711591073,1.32366124831556,1.82786225227576,0.844453749883031,5.16881434323213,-0.180409124274313,1.7306873276674,valid
model_s3_weather_offset_matched,Matched S3 weather Poisson GLM,076,Mislinja,47,77,34.0776158099209,1.28257496156844,1.80106005694371,0.793600694444376,5.26977802946385,-0.913242216810194,2.26675715419382,valid
model_s3_weather_offset_matched,Matched S3 weather Poisson GLM,077,Moravče,47,157,34.6437817676128,2.68516405195864,3.2571644018842,2.85244277314734,6.79156532323327,-2.60332379217845,6.42057830998789,valid
model_s3_weather_offset_matched,Matched S3 weather Poisson GLM,078,Moravske Toplice,47,50,54.0870658525252,0.800355472286511,0.916034628421424,0.693192284236909,1.7603260323983,0.0869588479260675,1.00286829967842,valid
model_s3_weather_offset_matched,Matched S3 weather Poisson GLM,079,Mozirje,47,67,54.552546443827,1.02234620984542,1.41129768164698,0.638428727352573,4.50522896715228,-0.264839437365383,1.64151580624727,valid
model_s3_weather_offset_matched,Matched S3 weather Poisson GLM,080,Murska Sobota,47,97,92.553064748702,1.118578674659,1.37235143543309,0.86771502275129,3.35577398998224,-0.0946156436446377,1.09952056419828,valid
model_s3_weather_offset_matched,Matched S3 weather Poisson GLM,081,Muta,47,30,34.4202865567694,0.844681845993129,1.02754489279468,0.783273313799046,2.39742832185275,0.0940486501440291,1.48518414240693,valid
model_s3_weather_offset_matched,Matched S3 weather Poisson GLM,082,Naklo,47,67,52.7254808086589,0.907708058117762,1.1074125496875,0.717861351759004,2.98750200937338,-0.303713174283852,1.14096252504181,valid
model_s3_weather_offset_matched,Matched S3 weather Poisson GLM,083,Nazarje,47,44,19.2187561007387,0.889081946821862,1.40602869333012,0.39432505720521,4.4603182470274,-0.527260508494921,2.30682135620409,valid
model_s3_weather_offset_matched,Matched S3 weather Poisson GLM,084,Nova Gorica,47,464,409.384390372637,2.85744363231967,4.12719027018562,1.78837638231858,13.015506198108,-1.1620342473907,1.48867465974228,valid
model_s3_weather_offset_matched,Matched S3 weather Poisson GLM,085,Novo mesto,47,425,321.78764471714,6.04712415036121,7.47746718471635,4.64667518497007,16.5402105427521,-2.19600755920979,6.45092236518874,valid
model_s3_weather_offset_matched,Matched S3 weather Poisson GLM,086,Odranci,47,0,4.1773047324498,0.0888788240946767,0.104897456060548,0.0727468473016117,0.211197887563134,0.0888788240946767,0.177757648189353,valid
model_s3_weather_offset_matched,Matched S3 weather Poisson GLM,087,Ormož,47,161,133.287344799313,1.84655545444025,2.25449478084212,1.52375496882231,4.88184956440709,-0.589630961716746,2.22906747504469,valid
model_s3_weather_offset_matched,Matched S3 weather Poisson GLM,088,Osilnica,47,0,1.0421025825776,0.0221723953739916,0.0261438438215747,0.0179659028846483,0.0532652179565811,0.0221723953739916,0.0443447907479831,valid
model_s3_weather_offset_matched,Matched S3 weather Poisson GLM,089,Pesnica,47,52,44.9820320933128,0.975714886633065,1.29556861787385,0.73638300031025,3.57707494928682,-0.149318466099729,1.50856126401498,valid
model_s3_weather_offset_matched,Matched S3 weather Poisson GLM,090,Piran,47,88,81.7490736781844,1.22717414267619,1.68409090414537,0.815876351039874,5.53107492657546,-0.132998432379055,1.55518845431794,valid
model_s3_weather_offset_matched,Matched S3 weather Poisson GLM,091,Pivka,47,100,91.7712087184256,1.10189456578565,1.46985958849675,0.674666818588754,4.22134591190528,-0.175080665565413,0.904462120970017,valid
model_s3_weather_offset_matched,Matched S3 weather Poisson GLM,092,Podčetrtek,47,20,6.19167881957744,0.419605651553777,0.58973251961192,0.166515384510976,1.83316127199077,-0.293794067668565,1.13495396340662,valid
model_s3_weather_offset_matched,Matched S3 weather Poisson GLM,093,Podvelka,47,20,25.3361671661007,0.442390661678355,0.587364221500511,0.312729488900785,1.30478606537318,0.113535471619163,0.679152331715781,valid
model_s3_weather_offset_matched,Matched S3 weather Poisson GLM,094,Postojna,47,204,177.512465712342,1.92742507107642,2.47138348269936,1.48160461716183,7.12292462316553,-0.563564559311875,1.62559612786652,valid
model_s3_weather_offset_matched,Matched S3 weather Poisson GLM,095,Preddvor,47,34,45.1842619869828,1.00992301406952,1.26503800412032,0.762281649245742,2.76735782505461,0.237963020999634,2.08823811227862,valid
model_s3_weather_offset_matched,Matched S3 weather Poisson GLM,096,Ptuj,47,169,132.135381339904,2.29975705991097,3.51339369621817,1.31365153222922,11.8752308823883,-0.784353588512691,2.71127318145647,valid
model_s3_weather_offset_matched,Matched S3 weather Poisson GLM,097,Puconci,47,77,63.0955870721688,0.956712581287234,1.23697070508195,0.725595734596267,3.79424086009226,-0.295838572932579,1.17678279569232,valid
model_s3_weather_offset_matched,Matched S3 weather Poisson GLM,098,Rače-Fram,47,46,38.8056610608652,0.705217975167416,0.950854333587214,0.597018693979922,3.28765085227595,-0.153071041258186,1.0425177381691,valid
model_s3_weather_offset_matched,Matched S3 weather Poisson GLM,099,Radeče,47,8,10.4247920227272,0.304412308436495,0.389630641515718,0.18435519464169,0.814255998583683,0.0515913196324946,0.569631473183663,valid
model_s3_weather_offset_matched,Matched S3 weather Poisson GLM,100,Radenci,47,52,35.830145673112,1.24447378461516,1.67207932060429,0.829960984529496,3.92710827842244,-0.344039453763575,2.45203911809225,valid
model_s3_weather_offset_matched,Matched S3 weather Poisson GLM,101,Radlje ob Dravi,47,72,45.5995485201656,1.07117503041312,1.40551953858036,0.715205365465488,3.03322411789967,-0.561711733613498,1.6784223307753,valid
model_s3_weather_offset_matched,Matched S3 weather Poisson GLM,102,Radovljica,47,446,399.285074174371,2.9830022955666,4.21879390589423,2.12713133292117,11.94449772311,-0.993934592034658,1.83979209194381,valid
model_s3_weather_offset_matched,Matched S3 weather Poisson GLM,103,Ravne na Koroškem,47,112,147.732531079287,1.95102404893894,2.46852333349897,1.20647030191045,4.97672162515239,0.760266618708226,2.3677997174664,valid
model_s3_weather_offset_matched,Matched S3 weather Poisson GLM,104,Ribnica,47,40,35.5361225348761,0.862420551486952,1.23798933780885,0.514476484844886,3.96983633621628,-0.0949761162792311,1.43327271709327,valid
model_s3_weather_offset_matched,Matched S3 weather Poisson GLM,105,Rogašovci,47,24,16.0142282184152,0.471037002086922,0.672920167490498,0.29973006825154,2.41226275534227,-0.16991003790606,0.842250931352656,valid
model_s3_weather_offset_matched,Matched S3 weather Poisson GLM,106,Rogaška Slatina,47,92,54.5178830620374,1.50219631607539,2.62603084145905,0.600466295353458,8.65200894702467,-0.797491849743885,2.84852512518585,valid
model_s3_weather_offset_matched,Matched S3 weather Poisson GLM,107,Rogatec,47,28,20.8507416751204,0.456766454417613,0.609992477829509,0.292351111743042,1.74729342862985,-0.152111879252758,0.673027276482433,valid
model_s3_weather_offset_matched,Matched S3 weather Poisson GLM,108,Ruše,47,87,37.6685462308141,1.33739771661163,1.64047483733862,1.17893410320324,3.55641166089093,-1.04960539934438,2.18609038275177,valid
model_s3_weather_offset_matched,Matched S3 weather Poisson GLM,109,Semič,47,36,47.5902155348509,1.03817053592585,1.32535542599984,0.809926202104513,3.62960268504957,0.246600330528744,1.7271615572436,valid
model_s3_weather_offset_matched,Matched S3 weather Poisson GLM,110,Sevnica,47,140,94.846696112477,1.80026947151536,2.1732250800282,1.58703123315677,4.407083220096,-0.960708593351553,2.16180753912563,valid
model_s3_weather_offset_matched,Matched S3 weather Poisson GLM,111,Sežana,47,42,53.8705089064367,0.975580465856326,1.23645045956236,0.725223892161258,3.8996667339266,0.252564019285887,1.42808768767358,valid
model_s3_weather_offset_matched,Matched S3 weather Poisson GLM,112,Slovenj Gradec,47,209,142.333835499846,3.61537252236574,4.35772050758667,3.32379987776653,8.32959813523471,-1.41842903191818,4.84166868274769,valid
model_s3_weather_offset_matched,Matched S3 weather Poisson GLM,113,Slovenska Bistrica,47,179,130.409967345479,1.92345455887921,2.30393035331771,1.99046069592119,5.3931781412193,-1.03383048201109,1.92022024288334,valid
model_s3_weather_offset_matched,Matched S3 weather Poisson GLM,114,Slovenske Konjice,47,160,83.3283262425593,2.41968526087127,3.33523186981727,1.56653443280646,8.3977435192926,-1.63131220760512,3.42271442726157,valid
model_s3_weather_offset_matched,Matched S3 weather Poisson GLM,115,Starše,47,20,23.9937080916095,0.342834757514893,0.419550087222696,0.27013231157676,1.05539991560027,0.0849725125874372,0.522061332821899,valid
model_s3_weather_offset_matched,Matched S3 weather Poisson GLM,116,Sveti Jurij ob Ščavnici,47,40,47.2084950695945,0.610681034797094,0.693843172801037,0.499296309649716,1.29753068662452,0.153372235523287,0.81540482693711,valid
model_s3_weather_offset_matched,Matched S3 weather Poisson GLM,117,Šenčur,47,124,105.30043832154,1.19259311639095,1.62944281733439,0.865323185183846,5.14772087138292,-0.39786301443531,1.23590297482706,valid
model_s3_weather_offset_matched,Matched S3 weather Poisson GLM,118,Šentilj,47,60,53.4124230635702,0.928168767533897,1.25370952485058,0.703356346281385,3.99758747668133,-0.140161211413401,1.37019957234431,valid
model_s3_weather_offset_matched,Matched S3 weather Poisson GLM,119,Šentjernej,47,68,63.9354049061064,1.44122455361564,1.89822218621433,1.02567760550233,4.59591067992829,-0.0864807466785882,2.60110075907053,valid
model_s3_weather_offset_matched,Matched S3 weather Poisson GLM,120,Šentjur,47,116,152.141824639238,2.08370504576144,2.52633146703917,1.53661959111118,5.20808848940552,0.768974992324213,2.62066425008487,valid
model_s3_weather_offset_matched,Matched S3 weather Poisson GLM,121,Škocjan,47,32,20.6592272545051,0.610819751514114,0.79873691716116,0.439845210579126,2.44382278537251,-0.24129303713819,1.05504405667211,valid
model_s3_weather_offset_matched,Matched S3 weather Poisson GLM,122,Škofja Loka,47,328,279.036657682495,2.70467717809074,3.63069768666163,2.38447498881811,9.8209734056895,-1.04177324079798,1.59354538813151,valid
model_s3_weather_offset_matched,Matched S3 weather Poisson GLM,123,Škofljica,47,149,126.305466526975,1.77919265845362,2.24621810706907,1.43023437290395,4.8026864656043,-0.482862414319688,1.82971384107284,valid
model_s3_weather_offset_matched,Matched S3 weather Poisson GLM,124,Šmarje pri Jelšah,47,48,38.6728515829149,0.923663946615568,1.22829547244787,0.624316417727195,3.87626487869526,-0.19844996632096,1.46053453198248,valid
model_s3_weather_offset_matched,Matched S3 weather Poisson GLM,125,Šmartno ob Paki,47,20,10.3556717630969,0.459484355227072,0.580751106542175,0.395171788789764,1.72150045981245,-0.205198473125597,0.993996891519293,valid
model_s3_weather_offset_matched,Matched S3 weather Poisson GLM,126,Šoštanj,47,56,36.6251956369159,1.15447411057492,1.60797059954446,0.799484507834182,5.01837247708982,-0.41222988006562,2.22769274702143,valid
model_s3_weather_offset_matched,Matched S3 weather Poisson GLM,127,Štore,47,20,15.1882935067558,0.43391422295742,0.5316826650092,0.442815068821238,1.58540337061432,-0.102376733898812,0.701231730681563,valid
model_s3_weather_offset_matched,Matched S3 weather Poisson GLM,128,Tolmin,47,226,203.651553865393,2.17039143015448,2.52551993949537,2.0840373060862,4.92062733742246,-0.4754988539278,2.01096974633597,valid
model_s3_weather_offset_matched,Matched S3 weather Poisson GLM,129,Trbovlje,47,152,95.8306754622668,2.01905597894152,2.9773557344962,1.10698065467493,8.3065901685158,-1.19509201144113,2.31914742183749,valid
model_s3_weather_offset_matched,Matched S3 weather Poisson GLM,130,Trebnje,47,166,86.3204799896846,2.49970753923763,3.33784301699669,1.66596039171868,9.21416710921031,-1.69530893638969,3.77793159517239,valid
model_s3_weather_offset_matched,Matched S3 weather Poisson GLM,131,Tržič,47,162,113.162451305587,2.19768715318625,2.72272391665472,1.95175365356391,8.11265451681338,-1.03909678073219,2.7672238273359,valid
model_s3_weather_offset_matched,Matched S3 weather Poisson GLM,132,Turnišče,47,24,30.0670175117808,0.598057101279944,0.768793645190949,0.476854061857615,1.63596592744099,0.12908547897406,1.00402974553723,valid
model_s3_weather_offset_matched,Matched S3 weather Poisson GLM,133,Velenje,47,177,87.4256025487048,2.43857449837503,3.49814478029949,1.27585763480176,10.1049404407106,-1.90583824364458,3.5753529958015,valid
model_s3_weather_offset_matched,Matched S3 weather Poisson GLM,134,Velike Lašče,47,183,131.642880603452,2.25263834423486,3.91064163471933,0.857954753153106,14.3130834902597,-1.09270466801165,3.18056465072684,valid
model_s3_weather_offset_matched,Matched S3 weather Poisson GLM,135,Videm,47,68,23.9731603780693,1.27251638394497,1.73392135737004,0.828198597534326,4.53206223632838,-0.936741268551717,3.13731044449077,valid
model_s3_weather_offset_matched,Matched S3 weather Poisson GLM,136,Vipava,47,69,99.9128901068717,1.26670757612109,1.64627236400668,0.981936389504284,4.13510878775937,0.657721066103654,1.74940530974537,valid
model_s3_weather_offset_matched,Matched S3 weather Poisson GLM,137,Vitanje,47,48,26.5377783380977,0.777843733970284,1.25304030583629,0.307272393756615,3.58159862411295,-0.456643014083028,1.1699766784602,valid
model_s3_weather_offset_matched,Matched S3 weather Poisson GLM,138,Vodice,47,56,54.3382306594983,0.721217823138071,0.906204156803183,0.548575878501383,2.02858792411293,-0.0353567944787588,0.925778418510379,valid
model_s3_weather_offset_matched,Matched S3 weather Poisson GLM,139,Vojnik,47,55,46.2626491377645,0.731131492617766,0.944530711065086,0.503285039046145,2.3891876391944,-0.185901082175223,1.03990025518204,valid
model_s3_weather_offset_matched,Matched S3 weather Poisson GLM,140,Vrhnika,47,227,221.531791077518,1.80205356387269,2.51088379770027,1.25043831439034,8.44894085350382,-0.116344870691112,1.13360932582447,valid
model_s3_weather_offset_matched,Matched S3 weather Poisson GLM,141,Vuzenica,47,28,23.7429099029717,0.514505747252383,0.674740358768182,0.353584603186021,1.8844312556977,-0.0905763850431543,1.03771769806958,valid
model_s3_weather_offset_matched,Matched S3 weather Poisson GLM,142,Zagorje ob Savi,47,138,111.049376784099,1.40856091003183,1.78315504466232,1.12060641651824,5.83341273579863,-0.573417515231937,1.42327387225008,valid
model_s3_weather_offset_matched,Matched S3 weather Poisson GLM,143,Zavrč,47,4,6.68040125168238,0.217713149750894,0.322177473317574,0.15762620401603,0.95896314314665,0.0570298138655826,0.607728415197348,valid
model_s3_weather_offset_matched,Matched S3 weather Poisson GLM,144,Zreče,47,138,53.954467781932,2.2534377325652,3.13942906573899,1.49676556440194,9.27940366809409,-1.78820281315038,4.30154876284294,valid
model_s3_weather_offset_matched,Matched S3 weather Poisson GLM,146,Železniki,47,104,107.11055533126,1.14737386974794,1.49818586561028,0.813831806449176,4.14997616130919,0.0661820283246829,1.07570538298332,valid
model_s3_weather_offset_matched,Matched S3 weather Poisson GLM,147,Žiri,47,80,47.2068157067326,1.33461023320831,1.93757813503532,0.797860263686201,6.23554627183026,-0.697727325388668,2.52608736572542,valid
model_s3_weather_offset_matched,Matched S3 weather Poisson GLM,148,Benedikt,47,19,27.6809745094898,0.663840937111372,0.820709147750559,0.528451655277962,2.19968699129367,0.184701585308294,1.18206471419009,valid
model_s3_weather_offset_matched,Matched S3 weather Poisson GLM,149,Bistrica ob Sotli,47,24,4.58485973784089,0.531994435912338,0.824790395603036,0.212837952868362,1.95460136672265,-0.413088090684236,2.06703070555467,valid
model_s3_weather_offset_matched,Matched S3 weather Poisson GLM,150,Bloke,47,12,19.6199742869422,0.307472856805131,0.359600674584683,0.248010540894302,0.75751384551935,0.162127112488132,0.500458910831621,valid
model_s3_weather_offset_matched,Matched S3 weather Poisson GLM,151,Braslovče,47,54,47.6501530877877,0.779917160883893,1.11638203369919,0.571884104019806,3.44747116364766,-0.13510312579175,1.29527806728493,valid
model_s3_weather_offset_matched,Matched S3 weather Poisson GLM,152,Cankova,47,12,10.3458811977415,0.369466187688724,0.506576717939712,0.262797352199456,1.87105352794198,-0.0351940170693305,0.838419603220601,valid
model_s3_weather_offset_matched,Matched S3 weather Poisson GLM,153,Cerkvenjak,47,12,19.6954727230177,0.405284146284517,0.482215944145974,0.348397084001551,0.916161115181185,0.163733462191865,0.77175980842898,valid
model_s3_weather_offset_matched,Matched S3 weather Poisson GLM,154,Dobje,47,24,15.0549858142512,0.647262240899673,0.976201674245601,0.34228324606184,2.767522365128,-0.190319450760612,1.63315444501378,valid
model_s3_weather_offset_matched,Matched S3 weather Poisson GLM,155,Dobrna,47,8,4.51311954476001,0.248196819370955,0.406057677894417,0.131718346590793,0.97694149926059,-0.07418894585617,0.912250869835418,valid
model_s3_weather_offset_matched,Matched S3 weather Poisson GLM,156,Dobrovnik,47,8,7.13374641081877,0.272398072790494,0.389707299477298,0.175627921020896,0.942601936201019,-0.018430927429388,0.679653839133075,valid
model_s3_weather_offset_matched,Matched S3 weather Poisson GLM,157,Dolenjske Toplice,47,32,29.4134601423926,0.760892919631457,0.936437117557095,0.655871356280661,2.32241624862934,-0.0550327629278172,1.29407465590562,valid
model_s3_weather_offset_matched,Matched S3 weather Poisson GLM,158,Grad,47,36,27.8297378026157,0.660876457785002,1.0492768956412,0.264881393169852,3.31819535738007,-0.173835365901793,1.17312665137892,valid
model_s3_weather_offset_matched,Matched S3 weather Poisson GLM,159,Hajdina,47,16,16.5698036326512,0.315614996239384,0.373778656106791,0.282278352594345,0.757681065821346,0.01212348154577,0.474284813072571,valid
model_s3_weather_offset_matched,Matched S3 weather Poisson GLM,160,Hoče-Slivnica,47,80,76.3992724798728,1.17109875548519,1.42016578294994,0.779305838194327,2.88749778018167,-0.0766112238324925,1.32605794393167,valid
model_s3_weather_offset_matched,Matched S3 weather Poisson GLM,161,Hodoš,47,0,2.09478448029849,0.0445698825595424,0.0531813335349312,0.0337432719106414,0.107451194756296,0.0445698825595424,0.0891397651190848,valid
model_s3_weather_offset_matched,Matched S3 weather Poisson GLM,162,Horjul,47,56,49.7570459217615,0.718960667807452,0.997862837703448,0.468651318080063,3.73739995032868,-0.132828810175288,0.767164603123413,valid
model_s3_weather_offset_matched,Matched S3 weather Poisson GLM,163,Jezersko,47,20,11.1621680185043,0.470191617520425,0.80394099532357,0.172356268656792,2.8061186759059,-0.188038978329695,1.21278956487385,valid
model_s3_weather_offset_matched,Matched S3 weather Poisson GLM,164,Komenda,47,68,25.4706771088599,1.10569606607012,1.37404842777997,0.853364228735503,3.26353375002617,-0.904879210449789,1.97843464660831,valid
model_s3_weather_offset_matched,Matched S3 weather Poisson GLM,165,Kostel,47,12,4.80839657557589,0.324086901581599,0.686108157378666,0.0945311732570261,2.88813549958552,-0.153012838817534,1.1321499571757,valid
model_s3_weather_offset_matched,Matched S3 weather Poisson GLM,166,Križevci,47,40,61.2574053278193,0.861738756652533,1.02060778500958,0.751935569981023,2.16607201407803,0.452285219740836,1.04845313565273,valid
model_s3_weather_offset_matched,Matched S3 weather Poisson GLM,167,Lovrenc na Pohorju,47,4,14.423814888368,0.286962618006203,0.335672266714613,0.272286114073717,0.603708372273863,0.221783295497191,0.526164726264847,valid
model_s3_weather_offset_matched,Matched S3 weather Poisson GLM,168,Markovci,47,8,14.00132197043,0.307191991887408,0.407419435497495,0.232258756935114,1.40358356170758,0.12768770149851,0.530358875583069,valid
model_s3_weather_offset_matched,Matched S3 weather Poisson GLM,169,Miklavž na Dravskem polju,47,56,51.0754198075248,0.853659138240204,1.10244648777751,0.556168198434731,3.21840126054306,-0.104778301967557,1.16583576466928,valid
model_s3_weather_offset_matched,Matched S3 weather Poisson GLM,170,Mirna Peč,47,36,26.1576106848704,0.596257743653441,0.817311250641362,0.335809045708184,2.40968233780776,-0.209412538619779,0.958023933865341,valid
model_s3_weather_offset_matched,Matched S3 weather Poisson GLM,171,Oplotnica,47,18,15.4577431757431,0.360023796364843,0.429235003492893,0.345824810960393,0.923206603453852,-0.0540905707288696,0.635334360636537,valid
model_s3_weather_offset_matched,Matched S3 weather Poisson GLM,172,Podlehnik,47,9,6.09795323640139,0.257006050421159,0.388201458381542,0.128698568073736,0.964167386051861,-0.0617456758212471,0.639985288886931,valid
model_s3_weather_offset_matched,Matched S3 weather Poisson GLM,173,Polzela,47,30,40.3594296790733,0.677839517414924,0.874334448541516,0.417861224144983,1.80159831908045,0.220413397427092,1.17394898825753,valid
model_s3_weather_offset_matched,Matched S3 weather Poisson GLM,174,Prebold,47,40,26.5680314560865,0.545707398626503,0.773751589139946,0.27433328181242,2.1304992563167,-0.285786564764117,0.83531124300933,valid
model_s3_weather_offset_matched,Matched S3 weather Poisson GLM,175,Prevalje,47,48,54.8212837780865,1.05930060033065,1.45451265650025,0.735062995539872,4.80408695953774,0.145133697406095,1.57224762361869,valid
model_s3_weather_offset_matched,Matched S3 weather Poisson GLM,176,Razkrižje,47,14,18.9842218428895,0.480030826631199,0.593385758050189,0.40763217022859,1.42204482146663,0.106047273252967,0.872906429702567,valid
model_s3_weather_offset_matched,Matched S3 weather Poisson GLM,177,Ribnica na Pohorju,47,29,21.0870480429044,0.774178371639288,0.998680999340827,0.567590991223267,2.35962445957738,-0.168360679938204,1.64916517817029,valid
model_s3_weather_offset_matched,Matched S3 weather Poisson GLM,178,Selnica ob Dravi,47,50,32.5837617672786,0.688535789605405,0.940920479828974,0.449351328239816,2.8431637697396,-0.370558260270668,0.947431487822662,valid
model_s3_weather_offset_matched,Matched S3 weather Poisson GLM,179,Sodražica,47,20,15.3105450649056,0.482868507803717,0.661968588439174,0.316519718715121,1.66300097099031,-0.0997756369169024,0.857806996256045,valid
model_s3_weather_offset_matched,Matched S3 weather Poisson GLM,180,Solčava,47,16,2.58228671101792,0.353267049010036,0.647052089923942,0.0653414583817543,1.95915262351589,-0.285483261467704,1.57333169222771,valid
model_s3_weather_offset_matched,Matched S3 weather Poisson GLM,181,Sveta Ana,47,32,24.0679444335682,0.436178623540387,0.542243390765316,0.376021532991531,1.26494946412265,-0.168767139711315,0.611827743167357,valid
model_s3_weather_offset_matched,Matched S3 weather Poisson GLM,182,Sveti Andraž v Slov. goricah,47,4,7.04403349788505,0.217725268440958,0.314060455497092,0.172261810606824,0.907232572991161,0.064766670167767,0.519490443616897,valid
model_s3_weather_offset_matched,Matched S3 weather Poisson GLM,183,Šempeter-Vrtojba,47,76,68.4641976694901,1.07182047124871,1.34664655516723,0.897458108089077,3.14115184472643,-0.160336219798084,1.22238828666928,valid
model_s3_weather_offset_matched,Matched S3 weather Poisson GLM,184,Tabor,47,8,12.0556861759995,0.304927752765244,0.432338644503926,0.21103157034333,1.55431277990536,0.0862911952340312,0.544147463040424,valid
model_s3_weather_offset_matched,Matched S3 weather Poisson GLM,185,Trnovska vas,47,12,12.2077334155996,0.402281190488466,0.567747637873299,0.272554095044457,1.66971438841186,0.00441985990637487,0.812200352228555,valid
model_s3_weather_offset_matched,Matched S3 weather Poisson GLM,186,Trzin,47,24,25.6084317864787,0.492230711959225,0.682777192287079,0.391891864504316,2.37503247735057,0.0342219529038017,0.77608451032387,valid
model_s3_weather_offset_matched,Matched S3 weather Poisson GLM,187,Velika Polana,47,0,9.75523240504072,0.207558136277462,0.245181634333169,0.166190847776612,0.483687152041462,0.207558136277462,0.415116272554924,valid
model_s3_weather_offset_matched,Matched S3 weather Poisson GLM,188,Veržej,47,11,11.2264635697615,0.37241046649224,0.460978310901074,0.311278525228022,0.928047463629708,0.00481837382471193,0.837099960805716,valid
model_s3_weather_offset_matched,Matched S3 weather Poisson GLM,189,Vransko,47,15,19.0454016891085,0.518885885430062,0.607155786610235,0.494081205183056,1.28122544809784,0.0860723763640101,1.03473834384573,valid
model_s3_weather_offset_matched,Matched S3 weather Poisson GLM,190,Žalec,47,87,91.5710525528494,1.54150175741121,1.75359054635014,1.46180160597224,3.21220895909866,0.097256437294668,1.88763999837927,valid
model_s3_weather_offset_matched,Matched S3 weather Poisson GLM,191,Žetale,47,12,7.07408104513567,0.345502999965483,0.476644048101194,0.195625388764489,0.95900349427122,-0.104806786273709,0.94936535656813,valid
model_s3_weather_offset_matched,Matched S3 weather Poisson GLM,192,Žirovnica,47,64,59.5926824284846,0.863650802187158,1.0323449231053,0.655113751542357,2.4068111160958,-0.0937727142875611,0.833538231527298,valid
model_s3_weather_offset_matched,Matched S3 weather Poisson GLM,193,Žužemberk,47,136,43.9104335634727,2.01416677090995,2.50634478035393,1.66451294365927,5.8051820970114,-1.95935247737292,3.58834626352189,valid
model_s3_weather_offset_matched,Matched S3 weather Poisson GLM,194,Šmartno pri Litiji,47,102,40.1029335211307,1.58363107052872,2.22312069937393,0.845810010184881,5.18671216253722,-1.31695886125254,2.65794460441665,valid
model_s3_weather_offset_matched,Matched S3 weather Poisson GLM,195,Apače,47,50,36.244960037495,1.04713473282117,1.37415559871347,0.776821556076392,2.99546831553596,-0.292660424734149,2.12434333266743,valid
model_s3_weather_offset_matched,Matched S3 weather Poisson GLM,196,Cirkulane,47,12,12.485726879274,0.394774251198466,0.641067693345547,0.21724804080283,2.61259872058352,0.0103346144526389,0.835453103942555,valid
model_s3_weather_offset_matched,Matched S3 weather Poisson GLM,197,Kostanjevica na Krki,47,20,10.6635364717061,0.4738764346038,0.665128999833815,0.310074564108577,1.83913339577657,-0.198648160176466,1.06240687398146,valid
model_s3_weather_offset_matched,Matched S3 weather Poisson GLM,198,Makole,47,40,14.5318885837035,0.787832816440831,1.1667012922643,0.48365027559195,3.67783154202622,-0.541874710985033,1.97466278803553,valid
model_s3_weather_offset_matched,Matched S3 weather Poisson GLM,199,Mokronog-Trebelno,47,40,28.4991495150883,0.924100751831712,1.36897550261769,0.638668472942229,4.24694032247839,-0.244698946487482,1.78926552626238,valid
model_s3_weather_offset_matched,Matched S3 weather Poisson GLM,200,Poljčane,47,12,14.4265621288287,0.376455540229311,0.513842934790799,0.285101194410505,1.63975547708912,0.0516289814644398,0.665575153266399,valid
model_s3_weather_offset_matched,Matched S3 weather Poisson GLM,201,Renče-Vogrsko,47,64,63.7891615057294,0.981250755387435,1.22839417163767,0.700664520810776,3.03508376675268,-0.0044859254100134,1.17885668774855,valid
model_s3_weather_offset_matched,Matched S3 weather Poisson GLM,202,Središče ob Dravi,47,24,23.5405720442364,0.616155927574446,0.785086337760093,0.518291924904092,2.16131941872757,-0.00977506288858797,1.03684535749051,valid
model_s3_weather_offset_matched,Matched S3 weather Poisson GLM,203,Straža,47,24,30.4624317929769,0.697207793088535,0.90369115777373,0.399629550399133,2.46876309244952,0.137498548786742,1.22248186408719,valid
model_s3_weather_offset_matched,Matched S3 weather Poisson GLM,204,Sveta Trojica v Slovenskih goricah,47,8,18.8590086224585,0.431676675013201,0.508540701153535,0.355365021171811,0.929752465331321,0.231042736648053,0.778910451401569,valid
model_s3_weather_offset_matched,Matched S3 weather Poisson GLM,205,Sveti Tomaž,47,42,33.5146654914476,0.730435304376875,1.01353029994224,0.375133838225233,3.63018491176633,-0.180539032096859,1.13286484567168,valid
model_s3_weather_offset_matched,Matched S3 weather Poisson GLM,206,Šmarješke Toplice,47,30,23.7305751610931,0.466740272929969,0.567859722461735,0.417972411740488,1.36399556792957,-0.133392017849084,0.725402769980391,valid
model_s3_weather_offset_matched,Matched S3 weather Poisson GLM,207,Gorje,47,28,21.2856458512968,0.696248140919206,0.993210750596921,0.489132636326853,3.41397421452305,-0.142858598908578,1.45902273133233,valid
model_s3_weather_offset_matched,Matched S3 weather Poisson GLM,208,Log-Dragomer,47,48,38.5009762147028,0.688653371335884,0.887861620376916,0.409041385344069,2.20248907245952,-0.202106889048876,0.814295745067385,valid
model_s3_weather_offset_matched,Matched S3 weather Poisson GLM,209,Rečica ob Savinji,47,22,20.0781847488714,0.470669241050623,0.593516562067166,0.374655095547659,1.55697981502294,-0.0408896861942261,0.827441583084639,valid
model_s3_weather_offset_matched,Matched S3 weather Poisson GLM,210,Sveti Jurij v Slovenskih goricah,47,12,18.6035537186493,0.432064659776998,0.499918402066069,0.446735677804912,0.941323503131548,0.140501142949984,0.791750087311712,valid
model_s3_weather_offset_matched,Matched S3 weather Poisson GLM,211,Šentrupert,47,28,18.4729591945304,0.721635936918049,1.28246305225553,0.39568807706142,4.66194387548816,-0.202702995861056,1.75930460239247,valid
model_s3_weather_offset_matched,Matched S3 weather Poisson GLM,212,Mirna,47,27,20.4236774558112,0.721872331493991,0.877393487250936,0.614586652712273,1.86301963569056,-0.139921756259336,1.62379994792137,valid
model_s3_weather_offset_matched,Matched S3 weather Poisson GLM,213,Ankaran,47,17,15.8229418016081,0.369772880077911,0.468363584079395,0.280666840846995,1.68979757307367,-0.0250437914551471,0.632232117970843,valid
baseline_d_municipality_seasonal_history,Municipality and seasonal historical expectation,001,Ajdovščina,47,318,404.777777777778,3.8274231678487,5.30550759326284,2.22222222222222,15.2222222222222,1.84633569739953,2.67066574590889,valid
baseline_d_municipality_seasonal_history,Municipality and seasonal historical expectation,002,Beltinci,47,42,67.4444444444444,0.976359338061466,1.17466022114728,0.888888888888889,2.44444444444444,0.541371158392435,1.28913778383213,valid
baseline_d_municipality_seasonal_history,Municipality and seasonal historical expectation,003,Bled,47,75,69.4444444444444,0.964539007092199,1.2906892130184,0.777777777777778,4.11111111111111,-0.118203309692671,1.15428643661576,valid
baseline_d_municipality_seasonal_history,Municipality and seasonal historical expectation,004,Bohinj,47,98,74.6666666666667,1.62647754137116,1.9735578003657,1.44444444444444,5.44444444444444,-0.49645390070922,2.77417154683718,valid
baseline_d_municipality_seasonal_history,Municipality and seasonal historical expectation,005,Borovnica,47,74,65.5555555555556,0.817966903073286,1.10375817636796,0.555555555555556,3,-0.179669030732861,0.885668081713971,valid
baseline_d_municipality_seasonal_history,Municipality and seasonal historical expectation,006,Bovec,47,87,28.7777777777778,1.42789598108747,1.73999447477905,1.33333333333333,4.11111111111111,-1.2387706855792,2.9313419625548,valid
baseline_d_municipality_seasonal_history,Municipality and seasonal historical expectation,007,Brda,47,75,84.7777777777778,1.30496453900709,1.57652199217282,1,3.44444444444444,0.208037825059102,1.70029819179818,valid
baseline_d_municipality_seasonal_history,Municipality and seasonal historical expectation,008,Brezovica,47,160,123.888888888889,2.29550827423168,3.42141312470411,1.55555555555556,11.7777777777778,-0.768321513002364,2.41539271176568,valid
baseline_d_municipality_seasonal_history,Municipality and seasonal historical expectation,009,Brežice,47,76,63.3333333333333,1.26713947990544,1.61958722490984,1,3.44444444444444,-0.269503546099291,2.03640427845759,valid
baseline_d_municipality_seasonal_history,Municipality and seasonal historical expectation,010,Tišina,47,20,27.1111111111111,0.340425531914894,0.478593508921969,0.333333333333333,1.22222222222222,0.151300236406619,0.451886060520378,valid
baseline_d_municipality_seasonal_history,Municipality and seasonal historical expectation,011,Celje,47,88,110.666666666667,1.01182033096927,1.43724337026991,0.666666666666667,4.22222222222222,0.482269503546099,0.900604207646067,valid
baseline_d_municipality_seasonal_history,Municipality and seasonal historical expectation,012,Cerklje na Gorenjskem,47,87,54,1.18439716312057,1.59811748986935,0.777777777777778,4.55555555555556,-0.702127659574468,,invalid_zero_prediction_positive_observation_present
baseline_d_municipality_seasonal_history,Municipality and seasonal historical expectation,013,Cerknica,47,84,153.444444444444,2.15366430260047,2.88119542945381,1.55555555555556,6.77777777777778,1.47754137115839,2.33974112173764,valid
baseline_d_municipality_seasonal_history,Municipality and seasonal historical expectation,014,Cerkno,47,72,52.4444444444444,1.04018912529551,1.37044491097081,0.777777777777778,3.88888888888889,-0.416075650118203,1.27532433093823,valid
baseline_d_municipality_seasonal_history,Municipality and seasonal historical expectation,015,Črenšovci,47,22,29.6666666666667,0.673758865248227,0.84542061283621,0.555555555555556,1.66666666666667,0.163120567375887,,invalid_zero_prediction_positive_observation_present
baseline_d_municipality_seasonal_history,Municipality and seasonal historical expectation,016,Črna na Koroškem,47,44,15.1111111111111,0.893617021276596,1.3254296873296,0.666666666666667,3.55555555555556,-0.614657210401891,,invalid_zero_prediction_positive_observation_present
baseline_d_municipality_seasonal_history,Municipality and seasonal historical expectation,017,Črnomelj,47,134,152.444444444444,1.3096926713948,1.63652813101834,1,4.22222222222222,0.392434988179669,1.10051618176532,valid
baseline_d_municipality_seasonal_history,Municipality and seasonal historical expectation,018,Destrnik,47,28,25,0.465721040189125,0.583234822257171,0.333333333333333,1.33333333333333,-0.0638297872340425,0.867169949014298,valid
baseline_d_municipality_seasonal_history,Municipality and seasonal historical expectation,019,Divača,47,4,22.3333333333333,0.390070921985816,0.534838302158947,0.333333333333333,1.44444444444444,0.390070921985816,0.74341647302034,valid
baseline_d_municipality_seasonal_history,Municipality and seasonal historical expectation,020,Dobrepolje,47,63,37,0.91725768321513,1.30001717472642,0.555555555555556,3.44444444444444,-0.553191489361702,,invalid_zero_prediction_positive_observation_present
baseline_d_municipality_seasonal_history,Municipality and seasonal historical expectation,021,Dobrova-Polhov Gradec,47,137,156.111111111111,1.04491725768322,1.30787355209276,0.888888888888889,3.22222222222222,0.40661938534279,0.750107514675613,valid
baseline_d_municipality_seasonal_history,Municipality and seasonal historical expectation,022,Dol pri Ljubljani,47,83,59.6666666666667,0.978723404255319,1.4930009198866,0.555555555555556,4.88888888888889,-0.49645390070922,1.04406153416199,valid
baseline_d_municipality_seasonal_history,Municipality and seasonal historical expectation,023,Domžale,47,379,148.555555555556,5.01182033096927,6.93612267343964,3.11111111111111,18.8888888888889,-4.90307328605201,7.36750554572325,valid
baseline_d_municipality_seasonal_history,Municipality and seasonal historical expectation,024,Dornava,47,13,14.2222222222222,0.408983451536643,0.525424016045872,0.333333333333333,1,0.0260047281323877,,invalid_zero_prediction_positive_observation_present
baseline_d_municipality_seasonal_history,Municipality and seasonal historical expectation,025,Dravograd,47,104,127.555555555556,2.25059101654846,3.08661412574188,1.44444444444444,7,0.501182033096927,2.85604178019778,valid
baseline_d_municipality_seasonal_history,Municipality and seasonal historical expectation,026,Duplek,47,56,28.2222222222222,0.803782505910166,1.14418849992111,0.444444444444444,2.88888888888889,-0.591016548463357,1.37954211036624,valid
baseline_d_municipality_seasonal_history,Municipality and seasonal historical expectation,027,Gorenja vas-Poljane,47,141,109.888888888889,1.64066193853428,2.41210065650147,1.11111111111111,8.55555555555556,-0.66193853427896,1.57891726603639,valid
baseline_d_municipality_seasonal_history,Municipality and seasonal historical expectation,028,Gorišnica,47,12,11.8888888888889,0.366430260047281,0.531389285886265,0.222222222222222,2,-0.00236406619385343,,invalid_zero_prediction_positive_observation_present
baseline_d_municipality_seasonal_history,Municipality and seasonal historical expectation,029,Gornja Radgona,47,67,111.222222222222,1.79669030732861,2.3015395539423,1.33333333333333,6.44444444444444,0.940898345153664,2.37720224699845,valid
baseline_d_municipality_seasonal_history,Municipality and seasonal historical expectation,030,Gornji Grad,47,52,25,0.981087470449173,1.49414407239137,0.666666666666667,4.88888888888889,-0.574468085106383,,invalid_zero_prediction_positive_observation_present
baseline_d_municipality_seasonal_history,Municipality and seasonal historical expectation,031,Gornji Petrovci,47,36,23,0.711583924349882,1.16838216776001,0.222222222222222,3.55555555555556,-0.276595744680851,1.67481378953755,valid
baseline_d_municipality_seasonal_history,Municipality and seasonal historical expectation,032,Grosuplje,47,178,114.555555555556,1.73286052009456,2.65437474365392,0.888888888888889,8.55555555555556,-1.34988179669031,1.74155123210278,valid
baseline_d_municipality_seasonal_history,Municipality and seasonal historical expectation,033,Šalovci,47,8,15.2222222222222,0.390070921985816,0.542639455021031,0.222222222222222,1.11111111111111,0.153664302600473,0.772605493947417,valid
baseline_d_municipality_seasonal_history,Municipality and seasonal historical expectation,034,Hrastnik,47,32,32.5555555555556,0.825059101654846,1.01097211524814,0.666666666666667,2.22222222222222,0.0118203309692671,,invalid_zero_prediction_positive_observation_present
baseline_d_municipality_seasonal_history,Municipality and seasonal historical expectation,035,Hrpelje-Kozina,47,36,19,1.04255319148936,1.60794912668624,0.555555555555556,5,-0.361702127659574,,invalid_zero_prediction_positive_observation_present
baseline_d_municipality_seasonal_history,Municipality and seasonal historical expectation,036,Idrija,47,168,105.666666666667,1.94089834515366,2.85711752774993,1.22222222222222,9.44444444444444,-1.32624113475177,2.68041383342832,valid
baseline_d_municipality_seasonal_history,Municipality and seasonal historical expectation,037,Ig,47,118,120.777777777778,0.91016548463357,1.14957079049707,0.888888888888889,3.88888888888889,0.0591016548463357,0.834788100210862,valid
baseline_d_municipality_seasonal_history,Municipality and seasonal historical expectation,038,Ilirska Bistrica,47,36,80.5555555555556,1.45390070921986,1.85450558478902,1,4,0.947990543735225,2.06541488268661,valid
baseline_d_municipality_seasonal_history,Municipality and seasonal historical expectation,039,Ivančna Gorica,47,208,125.555555555556,2.18912529550827,3.03243996577785,1.33333333333333,7.55555555555556,-1.75413711583924,2.21841896764371,valid
baseline_d_municipality_seasonal_history,Municipality and seasonal historical expectation,040,Izola,47,67,103.222222222222,1.32387706855792,1.67586116319278,1.11111111111111,3.66666666666667,0.770685579196217,1.5684744820482,valid
baseline_d_municipality_seasonal_history,Municipality and seasonal historical expectation,041,Jesenice,47,275,321.111111111111,2.24822695035461,2.7745607849264,1.77777777777778,5.88888888888889,0.981087470449173,1.55136786858412,valid
baseline_d_municipality_seasonal_history,Municipality and seasonal historical expectation,042,Juršinci,47,20,17.3333333333333,0.486997635933806,0.700106937683292,0.333333333333333,1.77777777777778,-0.0567375886524823,0.956070467341291,valid
baseline_d_municipality_seasonal_history,Municipality and seasonal historical expectation,043,Kamnik,47,357,211.888888888889,3.4468085106383,4.4537137382769,3,13.6666666666667,-3.08747044917258,3.31772897801461,valid
baseline_d_municipality_seasonal_history,Municipality and seasonal historical expectation,044,Kanal,47,72,88,0.633569739952719,0.806787596195126,0.555555555555555,1.88888888888889,0.340425531914894,0.6787321269733,valid
baseline_d_municipality_seasonal_history,Municipality and seasonal historical expectation,045,Kidričevo,47,28,24.7777777777778,0.550827423167849,0.732917713012727,0.444444444444444,1.66666666666667,-0.0685579196217494,,invalid_zero_prediction_positive_observation_present
baseline_d_municipality_seasonal_history,Municipality and seasonal historical expectation,046,Kobarid,47,156,161.777777777778,2.59101654846336,3.59749204880842,1.88888888888889,9.55555555555556,0.122931442080378,2.88243866843455,valid
baseline_d_municipality_seasonal_history,Municipality and seasonal historical expectation,047,Kobilje,47,1,3.55555555555556,0.0969267139479905,0.205646583895338,0,1,0.0543735224586288,,invalid_zero_prediction_positive_observation_present
baseline_d_municipality_seasonal_history,Municipality and seasonal historical expectation,048,Kočevje,47,127,39.6666666666667,1.87706855791962,2.4137335805223,1.44444444444444,4.44444444444444,-1.85815602836879,3.22074895217643,valid
baseline_d_municipality_seasonal_history,Municipality and seasonal historical expectation,049,Komen,47,28,40.6666666666667,0.765957446808511,0.969457399305151,0.555555555555556,2,0.269503546099291,1.325448417222,valid
baseline_d_municipality_seasonal_history,Municipality and seasonal historical expectation,050,Koper,47,240,297.222222222222,2.88179669030733,3.67746815063697,2.44444444444444,9.44444444444444,1.21749408983452,2.04905318348623,valid
baseline_d_municipality_seasonal_history,Municipality and seasonal historical expectation,051,Kozje,47,45,7.11111111111111,0.867612293144208,1.19922486128645,0.777777777777778,3.22222222222222,-0.806146572104019,,invalid_zero_prediction_positive_observation_present
baseline_d_municipality_seasonal_history,Municipality and seasonal historical expectation,052,Kranj,47,493,576.222222222222,3.42080378250591,4.49700013834632,3,10.3333333333333,1.77068557919622,1.61437721185897,valid
baseline_d_municipality_seasonal_history,Municipality and seasonal historical expectation,053,Kranjska Gora,47,60,85.2222222222222,1.00945626477541,1.22522733935255,1,3.55555555555556,0.536643026004728,1.25421676592763,valid
baseline_d_municipality_seasonal_history,Municipality and seasonal historical expectation,054,Krško,47,203,145.777777777778,2.83924349881797,3.81359050640794,2,9.88888888888889,-1.21749408983452,2.82951215878115,valid
baseline_d_municipality_seasonal_history,Municipality and seasonal historical expectation,055,Kungota,47,8,36.6666666666667,0.67612293144208,0.887410117462456,0.666666666666667,1.77777777777778,0.609929078014184,1.20577978319566,valid
baseline_d_municipality_seasonal_history,Municipality and seasonal historical expectation,056,Kuzma,47,20,17.6666666666667,0.408983451536643,0.499277123890898,0.333333333333333,1.33333333333333,-0.049645390070922,0.649077930673634,valid
baseline_d_municipality_seasonal_history,Municipality and seasonal historical expectation,057,Laško,47,100,76.7777777777778,1.11820330969267,1.51231699902581,0.666666666666667,3.77777777777778,-0.494089834515366,1.20772844447093,valid
baseline_d_municipality_seasonal_history,Municipality and seasonal historical expectation,058,Lenart,47,68,67.3333333333333,0.765957446808511,0.959106054318563,0.666666666666667,2.88888888888889,-0.0141843971631206,,invalid_zero_prediction_positive_observation_present
baseline_d_municipality_seasonal_history,Municipality and seasonal historical expectation,059,Lendava,47,96,79.2222222222222,1.4113475177305,1.90260628897118,1.11111111111111,4.77777777777778,-0.356973995271868,2.08254567170812,valid
baseline_d_municipality_seasonal_history,Municipality and seasonal historical expectation,060,Litija,47,233,93.1111111111111,3.02836879432624,3.97691658334708,2.22222222222222,9.88888888888889,-2.97635933806147,4.20402585900248,valid
baseline_d_municipality_seasonal_history,Municipality and seasonal historical expectation,061,Ljubljana,47,2299,2142.33333333333,7.83924349881797,10.0054883809339,6.77777777777778,26.6666666666667,-3.33333333333333,2.22768636594198,valid
baseline_d_municipality_seasonal_history,Municipality and seasonal historical expectation,062,Ljubno,47,34,37.7777777777778,0.728132387706856,0.939739357702456,0.444444444444444,2,0.0803782505910165,1.11016156648756,valid
baseline_d_municipality_seasonal_history,Municipality and seasonal historical expectation,063,Ljutomer,47,88,301.111111111111,4.60520094562648,5.36618135038912,4.22222222222222,11.6666666666667,4.53427895981087,7.26595678061393,valid
baseline_d_municipality_seasonal_history,Municipality and seasonal historical expectation,064,Logatec,47,196,182.666666666667,1.1725768321513,1.48576999465463,0.888888888888889,4,-0.283687943262411,0.616179740091471,valid
baseline_d_municipality_seasonal_history,Municipality and seasonal historical expectation,065,Loška dolina,47,56,39.3333333333333,1.04018912529551,1.62719210209362,0.555555555555556,5.22222222222222,-0.354609929078014,1.94760390868816,valid
baseline_d_municipality_seasonal_history,Municipality and seasonal historical expectation,066,Loški Potok,47,8,5,0.243498817966903,0.40776544193244,0.111111111111111,1,-0.0638297872340425,,invalid_zero_prediction_positive_observation_present
baseline_d_municipality_seasonal_history,Municipality and seasonal historical expectation,067,Luče,47,20,29.7777777777778,0.57210401891253,0.786342575919326,0.444444444444444,2.11111111111111,0.208037825059102,0.935787984804539,valid
baseline_d_municipality_seasonal_history,Municipality and seasonal historical expectation,068,Lukovica,47,71,26.4444444444444,1.29787234042553,1.69851369690262,0.888888888888889,4.11111111111111,-0.947990543735225,,invalid_zero_prediction_positive_observation_present
baseline_d_municipality_seasonal_history,Municipality and seasonal historical expectation,069,Majšperk,47,16,30.1111111111111,0.494089834515366,0.627912180428477,0.444444444444444,1.66666666666667,0.300236406619385,0.764954362970999,valid
baseline_d_municipality_seasonal_history,Municipality and seasonal historical expectation,070,Maribor,47,435,536.666666666667,4.73049645390071,6.68820398149084,3.33333333333333,18.8888888888889,2.16312056737589,3.64823925912591,valid
baseline_d_municipality_seasonal_history,Municipality and seasonal historical expectation,071,Medvode,47,241,172.333333333333,1.9290780141844,2.33429002114361,1.55555555555556,6,-1.46099290780142,1.92813516286244,valid
baseline_d_municipality_seasonal_history,Municipality and seasonal historical expectation,072,Mengeš,47,118,35.6666666666667,1.84633569739953,2.51117805722598,1.55555555555556,6.44444444444444,-1.75177304964539,,invalid_zero_prediction_positive_observation_present
baseline_d_municipality_seasonal_history,Municipality and seasonal historical expectation,073,Metlika,47,163,66.3333333333333,2.30260047281324,3.07459146670826,2.33333333333333,8.22222222222222,-2.05673758865248,4.07782738963949,valid
baseline_d_municipality_seasonal_history,Municipality and seasonal historical expectation,074,Mežica,47,12,27,0.583924349881797,0.804668542378972,0.333333333333333,2.11111111111111,0.319148936170213,1.05394784719996,valid
baseline_d_municipality_seasonal_history,Municipality and seasonal historical expectation,075,Miren-Kostanjevica,47,94,87,1.38770685579196,1.74790204088308,1.11111111111111,4.33333333333333,-0.148936170212766,,invalid_zero_prediction_positive_observation_present
baseline_d_municipality_seasonal_history,Municipality and seasonal historical expectation,076,Mislinja,47,77,32.4444444444444,1.4822695035461,2.03004746839319,0.888888888888889,5.66666666666667,-0.947990543735225,,invalid_zero_prediction_positive_observation_present
baseline_d_municipality_seasonal_history,Municipality and seasonal historical expectation,077,Moravče,47,157,26.5555555555556,2.8274231678487,3.44516884016929,2.77777777777778,7.88888888888889,-2.77541371158392,,invalid_zero_prediction_positive_observation_present
baseline_d_municipality_seasonal_history,Municipality and seasonal historical expectation,078,Moravske Toplice,47,50,62.3333333333333,0.957446808510638,1.14200548025939,0.888888888888889,2.55555555555556,0.26241134751773,,invalid_zero_prediction_positive_observation_present
baseline_d_municipality_seasonal_history,Municipality and seasonal historical expectation,079,Mozirje,47,67,55.6666666666667,0.855791962174941,1.23558140694421,0.444444444444444,3.55555555555556,-0.24113475177305,1.14954304971848,valid
baseline_d_municipality_seasonal_history,Municipality and seasonal historical expectation,080,Murska Sobota,47,97,105.222222222222,1.25768321513002,1.83950176555199,0.666666666666667,6,0.174940898345154,1.30440012133561,valid
baseline_d_municipality_seasonal_history,Municipality and seasonal historical expectation,081,Muta,47,30,40.3333333333333,0.947990543735225,1.24416156866016,0.777777777777778,2.55555555555556,0.219858156028369,1.70008391635179,valid
baseline_d_municipality_seasonal_history,Municipality and seasonal historical expectation,082,Naklo,47,67,56.4444444444444,0.763593380614657,1.03256663389241,0.555555555555555,2.55555555555556,-0.224586288416076,0.901239436458032,valid
baseline_d_municipality_seasonal_history,Municipality and seasonal historical expectation,083,Nazarje,47,44,19.1111111111111,0.874704491725768,1.39758506866881,0.333333333333333,4.11111111111111,-0.529550827423168,,invalid_zero_prediction_positive_observation_present
baseline_d_municipality_seasonal_history,Municipality and seasonal historical expectation,084,Nova Gorica,47,464,438.666666666667,2.88416075650118,3.66534111722872,2.22222222222222,9,-0.539007092198582,1.39891633909181,valid
baseline_d_municipality_seasonal_history,Municipality and seasonal historical expectation,085,Novo mesto,47,425,366.888888888889,6.39479905437352,8.4413799341734,4.22222222222222,19.2222222222222,-1.23640661938534,7.24999427064798,valid
baseline_d_municipality_seasonal_history,Municipality and seasonal historical expectation,086,Odranci,47,0,4.55555555555556,0.0969267139479905,0.128640830831327,0.111111111111111,0.333333333333333,0.0969267139479905,0.193853427895981,valid
baseline_d_municipality_seasonal_history,Municipality and seasonal historical expectation,087,Ormož,47,161,157.222222222222,1.91489361702128,2.27975178257985,1.88888888888889,4.55555555555556,-0.0803782505910166,1.96146129641206,valid
baseline_d_municipality_seasonal_history,Municipality and seasonal historical expectation,088,Osilnica,47,0,1.77777777777778,0.0378250591016548,0.0648288851101754,0,0.111111111111111,0.0378250591016548,0.0756501182033097,valid
baseline_d_municipality_seasonal_history,Municipality and seasonal historical expectation,089,Pesnica,47,52,48.7777777777778,0.839243498817967,1.18379301607671,0.555555555555556,3.55555555555556,-0.0685579196217494,1.43848046328074,valid
baseline_d_municipality_seasonal_history,Municipality and seasonal historical expectation,090,Piran,47,88,89,1.43026004728132,2.01224254055714,1.11111111111111,6.44444444444444,0.0212765957446808,2.41626285734778,valid
baseline_d_municipality_seasonal_history,Municipality and seasonal historical expectation,091,Pivka,47,100,108,0.799054373522459,1.06005634951402,0.555555555555556,3.22222222222222,0.170212765957447,0.596543727950139,valid
baseline_d_municipality_seasonal_history,Municipality and seasonal historical expectation,092,Podčetrtek,47,20,6.22222222222222,0.444444444444444,0.623504251692095,0.222222222222222,1.88888888888889,-0.293144208037825,,invalid_zero_prediction_positive_observation_present
baseline_d_municipality_seasonal_history,Municipality and seasonal historical expectation,093,Podvelka,47,20,28.1111111111111,0.546099290780142,0.756549200603681,0.444444444444444,2.44444444444444,0.1725768321513,0.866752629364257,valid
baseline_d_municipality_seasonal_history,Municipality and seasonal historical expectation,094,Postojna,47,204,180.444444444444,1.7919621749409,2.3104245206717,1.55555555555556,6.55555555555556,-0.501182033096927,1.1945655945802,valid
baseline_d_municipality_seasonal_history,Municipality and seasonal historical expectation,095,Preddvor,47,34,54.2222222222222,1.22931442080378,1.53447382808506,0.777777777777778,3,0.430260047281324,2.33453845662212,valid
baseline_d_municipality_seasonal_history,Municipality and seasonal historical expectation,096,Ptuj,47,169,140.888888888889,2.02600472813239,2.8830182211646,1.44444444444444,9.77777777777778,-0.598108747044917,1.83119847868851,valid
baseline_d_municipality_seasonal_history,Municipality and seasonal historical expectation,097,Puconci,47,77,73.3333333333333,1.21276595744681,1.53233256133893,1,4.11111111111111,-0.0780141843971631,1.59004606342961,valid
baseline_d_municipality_seasonal_history,Municipality and seasonal historical expectation,098,Rače-Fram,47,46,39.4444444444444,0.768321513002364,1.10292492661484,0.444444444444444,3.22222222222222,-0.139479905437352,,invalid_zero_prediction_positive_observation_present
baseline_d_municipality_seasonal_history,Municipality and seasonal historical expectation,099,Radeče,47,8,11,0.295508274231678,0.455246969231519,0.111111111111111,1.11111111111111,0.0638297872340425,0.618618804570738,valid
baseline_d_municipality_seasonal_history,Municipality and seasonal historical expectation,100,Radenci,47,52,41.2222222222222,1.18439716312057,1.5714319827758,0.777777777777778,3.55555555555556,-0.229314420803782,2.27877370284687,valid
baseline_d_municipality_seasonal_history,Municipality and seasonal historical expectation,101,Radlje ob Dravi,47,72,45.5555555555556,1.00236406619385,1.33234794162876,0.555555555555556,2.77777777777778,-0.562647754137116,1.2875626955486,valid
baseline_d_municipality_seasonal_history,Municipality and seasonal historical expectation,102,Radovljica,47,446,441.444444444444,2.81087470449173,3.90909979445998,2,13.1111111111111,-0.0969267139479905,1.53171316975991,valid
baseline_d_municipality_seasonal_history,Municipality and seasonal historical expectation,103,Ravne na Koroškem,47,112,177.777777777778,2.26950354609929,3.4319532522779,1.22222222222222,9.33333333333333,1.39952718676123,2.74652203015295,valid
baseline_d_municipality_seasonal_history,Municipality and seasonal historical expectation,104,Ribnica,47,40,37.6666666666667,0.858156028368794,1.24268281255893,0.444444444444444,3.77777777777778,-0.049645390070922,1.35272924606779,valid
baseline_d_municipality_seasonal_history,Municipality and seasonal historical expectation,105,Rogašovci,47,24,17.2222222222222,0.522458628841608,0.736849511448349,0.333333333333333,2.55555555555556,-0.144208037825059,,invalid_zero_prediction_positive_observation_present
baseline_d_municipality_seasonal_history,Municipality and seasonal historical expectation,106,Rogaška Slatina,47,92,54,1.29078014184397,2.29719853141254,0.444444444444444,7.77777777777778,-0.808510638297872,,invalid_zero_prediction_positive_observation_present
baseline_d_municipality_seasonal_history,Municipality and seasonal historical expectation,107,Rogatec,47,28,22.1111111111111,0.508274231678487,0.683975461812366,0.333333333333333,1.77777777777778,-0.125295508274232,0.846301698332484,valid
baseline_d_municipality_seasonal_history,Municipality and seasonal historical expectation,108,Ruše,47,87,38.6666666666667,1.22695035460993,1.53130368976277,1,3.77777777777778,-1.02836879432624,,invalid_zero_prediction_positive_observation_present
baseline_d_municipality_seasonal_history,Municipality and seasonal historical expectation,109,Semič,47,36,61.2222222222222,1.05200945626478,1.27893359175722,1,2.66666666666667,0.536643026004728,1.67068853540435,valid
baseline_d_municipality_seasonal_history,Municipality and seasonal historical expectation,110,Sevnica,47,140,101.888888888889,1.52009456264775,1.96989424086666,1.22222222222222,4.66666666666667,-0.810874704491726,2.00743007655529,valid
baseline_d_municipality_seasonal_history,Municipality and seasonal historical expectation,111,Sežana,47,42,58.1111111111111,0.787234042553192,0.958421125248618,0.555555555555556,2.44444444444444,0.342789598108747,1.0417330095419,valid
baseline_d_municipality_seasonal_history,Municipality and seasonal historical expectation,112,Slovenj Gradec,47,209,147.666666666667,3.38534278959811,4.46549388882485,2.88888888888889,9,-1.30496453900709,5.01847759234554,valid
baseline_d_municipality_seasonal_history,Municipality and seasonal historical expectation,113,Slovenska Bistrica,47,179,138.444444444444,2.30496453900709,2.72160701303217,2.22222222222222,5.22222222222222,-0.862884160756501,2.85143141430094,valid
baseline_d_municipality_seasonal_history,Municipality and seasonal historical expectation,114,Slovenske Konjice,47,160,81,2.13475177304965,3.08384710221328,1.33333333333333,9.11111111111111,-1.68085106382979,2.80996820454392,valid
baseline_d_municipality_seasonal_history,Municipality and seasonal historical expectation,115,Starše,47,20,28,0.515366430260047,0.705712366930363,0.333333333333333,2.33333333333333,0.170212765957447,,invalid_zero_prediction_positive_observation_present
baseline_d_municipality_seasonal_history,Municipality and seasonal historical expectation,116,Sveti Jurij ob Ščavnici,47,40,63.4444444444444,0.843971631205674,1.03154857435585,0.666666666666667,2.11111111111111,0.498817966903073,1.11784195507664,valid
baseline_d_municipality_seasonal_history,Municipality and seasonal historical expectation,117,Šenčur,47,124,113.222222222222,1.18912529550827,1.62614248294417,0.888888888888889,5.44444444444444,-0.229314420803783,1.14095449111039,valid
baseline_d_municipality_seasonal_history,Municipality and seasonal historical expectation,118,Šentilj,47,60,57.3333333333333,0.846335697399527,1.11865054356268,0.666666666666667,3,-0.0567375886524823,,invalid_zero_prediction_positive_observation_present
baseline_d_municipality_seasonal_history,Municipality and seasonal historical expectation,119,Šentjernej,47,68,70.6666666666667,1.32860520094563,1.86122137212635,0.777777777777778,4.22222222222222,0.0567375886524823,2.02314569853956,valid
baseline_d_municipality_seasonal_history,Municipality and seasonal historical expectation,120,Šentjur,47,116,170.222222222222,2.29314420803783,3.07373701001313,1.33333333333333,9.11111111111111,1.15366430260047,2.82263746960422,valid
baseline_d_municipality_seasonal_history,Municipality and seasonal historical expectation,121,Škocjan,47,32,20.6666666666667,0.600472813238771,0.77184498498796,0.444444444444444,1.77777777777778,-0.24113475177305,,invalid_zero_prediction_positive_observation_present
baseline_d_municipality_seasonal_history,Municipality and seasonal historical expectation,122,Škofja Loka,47,328,286.777777777778,2.11111111111111,2.72440449027584,2.11111111111111,7,-0.877068557919622,0.944004401233915,valid
baseline_d_municipality_seasonal_history,Municipality and seasonal historical expectation,123,Škofljica,47,149,131.222222222222,2.00472813238771,2.63356125137102,1.77777777777778,6.44444444444444,-0.378250591016548,1.97148609408233,valid
baseline_d_municipality_seasonal_history,Municipality and seasonal historical expectation,124,Šmarje pri Jelšah,47,48,40.7777777777778,0.787234042553192,1.04972259209623,0.555555555555556,3.55555555555556,-0.153664302600473,1.06671035709683,valid
baseline_d_municipality_seasonal_history,Municipality and seasonal historical expectation,125,Šmartno ob Paki,47,20,10.6666666666667,0.434988179669031,0.565165117635326,0.333333333333333,1.33333333333333,-0.198581560283688,,invalid_zero_prediction_positive_observation_present
baseline_d_municipality_seasonal_history,Municipality and seasonal historical expectation,126,Šoštanj,47,56,39.2222222222222,1.33096926713948,1.72855922519571,1.11111111111111,5.11111111111111,-0.356973995271868,2.56455424306291,valid
baseline_d_municipality_seasonal_history,Municipality and seasonal historical expectation,127,Štore,47,20,15.3333333333333,0.444444444444444,0.55720794454083,0.333333333333333,1,-0.099290780141844,,invalid_zero_prediction_positive_observation_present
baseline_d_municipality_seasonal_history,Municipality and seasonal historical expectation,128,Tolmin,47,226,241.666666666667,2.57919621749409,3.01153547906817,2.33333333333333,7.55555555555556,0.333333333333333,2.141523880973,valid
baseline_d_municipality_seasonal_history,Municipality and seasonal historical expectation,129,Trbovlje,47,152,101.555555555556,1.61229314420804,2.51864598945016,0.666666666666667,7.33333333333333,-1.07328605200946,1.72070653953777,valid
baseline_d_municipality_seasonal_history,Municipality and seasonal historical expectation,130,Trebnje,47,166,88.1111111111111,2.47517730496454,3.20415575961319,1.77777777777778,7.88888888888889,-1.65721040189125,3.6012993763096,valid
baseline_d_municipality_seasonal_history,Municipality and seasonal historical expectation,131,Tržič,47,162,117.777777777778,2.18912529550827,2.71334249141214,1.77777777777778,6.55555555555556,-0.940898345153664,3.08859620823051,valid
baseline_d_municipality_seasonal_history,Municipality and seasonal historical expectation,132,Turnišče,47,24,38.2222222222222,0.737588652482269,0.95085434328196,0.555555555555556,2.22222222222222,0.302600472813239,1.26308204188808,valid
baseline_d_municipality_seasonal_history,Municipality and seasonal historical expectation,133,Velenje,47,177,89.7777777777778,2.34278959810875,3.27935010571291,1.44444444444444,8.22222222222222,-1.85579196217494,,invalid_zero_prediction_positive_observation_present
baseline_d_municipality_seasonal_history,Municipality and seasonal historical expectation,134,Velike Lašče,47,183,106.111111111111,2.01418439716312,2.89751394758302,1.22222222222222,9.88888888888889,-1.63593380614657,2.17899647926683,valid
baseline_d_municipality_seasonal_history,Municipality and seasonal historical expectation,135,Videm,47,68,26.4444444444444,1.36643026004728,1.75187992387173,0.888888888888889,4.22222222222222,-0.884160756501182,,invalid_zero_prediction_positive_observation_present
baseline_d_municipality_seasonal_history,Municipality and seasonal historical expectation,136,Vipava,47,69,143.111111111111,2.3758865248227,3.06153509053641,1.44444444444444,6.33333333333333,1.57683215130024,3.34917966213038,valid
baseline_d_municipality_seasonal_history,Municipality and seasonal historical expectation,137,Vitanje,47,48,24.8888888888889,0.784869976359338,1.21456877325433,0.333333333333333,3.44444444444444,-0.491725768321513,1.17431090445164,valid
baseline_d_municipality_seasonal_history,Municipality and seasonal historical expectation,138,Vodice,47,56,58.2222222222222,0.737588652482269,0.986911987903487,0.444444444444444,2.55555555555556,0.0472813238770686,0.899671834472709,valid
baseline_d_municipality_seasonal_history,Municipality and seasonal historical expectation,139,Vojnik,47,55,48.3333333333333,0.548463356973995,0.742354428281658,0.333333333333333,1.88888888888889,-0.141843971631206,0.837326140382446,valid
baseline_d_municipality_seasonal_history,Municipality and seasonal historical expectation,140,Vrhnika,47,227,232.111111111111,1.70685579196218,2.41906011745303,1,6.55555555555556,0.108747044917258,1.06848594071106,valid
baseline_d_municipality_seasonal_history,Municipality and seasonal historical expectation,141,Vuzenica,47,28,25.6666666666667,0.48936170212766,0.72426515932628,0.333333333333333,2.11111111111111,-0.049645390070922,,invalid_zero_prediction_positive_observation_present
baseline_d_municipality_seasonal_history,Municipality and seasonal historical expectation,142,Zagorje ob Savi,47,138,121.555555555556,1.64539007092199,2.36802977426812,0.888888888888889,6.77777777777778,-0.349881796690307,2.05025476410707,valid
baseline_d_municipality_seasonal_history,Municipality and seasonal historical expectation,143,Zavrč,47,4,8,0.217494089834515,0.316767227200039,0.111111111111111,0.888888888888889,0.0851063829787234,0.43846773019391,valid
baseline_d_municipality_seasonal_history,Municipality and seasonal historical expectation,144,Zreče,47,138,48.4444444444444,2.40661938534279,3.21671494796709,1.77777777777778,9.11111111111111,-1.90543735224586,,invalid_zero_prediction_positive_observation_present
baseline_d_municipality_seasonal_history,Municipality and seasonal historical expectation,146,Železniki,47,104,123.555555555556,1.39007092198582,1.83206131099065,0.888888888888889,5.22222222222222,0.416075650118203,1.51791338545541,valid
baseline_d_municipality_seasonal_history,Municipality and seasonal historical expectation,147,Žiri,47,80,51.2222222222222,1.40661938534279,2.05435719972731,0.888888888888889,6.22222222222222,-0.612293144208038,2.73739440953974,valid
baseline_d_municipality_seasonal_history,Municipality and seasonal historical expectation,148,Benedikt,47,19,31.8888888888889,0.643026004728132,0.782323763020464,0.666666666666667,1.88888888888889,0.274231678486998,,invalid_zero_prediction_positive_observation_present
baseline_d_municipality_seasonal_history,Municipality and seasonal historical expectation,149,Bistrica ob Sotli,47,24,4.88888888888889,0.515366430260047,0.820988148069,0.222222222222222,2,-0.40661938534279,,invalid_zero_prediction_positive_observation_present
baseline_d_municipality_seasonal_history,Municipality and seasonal historical expectation,150,Bloke,47,12,23.1111111111111,0.378250591016548,0.591508069843774,0.222222222222222,1.77777777777778,0.236406619385343,0.623794141328559,valid
baseline_d_municipality_seasonal_history,Municipality and seasonal historical expectation,151,Braslovče,47,54,51.1111111111111,0.855791962174941,1.19164414169721,0.555555555555556,3.55555555555556,-0.0614657210401891,1.44516911827467,valid
baseline_d_municipality_seasonal_history,Municipality and seasonal historical expectation,152,Cankova,47,12,11.3333333333333,0.392434988179669,0.535574487369294,0.333333333333333,1.88888888888889,-0.0141843971631206,0.928886265977025,valid
baseline_d_municipality_seasonal_history,Municipality and seasonal historical expectation,153,Cerkvenjak,47,12,21.7777777777778,0.430260047281324,0.567021165710828,0.333333333333333,1.44444444444444,0.208037825059102,,invalid_zero_prediction_positive_observation_present
baseline_d_municipality_seasonal_history,Municipality and seasonal historical expectation,154,Dobje,47,24,15.2222222222222,0.583924349881797,0.858676876630977,0.444444444444444,2.22222222222222,-0.186761229314421,1.11839419406245,valid
baseline_d_municipality_seasonal_history,Municipality and seasonal historical expectation,155,Dobrna,47,8,4.55555555555556,0.24822695035461,0.414157139338613,0.111111111111111,1,-0.0732860520094563,,invalid_zero_prediction_positive_observation_present
baseline_d_municipality_seasonal_history,Municipality and seasonal historical expectation,156,Dobrovnik,47,8,8.33333333333333,0.333333333333333,0.484864155488572,0.111111111111111,1,0.00709219858156028,,invalid_zero_prediction_positive_observation_present
baseline_d_municipality_seasonal_history,Municipality and seasonal historical expectation,157,Dolenjske Toplice,47,32,33.7777777777778,0.699763593380615,0.930469545441135,0.444444444444444,1.88888888888889,0.0378250591016548,1.31152261860184,valid
baseline_d_municipality_seasonal_history,Municipality and seasonal historical expectation,158,Grad,47,36,33.4444444444444,0.721040189125295,1.02516279691502,0.444444444444444,3.11111111111111,-0.0543735224586289,1.05498788868103,valid
baseline_d_municipality_seasonal_history,Municipality and seasonal historical expectation,159,Hajdina,47,16,17.4444444444444,0.309692671394799,0.423563875597673,0.222222222222222,1,0.0307328605200946,0.578494385393873,valid
baseline_d_municipality_seasonal_history,Municipality and seasonal historical expectation,160,Hoče-Slivnica,47,80,84.7777777777778,0.971631205673759,1.33775861378167,0.777777777777778,3.44444444444444,0.101654846335697,1.1393095272048,valid
baseline_d_municipality_seasonal_history,Municipality and seasonal historical expectation,161,Hodoš,47,0,3.11111111111111,0.066193853427896,0.127615787955232,0,0.333333333333333,0.066193853427896,0.132387706855792,valid
baseline_d_municipality_seasonal_history,Municipality and seasonal historical expectation,162,Horjul,47,56,55.6666666666667,0.687943262411348,0.962523388790633,0.555555555555555,3,-0.0070921985815603,0.878682083413425,valid
baseline_d_municipality_seasonal_history,Municipality and seasonal historical expectation,163,Jezersko,47,20,8.44444444444444,0.468085106382979,0.789675963376261,0.111111111111111,3,-0.245862884160756,,invalid_zero_prediction_positive_observation_present
baseline_d_municipality_seasonal_history,Municipality and seasonal historical expectation,164,Komenda,47,68,24.4444444444444,1.1016548463357,1.4153275551117,0.888888888888889,3.44444444444444,-0.926713947990544,,invalid_zero_prediction_positive_observation_present
baseline_d_municipality_seasonal_history,Municipality and seasonal historical expectation,165,Kostel,47,12,4.77777777777778,0.333333333333333,0.698792534334406,0.111111111111111,2.88888888888889,-0.153664302600473,,invalid_zero_prediction_positive_observation_present
baseline_d_municipality_seasonal_history,Municipality and seasonal historical expectation,166,Križevci,47,40,78.6666666666667,1.09219858156028,1.23153554571833,1.11111111111111,2.22222222222222,0.822695035460993,1.47202391939058,valid
baseline_d_municipality_seasonal_history,Municipality and seasonal historical expectation,167,Lovrenc na Pohorju,47,4,15.6666666666667,0.319148936170213,0.384558804510583,0.333333333333333,0.777777777777778,0.24822695035461,0.593417303637804,valid
baseline_d_municipality_seasonal_history,Municipality and seasonal historical expectation,168,Markovci,47,8,16,0.364066193853428,0.509948312404186,0.222222222222222,1.55555555555556,0.170212765957447,0.670597884876967,valid
baseline_d_municipality_seasonal_history,Municipality and seasonal historical expectation,169,Miklavž na Dravskem polju,47,56,55.5555555555556,0.73758865248227,1.04633900900983,0.555555555555556,3.22222222222222,-0.00945626477541372,1.07632790384088,valid
baseline_d_municipality_seasonal_history,Municipality and seasonal historical expectation,170,Mirna Peč,47,36,28,0.600472813238771,0.82130803436521,0.444444444444444,2.11111111111111,-0.170212765957447,,invalid_zero_prediction_positive_observation_present
baseline_d_municipality_seasonal_history,Municipality and seasonal historical expectation,171,Oplotnica,47,18,16.3333333333333,0.352245862884161,0.506070322189306,0.222222222222222,1.33333333333333,-0.0354609929078014,0.624997352183796,valid
baseline_d_municipality_seasonal_history,Municipality and seasonal historical expectation,172,Podlehnik,47,9,7.11111111111111,0.281323877068558,0.405180531938596,0.111111111111111,1,-0.0401891252955083,,invalid_zero_prediction_positive_observation_present
baseline_d_municipality_seasonal_history,Municipality and seasonal historical expectation,173,Polzela,47,30,44.8888888888889,0.789598108747045,1.0095420761773,0.555555555555556,2.11111111111111,0.316784869976359,,invalid_zero_prediction_positive_observation_present
baseline_d_municipality_seasonal_history,Municipality and seasonal historical expectation,174,Prebold,47,40,27.5555555555556,0.529550827423168,0.760876825427448,0.444444444444444,1.88888888888889,-0.264775413711584,0.813147020631902,valid
baseline_d_municipality_seasonal_history,Municipality and seasonal historical expectation,175,Prevalje,47,48,60.8888888888889,1.04018912529551,1.47530232239849,0.444444444444445,4.11111111111111,0.274231678486998,1.36949958836915,valid
baseline_d_municipality_seasonal_history,Municipality and seasonal historical expectation,176,Razkrižje,47,14,22.1111111111111,0.546099290780142,0.666075387910277,0.444444444444444,1.55555555555556,0.1725768321513,1.00296905136088,valid
baseline_d_municipality_seasonal_history,Municipality and seasonal historical expectation,177,Ribnica na Pohorju,47,29,22.3333333333333,0.728132387706856,0.988773335081991,0.444444444444444,2.33333333333333,-0.141843971631206,,invalid_zero_prediction_positive_observation_present
baseline_d_municipality_seasonal_history,Municipality and seasonal historical expectation,178,Selnica ob Dravi,47,50,33.2222222222222,0.612293144208038,0.874138849758856,0.333333333333333,2.44444444444444,-0.356973995271868,,invalid_zero_prediction_positive_observation_present
baseline_d_municipality_seasonal_history,Municipality and seasonal historical expectation,179,Sodražica,47,20,16.7777777777778,0.494089834515366,0.713301885404466,0.222222222222222,1.77777777777778,-0.0685579196217494,,invalid_zero_prediction_positive_observation_present
baseline_d_municipality_seasonal_history,Municipality and seasonal historical expectation,180,Solčava,47,16,16.6666666666667,0.349881796690307,0.510977472507384,0.222222222222222,1.33333333333333,0.0141843971631206,0.614729798534653,valid
baseline_d_municipality_seasonal_history,Municipality and seasonal historical expectation,181,Sveta Ana,47,32,26.6666666666667,0.543735224586288,0.685701464600516,0.444444444444444,1.66666666666667,-0.113475177304965,,invalid_zero_prediction_positive_observation_present
baseline_d_municipality_seasonal_history,Municipality and seasonal historical expectation,182,Sveti Andraž v Slov. goricah,47,4,7.77777777777778,0.226950354609929,0.367443120865236,0.111111111111111,0.888888888888889,0.0803782505910165,0.505256549215435,valid
baseline_d_municipality_seasonal_history,Municipality and seasonal historical expectation,183,Šempeter-Vrtojba,47,76,69.3333333333333,1.04964539007092,1.33589195009843,0.777777777777778,3.33333333333333,-0.141843971631206,1.29221115482219,valid
baseline_d_municipality_seasonal_history,Municipality and seasonal historical expectation,184,Tabor,47,8,13.7777777777778,0.236406619385343,0.363128570636783,0.111111111111111,1.11111111111111,0.122931442080378,0.390090294557475,valid
baseline_d_municipality_seasonal_history,Municipality and seasonal historical expectation,185,Trnovska vas,47,12,14.6666666666667,0.335697399527187,0.494784991763695,0.111111111111111,1.33333333333333,0.0567375886524823,0.5971905916646,valid
baseline_d_municipality_seasonal_history,Municipality and seasonal historical expectation,186,Trzin,47,24,26.5555555555556,0.456264775413712,0.621605570827889,0.444444444444444,2,0.0543735224586288,0.6159369303147,valid
baseline_d_municipality_seasonal_history,Municipality and seasonal historical expectation,187,Velika Polana,47,0,12.4444444444444,0.264775413711584,0.348361016692658,0.222222222222222,0.777777777777778,0.264775413711584,0.529550827423168,valid
baseline_d_municipality_seasonal_history,Municipality and seasonal historical expectation,188,Veržej,47,11,12,0.356973995271868,0.465516989775773,0.333333333333333,1,0.0212765957446808,,invalid_zero_prediction_positive_observation_present
baseline_d_municipality_seasonal_history,Municipality and seasonal historical expectation,189,Vransko,47,15,21.4444444444444,0.477541371158392,0.618003258339386,0.333333333333333,1.55555555555556,0.137115839243499,,invalid_zero_prediction_positive_observation_present
baseline_d_municipality_seasonal_history,Municipality and seasonal historical expectation,190,Žalec,47,87,96,1.49645390070922,1.81310931263505,1.33333333333333,4.33333333333333,0.191489361702128,1.72157773529502,valid
baseline_d_municipality_seasonal_history,Municipality and seasonal historical expectation,191,Žetale,47,12,8.33333333333333,0.385342789598109,0.511234438816062,0.333333333333333,1,-0.0780141843971631,,invalid_zero_prediction_positive_observation_present
baseline_d_municipality_seasonal_history,Municipality and seasonal historical expectation,192,Žirovnica,47,64,68.3333333333333,1.05673758865248,1.40087030624533,0.888888888888889,3,0.0921985815602837,1.097024674627,valid
baseline_d_municipality_seasonal_history,Municipality and seasonal historical expectation,193,Žužemberk,47,136,40.7777777777778,2.02600472813239,2.51044573707374,1.66666666666667,5.88888888888889,-2.02600472813239,,invalid_zero_prediction_positive_observation_present
baseline_d_municipality_seasonal_history,Municipality and seasonal historical expectation,194,Šmartno pri Litiji,47,102,37.7777777777778,1.54137115839243,2.24573845617738,0.666666666666667,6.33333333333333,-1.36643026004728,2.75675353280641,valid
baseline_d_municipality_seasonal_history,Municipality and seasonal historical expectation,195,Apače,47,50,42.7777777777778,1.22222222222222,1.53900346075621,0.777777777777778,3.11111111111111,-0.153664302600473,2.32534721388836,valid
baseline_d_municipality_seasonal_history,Municipality and seasonal historical expectation,196,Cirkulane,47,12,13,0.456264775413712,0.707756567666728,0.222222222222222,2.77777777777778,0.0212765957446808,,invalid_zero_prediction_positive_observation_present
baseline_d_municipality_seasonal_history,Municipality and seasonal historical expectation,197,Kostanjevica na Krki,47,20,11.1111111111111,0.425531914893617,0.61502080535259,0.222222222222222,2,-0.189125295508274,,invalid_zero_prediction_positive_observation_present
baseline_d_municipality_seasonal_history,Municipality and seasonal historical expectation,198,Makole,47,40,13.8888888888889,0.829787234042553,1.18268303644578,0.777777777777778,3.44444444444444,-0.555555555555556,,invalid_zero_prediction_positive_observation_present
baseline_d_municipality_seasonal_history,Municipality and seasonal historical expectation,199,Mokronog-Trebelno,47,40,30.3333333333333,0.810874704491726,1.20751956239412,0.666666666666667,3.77777777777778,-0.205673758865248,,invalid_zero_prediction_positive_observation_present
baseline_d_municipality_seasonal_history,Municipality and seasonal historical expectation,200,Poljčane,47,12,15.5555555555556,0.387706855791962,0.56096655676078,0.222222222222222,1.66666666666667,0.0756501182033097,0.720770274328288,valid
baseline_d_municipality_seasonal_history,Municipality and seasonal historical expectation,201,Renče-Vogrsko,47,64,69,0.881796690307329,1.05496437345623,0.666666666666667,1.88888888888889,0.106382978723404,1.03646130335245,valid
baseline_d_municipality_seasonal_history,Municipality and seasonal historical expectation,202,Središče ob Dravi,47,24,28.4444444444444,0.638297872340426,0.834632556950748,0.666666666666667,2.11111111111111,0.0945626477541371,1.18670529442127,valid
baseline_d_municipality_seasonal_history,Municipality and seasonal historical expectation,203,Straža,47,24,37.7777777777778,0.742316784869976,1.03065694734223,0.444444444444444,2.44444444444444,0.293144208037825,1.23498636088018,valid
baseline_d_municipality_seasonal_history,Municipality and seasonal historical expectation,204,Sveta Trojica v Slovenskih goricah,47,8,21,0.451536643026005,0.569563356090434,0.444444444444444,1.33333333333333,0.276595744680851,0.805249854955141,valid
baseline_d_municipality_seasonal_history,Municipality and seasonal historical expectation,205,Sveti Tomaž,47,42,36,0.84160756501182,1.12753814314642,0.555555555555556,3.33333333333333,-0.127659574468085,1.51220428410456,valid
baseline_d_municipality_seasonal_history,Municipality and seasonal historical expectation,206,Šmarješke Toplice,47,30,27.2222222222222,0.673758865248227,0.820187886500447,0.666666666666667,1.77777777777778,-0.0591016548463357,,invalid_zero_prediction_positive_observation_present
baseline_d_municipality_seasonal_history,Municipality and seasonal historical expectation,207,Gorje,47,28,21.6666666666667,0.730496453900709,1.05620858237248,0.444444444444444,3.44444444444444,-0.134751773049645,,invalid_zero_prediction_positive_observation_present
baseline_d_municipality_seasonal_history,Municipality and seasonal historical expectation,208,Log-Dragomer,47,48,39.3333333333333,0.453900709219858,0.618852747755276,0.333333333333333,2.11111111111111,-0.184397163120567,0.463582580168021,valid
baseline_d_municipality_seasonal_history,Municipality and seasonal historical expectation,209,Rečica ob Savinji,47,22,24,0.534278959810875,0.693320603629276,0.444444444444444,1.77777777777778,0.0425531914893617,,invalid_zero_prediction_positive_observation_present
baseline_d_municipality_seasonal_history,Municipality and seasonal historical expectation,210,Sveti Jurij v Slovenskih goricah,47,12,21.3333333333333,0.449172576832151,0.556264323297171,0.333333333333333,1.11111111111111,0.198581560283688,,invalid_zero_prediction_positive_observation_present
baseline_d_municipality_seasonal_history,Municipality and seasonal historical expectation,211,Šentrupert,47,28,18.4444444444444,0.737588652482269,1.27100166501327,0.333333333333333,4.55555555555556,-0.203309692671395,1.71287029827155,valid
baseline_d_municipality_seasonal_history,Municipality and seasonal historical expectation,212,Mirna,47,27,22.3333333333333,0.652482269503546,0.823543759380395,0.666666666666667,1.88888888888889,-0.099290780141844,,invalid_zero_prediction_positive_observation_present
baseline_d_municipality_seasonal_history,Municipality and seasonal historical expectation,213,Ankaran,47,17,17.7777777777778,0.437352245862884,0.591285990590652,0.444444444444444,1.88888888888889,0.016548463356974,,invalid_zero_prediction_positive_observation_present
