{
  "1": [
    45.91223397414079,
    13.876160443372136
  ],
  "2": [
    46.60790187625657,
    16.23183338966472
  ],
  "3": [
    46.34851196309823,
    14.069126047452333
  ],
  "4": [
    46.301987456175965,
    13.909142741851813
  ],
  "5": [
    45.91121899380177,
    14.383328935785617
  ],
  "6": [
    46.35645232075714,
    13.61522747174282
  ],
  "7": [
    46.016115323055345,
    13.549030517054824
  ],
  "8": [
    45.94786493630048,
    14.418009047652001
  ],
  "9": [
    45.93758133032827,
    15.632917161397213
  ],
  "10": [
    46.65803414605874,
    16.072177305866354
  ],
  "11": [
    46.25474084428838,
    15.284333781255828
  ],
  "12": [
    46.25525345774459,
    14.503642347119424
  ],
  "13": [
    45.798316218528036,
    14.344880376684069
  ],
  "14": [
    46.12457099554262,
    13.968090156470707
  ],
  "15": [
    46.56158593403665,
    16.290623071179404
  ],
  "16": [
    46.46468970620242,
    14.82861013748666
  ],
  "17": [
    45.52531358153176,
    15.21046961172452
  ],
  "18": [
    46.47883364411645,
    15.886380524887887
  ],
  "19": [
    45.686769254625176,
    14.012516263347699
  ],
  "20": [
    45.80997115861846,
    14.742435456323129
  ],
  "21": [
    46.059704146138635,
    14.321669412771623
  ],
  "22": [
    46.09662447795715,
    14.669814762385363
  ],
  "23": [
    46.15074721202056,
    14.626624858204789
  ],
  "24": [
    46.45422934918125,
    16.005643690430443
  ],
  "25": [
    46.59133509589289,
    15.03824935797488
  ],
  "26": [
    46.509356548203,
    15.76263380258807
  ],
  "27": [
    46.10892470832346,
    14.127270278645835
  ],
  "28": [
    46.404665976735856,
    16.0114230646881
  ],
  "29": [
    46.63619990843724,
    15.9666600915219
  ],
  "30": [
    46.29609977156301,
    14.795046381065418
  ],
  "31": [
    46.799282370682974,
    16.222988126949275
  ],
  "32": [
    45.944248714331906,
    14.664212172553189
  ],
  "33": [
    46.823782651809964,
    16.282020720503965
  ],
  "34": [
    46.135056358286974,
    15.117771444387403
  ],
  "35": [
    45.56287307279571,
    14.012321666704377
  ],
  "36": [
    45.98377995176204,
    14.000525261117094
  ],
  "37": [
    45.93329916174528,
    14.511092954849847
  ],
  "38": [
    45.577291675053395,
    14.297163875431005
  ],
  "39": [
    45.90422389415425,
    14.812022485584954
  ],
  "40": [
    45.51045419293274,
    13.659267020509787
  ],
  "41": [
    46.445948023027015,
    14.066153130492548
  ],
  "42": [
    46.48293327291799,
    15.96934235489326
  ],
  "43": [
    46.27507789786611,
    14.625372343893963
  ],
  "44": [
    46.08408342299698,
    13.663446283081377
  ],
  "45": [
    46.397804846698875,
    15.753727471957369
  ],
  "46": [
    46.24302837192627,
    13.546950740104418
  ],
  "47": [
    46.68129118126244,
    16.3875549735546
  ],
  "48": [
    45.63074533902795,
    14.868231949702878
  ],
  "49": [
    45.81922942618834,
    13.790004305936154
  ],
  "50": [
    45.51729692077614,
    13.845644980214278
  ],
  "51": [
    46.064888860017504,
    15.556359799680841
  ],
  "52": [
    46.25405493617421,
    14.258306205043977
  ],
  "53": [
    46.45009196707542,
    13.84325717125277
  ],
  "54": [
    45.94614748884751,
    15.46067902792008
  ],
  "55": [
    46.641384246364524,
    15.596862785540193
  ],
  "56": [
    46.83994788396974,
    16.092505197420564
  ],
  "57": [
    46.12804517838802,
    15.269594900971004
  ],
  "58": [
    46.55423901495294,
    15.811459649119495
  ],
  "59": [
    46.55480322983082,
    16.443293714800866
  ],
  "60": [
    46.049658676044096,
    14.991181473283978
  ],
  "61": [
    46.06002832481608,
    14.591227050900212
  ],
  "62": [
    46.366782417214154,
    14.839647523145215
  ],
  "63": [
    46.52220953072839,
    16.131317625513894
  ],
  "64": [
    45.9423203388053,
    14.179699694323777
  ],
  "65": [
    45.66422277149297,
    14.49990413120156
  ],
  "66": [
    45.66252716495228,
    14.670025526010441
  ],
  "67": [
    46.35680027328705,
    14.713931657979746
  ],
  "68": [
    46.175035412974665,
    14.761643241350594
  ],
  "69": [
    46.31567282469143,
    15.747678399772571
  ],
  "70": [
    46.566868391230585,
    15.631952095403161
  ],
  "71": [
    46.134643179494105,
    14.401236528773666
  ],
  "72": [
    46.16250686369235,
    14.563769150841068
  ],
  "73": [
    45.650007741795676,
    15.33904423353761
  ],
  "74": [
    46.52042865451979,
    14.850018903859208
  ],
  "75": [
    45.859821002386994,
    13.64983376393198
  ],
  "76": [
    46.44706000299166,
    15.221357122296974
  ],
  "77": [
    46.131781083057874,
    14.758226933043396
  ],
  "78": [
    46.71051554569473,
    16.27450061196018
  ],
  "79": [
    46.35137174712952,
    14.960271783295871
  ],
  "80": [
    46.64944285646449,
    16.180008501955584
  ],
  "81": [
    46.62559353011548,
    15.135985903586487
  ],
  "82": [
    46.287306949547784,
    14.290469335122943
  ],
  "83": [
    46.28623184844571,
    14.920673449654924
  ],
  "84": [
    45.97092502839293,
    13.721150401050998
  ],
  "85": [
    45.78083464918963,
    15.210193521178581
  ],
  "86": [
    46.58524894185486,
    16.271500112028
  ],
  "87": [
    46.43923237384557,
    16.122467447626843
  ],
  "88": [
    45.55075114447103,
    14.720215036019834
  ],
  "89": [
    46.6179514074537,
    15.706058386796581
  ],
  "90": [
    45.49274890235444,
    13.61379369688393
  ],
  "91": [
    45.68861836877859,
    14.228707926505304
  ],
  "92": [
    46.13618049475401,
    15.568446650547862
  ],
  "93": [
    46.5834090776923,
    15.322536682172196
  ],
  "94": [
    45.79035444806679,
    14.157811302015979
  ],
  "95": [
    46.324122598611424,
    14.46786238948985
  ],
  "96": [
    46.441384397919784,
    15.886057811037922
  ],
  "97": [
    46.75514811433649,
    16.121744836334084
  ],
  "98": [
    46.44747573498585,
    15.653747732535372
  ],
  "99": [
    46.05947478962034,
    15.135812045899474
  ],
  "100": [
    46.62037859600561,
    16.04439357897214
  ],
  "101": [
    46.59039965121862,
    15.250063017382363
  ],
  "102": [
    46.344957557875674,
    14.197636337189738
  ],
  "103": [
    46.548379514222276,
    14.975105293957746
  ],
  "104": [
    45.72862795229995,
    14.739858938290292
  ],
  "105": [
    46.797565278402416,
    16.024175797259314
  ],
  "106": [
    46.23776175292087,
    15.627106289016217
  ],
  "107": [
    46.237546603387386,
    15.737454290109904
  ],
  "108": [
    46.519417033285194,
    15.4921020457614
  ],
  "109": [
    45.65247113774323,
    15.1531953913182
  ],
  "110": [
    46.008602808339205,
    15.26233339155699
  ],
  "111": [
    45.72640766803438,
    13.889808282981946
  ],
  "112": [
    46.49232870395046,
    15.090728012234134
  ],
  "113": [
    46.407381712420836,
    15.563642140833664
  ],
  "114": [
    46.324744778194386,
    15.449770717290768
  ],
  "115": [
    46.46523002566637,
    15.759499440042012
  ],
  "116": [
    46.56155714657142,
    16.018594362570987
  ],
  "117": [
    46.23942277871478,
    14.419716721996306
  ],
  "118": [
    46.66969826173817,
    15.768321280901421
  ],
  "119": [
    45.82490605624554,
    15.318888102090748
  ],
  "120": [
    46.18851791002033,
    15.406013006743873
  ],
  "121": [
    45.91391777603153,
    15.296370829550806
  ],
  "122": [
    46.16882510512077,
    14.306552332367522
  ],
  "123": [
    45.956574131994586,
    14.578745574374771
  ],
  "124": [
    46.216960338754866,
    15.517641398331211
  ],
  "125": [
    46.33982074119845,
    15.02966843251847
  ],
  "126": [
    46.402306510165005,
    15.013088894049641
  ],
  "127": [
    46.198208860154836,
    15.327644837050277
  ],
  "128": [
    46.14382787419562,
    13.789384629736421
  ],
  "129": [
    46.13733695980865,
    15.044375862598683
  ],
  "130": [
    45.90849357545599,
    14.992782272237456
  ],