scenario_family,year,target_column,target_label,baseline_prevalence_per_100k,recent_momentum,predicted_residual,predicted_prevalence_per_100k,table_role,observed_prevalence_per_100k,residual,baseline_residual,model_name
collapsed_historical,2024,lyme_cases_per_100k,Lyme prevalence per 100k,4058.111824801481,-1062.9867126862746,-508.05474172759136,3550.0570830738898,final_validation_recursive,5082.948490830592,-1532.8914077567024,-1024.8366660291113,lyme_prevalence
collapsed_historical,2025,lyme_cases_per_100k,Lyme prevalence per 100k,3550.0570830738898,-1168.068351140093,3056.0943433940756,6606.151426467965,final_validation_recursive,7939.903481400254,-1333.752054932289,-4389.846398326365,lyme_prevalence
collapsed_historical,2024,kme_cases_per_100k,KME prevalence per 100k,136.02925290368955,-34.33432650651643,22.459882677277864,158.48913558096743,final_validation_recursive,146.00641182625756,12.482723754709866,-9.977158922568009,kme_prevalence
collapsed_historical,2025,kme_cases_per_100k,KME prevalence per 100k,155.3260023410659,3.1631332399015264,89.44596819338868,244.77197053445457,final_validation_recursive,127.0130530917857,117.75891744266887,28.31294924928021,kme_prevalence
collapsed_historical,2024,tick_borne_cases_total_per_100k,Combined tick-borne prevalence per 100k,4159.806751198653,-1097.3210391927914,-497.7575654511613,3662.0491857474917,final_validation_recursive,5228.95490265685,-1566.9057169093585,-1069.1481514581974,combined_prevalence
collapsed_historical,2025,tick_borne_cases_total_per_100k,Combined tick-borne prevalence per 100k,3662.0491857474917,-1195.9032398384352,3161.3328368281263,6823.382022575618,final_validation_recursive,8066.91653449204,-1243.5345119164222,-4404.8673487445485,combined_prevalence
