statistical_region_code,statistical_region_name,issue_week,target_window_start,target_window_end,horizon_weeks,candidate_id,system_role,predicted_cases,predicted_incidence_per_100000,population_exposure,population_year_min,population_year_max,lower_interval,upper_interval,model_version,data_version,sealed_date,data_status
01,POMURSKA STATISTIČNA REGIJA,2025-12-29,2026-01-05,2026-02-23,8,baseline_region_historical_rate,primary_simple_baseline,0.5525214008390754,0.4860835070900125,113668,2024,2024,,,baseline_region_historical_rate@sha256:dd1938fb6c1d1ca857d7b311203bd83930b11ddcd87bf2c7b9d8d7facdaeb05f,kme_data@sha256:340ffae552aaffe721317f98459ada4ff964dae2a086bf97e76d4980088eabe9,2026-08-30,sealed_without_pipeline_access_to_2026_KME_outcomes
01,POMURSKA STATISTIČNA REGIJA,2025-12-29,2026-01-05,2026-02-23,8,glm_seasonal_region_offset,frozen_selected_model,0.0712763670433781,0.06270574571856467,113668,2024,2024,,,glm_seasonal_region_offset@sha256:1263c02735ca074e9c0e087ea0f9b7c81eff390a3df5e4d0639669fa497d8f70,kme_data@sha256:340ffae552aaffe721317f98459ada4ff964dae2a086bf97e76d4980088eabe9,2026-08-30,sealed_without_pipeline_access_to_2026_KME_outcomes
02,PODRAVSKA STATISTIČNA REGIJA,2025-12-29,2026-01-05,2026-02-23,8,baseline_region_historical_rate,primary_simple_baseline,1.5440989759727095,0.4670991420848437,330572,2024,2024,,,baseline_region_historical_rate@sha256:dd1938fb6c1d1ca857d7b311203bd83930b11ddcd87bf2c7b9d8d7facdaeb05f,kme_data@sha256:340ffae552aaffe721317f98459ada4ff964dae2a086bf97e76d4980088eabe9,2026-08-30,sealed_without_pipeline_access_to_2026_KME_outcomes
02,PODRAVSKA STATISTIČNA REGIJA,2025-12-29,2026-01-05,2026-02-23,8,glm_seasonal_region_offset,frozen_selected_model,0.19916429320732773,0.06024838558841273,330572,2024,2024,,,glm_seasonal_region_offset@sha256:1263c02735ca074e9c0e087ea0f9b7c81eff390a3df5e4d0639669fa497d8f70,kme_data@sha256:340ffae552aaffe721317f98459ada4ff964dae2a086bf97e76d4980088eabe9,2026-08-30,sealed_without_pipeline_access_to_2026_KME_outcomes
03,KOROŠKA STATISTIČNA REGIJA,2025-12-29,2026-01-05,2026-02-23,8,baseline_region_historical_rate,primary_simple_baseline,1.5271564047840809,2.166425133042162,70492,2024,2024,,,baseline_region_historical_rate@sha256:dd1938fb6c1d1ca857d7b311203bd83930b11ddcd87bf2c7b9d8d7facdaeb05f,kme_data@sha256:340ffae552aaffe721317f98459ada4ff964dae2a086bf97e76d4980088eabe9,2026-08-30,sealed_without_pipeline_access_to_2026_KME_outcomes
03,KOROŠKA STATISTIČNA REGIJA,2025-12-29,2026-01-05,2026-02-23,8,glm_seasonal_region_offset,frozen_selected_model,0.1970019263378532,0.2794670690828083,70492,2024,2024,,,glm_seasonal_region_offset@sha256:1263c02735ca074e9c0e087ea0f9b7c81eff390a3df5e4d0639669fa497d8f70,kme_data@sha256:340ffae552aaffe721317f98459ada4ff964dae2a086bf97e76d4980088eabe9,2026-08-30,sealed_without_pipeline_access_to_2026_KME_outcomes
04,SAVINJSKA STATISTIČNA REGIJA,2025-12-29,2026-01-05,2026-02-23,8,baseline_region_historical_rate,primary_simple_baseline,1.139827669464505,0.435404364429154,261786,2024,2024,,,baseline_region_historical_rate@sha256:dd1938fb6c1d1ca857d7b311203bd83930b11ddcd87bf2c7b9d8d7facdaeb05f,kme_data@sha256:340ffae552aaffe721317f98459ada4ff964dae2a086bf97e76d4980088eabe9,2026-08-30,sealed_without_pipeline_access_to_2026_KME_outcomes
04,SAVINJSKA STATISTIČNA REGIJA,2025-12-29,2026-01-05,2026-02-23,8,glm_seasonal_region_offset,frozen_selected_model,0.14702018996034344,0.05616044783156603,261786,2024,2024,,,glm_seasonal_region_offset@sha256:1263c02735ca074e9c0e087ea0f9b7c81eff390a3df5e4d0639669fa497d8f70,kme_data@sha256:340ffae552aaffe721317f98459ada4ff964dae2a086bf97e76d4980088eabe9,2026-08-30,sealed_without_pipeline_access_to_2026_KME_outcomes
05,ZASAVSKA STATISTIČNA REGIJA,2025-12-29,2026-01-05,2026-02-23,8,baseline_region_historical_rate,primary_simple_baseline,0.18451274713625687,0.32233241992253525,57243,2024,2024,,,baseline_region_historical_rate@sha256:dd1938fb6c1d1ca857d7b311203bd83930b11ddcd87bf2c7b9d8d7facdaeb05f,kme_data@sha256:340ffae552aaffe721317f98459ada4ff964dae2a086bf97e76d4980088eabe9,2026-08-30,sealed_without_pipeline_access_to_2026_KME_outcomes
05,ZASAVSKA STATISTIČNA REGIJA,2025-12-29,2026-01-05,2026-02-23,8,glm_seasonal_region_offset,frozen_selected_model,0.023799941536319803,0.04157703393658579,57243,2024,2024,,,glm_seasonal_region_offset@sha256:1263c02735ca074e9c0e087ea0f9b7c81eff390a3df5e4d0639669fa497d8f70,kme_data@sha256:340ffae552aaffe721317f98459ada4ff964dae2a086bf97e76d4980088eabe9,2026-08-30,sealed_without_pipeline_access_to_2026_KME_outcomes
06,POSAVSKA STATISTIČNA REGIJA,2025-12-29,2026-01-05,2026-02-23,8,baseline_region_historical_rate,primary_simple_baseline,0.10075341332433735,0.13252320007936305,76027,2024,2024,,,baseline_region_historical_rate@sha256:dd1938fb6c1d1ca857d7b311203bd83930b11ddcd87bf2c7b9d8d7facdaeb05f,kme_data@sha256:340ffae552aaffe721317f98459ada4ff964dae2a086bf97e76d4980088eabe9,2026-08-30,sealed_without_pipeline_access_to_2026_KME_outcomes
06,POSAVSKA STATISTIČNA REGIJA,2025-12-29,2026-01-05,2026-02-23,8,glm_seasonal_region_offset,frozen_selected_model,0.012997055249224636,0.017095315150176434,76027,2024,2024,,,glm_seasonal_region_offset@sha256:1263c02735ca074e9c0e087ea0f9b7c81eff390a3df5e4d0639669fa497d8f70,kme_data@sha256:340ffae552aaffe721317f98459ada4ff964dae2a086bf97e76d4980088eabe9,2026-08-30,sealed_without_pipeline_access_to_2026_KME_outcomes
07,JUGOVZHODNA SLOVENIJA,2025-12-29,2026-01-05,2026-02-23,8,baseline_region_historical_rate,primary_simple_baseline,1.0707322665780765,0.7245006506425218,147789,2024,2024,,,baseline_region_historical_rate@sha256:dd1938fb6c1d1ca857d7b311203bd83930b11ddcd87bf2c7b9d8d7facdaeb05f,kme_data@sha256:340ffae552aaffe721317f98459ada4ff964dae2a086bf97e76d4980088eabe9,2026-08-30,sealed_without_pipeline_access_to_2026_KME_outcomes
07,JUGOVZHODNA SLOVENIJA,2025-12-29,2026-01-05,2026-02-23,8,glm_seasonal_region_offset,frozen_selected_model,0.13810591224818355,0.09344803215948654,147789,2024,2024,,,glm_seasonal_region_offset@sha256:1263c02735ca074e9c0e087ea0f9b7c81eff390a3df5e4d0639669fa497d8f70,kme_data@sha256:340ffae552aaffe721317f98459ada4ff964dae2a086bf97e76d4980088eabe9,2026-08-30,sealed_without_pipeline_access_to_2026_KME_outcomes
08,OSREDNJESLOVENSKA STATISTIČNA REGIJA,2025-12-29,2026-01-05,2026-02-23,8,baseline_region_historical_rate,primary_simple_baseline,4.68992097240526,0.8295562192833964,565353,2024,2024,,,baseline_region_historical_rate@sha256:dd1938fb6c1d1ca857d7b311203bd83930b11ddcd87bf2c7b9d8d7facdaeb05f,kme_data@sha256:340ffae552aaffe721317f98459ada4ff964dae2a086bf97e76d4980088eabe9,2026-08-30,sealed_without_pipeline_access_to_2026_KME_outcomes
08,OSREDNJESLOVENSKA STATISTIČNA REGIJA,2025-12-29,2026-01-05,2026-02-23,8,glm_seasonal_region_offset,frozen_selected_model,0.6049419824537419,0.10700252452074047,565353,2024,2024,,,glm_seasonal_region_offset@sha256:1263c02735ca074e9c0e087ea0f9b7c81eff390a3df5e4d0639669fa497d8f70,kme_data@sha256:340ffae552aaffe721317f98459ada4ff964dae2a086bf97e76d4980088eabe9,2026-08-30,sealed_without_pipeline_access_to_2026_KME_outcomes
09,GORENJSKA STATISTIČNA REGIJA,2025-12-29,2026-01-05,2026-02-23,8,baseline_region_historical_rate,primary_simple_baseline,3.414576022204195,1.630250522654079,209451,2024,2024,,,baseline_region_historical_rate@sha256:dd1938fb6c1d1ca857d7b311203bd83930b11ddcd87bf2c7b9d8d7facdaeb05f,kme_data@sha256:340ffae552aaffe721317f98459ada4ff964dae2a086bf97e76d4980088eabe9,2026-08-30,sealed_without_pipeline_access_to_2026_KME_outcomes
09,GORENJSKA STATISTIČNA REGIJA,2025-12-29,2026-01-05,2026-02-23,8,glm_seasonal_region_offset,frozen_selected_model,0.4404694519697626,0.2102971348763017,209451,2024,2024,,,glm_seasonal_region_offset@sha256:1263c02735ca074e9c0e087ea0f9b7c81eff390a3df5e4d0639669fa497d8f70,kme_data@sha256:340ffae552aaffe721317f98459ada4ff964dae2a086bf97e76d4980088eabe9,2026-08-30,sealed_without_pipeline_access_to_2026_KME_outcomes
10,PRIMORSKO-NOTRANJSKA STATISTIČNA REGIJA,2025-12-29,2026-01-05,2026-02-23,8,baseline_region_historical_rate,primary_simple_baseline,1.2460048242315642,2.302768160992745,54109,2024,2024,,,baseline_region_historical_rate@sha256:dd1938fb6c1d1ca857d7b311203bd83930b11ddcd87bf2c7b9d8d7facdaeb05f,kme_data@sha256:340ffae552aaffe721317f98459ada4ff964dae2a086bf97e76d4980088eabe9,2026-08-30,sealed_without_pipeline_access_to_2026_KME_outcomes
10,PRIMORSKO-NOTRANJSKA STATISTIČNA REGIJA,2025-12-29,2026-01-05,2026-02-23,8,glm_seasonal_region_offset,frozen_selected_model,0.16070691666133582,0.29700588933696026,54109,2024,2024,,,glm_seasonal_region_offset@sha256:1263c02735ca074e9c0e087ea0f9b7c81eff390a3df5e4d0639669fa497d8f70,kme_data@sha256:340ffae552aaffe721317f98459ada4ff964dae2a086bf97e76d4980088eabe9,2026-08-30,sealed_without_pipeline_access_to_2026_KME_outcomes
11,GORIŠKA STATISTIČNA REGIJA,2025-12-29,2026-01-05,2026-02-23,8,baseline_region_historical_rate,primary_simple_baseline,0.7323361082265286,0.6192907709054482,118254,2024,2024,,,baseline_region_historical_rate@sha256:dd1938fb6c1d1ca857d7b311203bd83930b11ddcd87bf2c7b9d8d7facdaeb05f,kme_data@sha256:340ffae552aaffe721317f98459ada4ff964dae2a086bf97e76d4980088eabe9,2026-08-30,sealed_without_pipeline_access_to_2026_KME_outcomes
11,GORIŠKA STATISTIČNA REGIJA,2025-12-29,2026-01-05,2026-02-23,8,glm_seasonal_region_offset,frozen_selected_model,0.09447038617192177,0.07988768766546736,118254,2024,2024,,,glm_seasonal_region_offset@sha256:1263c02735ca074e9c0e087ea0f9b7c81eff390a3df5e4d0639669fa497d8f70,kme_data@sha256:340ffae552aaffe721317f98459ada4ff964dae2a086bf97e76d4980088eabe9,2026-08-30,sealed_without_pipeline_access_to_2026_KME_outcomes
12,OBALNO-KRAŠKA STATISTIČNA REGIJA,2025-12-29,2026-01-05,2026-02-23,8,baseline_region_historical_rate,primary_simple_baseline,0.12831580726310166,0.10764297408925938,119205,2024,2024,,,baseline_region_historical_rate@sha256:dd1938fb6c1d1ca857d7b311203bd83930b11ddcd87bf2c7b9d8d7facdaeb05f,kme_data@sha256:340ffae552aaffe721317f98459ada4ff964dae2a086bf97e76d4980088eabe9,2026-08-30,sealed_without_pipeline_access_to_2026_KME_outcomes
12,OBALNO-KRAŠKA STATISTIČNA REGIJA,2025-12-29,2026-01-05,2026-02-23,8,glm_seasonal_region_offset,frozen_selected_model,0.016690837832642205,0.01400179340853337,119205,2024,2024,,,glm_seasonal_region_offset@sha256:1263c02735ca074e9c0e087ea0f9b7c81eff390a3df5e4d0639669fa497d8f70,kme_data@sha256:340ffae552aaffe721317f98459ada4ff964dae2a086bf97e76d4980088eabe9,2026-08-30,sealed_without_pipeline_access_to_2026_KME_outcomes
01,POMURSKA STATISTIČNA REGIJA,2026-01-05,2026-01-12,2026-03-02,8,baseline_region_historical_rate,primary_simple_baseline,0.550110426643909,0.4860835070900125,113172,2025,2025,,,baseline_region_historical_rate@sha256:dd1938fb6c1d1ca857d7b311203bd83930b11ddcd87bf2c7b9d8d7facdaeb05f,kme_data@sha256:340ffae552aaffe721317f98459ada4ff964dae2a086bf97e76d4980088eabe9,2026-08-30,sealed_without_pipeline_access_to_2026_KME_outcomes
01,POMURSKA STATISTIČNA REGIJA,2026-01-05,2026-01-12,2026-03-02,8,glm_seasonal_region_offset,frozen_selected_model,0.07653483238290064,0.06762700348398953,113172,2025,2025,,,glm_seasonal_region_offset@sha256:1263c02735ca074e9c0e087ea0f9b7c81eff390a3df5e4d0639669fa497d8f70,kme_data@sha256:340ffae552aaffe721317f98459ada4ff964dae2a086bf97e76d4980088eabe9,2026-08-30,sealed_without_pipeline_access_to_2026_KME_outcomes
02,PODRAVSKA STATISTIČNA REGIJA,2026-01-05,2026-01-12,2026-03-02,8,baseline_region_historical_rate,primary_simple_baseline,1.5499050183088243,0.46709914208484377,331815,2025,2025,,,baseline_region_historical_rate@sha256:dd1938fb6c1d1ca857d7b311203bd83930b11ddcd87bf2c7b9d8d7facdaeb05f,kme_data@sha256:340ffae552aaffe721317f98459ada4ff964dae2a086bf97e76d4980088eabe9,2026-08-30,sealed_without_pipeline_access_to_2026_KME_outcomes
02,PODRAVSKA STATISTIČNA REGIJA,2026-01-05,2026-01-12,2026-03-02,8,glm_seasonal_region_offset,frozen_selected_model,0.21560272043215778,0.06497678538708551,331815,2025,2025,,,glm_seasonal_region_offset@sha256:1263c02735ca074e9c0e087ea0f9b7c81eff390a3df5e4d0639669fa497d8f70,kme_data@sha256:340ffae552aaffe721317f98459ada4ff964dae2a086bf97e76d4980088eabe9,2026-08-30,sealed_without_pipeline_access_to_2026_KME_outcomes
03,KOROŠKA STATISTIČNA REGIJA,2026-01-05,2026-01-12,2026-03-02,8,baseline_region_historical_rate,primary_simple_baseline,1.5242533951058044,2.166425133042162,70358,2025,2025,,,baseline_region_historical_rate@sha256:dd1938fb6c1d1ca857d7b311203bd83930b11ddcd87bf2c7b9d8d7facdaeb05f,kme_data@sha256:340ffae552aaffe721317f98459ada4ff964dae2a086bf97e76d4980088eabe9,2026-08-30,sealed_without_pipeline_access_to_2026_KME_outcomes
03,KOROŠKA STATISTIČNA REGIJA,2026-01-05,2026-01-12,2026-03-02,8,glm_seasonal_region_offset,frozen_selected_model,0.2120591095603027,0.3014001386627003,70358,2025,2025,,,glm_seasonal_region_offset@sha256:1263c02735ca074e9c0e087ea0f9b7c81eff390a3df5e4d0639669fa497d8f70,kme_data@sha256:340ffae552aaffe721317f98459ada4ff964dae2a086bf97e76d4980088eabe9,2026-08-30,sealed_without_pipeline_access_to_2026_KME_outcomes
04,SAVINJSKA STATISTIČNA REGIJA,2026-01-05,2026-01-12,2026-03-02,8,baseline_region_historical_rate,primary_simple_baseline,1.144303626330837,0.4354043644291541,262814,2025,2025,,,baseline_region_historical_rate@sha256:dd1938fb6c1d1ca857d7b311203bd83930b11ddcd87bf2c7b9d8d7facdaeb05f,kme_data@sha256:340ffae552aaffe721317f98459ada4ff964dae2a086bf97e76d4980088eabe9,2026-08-30,sealed_without_pipeline_access_to_2026_KME_outcomes
04,SAVINJSKA STATISTIČNA REGIJA,2026-01-05,2026-01-12,2026-03-02,8,glm_seasonal_region_offset,frozen_selected_model,0.15918123358360456,0.06056801904906305,262814,2025,2025,,,glm_seasonal_region_offset@sha256:1263c02735ca074e9c0e087ea0f9b7c81eff390a3df5e4d0639669fa497d8f70,kme_data@sha256:340ffae552aaffe721317f98459ada4ff964dae2a086bf97e76d4980088eabe9,2026-08-30,sealed_without_pipeline_access_to_2026_KME_outcomes
05,ZASAVSKA STATISTIČNA REGIJA,2026-01-05,2026-01-12,2026-03-02,8,baseline_region_historical_rate,primary_simple_baseline,0.1839970152643808,0.32233241992253525,57083,2025,2025,,,baseline_region_historical_rate@sha256:dd1938fb6c1d1ca857d7b311203bd83930b11ddcd87bf2c7b9d8d7facdaeb05f,kme_data@sha256:340ffae552aaffe721317f98459ada4ff964dae2a086bf97e76d4980088eabe9,2026-08-30,sealed_without_pipeline_access_to_2026_KME_outcomes
05,ZASAVSKA STATISTIČNA REGIJA,2026-01-05,2026-01-12,2026-03-02,8,glm_seasonal_region_offset,frozen_selected_model,0.02559605890102746,0.04484007305332141,57083,2025,2025,,,glm_seasonal_region_offset@sha256:1263c02735ca074e9c0e087ea0f9b7c81eff390a3df5e4d0639669fa497d8f70,kme_data@sha256:340ffae552aaffe721317f98459ada4ff964dae2a086bf97e76d4980088eabe9,2026-08-30,sealed_without_pipeline_access_to_2026_KME_outcomes
06,POSAVSKA STATISTIČNA REGIJA,2026-01-05,2026-01-12,2026-03-02,8,baseline_region_historical_rate,primary_simple_baseline,0.10070835543631036,0.13252320007936305,75993,2025,2025,,,baseline_region_historical_rate@sha256:dd1938fb6c1d1ca857d7b311203bd83930b11ddcd87bf2c7b9d8d7facdaeb05f,kme_data@sha256:340ffae552aaffe721317f98459ada4ff964dae2a086bf97e76d4980088eabe9,2026-08-30,sealed_without_pipeline_access_to_2026_KME_outcomes
06,POSAVSKA STATISTIČNA REGIJA,2026-01-05,2026-01-12,2026-03-02,8,glm_seasonal_region_offset,frozen_selected_model,0.014010818544211283,0.018436985701592624,75993,2025,2025,,,glm_seasonal_region_offset@sha256:1263c02735ca074e9c0e087ea0f9b7c81eff390a3df5e4d0639669fa497d8f70,kme_data@sha256:340ffae552aaffe721317f98459ada4ff964dae2a086bf97e76d4980088eabe9,2026-08-30,sealed_without_pipeline_access_to_2026_KME_outcomes
07,JUGOVZHODNA SLOVENIJA,2026-01-05,2026-01-12,2026-03-02,8,baseline_region_historical_rate,primary_simple_baseline,1.0771151173102371,0.7245006506425218,148670,2025,2025,,,baseline_region_historical_rate@sha256:dd1938fb6c1d1ca857d7b311203bd83930b11ddcd87bf2c7b9d8d7facdaeb05f,kme_data@sha256:340ffae552aaffe721317f98459ada4ff964dae2a086bf97e76d4980088eabe9,2026-08-30,sealed_without_pipeline_access_to_2026_KME_outcomes
07,JUGOVZHODNA SLOVENIJA,2026-01-05,2026-01-12,2026-03-02,8,glm_seasonal_region_offset,frozen_selected_model,0.14983259777386465,0.10078199890621152,148670,2025,2025,,,glm_seasonal_region_offset@sha256:1263c02735ca074e9c0e087ea0f9b7c81eff390a3df5e4d0639669fa497d8f70,kme_data@sha256:340ffae552aaffe721317f98459ada4ff964dae2a086bf97e76d4980088eabe9,2026-08-30,sealed_without_pipeline_access_to_2026_KME_outcomes
08,OSREDNJESLOVENSKA STATISTIČNA REGIJA,2026-01-05,2026-01-12,2026-03-02,8,baseline_region_historical_rate,primary_simple_baseline,4.7241152797641215,0.8295562192833964,569475,2025,2025,,,baseline_region_historical_rate@sha256:dd1938fb6c1d1ca857d7b311203bd83930b11ddcd87bf2c7b9d8d7facdaeb05f,kme_data@sha256:340ffae552aaffe721317f98459ada4ff964dae2a086bf97e76d4980088eabe9,2026-08-30,sealed_without_pipeline_access_to_2026_KME_outcomes
08,OSREDNJESLOVENSKA STATISTIČNA REGIJA,2026-01-05,2026-01-12,2026-03-02,8,glm_seasonal_region_offset,frozen_selected_model,0.6571756977618258,0.11540027178749301,569475,2025,2025,,,glm_seasonal_region_offset@sha256:1263c02735ca074e9c0e087ea0f9b7c81eff390a3df5e4d0639669fa497d8f70,kme_data@sha256:340ffae552aaffe721317f98459ada4ff964dae2a086bf97e76d4980088eabe9,2026-08-30,sealed_without_pipeline_access_to_2026_KME_outcomes
09,GORENJSKA STATISTIČNA REGIJA,2026-01-05,2026-01-12,2026-03-02,8,baseline_region_historical_rate,primary_simple_baseline,3.422238199660669,1.630250522654079,209921,2025,2025,,,baseline_region_historical_rate@sha256:dd1938fb6c1d1ca857d7b311203bd83930b11ddcd87bf2c7b9d8d7facdaeb05f,kme_data@sha256:340ffae552aaffe721317f98459ada4ff964dae2a086bf97e76d4980088eabe9,2026-08-30,sealed_without_pipeline_access_to_2026_KME_outcomes
09,GORENJSKA STATISTIČNA REGIJA,2026-01-05,2026-01-12,2026-03-02,8,glm_seasonal_region_offset,frozen_selected_model,0.47610424079454416,0.22680162575185148,209921,2025,2025,,,glm_seasonal_region_offset@sha256:1263c02735ca074e9c0e087ea0f9b7c81eff390a3df5e4d0639669fa497d8f70,kme_data@sha256:340ffae552aaffe721317f98459ada4ff964dae2a086bf97e76d4980088eabe9,2026-08-30,sealed_without_pipeline_access_to_2026_KME_outcomes
10,PRIMORSKO-NOTRANJSKA STATISTIČNA REGIJA,2026-01-05,2026-01-12,2026-03-02,8,baseline_region_historical_rate,primary_simple_baseline,1.2394879903359548,2.302768160992745,53826,2025,2025,,,baseline_region_historical_rate@sha256:dd1938fb6c1d1ca857d7b311203bd83930b11ddcd87bf2c7b9d8d7facdaeb05f,kme_data@sha256:340ffae552aaffe721317f98459ada4ff964dae2a086bf97e76d4980088eabe9,2026-08-30,sealed_without_pipeline_access_to_2026_KME_outcomes
10,PRIMORSKO-NOTRANJSKA STATISTIČNA REGIJA,2026-01-05,2026-01-12,2026-03-02,8,glm_seasonal_region_offset,frozen_selected_model,0.17241298686813827,0.32031543653278766,53826,2025,2025,,,glm_seasonal_region_offset@sha256:1263c02735ca074e9c0e087ea0f9b7c81eff390a3df5e4d0639669fa497d8f70,kme_data@sha256:340ffae552aaffe721317f98459ada4ff964dae2a086bf97e76d4980088eabe9,2026-08-30,sealed_without_pipeline_access_to_2026_KME_outcomes
11,GORIŠKA STATISTIČNA REGIJA,2026-01-05,2026-01-12,2026-03-02,8,baseline_region_historical_rate,primary_simple_baseline,0.7313576288084981,0.6192907709054482,118096,2025,2025,,,baseline_region_historical_rate@sha256:dd1938fb6c1d1ca857d7b311203bd83930b11ddcd87bf2c7b9d8d7facdaeb05f,kme_data@sha256:340ffae552aaffe721317f98459ada4ff964dae2a086bf97e76d4980088eabe9,2026-08-30,sealed_without_pipeline_access_to_2026_KME_outcomes
11,GORIŠKA STATISTIČNA REGIJA,2026-01-05,2026-01-12,2026-03-02,8,glm_seasonal_region_offset,frozen_selected_model,0.10174846035362237,0.08615741460644083,118096,2025,2025,,,glm_seasonal_region_offset@sha256:1263c02735ca074e9c0e087ea0f9b7c81eff390a3df5e4d0639669fa497d8f70,kme_data@sha256:340ffae552aaffe721317f98459ada4ff964dae2a086bf97e76d4980088eabe9,2026-08-30,sealed_without_pipeline_access_to_2026_KME_outcomes
12,OBALNO-KRAŠKA STATISTIČNA REGIJA,2026-01-05,2026-01-12,2026-03-02,8,baseline_region_historical_rate,primary_simple_baseline,0.12877006061375834,0.10764297408925941,119627,2025,2025,,,baseline_region_historical_rate@sha256:dd1938fb6c1d1ca857d7b311203bd83930b11ddcd87bf2c7b9d8d7facdaeb05f,kme_data@sha256:340ffae552aaffe721317f98459ada4ff964dae2a086bf97e76d4980088eabe9,2026-08-30,sealed_without_pipeline_access_to_2026_KME_outcomes
12,OBALNO-KRAŠKA STATISTIČNA REGIJA,2026-01-05,2026-01-12,2026-03-02,8,glm_seasonal_region_offset,frozen_selected_model,0.01806448915418731,0.01510067890542044,119627,2025,2025,,,glm_seasonal_region_offset@sha256:1263c02735ca074e9c0e087ea0f9b7c81eff390a3df5e4d0639669fa497d8f70,kme_data@sha256:340ffae552aaffe721317f98459ada4ff964dae2a086bf97e76d4980088eabe9,2026-08-30,sealed_without_pipeline_access_to_2026_KME_outcomes
01,POMURSKA STATISTIČNA REGIJA,2026-01-12,2026-01-19,2026-03-09,8,baseline_region_historical_rate,primary_simple_baseline,0.550110426643909,0.4860835070900125,113172,2025,2025,,,baseline_region_historical_rate@sha256:dd1938fb6c1d1ca857d7b311203bd83930b11ddcd87bf2c7b9d8d7facdaeb05f,kme_data@sha256:340ffae552aaffe721317f98459ada4ff964dae2a086bf97e76d4980088eabe9,2026-08-30,sealed_without_pipeline_access_to_2026_KME_outcomes
01,POMURSKA STATISTIČNA REGIJA,2026-01-12,2026-01-19,2026-03-09,8,glm_seasonal_region_offset,frozen_selected_model,0.08423990475513786,0.0744352885476424,113172,2025,2025,,,glm_seasonal_region_offset@sha256:1263c02735ca074e9c0e087ea0f9b7c81eff390a3df5e4d0639669fa497d8f70,kme_data@sha256:340ffae552aaffe721317f98459ada4ff964dae2a086bf97e76d4980088eabe9,2026-08-30,sealed_without_pipeline_access_to_2026_KME_outcomes
02,PODRAVSKA STATISTIČNA REGIJA,2026-01-12,2026-01-19,2026-03-09,8,baseline_region_historical_rate,primary_simple_baseline,1.5499050183088243,0.46709914208484377,331815,2025,2025,,,baseline_region_historical_rate@sha256:dd1938fb6c1d1ca857d7b311203bd83930b11ddcd87bf2c7b9d8d7facdaeb05f,kme_data@sha256:340ffae552aaffe721317f98459ada4ff964dae2a086bf97e76d4980088eabe9,2026-08-30,sealed_without_pipeline_access_to_2026_KME_outcomes
02,PODRAVSKA STATISTIČNA REGIJA,2026-01-12,2026-01-19,2026-03-09,8,glm_seasonal_region_offset,frozen_selected_model,0.2373083218277408,0.07151826223279262,331815,2025,2025,,,glm_seasonal_region_offset@sha256:1263c02735ca074e9c0e087ea0f9b7c81eff390a3df5e4d0639669fa497d8f70,kme_data@sha256:340ffae552aaffe721317f98459ada4ff964dae2a086bf97e76d4980088eabe9,2026-08-30,sealed_without_pipeline_access_to_2026_KME_outcomes
03,KOROŠKA STATISTIČNA REGIJA,2026-01-12,2026-01-19,2026-03-09,8,baseline_region_historical_rate,primary_simple_baseline,1.5242533951058044,2.166425133042162,70358,2025,2025,,,baseline_region_historical_rate@sha256:dd1938fb6c1d1ca857d7b311203bd83930b11ddcd87bf2c7b9d8d7facdaeb05f,kme_data@sha256:340ffae552aaffe721317f98459ada4ff964dae2a086bf97e76d4980088eabe9,2026-08-30,sealed_without_pipeline_access_to_2026_KME_outcomes
03,KOROŠKA STATISTIČNA REGIJA,2026-01-12,2026-01-19,2026-03-09,8,glm_seasonal_region_offset,frozen_selected_model,0.2334079612593543,0.33174331456174755,70358,2025,2025,,,glm_seasonal_region_offset@sha256:1263c02735ca074e9c0e087ea0f9b7c81eff390a3df5e4d0639669fa497d8f70,kme_data@sha256:340ffae552aaffe721317f98459ada4ff964dae2a086bf97e76d4980088eabe9,2026-08-30,sealed_without_pipeline_access_to_2026_KME_outcomes
04,SAVINJSKA STATISTIČNA REGIJA,2026-01-12,2026-01-19,2026-03-09,8,baseline_region_historical_rate,primary_simple_baseline,1.144303626330837,0.4354043644291541,262814,2025,2025,,,baseline_region_historical_rate@sha256:dd1938fb6c1d1ca857d7b311203bd83930b11ddcd87bf2c7b9d8d7facdaeb05f,kme_data@sha256:340ffae552aaffe721317f98459ada4ff964dae2a086bf97e76d4980088eabe9,2026-08-30,sealed_without_pipeline_access_to_2026_KME_outcomes
04,SAVINJSKA STATISTIČNA REGIJA,2026-01-12,2026-01-19,2026-03-09,8,glm_seasonal_region_offset,frozen_selected_model,0.17520665477911365,0.06666564748419554,262814,2025,2025,,,glm_seasonal_region_offset@sha256:1263c02735ca074e9c0e087ea0f9b7c81eff390a3df5e4d0639669fa497d8f70,kme_data@sha256:340ffae552aaffe721317f98459ada4ff964dae2a086bf97e76d4980088eabe9,2026-08-30,sealed_without_pipeline_access_to_2026_KME_outcomes
05,ZASAVSKA STATISTIČNA REGIJA,2026-01-12,2026-01-19,2026-03-09,8,baseline_region_historical_rate,primary_simple_baseline,0.1839970152643808,0.32233241992253525,57083,2025,2025,,,baseline_region_historical_rate@sha256:dd1938fb6c1d1ca857d7b311203bd83930b11ddcd87bf2c7b9d8d7facdaeb05f,kme_data@sha256:340ffae552aaffe721317f98459ada4ff964dae2a086bf97e76d4980088eabe9,2026-08-30,sealed_without_pipeline_access_to_2026_KME_outcomes
05,ZASAVSKA STATISTIČNA REGIJA,2026-01-12,2026-01-19,2026-03-09,8,glm_seasonal_region_offset,frozen_selected_model,0.028172918092274957,0.04935430529627903,57083,2025,2025,,,glm_seasonal_region_offset@sha256:1263c02735ca074e9c0e087ea0f9b7c81eff390a3df5e4d0639669fa497d8f70,kme_data@sha256:340ffae552aaffe721317f98459ada4ff964dae2a086bf97e76d4980088eabe9,2026-08-30,sealed_without_pipeline_access_to_2026_KME_outcomes
06,POSAVSKA STATISTIČNA REGIJA,2026-01-12,2026-01-19,2026-03-09,8,baseline_region_historical_rate,primary_simple_baseline,0.10070835543631036,0.13252320007936305,75993,2025,2025,,,baseline_region_historical_rate@sha256:dd1938fb6c1d1ca857d7b311203bd83930b11ddcd87bf2c7b9d8d7facdaeb05f,kme_data@sha256:340ffae552aaffe721317f98459ada4ff964dae2a086bf97e76d4980088eabe9,2026-08-30,sealed_without_pipeline_access_to_2026_KME_outcomes
06,POSAVSKA STATISTIČNA REGIJA,2026-01-12,2026-01-19,2026-03-09,8,glm_seasonal_region_offset,frozen_selected_model,0.015421344542848608,0.020293111921951507,75993,2025,2025,,,glm_seasonal_region_offset@sha256:1263c02735ca074e9c0e087ea0f9b7c81eff390a3df5e4d0639669fa497d8f70,kme_data@sha256:340ffae552aaffe721317f98459ada4ff964dae2a086bf97e76d4980088eabe9,2026-08-30,sealed_without_pipeline_access_to_2026_KME_outcomes
07,JUGOVZHODNA SLOVENIJA,2026-01-12,2026-01-19,2026-03-09,8,baseline_region_historical_rate,primary_simple_baseline,1.0771151173102371,0.7245006506425218,148670,2025,2025,,,baseline_region_historical_rate@sha256:dd1938fb6c1d1ca857d7b311203bd83930b11ddcd87bf2c7b9d8d7facdaeb05f,kme_data@sha256:340ffae552aaffe721317f98459ada4ff964dae2a086bf97e76d4980088eabe9,2026-08-30,sealed_without_pipeline_access_to_2026_KME_outcomes
07,JUGOVZHODNA SLOVENIJA,2026-01-12,2026-01-19,2026-03-09,8,glm_seasonal_region_offset,frozen_selected_model,0.16491685383902677,0.1109281319963858,148670,2025,2025,,,glm_seasonal_region_offset@sha256:1263c02735ca074e9c0e087ea0f9b7c81eff390a3df5e4d0639669fa497d8f70,kme_data@sha256:340ffae552aaffe721317f98459ada4ff964dae2a086bf97e76d4980088eabe9,2026-08-30,sealed_without_pipeline_access_to_2026_KME_outcomes
08,OSREDNJESLOVENSKA STATISTIČNA REGIJA,2026-01-12,2026-01-19,2026-03-09,8,baseline_region_historical_rate,primary_simple_baseline,4.7241152797641215,0.8295562192833964,569475,2025,2025,,,baseline_region_historical_rate@sha256:dd1938fb6c1d1ca857d7b311203bd83930b11ddcd87bf2c7b9d8d7facdaeb05f,kme_data@sha256:340ffae552aaffe721317f98459ada4ff964dae2a086bf97e76d4980088eabe9,2026-08-30,sealed_without_pipeline_access_to_2026_KME_outcomes
08,OSREDNJESLOVENSKA STATISTIČNA REGIJA,2026-01-12,2026-01-19,2026-03-09,8,glm_seasonal_region_offset,frozen_selected_model,0.7233362439455225,0.12701808577119672,569475,2025,2025,,,glm_seasonal_region_offset@sha256:1263c02735ca074e9c0e087ea0f9b7c81eff390a3df5e4d0639669fa497d8f70,kme_data@sha256:340ffae552aaffe721317f98459ada4ff964dae2a086bf97e76d4980088eabe9,2026-08-30,sealed_without_pipeline_access_to_2026_KME_outcomes
09,GORENJSKA STATISTIČNA REGIJA,2026-01-12,2026-01-19,2026-03-09,8,baseline_region_historical_rate,primary_simple_baseline,3.422238199660669,1.630250522654079,209921,2025,2025,,,baseline_region_historical_rate@sha256:dd1938fb6c1d1ca857d7b311203bd83930b11ddcd87bf2c7b9d8d7facdaeb05f,kme_data@sha256:340ffae552aaffe721317f98459ada4ff964dae2a086bf97e76d4980088eabe9,2026-08-30,sealed_without_pipeline_access_to_2026_KME_outcomes
09,GORENJSKA STATISTIČNA REGIJA,2026-01-12,2026-01-19,2026-03-09,8,glm_seasonal_region_offset,frozen_selected_model,0.5240355881018471,0.24963466642301016,209921,2025,2025,,,glm_seasonal_region_offset@sha256:1263c02735ca074e9c0e087ea0f9b7c81eff390a3df5e4d0639669fa497d8f70,kme_data@sha256:340ffae552aaffe721317f98459ada4ff964dae2a086bf97e76d4980088eabe9,2026-08-30,sealed_without_pipeline_access_to_2026_KME_outcomes
10,PRIMORSKO-NOTRANJSKA STATISTIČNA REGIJA,2026-01-12,2026-01-19,2026-03-09,8,baseline_region_historical_rate,primary_simple_baseline,1.2394879903359548,2.302768160992745,53826,2025,2025,,,baseline_region_historical_rate@sha256:dd1938fb6c1d1ca857d7b311203bd83930b11ddcd87bf2c7b9d8d7facdaeb05f,kme_data@sha256:340ffae552aaffe721317f98459ada4ff964dae2a086bf97e76d4980088eabe9,2026-08-30,sealed_without_pipeline_access_to_2026_KME_outcomes
10,PRIMORSKO-NOTRANJSKA STATISTIČNA REGIJA,2026-01-12,2026-01-19,2026-03-09,8,glm_seasonal_region_offset,frozen_selected_model,0.1897705023989281,0.3525628922805486,53826,2025,2025,,,glm_seasonal_region_offset@sha256:1263c02735ca074e9c0e087ea0f9b7c81eff390a3df5e4d0639669fa497d8f70,kme_data@sha256:340ffae552aaffe721317f98459ada4ff964dae2a086bf97e76d4980088eabe9,2026-08-30,sealed_without_pipeline_access_to_2026_KME_outcomes
11,GORIŠKA STATISTIČNA REGIJA,2026-01-12,2026-01-19,2026-03-09,8,baseline_region_historical_rate,primary_simple_baseline,0.7313576288084981,0.6192907709054482,118096,2025,2025,,,baseline_region_historical_rate@sha256:dd1938fb6c1d1ca857d7b311203bd83930b11ddcd87bf2c7b9d8d7facdaeb05f,kme_data@sha256:340ffae552aaffe721317f98459ada4ff964dae2a086bf97e76d4980088eabe9,2026-08-30,sealed_without_pipeline_access_to_2026_KME_outcomes
11,GORIŠKA STATISTIČNA REGIJA,2026-01-12,2026-01-19,2026-03-09,8,glm_seasonal_region_offset,frozen_selected_model,0.11199189104235965,0.09483123140695675,118096,2025,2025,,,glm_seasonal_region_offset@sha256:1263c02735ca074e9c0e087ea0f9b7c81eff390a3df5e4d0639669fa497d8f70,kme_data@sha256:340ffae552aaffe721317f98459ada4ff964dae2a086bf97e76d4980088eabe9,2026-08-30,sealed_without_pipeline_access_to_2026_KME_outcomes
12,OBALNO-KRAŠKA STATISTIČNA REGIJA,2026-01-12,2026-01-19,2026-03-09,8,baseline_region_historical_rate,primary_simple_baseline,0.12877006061375834,0.10764297408925941,119627,2025,2025,,,baseline_region_historical_rate@sha256:dd1938fb6c1d1ca857d7b311203bd83930b11ddcd87bf2c7b9d8d7facdaeb05f,kme_data@sha256:340ffae552aaffe721317f98459ada4ff964dae2a086bf97e76d4980088eabe9,2026-08-30,sealed_without_pipeline_access_to_2026_KME_outcomes
12,OBALNO-KRAŠKA STATISTIČNA REGIJA,2026-01-12,2026-01-19,2026-03-09,8,glm_seasonal_region_offset,frozen_selected_model,0.01988311463446739,0.01662092557237696,119627,2025,2025,,,glm_seasonal_region_offset@sha256:1263c02735ca074e9c0e087ea0f9b7c81eff390a3df5e4d0639669fa497d8f70,kme_data@sha256:340ffae552aaffe721317f98459ada4ff964dae2a086bf97e76d4980088eabe9,2026-08-30,sealed_without_pipeline_access_to_2026_KME_outcomes
01,POMURSKA STATISTIČNA REGIJA,2026-01-19,2026-01-26,2026-03-16,8,baseline_region_historical_rate,primary_simple_baseline,0.550110426643909,0.4860835070900125,113172,2025,2025,,,baseline_region_historical_rate@sha256:dd1938fb6c1d1ca857d7b311203bd83930b11ddcd87bf2c7b9d8d7facdaeb05f,kme_data@sha256:340ffae552aaffe721317f98459ada4ff964dae2a086bf97e76d4980088eabe9,2026-08-30,sealed_without_pipeline_access_to_2026_KME_outcomes
01,POMURSKA STATISTIČNA REGIJA,2026-01-19,2026-01-26,2026-03-16,8,glm_seasonal_region_offset,frozen_selected_model,0.09449707483431734,0.08349863467493492,113172,2025,2025,,,glm_seasonal_region_offset@sha256:1263c02735ca074e9c0e087ea0f9b7c81eff390a3df5e4d0639669fa497d8f70,kme_data@sha256:340ffae552aaffe721317f98459ada4ff964dae2a086bf97e76d4980088eabe9,2026-08-30,sealed_without_pipeline_access_to_2026_KME_outcomes
02,PODRAVSKA STATISTIČNA REGIJA,2026-01-19,2026-01-26,2026-03-16,8,baseline_region_historical_rate,primary_simple_baseline,1.5499050183088243,0.46709914208484377,331815,2025,2025,,,baseline_region_historical_rate@sha256:dd1938fb6c1d1ca857d7b311203bd83930b11ddcd87bf2c7b9d8d7facdaeb05f,kme_data@sha256:340ffae552aaffe721317f98459ada4ff964dae2a086bf97e76d4980088eabe9,2026-08-30,sealed_without_pipeline_access_to_2026_KME_outcomes
02,PODRAVSKA STATISTIČNA REGIJA,2026-01-19,2026-01-26,2026-03-16,8,glm_seasonal_region_offset,frozen_selected_model,0.2662033191009107,0.08022642710573985,331815,2025,2025,,,glm_seasonal_region_offset@sha256:1263c02735ca074e9c0e087ea0f9b7c81eff390a3df5e4d0639669fa497d8f70,kme_data@sha256:340ffae552aaffe721317f98459ada4ff964dae2a086bf97e76d4980088eabe9,2026-08-30,sealed_without_pipeline_access_to_2026_KME_outcomes
03,KOROŠKA STATISTIČNA REGIJA,2026-01-19,2026-01-26,2026-03-16,8,baseline_region_historical_rate,primary_simple_baseline,1.5242533951058044,2.166425133042162,70358,2025,2025,,,baseline_region_historical_rate@sha256:dd1938fb6c1d1ca857d7b311203bd83930b11ddcd87bf2c7b9d8d7facdaeb05f,kme_data@sha256:340ffae552aaffe721317f98459ada4ff964dae2a086bf97e76d4980088eabe9,2026-08-30,sealed_without_pipeline_access_to_2026_KME_outcomes
03,KOROŠKA STATISTIČNA REGIJA,2026-01-19,2026-01-26,2026-03-16,8,glm_seasonal_region_offset,frozen_selected_model,0.26182804510715463,0.3721368502617394,70358,2025,2025,,,glm_seasonal_region_offset@sha256:1263c02735ca074e9c0e087ea0f9b7c81eff390a3df5e4d0639669fa497d8f70,kme_data@sha256:340ffae552aaffe721317f98459ada4ff964dae2a086bf97e76d4980088eabe9,2026-08-30,sealed_without_pipeline_access_to_2026_KME_outcomes
04,SAVINJSKA STATISTIČNA REGIJA,2026-01-19,2026-01-26,2026-03-16,8,baseline_region_historical_rate,primary_simple_baseline,1.144303626330837,0.4354043644291541,262814,2025,2025,,,baseline_region_historical_rate@sha256:dd1938fb6c1d1ca857d7b311203bd83930b11ddcd87bf2c7b9d8d7facdaeb05f,kme_data@sha256:340ffae552aaffe721317f98459ada4ff964dae2a086bf97e76d4980088eabe9,2026-08-30,sealed_without_pipeline_access_to_2026_KME_outcomes
04,SAVINJSKA STATISTIČNA REGIJA,2026-01-19,2026-01-26,2026-03-16,8,glm_seasonal_region_offset,frozen_selected_model,0.1965400651420194,0.07478295111448378,262814,2025,2025,,,glm_seasonal_region_offset@sha256:1263c02735ca074e9c0e087ea0f9b7c81eff390a3df5e4d0639669fa497d8f70,kme_data@sha256:340ffae552aaffe721317f98459ada4ff964dae2a086bf97e76d4980088eabe9,2026-08-30,sealed_without_pipeline_access_to_2026_KME_outcomes
05,ZASAVSKA STATISTIČNA REGIJA,2026-01-19,2026-01-26,2026-03-16,8,baseline_region_historical_rate,primary_simple_baseline,0.1839970152643808,0.32233241992253525,57083,2025,2025,,,baseline_region_historical_rate@sha256:dd1938fb6c1d1ca857d7b311203bd83930b11ddcd87bf2c7b9d8d7facdaeb05f,kme_data@sha256:340ffae552aaffe721317f98459ada4ff964dae2a086bf97e76d4980088eabe9,2026-08-30,sealed_without_pipeline_access_to_2026_KME_outcomes
05,ZASAVSKA STATISTIČNA REGIJA,2026-01-19,2026-01-26,2026-03-16,8,glm_seasonal_region_offset,frozen_selected_model,0.031603292489530324,0.05536375539044956,57083,2025,2025,,,glm_seasonal_region_offset@sha256:1263c02735ca074e9c0e087ea0f9b7c81eff390a3df5e4d0639669fa497d8f70,kme_data@sha256:340ffae552aaffe721317f98459ada4ff964dae2a086bf97e76d4980088eabe9,2026-08-30,sealed_without_pipeline_access_to_2026_KME_outcomes
06,POSAVSKA STATISTIČNA REGIJA,2026-01-19,2026-01-26,2026-03-16,8,baseline_region_historical_rate,primary_simple_baseline,0.10070835543631036,0.13252320007936305,75993,2025,2025,,,baseline_region_historical_rate@sha256:dd1938fb6c1d1ca857d7b311203bd83930b11ddcd87bf2c7b9d8d7facdaeb05f,kme_data@sha256:340ffae552aaffe721317f98459ada4ff964dae2a086bf97e76d4980088eabe9,2026-08-30,sealed_without_pipeline_access_to_2026_KME_outcomes
06,POSAVSKA STATISTIČNA REGIJA,2026-01-19,2026-01-26,2026-03-16,8,glm_seasonal_region_offset,frozen_selected_model,0.017299069289634678,0.02276402996280536,75993,2025,2025,,,glm_seasonal_region_offset@sha256:1263c02735ca074e9c0e087ea0f9b7c81eff390a3df5e4d0639669fa497d8f70,kme_data@sha256:340ffae552aaffe721317f98459ada4ff964dae2a086bf97e76d4980088eabe9,2026-08-30,sealed_without_pipeline_access_to_2026_KME_outcomes
07,JUGOVZHODNA SLOVENIJA,2026-01-19,2026-01-26,2026-03-16,8,baseline_region_historical_rate,primary_simple_baseline,1.0771151173102371,0.7245006506425218,148670,2025,2025,,,baseline_region_historical_rate@sha256:dd1938fb6c1d1ca857d7b311203bd83930b11ddcd87bf2c7b9d8d7facdaeb05f,kme_data@sha256:340ffae552aaffe721317f98459ada4ff964dae2a086bf97e76d4980088eabe9,2026-08-30,sealed_without_pipeline_access_to_2026_KME_outcomes
07,JUGOVZHODNA SLOVENIJA,2026-01-19,2026-01-26,2026-03-16,8,glm_seasonal_region_offset,frozen_selected_model,0.18499736347002693,0.12443489841260977,148670,2025,2025,,,glm_seasonal_region_offset@sha256:1263c02735ca074e9c0e087ea0f9b7c81eff390a3df5e4d0639669fa497d8f70,kme_data@sha256:340ffae552aaffe721317f98459ada4ff964dae2a086bf97e76d4980088eabe9,2026-08-30,sealed_without_pipeline_access_to_2026_KME_outcomes
08,OSREDNJESLOVENSKA STATISTIČNA REGIJA,2026-01-19,2026-01-26,2026-03-16,8,baseline_region_historical_rate,primary_simple_baseline,4.7241152797641215,0.8295562192833964,569475,2025,2025,,,baseline_region_historical_rate@sha256:dd1938fb6c1d1ca857d7b311203bd83930b11ddcd87bf2c7b9d8d7facdaeb05f,kme_data@sha256:340ffae552aaffe721317f98459ada4ff964dae2a086bf97e76d4980088eabe9,2026-08-30,sealed_without_pipeline_access_to_2026_KME_outcomes
08,OSREDNJESLOVENSKA STATISTIČNA REGIJA,2026-01-19,2026-01-26,2026-03-16,8,glm_seasonal_region_offset,frozen_selected_model,0.8114106891879546,0.14248398774098153,569475,2025,2025,,,glm_seasonal_region_offset@sha256:1263c02735ca074e9c0e087ea0f9b7c81eff390a3df5e4d0639669fa497d8f70,kme_data@sha256:340ffae552aaffe721317f98459ada4ff964dae2a086bf97e76d4980088eabe9,2026-08-30,sealed_without_pipeline_access_to_2026_KME_outcomes
09,GORENJSKA STATISTIČNA REGIJA,2026-01-19,2026-01-26,2026-03-16,8,baseline_region_historical_rate,primary_simple_baseline,3.422238199660669,1.630250522654079,209921,2025,2025,,,baseline_region_historical_rate@sha256:dd1938fb6c1d1ca857d7b311203bd83930b11ddcd87bf2c7b9d8d7facdaeb05f,kme_data@sha256:340ffae552aaffe721317f98459ada4ff964dae2a086bf97e76d4980088eabe9,2026-08-30,sealed_without_pipeline_access_to_2026_KME_outcomes
09,GORENJSKA STATISTIČNA REGIJA,2026-01-19,2026-01-26,2026-03-16,8,glm_seasonal_region_offset,frozen_selected_model,0.5878429032967951,0.28003053686710483,209921,2025,2025,,,glm_seasonal_region_offset@sha256:1263c02735ca074e9c0e087ea0f9b7c81eff390a3df5e4d0639669fa497d8f70,kme_data@sha256:340ffae552aaffe721317f98459ada4ff964dae2a086bf97e76d4980088eabe9,2026-08-30,sealed_without_pipeline_access_to_2026_KME_outcomes
10,PRIMORSKO-NOTRANJSKA STATISTIČNA REGIJA,2026-01-19,2026-01-26,2026-03-16,8,baseline_region_historical_rate,primary_simple_baseline,1.2394879903359548,2.302768160992745,53826,2025,2025,,,baseline_region_historical_rate@sha256:dd1938fb6c1d1ca857d7b311203bd83930b11ddcd87bf2c7b9d8d7facdaeb05f,kme_data@sha256:340ffae552aaffe721317f98459ada4ff964dae2a086bf97e76d4980088eabe9,2026-08-30,sealed_without_pipeline_access_to_2026_KME_outcomes
10,PRIMORSKO-NOTRANJSKA STATISTIČNA REGIJA,2026-01-19,2026-01-26,2026-03-16,8,glm_seasonal_region_offset,frozen_selected_model,0.21287722746913207,0.39549144924224733,53826,2025,2025,,,glm_seasonal_region_offset@sha256:1263c02735ca074e9c0e087ea0f9b7c81eff390a3df5e4d0639669fa497d8f70,kme_data@sha256:340ffae552aaffe721317f98459ada4ff964dae2a086bf97e76d4980088eabe9,2026-08-30,sealed_without_pipeline_access_to_2026_KME_outcomes
11,GORIŠKA STATISTIČNA REGIJA,2026-01-19,2026-01-26,2026-03-16,8,baseline_region_historical_rate,primary_simple_baseline,0.7313576288084981,0.6192907709054482,118096,2025,2025,,,baseline_region_historical_rate@sha256:dd1938fb6c1d1ca857d7b311203bd83930b11ddcd87bf2c7b9d8d7facdaeb05f,kme_data@sha256:340ffae552aaffe721317f98459ada4ff964dae2a086bf97e76d4980088eabe9,2026-08-30,sealed_without_pipeline_access_to_2026_KME_outcomes
11,GORIŠKA STATISTIČNA REGIJA,2026-01-19,2026-01-26,2026-03-16,8,glm_seasonal_region_offset,frozen_selected_model,0.12562818226620937,0.1063780164156359,118096,2025,2025,,,glm_seasonal_region_offset@sha256:1263c02735ca074e9c0e087ea0f9b7c81eff390a3df5e4d0639669fa497d8f70,kme_data@sha256:340ffae552aaffe721317f98459ada4ff964dae2a086bf97e76d4980088eabe9,2026-08-30,sealed_without_pipeline_access_to_2026_KME_outcomes
12,OBALNO-KRAŠKA STATISTIČNA REGIJA,2026-01-19,2026-01-26,2026-03-16,8,baseline_region_historical_rate,primary_simple_baseline,0.12877006061375834,0.10764297408925941,119627,2025,2025,,,baseline_region_historical_rate@sha256:dd1938fb6c1d1ca857d7b311203bd83930b11ddcd87bf2c7b9d8d7facdaeb05f,kme_data@sha256:340ffae552aaffe721317f98459ada4ff964dae2a086bf97e76d4980088eabe9,2026-08-30,sealed_without_pipeline_access_to_2026_KME_outcomes
12,OBALNO-KRAŠKA STATISTIČNA REGIJA,2026-01-19,2026-01-26,2026-03-16,8,glm_seasonal_region_offset,frozen_selected_model,0.022304110825077588,0.018644713003818193,119627,2025,2025,,,glm_seasonal_region_offset@sha256:1263c02735ca074e9c0e087ea0f9b7c81eff390a3df5e4d0639669fa497d8f70,kme_data@sha256:340ffae552aaffe721317f98459ada4ff964dae2a086bf97e76d4980088eabe9,2026-08-30,sealed_without_pipeline_access_to_2026_KME_outcomes
01,POMURSKA STATISTIČNA REGIJA,2026-01-26,2026-02-02,2026-03-23,8,baseline_region_historical_rate,primary_simple_baseline,0.550110426643909,0.4860835070900125,113172,2025,2025,,,baseline_region_historical_rate@sha256:dd1938fb6c1d1ca857d7b311203bd83930b11ddcd87bf2c7b9d8d7facdaeb05f,kme_data@sha256:340ffae552aaffe721317f98459ada4ff964dae2a086bf97e76d4980088eabe9,2026-08-30,sealed_without_pipeline_access_to_2026_KME_outcomes
01,POMURSKA STATISTIČNA REGIJA,2026-01-26,2026-02-02,2026-03-23,8,glm_seasonal_region_offset,frozen_selected_model,0.10785417086460554,0.09530110881190183,113172,2025,2025,,,glm_seasonal_region_offset@sha256:1263c02735ca074e9c0e087ea0f9b7c81eff390a3df5e4d0639669fa497d8f70,kme_data@sha256:340ffae552aaffe721317f98459ada4ff964dae2a086bf97e76d4980088eabe9,2026-08-30,sealed_without_pipeline_access_to_2026_KME_outcomes
02,PODRAVSKA STATISTIČNA REGIJA,2026-01-26,2026-02-02,2026-03-23,8,baseline_region_historical_rate,primary_simple_baseline,1.5499050183088243,0.46709914208484377,331815,2025,2025,,,baseline_region_historical_rate@sha256:dd1938fb6c1d1ca857d7b311203bd83930b11ddcd87bf2c7b9d8d7facdaeb05f,kme_data@sha256:340ffae552aaffe721317f98459ada4ff964dae2a086bf97e76d4980088eabe9,2026-08-30,sealed_without_pipeline_access_to_2026_KME_outcomes
02,PODRAVSKA STATISTIČNA REGIJA,2026-01-26,2026-02-02,2026-03-23,8,glm_seasonal_region_offset,frozen_selected_model,0.30383097374574036,0.0915663769708242,331815,2025,2025,,,glm_seasonal_region_offset@sha256:1263c02735ca074e9c0e087ea0f9b7c81eff390a3df5e4d0639669fa497d8f70,kme_data@sha256:340ffae552aaffe721317f98459ada4ff964dae2a086bf97e76d4980088eabe9,2026-08-30,sealed_without_pipeline_access_to_2026_KME_outcomes
03,KOROŠKA STATISTIČNA REGIJA,2026-01-26,2026-02-02,2026-03-23,8,baseline_region_historical_rate,primary_simple_baseline,1.5242533951058044,2.166425133042162,70358,2025,2025,,,baseline_region_historical_rate@sha256:dd1938fb6c1d1ca857d7b311203bd83930b11ddcd87bf2c7b9d8d7facdaeb05f,kme_data@sha256:340ffae552aaffe721317f98459ada4ff964dae2a086bf97e76d4980088eabe9,2026-08-30,sealed_without_pipeline_access_to_2026_KME_outcomes
03,KOROŠKA STATISTIČNA REGIJA,2026-01-26,2026-02-02,2026-03-23,8,glm_seasonal_region_offset,frozen_selected_model,0.2988372578055442,0.42473813611180566,70358,2025,2025,,,glm_seasonal_region_offset@sha256:1263c02735ca074e9c0e087ea0f9b7c81eff390a3df5e4d0639669fa497d8f70,kme_data@sha256:340ffae552aaffe721317f98459ada4ff964dae2a086bf97e76d4980088eabe9,2026-08-30,sealed_without_pipeline_access_to_2026_KME_outcomes
04,SAVINJSKA STATISTIČNA REGIJA,2026-01-26,2026-02-02,2026-03-23,8,baseline_region_historical_rate,primary_simple_baseline,1.144303626330837,0.4354043644291541,262814,2025,2025,,,baseline_region_historical_rate@sha256:dd1938fb6c1d1ca857d7b311203bd83930b11ddcd87bf2c7b9d8d7facdaeb05f,kme_data@sha256:340ffae552aaffe721317f98459ada4ff964dae2a086bf97e76d4980088eabe9,2026-08-30,sealed_without_pipeline_access_to_2026_KME_outcomes
04,SAVINJSKA STATISTIČNA REGIJA,2026-01-26,2026-02-02,2026-03-23,8,glm_seasonal_region_offset,frozen_selected_model,0.22432086712455526,0.08535346942117059,262814,2025,2025,,,glm_seasonal_region_offset@sha256:1263c02735ca074e9c0e087ea0f9b7c81eff390a3df5e4d0639669fa497d8f70,kme_data@sha256:340ffae552aaffe721317f98459ada4ff964dae2a086bf97e76d4980088eabe9,2026-08-30,sealed_without_pipeline_access_to_2026_KME_outcomes
05,ZASAVSKA STATISTIČNA REGIJA,2026-01-26,2026-02-02,2026-03-23,8,baseline_region_historical_rate,primary_simple_baseline,0.1839970152643808,0.32233241992253525,57083,2025,2025,,,baseline_region_historical_rate@sha256:dd1938fb6c1d1ca857d7b311203bd83930b11ddcd87bf2c7b9d8d7facdaeb05f,kme_data@sha256:340ffae552aaffe721317f98459ada4ff964dae2a086bf97e76d4980088eabe9,2026-08-30,sealed_without_pipeline_access_to_2026_KME_outcomes
05,ZASAVSKA STATISTIČNA REGIJA,2026-01-26,2026-02-02,2026-03-23,8,glm_seasonal_region_offset,frozen_selected_model,0.03607039597814163,0.06318938384132164,57083,2025,2025,,,glm_seasonal_region_offset@sha256:1263c02735ca074e9c0e087ea0f9b7c81eff390a3df5e4d0639669fa497d8f70,kme_data@sha256:340ffae552aaffe721317f98459ada4ff964dae2a086bf97e76d4980088eabe9,2026-08-30,sealed_without_pipeline_access_to_2026_KME_outcomes
06,POSAVSKA STATISTIČNA REGIJA,2026-01-26,2026-02-02,2026-03-23,8,baseline_region_historical_rate,primary_simple_baseline,0.10070835543631036,0.13252320007936305,75993,2025,2025,,,baseline_region_historical_rate@sha256:dd1938fb6c1d1ca857d7b311203bd83930b11ddcd87bf2c7b9d8d7facdaeb05f,kme_data@sha256:340ffae552aaffe721317f98459ada4ff964dae2a086bf97e76d4980088eabe9,2026-08-30,sealed_without_pipeline_access_to_2026_KME_outcomes
06,POSAVSKA STATISTIČNA REGIJA,2026-01-26,2026-02-02,2026-03-23,8,glm_seasonal_region_offset,frozen_selected_model,0.01974428074344306,0.02598170981990849,75993,2025,2025,,,glm_seasonal_region_offset@sha256:1263c02735ca074e9c0e087ea0f9b7c81eff390a3df5e4d0639669fa497d8f70,kme_data@sha256:340ffae552aaffe721317f98459ada4ff964dae2a086bf97e76d4980088eabe9,2026-08-30,sealed_without_pipeline_access_to_2026_KME_outcomes
07,JUGOVZHODNA SLOVENIJA,2026-01-26,2026-02-02,2026-03-23,8,baseline_region_historical_rate,primary_simple_baseline,1.0771151173102371,0.7245006506425218,148670,2025,2025,,,baseline_region_historical_rate@sha256:dd1938fb6c1d1ca857d7b311203bd83930b11ddcd87bf2c7b9d8d7facdaeb05f,kme_data@sha256:340ffae552aaffe721317f98459ada4ff964dae2a086bf97e76d4980088eabe9,2026-08-30,sealed_without_pipeline_access_to_2026_KME_outcomes
07,JUGOVZHODNA SLOVENIJA,2026-01-26,2026-02-02,2026-03-23,8,glm_seasonal_region_offset,frozen_selected_model,0.2111466125716711,0.1420236850552708,148670,2025,2025,,,glm_seasonal_region_offset@sha256:1263c02735ca074e9c0e087ea0f9b7c81eff390a3df5e4d0639669fa497d8f70,kme_data@sha256:340ffae552aaffe721317f98459ada4ff964dae2a086bf97e76d4980088eabe9,2026-08-30,sealed_without_pipeline_access_to_2026_KME_outcomes
08,OSREDNJESLOVENSKA STATISTIČNA REGIJA,2026-01-26,2026-02-02,2026-03-23,8,baseline_region_historical_rate,primary_simple_baseline,4.7241152797641215,0.8295562192833964,569475,2025,2025,,,baseline_region_historical_rate@sha256:dd1938fb6c1d1ca857d7b311203bd83930b11ddcd87bf2c7b9d8d7facdaeb05f,kme_data@sha256:340ffae552aaffe721317f98459ada4ff964dae2a086bf97e76d4980088eabe9,2026-08-30,sealed_without_pipeline_access_to_2026_KME_outcomes
08,OSREDNJESLOVENSKA STATISTIČNA REGIJA,2026-01-26,2026-02-02,2026-03-23,8,glm_seasonal_region_offset,frozen_selected_model,0.9261030277020127,0.16262400065007468,569475,2025,2025,,,glm_seasonal_region_offset@sha256:1263c02735ca074e9c0e087ea0f9b7c81eff390a3df5e4d0639669fa497d8f70,kme_data@sha256:340ffae552aaffe721317f98459ada4ff964dae2a086bf97e76d4980088eabe9,2026-08-30,sealed_without_pipeline_access_to_2026_KME_outcomes
09,GORENJSKA STATISTIČNA REGIJA,2026-01-26,2026-02-02,2026-03-23,8,baseline_region_historical_rate,primary_simple_baseline,3.422238199660669,1.630250522654079,209921,2025,2025,,,baseline_region_historical_rate@sha256:dd1938fb6c1d1ca857d7b311203bd83930b11ddcd87bf2c7b9d8d7facdaeb05f,kme_data@sha256:340ffae552aaffe721317f98459ada4ff964dae2a086bf97e76d4980088eabe9,2026-08-30,sealed_without_pipeline_access_to_2026_KME_outcomes
09,GORENJSKA STATISTIČNA REGIJA,2026-01-26,2026-02-02,2026-03-23,8,glm_seasonal_region_offset,frozen_selected_model,0.6709340902338031,0.31961265915930426,209921,2025,2025,,,glm_seasonal_region_offset@sha256:1263c02735ca074e9c0e087ea0f9b7c81eff390a3df5e4d0639669fa497d8f70,kme_data@sha256:340ffae552aaffe721317f98459ada4ff964dae2a086bf97e76d4980088eabe9,2026-08-30,sealed_without_pipeline_access_to_2026_KME_outcomes
10,PRIMORSKO-NOTRANJSKA STATISTIČNA REGIJA,2026-01-26,2026-02-02,2026-03-23,8,baseline_region_historical_rate,primary_simple_baseline,1.2394879903359548,2.302768160992745,53826,2025,2025,,,baseline_region_historical_rate@sha256:dd1938fb6c1d1ca857d7b311203bd83930b11ddcd87bf2c7b9d8d7facdaeb05f,kme_data@sha256:340ffae552aaffe721317f98459ada4ff964dae2a086bf97e76d4980088eabe9,2026-08-30,sealed_without_pipeline_access_to_2026_KME_outcomes
10,PRIMORSKO-NOTRANJSKA STATISTIČNA REGIJA,2026-01-26,2026-02-02,2026-03-23,8,glm_seasonal_region_offset,frozen_selected_model,0.24296727602303808,0.4513938914707355,53826,2025,2025,,,glm_seasonal_region_offset@sha256:1263c02735ca074e9c0e087ea0f9b7c81eff390a3df5e4d0639669fa497d8f70,kme_data@sha256:340ffae552aaffe721317f98459ada4ff964dae2a086bf97e76d4980088eabe9,2026-08-30,sealed_without_pipeline_access_to_2026_KME_outcomes
11,GORIŠKA STATISTIČNA REGIJA,2026-01-26,2026-02-02,2026-03-23,8,baseline_region_historical_rate,primary_simple_baseline,0.7313576288084981,0.6192907709054482,118096,2025,2025,,,baseline_region_historical_rate@sha256:dd1938fb6c1d1ca857d7b311203bd83930b11ddcd87bf2c7b9d8d7facdaeb05f,kme_data@sha256:340ffae552aaffe721317f98459ada4ff964dae2a086bf97e76d4980088eabe9,2026-08-30,sealed_without_pipeline_access_to_2026_KME_outcomes
11,GORIŠKA STATISTIČNA REGIJA,2026-01-26,2026-02-02,2026-03-23,8,glm_seasonal_region_offset,frozen_selected_model,0.14338563875449123,0.12141447530355917,118096,2025,2025,,,glm_seasonal_region_offset@sha256:1263c02735ca074e9c0e087ea0f9b7c81eff390a3df5e4d0639669fa497d8f70,kme_data@sha256:340ffae552aaffe721317f98459ada4ff964dae2a086bf97e76d4980088eabe9,2026-08-30,sealed_without_pipeline_access_to_2026_KME_outcomes
12,OBALNO-KRAŠKA STATISTIČNA REGIJA,2026-01-26,2026-02-02,2026-03-23,8,baseline_region_historical_rate,primary_simple_baseline,0.12877006061375834,0.10764297408925941,119627,2025,2025,,,baseline_region_historical_rate@sha256:dd1938fb6c1d1ca857d7b311203bd83930b11ddcd87bf2c7b9d8d7facdaeb05f,kme_data@sha256:340ffae552aaffe721317f98459ada4ff964dae2a086bf97e76d4980088eabe9,2026-08-30,sealed_without_pipeline_access_to_2026_KME_outcomes
12,OBALNO-KRAŠKA STATISTIČNA REGIJA,2026-01-26,2026-02-02,2026-03-23,8,glm_seasonal_region_offset,frozen_selected_model,0.025456781430840725,0.02128013026393768,119627,2025,2025,,,glm_seasonal_region_offset@sha256:1263c02735ca074e9c0e087ea0f9b7c81eff390a3df5e4d0639669fa497d8f70,kme_data@sha256:340ffae552aaffe721317f98459ada4ff964dae2a086bf97e76d4980088eabe9,2026-08-30,sealed_without_pipeline_access_to_2026_KME_outcomes
01,POMURSKA STATISTIČNA REGIJA,2026-02-02,2026-02-09,2026-03-30,8,baseline_region_historical_rate,primary_simple_baseline,0.550110426643909,0.4860835070900125,113172,2025,2025,,,baseline_region_historical_rate@sha256:dd1938fb6c1d1ca857d7b311203bd83930b11ddcd87bf2c7b9d8d7facdaeb05f,kme_data@sha256:340ffae552aaffe721317f98459ada4ff964dae2a086bf97e76d4980088eabe9,2026-08-30,sealed_without_pipeline_access_to_2026_KME_outcomes
01,POMURSKA STATISTIČNA REGIJA,2026-02-02,2026-02-09,2026-03-30,8,glm_seasonal_region_offset,frozen_selected_model,0.12500888722492148,0.11045920123786934,113172,2025,2025,,,glm_seasonal_region_offset@sha256:1263c02735ca074e9c0e087ea0f9b7c81eff390a3df5e4d0639669fa497d8f70,kme_data@sha256:340ffae552aaffe721317f98459ada4ff964dae2a086bf97e76d4980088eabe9,2026-08-30,sealed_without_pipeline_access_to_2026_KME_outcomes
02,PODRAVSKA STATISTIČNA REGIJA,2026-02-02,2026-02-09,2026-03-30,8,baseline_region_historical_rate,primary_simple_baseline,1.5499050183088243,0.46709914208484377,331815,2025,2025,,,baseline_region_historical_rate@sha256:dd1938fb6c1d1ca857d7b311203bd83930b11ddcd87bf2c7b9d8d7facdaeb05f,kme_data@sha256:340ffae552aaffe721317f98459ada4ff964dae2a086bf97e76d4980088eabe9,2026-08-30,sealed_without_pipeline_access_to_2026_KME_outcomes
02,PODRAVSKA STATISTIČNA REGIJA,2026-02-02,2026-02-09,2026-03-30,8,glm_seasonal_region_offset,frozen_selected_model,0.35215672818160554,0.10613044262061859,331815,2025,2025,,,glm_seasonal_region_offset@sha256:1263c02735ca074e9c0e087ea0f9b7c81eff390a3df5e4d0639669fa497d8f70,kme_data@sha256:340ffae552aaffe721317f98459ada4ff964dae2a086bf97e76d4980088eabe9,2026-08-30,sealed_without_pipeline_access_to_2026_KME_outcomes
03,KOROŠKA STATISTIČNA REGIJA,2026-02-02,2026-02-09,2026-03-30,8,baseline_region_historical_rate,primary_simple_baseline,1.5242533951058044,2.166425133042162,70358,2025,2025,,,baseline_region_historical_rate@sha256:dd1938fb6c1d1ca857d7b311203bd83930b11ddcd87bf2c7b9d8d7facdaeb05f,kme_data@sha256:340ffae552aaffe721317f98459ada4ff964dae2a086bf97e76d4980088eabe9,2026-08-30,sealed_without_pipeline_access_to_2026_KME_outcomes
03,KOROŠKA STATISTIČNA REGIJA,2026-02-02,2026-02-09,2026-03-30,8,glm_seasonal_region_offset,frozen_selected_model,0.34636873808537705,0.4922947469873747,70358,2025,2025,,,glm_seasonal_region_offset@sha256:1263c02735ca074e9c0e087ea0f9b7c81eff390a3df5e4d0639669fa497d8f70,kme_data@sha256:340ffae552aaffe721317f98459ada4ff964dae2a086bf97e76d4980088eabe9,2026-08-30,sealed_without_pipeline_access_to_2026_KME_outcomes
04,SAVINJSKA STATISTIČNA REGIJA,2026-02-02,2026-02-09,2026-03-30,8,baseline_region_historical_rate,primary_simple_baseline,1.144303626330837,0.4354043644291541,262814,2025,2025,,,baseline_region_historical_rate@sha256:dd1938fb6c1d1ca857d7b311203bd83930b11ddcd87bf2c7b9d8d7facdaeb05f,kme_data@sha256:340ffae552aaffe721317f98459ada4ff964dae2a086bf97e76d4980088eabe9,2026-08-30,sealed_without_pipeline_access_to_2026_KME_outcomes
04,SAVINJSKA STATISTIČNA REGIJA,2026-02-02,2026-02-09,2026-03-30,8,glm_seasonal_region_offset,frozen_selected_model,0.2600001627732387,0.09892934271889575,262814,2025,2025,,,glm_seasonal_region_offset@sha256:1263c02735ca074e9c0e087ea0f9b7c81eff390a3df5e4d0639669fa497d8f70,kme_data@sha256:340ffae552aaffe721317f98459ada4ff964dae2a086bf97e76d4980088eabe9,2026-08-30,sealed_without_pipeline_access_to_2026_KME_outcomes
05,ZASAVSKA STATISTIČNA REGIJA,2026-02-02,2026-02-09,2026-03-30,8,baseline_region_historical_rate,primary_simple_baseline,0.1839970152643808,0.32233241992253525,57083,2025,2025,,,baseline_region_historical_rate@sha256:dd1938fb6c1d1ca857d7b311203bd83930b11ddcd87bf2c7b9d8d7facdaeb05f,kme_data@sha256:340ffae552aaffe721317f98459ada4ff964dae2a086bf97e76d4980088eabe9,2026-08-30,sealed_without_pipeline_access_to_2026_KME_outcomes
05,ZASAVSKA STATISTIČNA REGIJA,2026-02-02,2026-02-09,2026-03-30,8,glm_seasonal_region_offset,frozen_selected_model,0.04180756318316407,0.073239954422795,57083,2025,2025,,,glm_seasonal_region_offset@sha256:1263c02735ca074e9c0e087ea0f9b7c81eff390a3df5e4d0639669fa497d8f70,kme_data@sha256:340ffae552aaffe721317f98459ada4ff964dae2a086bf97e76d4980088eabe9,2026-08-30,sealed_without_pipeline_access_to_2026_KME_outcomes
06,POSAVSKA STATISTIČNA REGIJA,2026-02-02,2026-02-09,2026-03-30,8,baseline_region_historical_rate,primary_simple_baseline,0.10070835543631036,0.13252320007936305,75993,2025,2025,,,baseline_region_historical_rate@sha256:dd1938fb6c1d1ca857d7b311203bd83930b11ddcd87bf2c7b9d8d7facdaeb05f,kme_data@sha256:340ffae552aaffe721317f98459ada4ff964dae2a086bf97e76d4980088eabe9,2026-08-30,sealed_without_pipeline_access_to_2026_KME_outcomes
06,POSAVSKA STATISTIČNA REGIJA,2026-02-02,2026-02-09,2026-03-30,8,glm_seasonal_region_offset,frozen_selected_model,0.022884702047292396,0.03011422374072927,75993,2025,2025,,,glm_seasonal_region_offset@sha256:1263c02735ca074e9c0e087ea0f9b7c81eff390a3df5e4d0639669fa497d8f70,kme_data@sha256:340ffae552aaffe721317f98459ada4ff964dae2a086bf97e76d4980088eabe9,2026-08-30,sealed_without_pipeline_access_to_2026_KME_outcomes
07,JUGOVZHODNA SLOVENIJA,2026-02-02,2026-02-09,2026-03-30,8,baseline_region_historical_rate,primary_simple_baseline,1.0771151173102371,0.7245006506425218,148670,2025,2025,,,baseline_region_historical_rate@sha256:dd1938fb6c1d1ca857d7b311203bd83930b11ddcd87bf2c7b9d8d7facdaeb05f,kme_data@sha256:340ffae552aaffe721317f98459ada4ff964dae2a086bf97e76d4980088eabe9,2026-08-30,sealed_without_pipeline_access_to_2026_KME_outcomes
07,JUGOVZHODNA SLOVENIJA,2026-02-02,2026-02-09,2026-03-30,8,glm_seasonal_region_offset,frozen_selected_model,0.2447304806786877,0.16461322437525236,148670,2025,2025,,,glm_seasonal_region_offset@sha256:1263c02735ca074e9c0e087ea0f9b7c81eff390a3df5e4d0639669fa497d8f70,kme_data@sha256:340ffae552aaffe721317f98459ada4ff964dae2a086bf97e76d4980088eabe9,2026-08-30,sealed_without_pipeline_access_to_2026_KME_outcomes
08,OSREDNJESLOVENSKA STATISTIČNA REGIJA,2026-02-02,2026-02-09,2026-03-30,8,baseline_region_historical_rate,primary_simple_baseline,4.7241152797641215,0.8295562192833964,569475,2025,2025,,,baseline_region_historical_rate@sha256:dd1938fb6c1d1ca857d7b311203bd83930b11ddcd87bf2c7b9d8d7facdaeb05f,kme_data@sha256:340ffae552aaffe721317f98459ada4ff964dae2a086bf97e76d4980088eabe9,2026-08-30,sealed_without_pipeline_access_to_2026_KME_outcomes
08,OSREDNJESLOVENSKA STATISTIČNA REGIJA,2026-02-02,2026-02-09,2026-03-30,8,glm_seasonal_region_offset,frozen_selected_model,1.0734040975938912,0.18849011766871088,569475,2025,2025,,,glm_seasonal_region_offset@sha256:1263c02735ca074e9c0e087ea0f9b7c81eff390a3df5e4d0639669fa497d8f70,kme_data@sha256:340ffae552aaffe721317f98459ada4ff964dae2a086bf97e76d4980088eabe9,2026-08-30,sealed_without_pipeline_access_to_2026_KME_outcomes
09,GORENJSKA STATISTIČNA REGIJA,2026-02-02,2026-02-09,2026-03-30,8,baseline_region_historical_rate,primary_simple_baseline,3.422238199660669,1.630250522654079,209921,2025,2025,,,baseline_region_historical_rate@sha256:dd1938fb6c1d1ca857d7b311203bd83930b11ddcd87bf2c7b9d8d7facdaeb05f,kme_data@sha256:340ffae552aaffe721317f98459ada4ff964dae2a086bf97e76d4980088eabe9,2026-08-30,sealed_without_pipeline_access_to_2026_KME_outcomes
09,GORENJSKA STATISTIČNA REGIJA,2026-02-02,2026-02-09,2026-03-30,8,glm_seasonal_region_offset,frozen_selected_model,0.7776493328819172,0.3704485653564518,209921,2025,2025,,,glm_seasonal_region_offset@sha256:1263c02735ca074e9c0e087ea0f9b7c81eff390a3df5e4d0639669fa497d8f70,kme_data@sha256:340ffae552aaffe721317f98459ada4ff964dae2a086bf97e76d4980088eabe9,2026-08-30,sealed_without_pipeline_access_to_2026_KME_outcomes
10,PRIMORSKO-NOTRANJSKA STATISTIČNA REGIJA,2026-02-02,2026-02-09,2026-03-30,8,baseline_region_historical_rate,primary_simple_baseline,1.2394879903359548,2.302768160992745,53826,2025,2025,,,baseline_region_historical_rate@sha256:dd1938fb6c1d1ca857d7b311203bd83930b11ddcd87bf2c7b9d8d7facdaeb05f,kme_data@sha256:340ffae552aaffe721317f98459ada4ff964dae2a086bf97e76d4980088eabe9,2026-08-30,sealed_without_pipeline_access_to_2026_KME_outcomes
10,PRIMORSKO-NOTRANJSKA STATISTIČNA REGIJA,2026-02-02,2026-02-09,2026-03-30,8,glm_seasonal_region_offset,frozen_selected_model,0.28161237126229544,0.52319022640043,53826,2025,2025,,,glm_seasonal_region_offset@sha256:1263c02735ca074e9c0e087ea0f9b7c81eff390a3df5e4d0639669fa497d8f70,kme_data@sha256:340ffae552aaffe721317f98459ada4ff964dae2a086bf97e76d4980088eabe9,2026-08-30,sealed_without_pipeline_access_to_2026_KME_outcomes
11,GORIŠKA STATISTIČNA REGIJA,2026-02-02,2026-02-09,2026-03-30,8,baseline_region_historical_rate,primary_simple_baseline,0.7313576288084981,0.6192907709054482,118096,2025,2025,,,baseline_region_historical_rate@sha256:dd1938fb6c1d1ca857d7b311203bd83930b11ddcd87bf2c7b9d8d7facdaeb05f,kme_data@sha256:340ffae552aaffe721317f98459ada4ff964dae2a086bf97e76d4980088eabe9,2026-08-30,sealed_without_pipeline_access_to_2026_KME_outcomes
11,GORIŠKA STATISTIČNA REGIJA,2026-02-02,2026-02-09,2026-03-30,8,glm_seasonal_region_offset,frozen_selected_model,0.16619180325659333,0.14072602226713296,118096,2025,2025,,,glm_seasonal_region_offset@sha256:1263c02735ca074e9c0e087ea0f9b7c81eff390a3df5e4d0639669fa497d8f70,kme_data@sha256:340ffae552aaffe721317f98459ada4ff964dae2a086bf97e76d4980088eabe9,2026-08-30,sealed_without_pipeline_access_to_2026_KME_outcomes
12,OBALNO-KRAŠKA STATISTIČNA REGIJA,2026-02-02,2026-02-09,2026-03-30,8,baseline_region_historical_rate,primary_simple_baseline,0.12877006061375834,0.10764297408925941,119627,2025,2025,,,baseline_region_historical_rate@sha256:dd1938fb6c1d1ca857d7b311203bd83930b11ddcd87bf2c7b9d8d7facdaeb05f,kme_data@sha256:340ffae552aaffe721317f98459ada4ff964dae2a086bf97e76d4980088eabe9,2026-08-30,sealed_without_pipeline_access_to_2026_KME_outcomes
12,OBALNO-KRAŠKA STATISTIČNA REGIJA,2026-02-02,2026-02-09,2026-03-30,8,glm_seasonal_region_offset,frozen_selected_model,0.02950580300684306,0.024664835703347123,119627,2025,2025,,,glm_seasonal_region_offset@sha256:1263c02735ca074e9c0e087ea0f9b7c81eff390a3df5e4d0639669fa497d8f70,kme_data@sha256:340ffae552aaffe721317f98459ada4ff964dae2a086bf97e76d4980088eabe9,2026-08-30,sealed_without_pipeline_access_to_2026_KME_outcomes
01,POMURSKA STATISTIČNA REGIJA,2026-02-09,2026-02-16,2026-04-06,8,baseline_region_historical_rate,primary_simple_baseline,0.550110426643909,0.4860835070900125,113172,2025,2025,,,baseline_region_historical_rate@sha256:dd1938fb6c1d1ca857d7b311203bd83930b11ddcd87bf2c7b9d8d7facdaeb05f,kme_data@sha256:340ffae552aaffe721317f98459ada4ff964dae2a086bf97e76d4980088eabe9,2026-08-30,sealed_without_pipeline_access_to_2026_KME_outcomes
01,POMURSKA STATISTIČNA REGIJA,2026-02-09,2026-02-16,2026-04-06,8,glm_seasonal_region_offset,frozen_selected_model,0.1468251754395335,0.1297363088392301,113172,2025,2025,,,glm_seasonal_region_offset@sha256:1263c02735ca074e9c0e087ea0f9b7c81eff390a3df5e4d0639669fa497d8f70,kme_data@sha256:340ffae552aaffe721317f98459ada4ff964dae2a086bf97e76d4980088eabe9,2026-08-30,sealed_without_pipeline_access_to_2026_KME_outcomes
02,PODRAVSKA STATISTIČNA REGIJA,2026-02-09,2026-02-16,2026-04-06,8,baseline_region_historical_rate,primary_simple_baseline,1.5499050183088243,0.46709914208484377,331815,2025,2025,,,baseline_region_historical_rate@sha256:dd1938fb6c1d1ca857d7b311203bd83930b11ddcd87bf2c7b9d8d7facdaeb05f,kme_data@sha256:340ffae552aaffe721317f98459ada4ff964dae2a086bf97e76d4980088eabe9,2026-08-30,sealed_without_pipeline_access_to_2026_KME_outcomes
02,PODRAVSKA STATISTIČNA REGIJA,2026-02-09,2026-02-16,2026-04-06,8,glm_seasonal_region_offset,frozen_selected_model,0.4136143801075966,0.12465210436767374,331815,2025,2025,,,glm_seasonal_region_offset@sha256:1263c02735ca074e9c0e087ea0f9b7c81eff390a3df5e4d0639669fa497d8f70,kme_data@sha256:340ffae552aaffe721317f98459ada4ff964dae2a086bf97e76d4980088eabe9,2026-08-30,sealed_without_pipeline_access_to_2026_KME_outcomes
03,KOROŠKA STATISTIČNA REGIJA,2026-02-09,2026-02-16,2026-04-06,8,baseline_region_historical_rate,primary_simple_baseline,1.5242533951058044,2.166425133042162,70358,2025,2025,,,baseline_region_historical_rate@sha256:dd1938fb6c1d1ca857d7b311203bd83930b11ddcd87bf2c7b9d8d7facdaeb05f,kme_data@sha256:340ffae552aaffe721317f98459ada4ff964dae2a086bf97e76d4980088eabe9,2026-08-30,sealed_without_pipeline_access_to_2026_KME_outcomes
03,KOROŠKA STATISTIČNA REGIJA,2026-02-09,2026-02-16,2026-04-06,8,glm_seasonal_region_offset,frozen_selected_model,0.4068162821468333,0.5782089913681931,70358,2025,2025,,,glm_seasonal_region_offset@sha256:1263c02735ca074e9c0e087ea0f9b7c81eff390a3df5e4d0639669fa497d8f70,kme_data@sha256:340ffae552aaffe721317f98459ada4ff964dae2a086bf97e76d4980088eabe9,2026-08-30,sealed_without_pipeline_access_to_2026_KME_outcomes
04,SAVINJSKA STATISTIČNA REGIJA,2026-02-09,2026-02-16,2026-04-06,8,baseline_region_historical_rate,primary_simple_baseline,1.144303626330837,0.4354043644291541,262814,2025,2025,,,baseline_region_historical_rate@sha256:dd1938fb6c1d1ca857d7b311203bd83930b11ddcd87bf2c7b9d8d7facdaeb05f,kme_data@sha256:340ffae552aaffe721317f98459ada4ff964dae2a086bf97e76d4980088eabe9,2026-08-30,sealed_without_pipeline_access_to_2026_KME_outcomes
04,SAVINJSKA STATISTIČNA REGIJA,2026-02-09,2026-02-16,2026-04-06,8,glm_seasonal_region_offset,frozen_selected_model,0.3053748446284677,0.11619428364868982,262814,2025,2025,,,glm_seasonal_region_offset@sha256:1263c02735ca074e9c0e087ea0f9b7c81eff390a3df5e4d0639669fa497d8f70,kme_data@sha256:340ffae552aaffe721317f98459ada4ff964dae2a086bf97e76d4980088eabe9,2026-08-30,sealed_without_pipeline_access_to_2026_KME_outcomes
05,ZASAVSKA STATISTIČNA REGIJA,2026-02-09,2026-02-16,2026-04-06,8,baseline_region_historical_rate,primary_simple_baseline,0.1839970152643808,0.32233241992253525,57083,2025,2025,,,baseline_region_historical_rate@sha256:dd1938fb6c1d1ca857d7b311203bd83930b11ddcd87bf2c7b9d8d7facdaeb05f,kme_data@sha256:340ffae552aaffe721317f98459ada4ff964dae2a086bf97e76d4980088eabe9,2026-08-30,sealed_without_pipeline_access_to_2026_KME_outcomes
05,ZASAVSKA STATISTIČNA REGIJA,2026-02-09,2026-02-16,2026-04-06,8,glm_seasonal_region_offset,frozen_selected_model,0.04910373122530849,0.08602163730937143,57083,2025,2025,,,glm_seasonal_region_offset@sha256:1263c02735ca074e9c0e087ea0f9b7c81eff390a3df5e4d0639669fa497d8f70,kme_data@sha256:340ffae552aaffe721317f98459ada4ff964dae2a086bf97e76d4980088eabe9,2026-08-30,sealed_without_pipeline_access_to_2026_KME_outcomes
06,POSAVSKA STATISTIČNA REGIJA,2026-02-09,2026-02-16,2026-04-06,8,baseline_region_historical_rate,primary_simple_baseline,0.10070835543631036,0.13252320007936305,75993,2025,2025,,,baseline_region_historical_rate@sha256:dd1938fb6c1d1ca857d7b311203bd83930b11ddcd87bf2c7b9d8d7facdaeb05f,kme_data@sha256:340ffae552aaffe721317f98459ada4ff964dae2a086bf97e76d4980088eabe9,2026-08-30,sealed_without_pipeline_access_to_2026_KME_outcomes
06,POSAVSKA STATISTIČNA REGIJA,2026-02-09,2026-02-16,2026-04-06,8,glm_seasonal_region_offset,frozen_selected_model,0.02687849214215952,0.035369694764201334,75993,2025,2025,,,glm_seasonal_region_offset@sha256:1263c02735ca074e9c0e087ea0f9b7c81eff390a3df5e4d0639669fa497d8f70,kme_data@sha256:340ffae552aaffe721317f98459ada4ff964dae2a086bf97e76d4980088eabe9,2026-08-30,sealed_without_pipeline_access_to_2026_KME_outcomes
07,JUGOVZHODNA SLOVENIJA,2026-02-09,2026-02-16,2026-04-06,8,baseline_region_historical_rate,primary_simple_baseline,1.0771151173102371,0.7245006506425218,148670,2025,2025,,,baseline_region_historical_rate@sha256:dd1938fb6c1d1ca857d7b311203bd83930b11ddcd87bf2c7b9d8d7facdaeb05f,kme_data@sha256:340ffae552aaffe721317f98459ada4ff964dae2a086bf97e76d4980088eabe9,2026-08-30,sealed_without_pipeline_access_to_2026_KME_outcomes
07,JUGOVZHODNA SLOVENIJA,2026-02-09,2026-02-16,2026-04-06,8,glm_seasonal_region_offset,frozen_selected_model,0.28744032971350414,0.1933411782562078,148670,2025,2025,,,glm_seasonal_region_offset@sha256:1263c02735ca074e9c0e087ea0f9b7c81eff390a3df5e4d0639669fa497d8f70,kme_data@sha256:340ffae552aaffe721317f98459ada4ff964dae2a086bf97e76d4980088eabe9,2026-08-30,sealed_without_pipeline_access_to_2026_KME_outcomes
08,OSREDNJESLOVENSKA STATISTIČNA REGIJA,2026-02-09,2026-02-16,2026-04-06,8,baseline_region_historical_rate,primary_simple_baseline,4.7241152797641215,0.8295562192833964,569475,2025,2025,,,baseline_region_historical_rate@sha256:dd1938fb6c1d1ca857d7b311203bd83930b11ddcd87bf2c7b9d8d7facdaeb05f,kme_data@sha256:340ffae552aaffe721317f98459ada4ff964dae2a086bf97e76d4980088eabe9,2026-08-30,sealed_without_pipeline_access_to_2026_KME_outcomes
08,OSREDNJESLOVENSKA STATISTIČNA REGIJA,2026-02-09,2026-02-16,2026-04-06,8,glm_seasonal_region_offset,frozen_selected_model,1.2607323242800443,0.22138501677510766,569475,2025,2025,,,glm_seasonal_region_offset@sha256:1263c02735ca074e9c0e087ea0f9b7c81eff390a3df5e4d0639669fa497d8f70,kme_data@sha256:340ffae552aaffe721317f98459ada4ff964dae2a086bf97e76d4980088eabe9,2026-08-30,sealed_without_pipeline_access_to_2026_KME_outcomes
09,GORENJSKA STATISTIČNA REGIJA,2026-02-09,2026-02-16,2026-04-06,8,baseline_region_historical_rate,primary_simple_baseline,3.422238199660669,1.630250522654079,209921,2025,2025,,,baseline_region_historical_rate@sha256:dd1938fb6c1d1ca857d7b311203bd83930b11ddcd87bf2c7b9d8d7facdaeb05f,kme_data@sha256:340ffae552aaffe721317f98459ada4ff964dae2a086bf97e76d4980088eabe9,2026-08-30,sealed_without_pipeline_access_to_2026_KME_outcomes
09,GORENJSKA STATISTIČNA REGIJA,2026-02-09,2026-02-16,2026-04-06,8,glm_seasonal_region_offset,frozen_selected_model,0.9133630597430141,0.4350984702545311,209921,2025,2025,,,glm_seasonal_region_offset@sha256:1263c02735ca074e9c0e087ea0f9b7c81eff390a3df5e4d0639669fa497d8f70,kme_data@sha256:340ffae552aaffe721317f98459ada4ff964dae2a086bf97e76d4980088eabe9,2026-08-30,sealed_without_pipeline_access_to_2026_KME_outcomes
10,PRIMORSKO-NOTRANJSKA STATISTIČNA REGIJA,2026-02-09,2026-02-16,2026-04-06,8,baseline_region_historical_rate,primary_simple_baseline,1.2394879903359548,2.302768160992745,53826,2025,2025,,,baseline_region_historical_rate@sha256:dd1938fb6c1d1ca857d7b311203bd83930b11ddcd87bf2c7b9d8d7facdaeb05f,kme_data@sha256:340ffae552aaffe721317f98459ada4ff964dae2a086bf97e76d4980088eabe9,2026-08-30,sealed_without_pipeline_access_to_2026_KME_outcomes
10,PRIMORSKO-NOTRANJSKA STATISTIČNA REGIJA,2026-02-09,2026-02-16,2026-04-06,8,glm_seasonal_region_offset,frozen_selected_model,0.33075877031154444,0.6144962849023602,53826,2025,2025,,,glm_seasonal_region_offset@sha256:1263c02735ca074e9c0e087ea0f9b7c81eff390a3df5e4d0639669fa497d8f70,kme_data@sha256:340ffae552aaffe721317f98459ada4ff964dae2a086bf97e76d4980088eabe9,2026-08-30,sealed_without_pipeline_access_to_2026_KME_outcomes
11,GORIŠKA STATISTIČNA REGIJA,2026-02-09,2026-02-16,2026-04-06,8,baseline_region_historical_rate,primary_simple_baseline,0.7313576288084981,0.6192907709054482,118096,2025,2025,,,baseline_region_historical_rate@sha256:dd1938fb6c1d1ca857d7b311203bd83930b11ddcd87bf2c7b9d8d7facdaeb05f,kme_data@sha256:340ffae552aaffe721317f98459ada4ff964dae2a086bf97e76d4980088eabe9,2026-08-30,sealed_without_pipeline_access_to_2026_KME_outcomes
11,GORIŠKA STATISTIČNA REGIJA,2026-02-09,2026-02-16,2026-04-06,8,glm_seasonal_region_offset,frozen_selected_model,0.19519524740555563,0.16528523184998276,118096,2025,2025,,,glm_seasonal_region_offset@sha256:1263c02735ca074e9c0e087ea0f9b7c81eff390a3df5e4d0639669fa497d8f70,kme_data@sha256:340ffae552aaffe721317f98459ada4ff964dae2a086bf97e76d4980088eabe9,2026-08-30,sealed_without_pipeline_access_to_2026_KME_outcomes
12,OBALNO-KRAŠKA STATISTIČNA REGIJA,2026-02-09,2026-02-16,2026-04-06,8,baseline_region_historical_rate,primary_simple_baseline,0.12877006061375834,0.10764297408925941,119627,2025,2025,,,baseline_region_historical_rate@sha256:dd1938fb6c1d1ca857d7b311203bd83930b11ddcd87bf2c7b9d8d7facdaeb05f,kme_data@sha256:340ffae552aaffe721317f98459ada4ff964dae2a086bf97e76d4980088eabe9,2026-08-30,sealed_without_pipeline_access_to_2026_KME_outcomes
12,OBALNO-KRAŠKA STATISTIČNA REGIJA,2026-02-09,2026-02-16,2026-04-06,8,glm_seasonal_region_offset,frozen_selected_model,0.03465509372281166,0.028969290981811516,119627,2025,2025,,,glm_seasonal_region_offset@sha256:1263c02735ca074e9c0e087ea0f9b7c81eff390a3df5e4d0639669fa497d8f70,kme_data@sha256:340ffae552aaffe721317f98459ada4ff964dae2a086bf97e76d4980088eabe9,2026-08-30,sealed_without_pipeline_access_to_2026_KME_outcomes
01,POMURSKA STATISTIČNA REGIJA,2026-02-16,2026-02-23,2026-04-13,8,baseline_region_historical_rate,primary_simple_baseline,0.550110426643909,0.4860835070900125,113172,2025,2025,,,baseline_region_historical_rate@sha256:dd1938fb6c1d1ca857d7b311203bd83930b11ddcd87bf2c7b9d8d7facdaeb05f,kme_data@sha256:340ffae552aaffe721317f98459ada4ff964dae2a086bf97e76d4980088eabe9,2026-08-30,sealed_without_pipeline_access_to_2026_KME_outcomes
01,POMURSKA STATISTIČNA REGIJA,2026-02-16,2026-02-23,2026-04-13,8,glm_seasonal_region_offset,frozen_selected_model,0.17434227897350904,0.15405071835216225,113172,2025,2025,,,glm_seasonal_region_offset@sha256:1263c02735ca074e9c0e087ea0f9b7c81eff390a3df5e4d0639669fa497d8f70,kme_data@sha256:340ffae552aaffe721317f98459ada4ff964dae2a086bf97e76d4980088eabe9,2026-08-30,sealed_without_pipeline_access_to_2026_KME_outcomes
02,PODRAVSKA STATISTIČNA REGIJA,2026-02-16,2026-02-23,2026-04-13,8,baseline_region_historical_rate,primary_simple_baseline,1.5499050183088243,0.46709914208484377,331815,2025,2025,,,baseline_region_historical_rate@sha256:dd1938fb6c1d1ca857d7b311203bd83930b11ddcd87bf2c7b9d8d7facdaeb05f,kme_data@sha256:340ffae552aaffe721317f98459ada4ff964dae2a086bf97e76d4980088eabe9,2026-08-30,sealed_without_pipeline_access_to_2026_KME_outcomes
02,PODRAVSKA STATISTIČNA REGIJA,2026-02-16,2026-02-23,2026-04-13,8,glm_seasonal_region_offset,frozen_selected_model,0.4911315340050155,0.14801366243389102,331815,2025,2025,,,glm_seasonal_region_offset@sha256:1263c02735ca074e9c0e087ea0f9b7c81eff390a3df5e4d0639669fa497d8f70,kme_data@sha256:340ffae552aaffe721317f98459ada4ff964dae2a086bf97e76d4980088eabe9,2026-08-30,sealed_without_pipeline_access_to_2026_KME_outcomes
03,KOROŠKA STATISTIČNA REGIJA,2026-02-16,2026-02-23,2026-04-13,8,baseline_region_historical_rate,primary_simple_baseline,1.5242533951058044,2.166425133042162,70358,2025,2025,,,baseline_region_historical_rate@sha256:dd1938fb6c1d1ca857d7b311203bd83930b11ddcd87bf2c7b9d8d7facdaeb05f,kme_data@sha256:340ffae552aaffe721317f98459ada4ff964dae2a086bf97e76d4980088eabe9,2026-08-30,sealed_without_pipeline_access_to_2026_KME_outcomes
03,KOROŠKA STATISTIČNA REGIJA,2026-02-16,2026-02-23,2026-04-13,8,glm_seasonal_region_offset,frozen_selected_model,0.4830593768452052,0.6865734910674056,70358,2025,2025,,,glm_seasonal_region_offset@sha256:1263c02735ca074e9c0e087ea0f9b7c81eff390a3df5e4d0639669fa497d8f70,kme_data@sha256:340ffae552aaffe721317f98459ada4ff964dae2a086bf97e76d4980088eabe9,2026-08-30,sealed_without_pipeline_access_to_2026_KME_outcomes
04,SAVINJSKA STATISTIČNA REGIJA,2026-02-16,2026-02-23,2026-04-13,8,baseline_region_historical_rate,primary_simple_baseline,1.144303626330837,0.4354043644291541,262814,2025,2025,,,baseline_region_historical_rate@sha256:dd1938fb6c1d1ca857d7b311203bd83930b11ddcd87bf2c7b9d8d7facdaeb05f,kme_data@sha256:340ffae552aaffe721317f98459ada4ff964dae2a086bf97e76d4980088eabe9,2026-08-30,sealed_without_pipeline_access_to_2026_KME_outcomes
04,SAVINJSKA STATISTIČNA REGIJA,2026-02-16,2026-02-23,2026-04-13,8,glm_seasonal_region_offset,frozen_selected_model,0.36260638677482004,0.13797072712063285,262814,2025,2025,,,glm_seasonal_region_offset@sha256:1263c02735ca074e9c0e087ea0f9b7c81eff390a3df5e4d0639669fa497d8f70,kme_data@sha256:340ffae552aaffe721317f98459ada4ff964dae2a086bf97e76d4980088eabe9,2026-08-30,sealed_without_pipeline_access_to_2026_KME_outcomes
05,ZASAVSKA STATISTIČNA REGIJA,2026-02-16,2026-02-23,2026-04-13,8,baseline_region_historical_rate,primary_simple_baseline,0.1839970152643808,0.32233241992253525,57083,2025,2025,,,baseline_region_historical_rate@sha256:dd1938fb6c1d1ca857d7b311203bd83930b11ddcd87bf2c7b9d8d7facdaeb05f,kme_data@sha256:340ffae552aaffe721317f98459ada4ff964dae2a086bf97e76d4980088eabe9,2026-08-30,sealed_without_pipeline_access_to_2026_KME_outcomes
05,ZASAVSKA STATISTIČNA REGIJA,2026-02-16,2026-02-23,2026-04-13,8,glm_seasonal_region_offset,frozen_selected_model,0.05830646128836759,0.10214330236386943,57083,2025,2025,,,glm_seasonal_region_offset@sha256:1263c02735ca074e9c0e087ea0f9b7c81eff390a3df5e4d0639669fa497d8f70,kme_data@sha256:340ffae552aaffe721317f98459ada4ff964dae2a086bf97e76d4980088eabe9,2026-08-30,sealed_without_pipeline_access_to_2026_KME_outcomes
06,POSAVSKA STATISTIČNA REGIJA,2026-02-16,2026-02-23,2026-04-13,8,baseline_region_historical_rate,primary_simple_baseline,0.10070835543631036,0.13252320007936305,75993,2025,2025,,,baseline_region_historical_rate@sha256:dd1938fb6c1d1ca857d7b311203bd83930b11ddcd87bf2c7b9d8d7facdaeb05f,kme_data@sha256:340ffae552aaffe721317f98459ada4ff964dae2a086bf97e76d4980088eabe9,2026-08-30,sealed_without_pipeline_access_to_2026_KME_outcomes
06,POSAVSKA STATISTIČNA REGIJA,2026-02-16,2026-02-23,2026-04-13,8,glm_seasonal_region_offset,frozen_selected_model,0.031915899718202544,0.04199847317279558,75993,2025,2025,,,glm_seasonal_region_offset@sha256:1263c02735ca074e9c0e087ea0f9b7c81eff390a3df5e4d0639669fa497d8f70,kme_data@sha256:340ffae552aaffe721317f98459ada4ff964dae2a086bf97e76d4980088eabe9,2026-08-30,sealed_without_pipeline_access_to_2026_KME_outcomes
07,JUGOVZHODNA SLOVENIJA,2026-02-16,2026-02-23,2026-04-13,8,baseline_region_historical_rate,primary_simple_baseline,1.0771151173102371,0.7245006506425218,148670,2025,2025,,,baseline_region_historical_rate@sha256:dd1938fb6c1d1ca857d7b311203bd83930b11ddcd87bf2c7b9d8d7facdaeb05f,kme_data@sha256:340ffae552aaffe721317f98459ada4ff964dae2a086bf97e76d4980088eabe9,2026-08-30,sealed_without_pipeline_access_to_2026_KME_outcomes
07,JUGOVZHODNA SLOVENIJA,2026-02-16,2026-02-23,2026-04-13,8,glm_seasonal_region_offset,frozen_selected_model,0.3413106914473739,0.2295760351431855,148670,2025,2025,,,glm_seasonal_region_offset@sha256:1263c02735ca074e9c0e087ea0f9b7c81eff390a3df5e4d0639669fa497d8f70,kme_data@sha256:340ffae552aaffe721317f98459ada4ff964dae2a086bf97e76d4980088eabe9,2026-08-30,sealed_without_pipeline_access_to_2026_KME_outcomes
08,OSREDNJESLOVENSKA STATISTIČNA REGIJA,2026-02-16,2026-02-23,2026-04-13,8,baseline_region_historical_rate,primary_simple_baseline,4.7241152797641215,0.8295562192833964,569475,2025,2025,,,baseline_region_historical_rate@sha256:dd1938fb6c1d1ca857d7b311203bd83930b11ddcd87bf2c7b9d8d7facdaeb05f,kme_data@sha256:340ffae552aaffe721317f98459ada4ff964dae2a086bf97e76d4980088eabe9,2026-08-30,sealed_without_pipeline_access_to_2026_KME_outcomes
08,OSREDNJESLOVENSKA STATISTIČNA REGIJA,2026-02-16,2026-02-23,2026-04-13,8,glm_seasonal_region_offset,frozen_selected_model,1.4970112988631912,0.26287568354417506,569475,2025,2025,,,glm_seasonal_region_offset@sha256:1263c02735ca074e9c0e087ea0f9b7c81eff390a3df5e4d0639669fa497d8f70,kme_data@sha256:340ffae552aaffe721317f98459ada4ff964dae2a086bf97e76d4980088eabe9,2026-08-30,sealed_without_pipeline_access_to_2026_KME_outcomes
09,GORENJSKA STATISTIČNA REGIJA,2026-02-16,2026-02-23,2026-04-13,8,baseline_region_historical_rate,primary_simple_baseline,3.422238199660669,1.630250522654079,209921,2025,2025,,,baseline_region_historical_rate@sha256:dd1938fb6c1d1ca857d7b311203bd83930b11ddcd87bf2c7b9d8d7facdaeb05f,kme_data@sha256:340ffae552aaffe721317f98459ada4ff964dae2a086bf97e76d4980088eabe9,2026-08-30,sealed_without_pipeline_access_to_2026_KME_outcomes
09,GORENJSKA STATISTIČNA REGIJA,2026-02-16,2026-02-23,2026-04-13,8,glm_seasonal_region_offset,frozen_selected_model,1.0845401470771117,0.5166420449012303,209921,2025,2025,,,glm_seasonal_region_offset@sha256:1263c02735ca074e9c0e087ea0f9b7c81eff390a3df5e4d0639669fa497d8f70,kme_data@sha256:340ffae552aaffe721317f98459ada4ff964dae2a086bf97e76d4980088eabe9,2026-08-30,sealed_without_pipeline_access_to_2026_KME_outcomes
10,PRIMORSKO-NOTRANJSKA STATISTIČNA REGIJA,2026-02-16,2026-02-23,2026-04-13,8,baseline_region_historical_rate,primary_simple_baseline,1.2394879903359548,2.302768160992745,53826,2025,2025,,,baseline_region_historical_rate@sha256:dd1938fb6c1d1ca857d7b311203bd83930b11ddcd87bf2c7b9d8d7facdaeb05f,kme_data@sha256:340ffae552aaffe721317f98459ada4ff964dae2a086bf97e76d4980088eabe9,2026-08-30,sealed_without_pipeline_access_to_2026_KME_outcomes
10,PRIMORSKO-NOTRANJSKA STATISTIČNA REGIJA,2026-02-16,2026-02-23,2026-04-13,8,glm_seasonal_region_offset,frozen_selected_model,0.3927476172527249,0.7296615339291883,53826,2025,2025,,,glm_seasonal_region_offset@sha256:1263c02735ca074e9c0e087ea0f9b7c81eff390a3df5e4d0639669fa497d8f70,kme_data@sha256:340ffae552aaffe721317f98459ada4ff964dae2a086bf97e76d4980088eabe9,2026-08-30,sealed_without_pipeline_access_to_2026_KME_outcomes
11,GORIŠKA STATISTIČNA REGIJA,2026-02-16,2026-02-23,2026-04-13,8,baseline_region_historical_rate,primary_simple_baseline,0.7313576288084981,0.6192907709054482,118096,2025,2025,,,baseline_region_historical_rate@sha256:dd1938fb6c1d1ca857d7b311203bd83930b11ddcd87bf2c7b9d8d7facdaeb05f,kme_data@sha256:340ffae552aaffe721317f98459ada4ff964dae2a086bf97e76d4980088eabe9,2026-08-30,sealed_without_pipeline_access_to_2026_KME_outcomes
11,GORIŠKA STATISTIČNA REGIJA,2026-02-16,2026-02-23,2026-04-13,8,glm_seasonal_region_offset,frozen_selected_model,0.23177758293568176,0.19626200966644233,118096,2025,2025,,,glm_seasonal_region_offset@sha256:1263c02735ca074e9c0e087ea0f9b7c81eff390a3df5e4d0639669fa497d8f70,kme_data@sha256:340ffae552aaffe721317f98459ada4ff964dae2a086bf97e76d4980088eabe9,2026-08-30,sealed_without_pipeline_access_to_2026_KME_outcomes
12,OBALNO-KRAŠKA STATISTIČNA REGIJA,2026-02-16,2026-02-23,2026-04-13,8,baseline_region_historical_rate,primary_simple_baseline,0.12877006061375834,0.10764297408925941,119627,2025,2025,,,baseline_region_historical_rate@sha256:dd1938fb6c1d1ca857d7b311203bd83930b11ddcd87bf2c7b9d8d7facdaeb05f,kme_data@sha256:340ffae552aaffe721317f98459ada4ff964dae2a086bf97e76d4980088eabe9,2026-08-30,sealed_without_pipeline_access_to_2026_KME_outcomes
12,OBALNO-KRAŠKA STATISTIČNA REGIJA,2026-02-16,2026-02-23,2026-04-13,8,glm_seasonal_region_offset,frozen_selected_model,0.0411499458426578,0.03439854367547276,119627,2025,2025,,,glm_seasonal_region_offset@sha256:1263c02735ca074e9c0e087ea0f9b7c81eff390a3df5e4d0639669fa497d8f70,kme_data@sha256:340ffae552aaffe721317f98459ada4ff964dae2a086bf97e76d4980088eabe9,2026-08-30,sealed_without_pipeline_access_to_2026_KME_outcomes
01,POMURSKA STATISTIČNA REGIJA,2026-02-23,2026-03-02,2026-04-20,8,baseline_region_historical_rate,primary_simple_baseline,0.550110426643909,0.4860835070900125,113172,2025,2025,,,baseline_region_historical_rate@sha256:dd1938fb6c1d1ca857d7b311203bd83930b11ddcd87bf2c7b9d8d7facdaeb05f,kme_data@sha256:340ffae552aaffe721317f98459ada4ff964dae2a086bf97e76d4980088eabe9,2026-08-30,sealed_without_pipeline_access_to_2026_KME_outcomes
01,POMURSKA STATISTIČNA REGIJA,2026-02-23,2026-03-02,2026-04-20,8,glm_seasonal_region_offset,frozen_selected_model,0.20876877250738982,0.18447033940143304,113172,2025,2025,,,glm_seasonal_region_offset@sha256:1263c02735ca074e9c0e087ea0f9b7c81eff390a3df5e4d0639669fa497d8f70,kme_data@sha256:340ffae552aaffe721317f98459ada4ff964dae2a086bf97e76d4980088eabe9,2026-08-30,sealed_without_pipeline_access_to_2026_KME_outcomes
02,PODRAVSKA STATISTIČNA REGIJA,2026-02-23,2026-03-02,2026-04-20,8,baseline_region_historical_rate,primary_simple_baseline,1.5499050183088243,0.46709914208484377,331815,2025,2025,,,baseline_region_historical_rate@sha256:dd1938fb6c1d1ca857d7b311203bd83930b11ddcd87bf2c7b9d8d7facdaeb05f,kme_data@sha256:340ffae552aaffe721317f98459ada4ff964dae2a086bf97e76d4980088eabe9,2026-08-30,sealed_without_pipeline_access_to_2026_KME_outcomes
02,PODRAVSKA STATISTIČNA REGIJA,2026-02-23,2026-03-02,2026-04-20,8,glm_seasonal_region_offset,frozen_selected_model,0.588112809455004,0.17724117639498035,331815,2025,2025,,,glm_seasonal_region_offset@sha256:1263c02735ca074e9c0e087ea0f9b7c81eff390a3df5e4d0639669fa497d8f70,kme_data@sha256:340ffae552aaffe721317f98459ada4ff964dae2a086bf97e76d4980088eabe9,2026-08-30,sealed_without_pipeline_access_to_2026_KME_outcomes
03,KOROŠKA STATISTIČNA REGIJA,2026-02-23,2026-03-02,2026-04-20,8,baseline_region_historical_rate,primary_simple_baseline,1.5242533951058044,2.166425133042162,70358,2025,2025,,,baseline_region_historical_rate@sha256:dd1938fb6c1d1ca857d7b311203bd83930b11ddcd87bf2c7b9d8d7facdaeb05f,kme_data@sha256:340ffae552aaffe721317f98459ada4ff964dae2a086bf97e76d4980088eabe9,2026-08-30,sealed_without_pipeline_access_to_2026_KME_outcomes
03,KOROŠKA STATISTIČNA REGIJA,2026-02-23,2026-03-02,2026-04-20,8,glm_seasonal_region_offset,frozen_selected_model,0.5784466839938562,0.822147707430365,70358,2025,2025,,,glm_seasonal_region_offset@sha256:1263c02735ca074e9c0e087ea0f9b7c81eff390a3df5e4d0639669fa497d8f70,kme_data@sha256:340ffae552aaffe721317f98459ada4ff964dae2a086bf97e76d4980088eabe9,2026-08-30,sealed_without_pipeline_access_to_2026_KME_outcomes
04,SAVINJSKA STATISTIČNA REGIJA,2026-02-23,2026-03-02,2026-04-20,8,baseline_region_historical_rate,primary_simple_baseline,1.144303626330837,0.4354043644291541,262814,2025,2025,,,baseline_region_historical_rate@sha256:dd1938fb6c1d1ca857d7b311203bd83930b11ddcd87bf2c7b9d8d7facdaeb05f,kme_data@sha256:340ffae552aaffe721317f98459ada4ff964dae2a086bf97e76d4980088eabe9,2026-08-30,sealed_without_pipeline_access_to_2026_KME_outcomes
04,SAVINJSKA STATISTIČNA REGIJA,2026-02-23,2026-03-02,2026-04-20,8,glm_seasonal_region_offset,frozen_selected_model,0.43420844740604536,0.16521511312412784,262814,2025,2025,,,glm_seasonal_region_offset@sha256:1263c02735ca074e9c0e087ea0f9b7c81eff390a3df5e4d0639669fa497d8f70,kme_data@sha256:340ffae552aaffe721317f98459ada4ff964dae2a086bf97e76d4980088eabe9,2026-08-30,sealed_without_pipeline_access_to_2026_KME_outcomes
05,ZASAVSKA STATISTIČNA REGIJA,2026-02-23,2026-03-02,2026-04-20,8,baseline_region_historical_rate,primary_simple_baseline,0.1839970152643808,0.32233241992253525,57083,2025,2025,,,baseline_region_historical_rate@sha256:dd1938fb6c1d1ca857d7b311203bd83930b11ddcd87bf2c7b9d8d7facdaeb05f,kme_data@sha256:340ffae552aaffe721317f98459ada4ff964dae2a086bf97e76d4980088eabe9,2026-08-30,sealed_without_pipeline_access_to_2026_KME_outcomes
05,ZASAVSKA STATISTIČNA REGIJA,2026-02-23,2026-03-02,2026-04-20,8,glm_seasonal_region_offset,frozen_selected_model,0.06981994513374318,0.12231302687970706,57083,2025,2025,,,glm_seasonal_region_offset@sha256:1263c02735ca074e9c0e087ea0f9b7c81eff390a3df5e4d0639669fa497d8f70,kme_data@sha256:340ffae552aaffe721317f98459ada4ff964dae2a086bf97e76d4980088eabe9,2026-08-30,sealed_without_pipeline_access_to_2026_KME_outcomes
06,POSAVSKA STATISTIČNA REGIJA,2026-02-23,2026-03-02,2026-04-20,8,baseline_region_historical_rate,primary_simple_baseline,0.10070835543631036,0.13252320007936305,75993,2025,2025,,,baseline_region_historical_rate@sha256:dd1938fb6c1d1ca857d7b311203bd83930b11ddcd87bf2c7b9d8d7facdaeb05f,kme_data@sha256:340ffae552aaffe721317f98459ada4ff964dae2a086bf97e76d4980088eabe9,2026-08-30,sealed_without_pipeline_access_to_2026_KME_outcomes
06,POSAVSKA STATISTIČNA REGIJA,2026-02-23,2026-03-02,2026-04-20,8,glm_seasonal_region_offset,frozen_selected_model,0.03821817201695826,0.05029170057368213,75993,2025,2025,,,glm_seasonal_region_offset@sha256:1263c02735ca074e9c0e087ea0f9b7c81eff390a3df5e4d0639669fa497d8f70,kme_data@sha256:340ffae552aaffe721317f98459ada4ff964dae2a086bf97e76d4980088eabe9,2026-08-30,sealed_without_pipeline_access_to_2026_KME_outcomes
07,JUGOVZHODNA SLOVENIJA,2026-02-23,2026-03-02,2026-04-20,8,baseline_region_historical_rate,primary_simple_baseline,1.0771151173102371,0.7245006506425218,148670,2025,2025,,,baseline_region_historical_rate@sha256:dd1938fb6c1d1ca857d7b311203bd83930b11ddcd87bf2c7b9d8d7facdaeb05f,kme_data@sha256:340ffae552aaffe721317f98459ada4ff964dae2a086bf97e76d4980088eabe9,2026-08-30,sealed_without_pipeline_access_to_2026_KME_outcomes
07,JUGOVZHODNA SLOVENIJA,2026-02-23,2026-03-02,2026-04-20,8,glm_seasonal_region_offset,frozen_selected_model,0.40870759816064917,0.2749092608869638,148670,2025,2025,,,glm_seasonal_region_offset@sha256:1263c02735ca074e9c0e087ea0f9b7c81eff390a3df5e4d0639669fa497d8f70,kme_data@sha256:340ffae552aaffe721317f98459ada4ff964dae2a086bf97e76d4980088eabe9,2026-08-30,sealed_without_pipeline_access_to_2026_KME_outcomes
08,OSREDNJESLOVENSKA STATISTIČNA REGIJA,2026-02-23,2026-03-02,2026-04-20,8,baseline_region_historical_rate,primary_simple_baseline,4.7241152797641215,0.8295562192833964,569475,2025,2025,,,baseline_region_historical_rate@sha256:dd1938fb6c1d1ca857d7b311203bd83930b11ddcd87bf2c7b9d8d7facdaeb05f,kme_data@sha256:340ffae552aaffe721317f98459ada4ff964dae2a086bf97e76d4980088eabe9,2026-08-30,sealed_without_pipeline_access_to_2026_KME_outcomes
08,OSREDNJESLOVENSKA STATISTIČNA REGIJA,2026-02-23,2026-03-02,2026-04-20,8,glm_seasonal_region_offset,frozen_selected_model,1.7926185956353704,0.3147844234839757,569475,2025,2025,,,glm_seasonal_region_offset@sha256:1263c02735ca074e9c0e087ea0f9b7c81eff390a3df5e4d0639669fa497d8f70,kme_data@sha256:340ffae552aaffe721317f98459ada4ff964dae2a086bf97e76d4980088eabe9,2026-08-30,sealed_without_pipeline_access_to_2026_KME_outcomes
09,GORENJSKA STATISTIČNA REGIJA,2026-02-23,2026-03-02,2026-04-20,8,baseline_region_historical_rate,primary_simple_baseline,3.422238199660669,1.630250522654079,209921,2025,2025,,,baseline_region_historical_rate@sha256:dd1938fb6c1d1ca857d7b311203bd83930b11ddcd87bf2c7b9d8d7facdaeb05f,kme_data@sha256:340ffae552aaffe721317f98459ada4ff964dae2a086bf97e76d4980088eabe9,2026-08-30,sealed_without_pipeline_access_to_2026_KME_outcomes
09,GORENJSKA STATISTIČNA REGIJA,2026-02-23,2026-03-02,2026-04-20,8,glm_seasonal_region_offset,frozen_selected_model,1.2986988387061085,0.6186607527146443,209921,2025,2025,,,glm_seasonal_region_offset@sha256:1263c02735ca074e9c0e087ea0f9b7c81eff390a3df5e4d0639669fa497d8f70,kme_data@sha256:340ffae552aaffe721317f98459ada4ff964dae2a086bf97e76d4980088eabe9,2026-08-30,sealed_without_pipeline_access_to_2026_KME_outcomes
10,PRIMORSKO-NOTRANJSKA STATISTIČNA REGIJA,2026-02-23,2026-03-02,2026-04-20,8,baseline_region_historical_rate,primary_simple_baseline,1.2394879903359548,2.302768160992745,53826,2025,2025,,,baseline_region_historical_rate@sha256:dd1938fb6c1d1ca857d7b311203bd83930b11ddcd87bf2c7b9d8d7facdaeb05f,kme_data@sha256:340ffae552aaffe721317f98459ada4ff964dae2a086bf97e76d4980088eabe9,2026-08-30,sealed_without_pipeline_access_to_2026_KME_outcomes
10,PRIMORSKO-NOTRANJSKA STATISTIČNA REGIJA,2026-02-23,2026-03-02,2026-04-20,8,glm_seasonal_region_offset,frozen_selected_model,0.47030151516782837,0.8737441295430245,53826,2025,2025,,,glm_seasonal_region_offset@sha256:1263c02735ca074e9c0e087ea0f9b7c81eff390a3df5e4d0639669fa497d8f70,kme_data@sha256:340ffae552aaffe721317f98459ada4ff964dae2a086bf97e76d4980088eabe9,2026-08-30,sealed_without_pipeline_access_to_2026_KME_outcomes
11,GORIŠKA STATISTIČNA REGIJA,2026-02-23,2026-03-02,2026-04-20,8,baseline_region_historical_rate,primary_simple_baseline,0.7313576288084981,0.6192907709054482,118096,2025,2025,,,baseline_region_historical_rate@sha256:dd1938fb6c1d1ca857d7b311203bd83930b11ddcd87bf2c7b9d8d7facdaeb05f,kme_data@sha256:340ffae552aaffe721317f98459ada4ff964dae2a086bf97e76d4980088eabe9,2026-08-30,sealed_without_pipeline_access_to_2026_KME_outcomes
11,GORIŠKA STATISTIČNA REGIJA,2026-02-23,2026-03-02,2026-04-20,8,glm_seasonal_region_offset,frozen_selected_model,0.27754553725642456,0.23501688224531275,118096,2025,2025,,,glm_seasonal_region_offset@sha256:1263c02735ca074e9c0e087ea0f9b7c81eff390a3df5e4d0639669fa497d8f70,kme_data@sha256:340ffae552aaffe721317f98459ada4ff964dae2a086bf97e76d4980088eabe9,2026-08-30,sealed_without_pipeline_access_to_2026_KME_outcomes
12,OBALNO-KRAŠKA STATISTIČNA REGIJA,2026-02-23,2026-03-02,2026-04-20,8,baseline_region_historical_rate,primary_simple_baseline,0.12877006061375834,0.10764297408925941,119627,2025,2025,,,baseline_region_historical_rate@sha256:dd1938fb6c1d1ca857d7b311203bd83930b11ddcd87bf2c7b9d8d7facdaeb05f,kme_data@sha256:340ffae552aaffe721317f98459ada4ff964dae2a086bf97e76d4980088eabe9,2026-08-30,sealed_without_pipeline_access_to_2026_KME_outcomes
12,OBALNO-KRAŠKA STATISTIČNA REGIJA,2026-02-23,2026-03-02,2026-04-20,8,glm_seasonal_region_offset,frozen_selected_model,0.04927561881660729,0.04119105119797979,119627,2025,2025,,,glm_seasonal_region_offset@sha256:1263c02735ca074e9c0e087ea0f9b7c81eff390a3df5e4d0639669fa497d8f70,kme_data@sha256:340ffae552aaffe721317f98459ada4ff964dae2a086bf97e76d4980088eabe9,2026-08-30,sealed_without_pipeline_access_to_2026_KME_outcomes
01,POMURSKA STATISTIČNA REGIJA,2026-03-02,2026-03-09,2026-04-27,8,baseline_region_historical_rate,primary_simple_baseline,0.550110426643909,0.4860835070900125,113172,2025,2025,,,baseline_region_historical_rate@sha256:dd1938fb6c1d1ca857d7b311203bd83930b11ddcd87bf2c7b9d8d7facdaeb05f,kme_data@sha256:340ffae552aaffe721317f98459ada4ff964dae2a086bf97e76d4980088eabe9,2026-08-30,sealed_without_pipeline_access_to_2026_KME_outcomes
01,POMURSKA STATISTIČNA REGIJA,2026-03-02,2026-03-09,2026-04-27,8,glm_seasonal_region_offset,frozen_selected_model,0.25145135172802197,0.22218512682290847,113172,2025,2025,,,glm_seasonal_region_offset@sha256:1263c02735ca074e9c0e087ea0f9b7c81eff390a3df5e4d0639669fa497d8f70,kme_data@sha256:340ffae552aaffe721317f98459ada4ff964dae2a086bf97e76d4980088eabe9,2026-08-30,sealed_without_pipeline_access_to_2026_KME_outcomes
02,PODRAVSKA STATISTIČNA REGIJA,2026-03-02,2026-03-09,2026-04-27,8,baseline_region_historical_rate,primary_simple_baseline,1.5499050183088243,0.46709914208484377,331815,2025,2025,,,baseline_region_historical_rate@sha256:dd1938fb6c1d1ca857d7b311203bd83930b11ddcd87bf2c7b9d8d7facdaeb05f,kme_data@sha256:340ffae552aaffe721317f98459ada4ff964dae2a086bf97e76d4980088eabe9,2026-08-30,sealed_without_pipeline_access_to_2026_KME_outcomes
02,PODRAVSKA STATISTIČNA REGIJA,2026-03-02,2026-03-09,2026-04-27,8,glm_seasonal_region_offset,frozen_selected_model,0.7083519203083439,0.21347796823782647,331815,2025,2025,,,glm_seasonal_region_offset@sha256:1263c02735ca074e9c0e087ea0f9b7c81eff390a3df5e4d0639669fa497d8f70,kme_data@sha256:340ffae552aaffe721317f98459ada4ff964dae2a086bf97e76d4980088eabe9,2026-08-30,sealed_without_pipeline_access_to_2026_KME_outcomes
03,KOROŠKA STATISTIČNA REGIJA,2026-03-02,2026-03-09,2026-04-27,8,baseline_region_historical_rate,primary_simple_baseline,1.5242533951058044,2.166425133042162,70358,2025,2025,,,baseline_region_historical_rate@sha256:dd1938fb6c1d1ca857d7b311203bd83930b11ddcd87bf2c7b9d8d7facdaeb05f,kme_data@sha256:340ffae552aaffe721317f98459ada4ff964dae2a086bf97e76d4980088eabe9,2026-08-30,sealed_without_pipeline_access_to_2026_KME_outcomes
03,KOROŠKA STATISTIČNA REGIJA,2026-03-02,2026-03-09,2026-04-27,8,glm_seasonal_region_offset,frozen_selected_model,0.6967095645863348,0.9902350330969254,70358,2025,2025,,,glm_seasonal_region_offset@sha256:1263c02735ca074e9c0e087ea0f9b7c81eff390a3df5e4d0639669fa497d8f70,kme_data@sha256:340ffae552aaffe721317f98459ada4ff964dae2a086bf97e76d4980088eabe9,2026-08-30,sealed_without_pipeline_access_to_2026_KME_outcomes
04,SAVINJSKA STATISTIČNA REGIJA,2026-03-02,2026-03-09,2026-04-27,8,baseline_region_historical_rate,primary_simple_baseline,1.144303626330837,0.4354043644291541,262814,2025,2025,,,baseline_region_historical_rate@sha256:dd1938fb6c1d1ca857d7b311203bd83930b11ddcd87bf2c7b9d8d7facdaeb05f,kme_data@sha256:340ffae552aaffe721317f98459ada4ff964dae2a086bf97e76d4980088eabe9,2026-08-30,sealed_without_pipeline_access_to_2026_KME_outcomes
04,SAVINJSKA STATISTIČNA REGIJA,2026-03-02,2026-03-09,2026-04-27,8,glm_seasonal_region_offset,frozen_selected_model,0.5229819561644984,0.1989931876401175,262814,2025,2025,,,glm_seasonal_region_offset@sha256:1263c02735ca074e9c0e087ea0f9b7c81eff390a3df5e4d0639669fa497d8f70,kme_data@sha256:340ffae552aaffe721317f98459ada4ff964dae2a086bf97e76d4980088eabe9,2026-08-30,sealed_without_pipeline_access_to_2026_KME_outcomes
05,ZASAVSKA STATISTIČNA REGIJA,2026-03-02,2026-03-09,2026-04-27,8,baseline_region_historical_rate,primary_simple_baseline,0.1839970152643808,0.32233241992253525,57083,2025,2025,,,baseline_region_historical_rate@sha256:dd1938fb6c1d1ca857d7b311203bd83930b11ddcd87bf2c7b9d8d7facdaeb05f,kme_data@sha256:340ffae552aaffe721317f98459ada4ff964dae2a086bf97e76d4980088eabe9,2026-08-30,sealed_without_pipeline_access_to_2026_KME_outcomes
05,ZASAVSKA STATISTIČNA REGIJA,2026-03-02,2026-03-09,2026-04-27,8,glm_seasonal_region_offset,frozen_selected_model,0.084094567260219,0.14731981020657464,57083,2025,2025,,,glm_seasonal_region_offset@sha256:1263c02735ca074e9c0e087ea0f9b7c81eff390a3df5e4d0639669fa497d8f70,kme_data@sha256:340ffae552aaffe721317f98459ada4ff964dae2a086bf97e76d4980088eabe9,2026-08-30,sealed_without_pipeline_access_to_2026_KME_outcomes
06,POSAVSKA STATISTIČNA REGIJA,2026-03-02,2026-03-09,2026-04-27,8,baseline_region_historical_rate,primary_simple_baseline,0.10070835543631036,0.13252320007936305,75993,2025,2025,,,baseline_region_historical_rate@sha256:dd1938fb6c1d1ca857d7b311203bd83930b11ddcd87bf2c7b9d8d7facdaeb05f,kme_data@sha256:340ffae552aaffe721317f98459ada4ff964dae2a086bf97e76d4980088eabe9,2026-08-30,sealed_without_pipeline_access_to_2026_KME_outcomes
06,POSAVSKA STATISTIČNA REGIJA,2026-03-02,2026-03-09,2026-04-27,8,glm_seasonal_region_offset,frozen_selected_model,0.04603184134685686,0.06057379146349908,75993,2025,2025,,,glm_seasonal_region_offset@sha256:1263c02735ca074e9c0e087ea0f9b7c81eff390a3df5e4d0639669fa497d8f70,kme_data@sha256:340ffae552aaffe721317f98459ada4ff964dae2a086bf97e76d4980088eabe9,2026-08-30,sealed_without_pipeline_access_to_2026_KME_outcomes
07,JUGOVZHODNA SLOVENIJA,2026-03-02,2026-03-09,2026-04-27,8,baseline_region_historical_rate,primary_simple_baseline,1.0771151173102371,0.7245006506425218,148670,2025,2025,,,baseline_region_historical_rate@sha256:dd1938fb6c1d1ca857d7b311203bd83930b11ddcd87bf2c7b9d8d7facdaeb05f,kme_data@sha256:340ffae552aaffe721317f98459ada4ff964dae2a086bf97e76d4980088eabe9,2026-08-30,sealed_without_pipeline_access_to_2026_KME_outcomes
07,JUGOVZHODNA SLOVENIJA,2026-03-02,2026-03-09,2026-04-27,8,glm_seasonal_region_offset,frozen_selected_model,0.4922674822709449,0.3311142007607082,148670,2025,2025,,,glm_seasonal_region_offset@sha256:1263c02735ca074e9c0e087ea0f9b7c81eff390a3df5e4d0639669fa497d8f70,kme_data@sha256:340ffae552aaffe721317f98459ada4ff964dae2a086bf97e76d4980088eabe9,2026-08-30,sealed_without_pipeline_access_to_2026_KME_outcomes
08,OSREDNJESLOVENSKA STATISTIČNA REGIJA,2026-03-02,2026-03-09,2026-04-27,8,baseline_region_historical_rate,primary_simple_baseline,4.7241152797641215,0.8295562192833964,569475,2025,2025,,,baseline_region_historical_rate@sha256:dd1938fb6c1d1ca857d7b311203bd83930b11ddcd87bf2c7b9d8d7facdaeb05f,kme_data@sha256:340ffae552aaffe721317f98459ada4ff964dae2a086bf97e76d4980088eabe9,2026-08-30,sealed_without_pipeline_access_to_2026_KME_outcomes
08,OSREDNJESLOVENSKA STATISTIČNA REGIJA,2026-03-02,2026-03-09,2026-04-27,8,glm_seasonal_region_offset,frozen_selected_model,2.159117781800182,0.3791418028535374,569475,2025,2025,,,glm_seasonal_region_offset@sha256:1263c02735ca074e9c0e087ea0f9b7c81eff390a3df5e4d0639669fa497d8f70,kme_data@sha256:340ffae552aaffe721317f98459ada4ff964dae2a086bf97e76d4980088eabe9,2026-08-30,sealed_without_pipeline_access_to_2026_KME_outcomes
09,GORENJSKA STATISTIČNA REGIJA,2026-03-02,2026-03-09,2026-04-27,8,baseline_region_historical_rate,primary_simple_baseline,3.422238199660669,1.630250522654079,209921,2025,2025,,,baseline_region_historical_rate@sha256:dd1938fb6c1d1ca857d7b311203bd83930b11ddcd87bf2c7b9d8d7facdaeb05f,kme_data@sha256:340ffae552aaffe721317f98459ada4ff964dae2a086bf97e76d4980088eabe9,2026-08-30,sealed_without_pipeline_access_to_2026_KME_outcomes
09,GORENJSKA STATISTIČNA REGIJA,2026-03-02,2026-03-09,2026-04-27,8,glm_seasonal_region_offset,frozen_selected_model,1.5642165950307731,0.7451453618412514,209921,2025,2025,,,glm_seasonal_region_offset@sha256:1263c02735ca074e9c0e087ea0f9b7c81eff390a3df5e4d0639669fa497d8f70,kme_data@sha256:340ffae552aaffe721317f98459ada4ff964dae2a086bf97e76d4980088eabe9,2026-08-30,sealed_without_pipeline_access_to_2026_KME_outcomes
10,PRIMORSKO-NOTRANJSKA STATISTIČNA REGIJA,2026-03-02,2026-03-09,2026-04-27,8,baseline_region_historical_rate,primary_simple_baseline,1.2394879903359548,2.302768160992745,53826,2025,2025,,,baseline_region_historical_rate@sha256:dd1938fb6c1d1ca857d7b311203bd83930b11ddcd87bf2c7b9d8d7facdaeb05f,kme_data@sha256:340ffae552aaffe721317f98459ada4ff964dae2a086bf97e76d4980088eabe9,2026-08-30,sealed_without_pipeline_access_to_2026_KME_outcomes
10,PRIMORSKO-NOTRANJSKA STATISTIČNA REGIJA,2026-03-02,2026-03-09,2026-04-27,8,glm_seasonal_region_offset,frozen_selected_model,0.5664542176895794,1.0523802951911334,53826,2025,2025,,,glm_seasonal_region_offset@sha256:1263c02735ca074e9c0e087ea0f9b7c81eff390a3df5e4d0639669fa497d8f70,kme_data@sha256:340ffae552aaffe721317f98459ada4ff964dae2a086bf97e76d4980088eabe9,2026-08-30,sealed_without_pipeline_access_to_2026_KME_outcomes
11,GORIŠKA STATISTIČNA REGIJA,2026-03-02,2026-03-09,2026-04-27,8,baseline_region_historical_rate,primary_simple_baseline,0.7313576288084981,0.6192907709054482,118096,2025,2025,,,baseline_region_historical_rate@sha256:dd1938fb6c1d1ca857d7b311203bd83930b11ddcd87bf2c7b9d8d7facdaeb05f,kme_data@sha256:340ffae552aaffe721317f98459ada4ff964dae2a086bf97e76d4980088eabe9,2026-08-30,sealed_without_pipeline_access_to_2026_KME_outcomes
11,GORIŠKA STATISTIČNA REGIJA,2026-03-02,2026-03-09,2026-04-27,8,glm_seasonal_region_offset,frozen_selected_model,0.33428946135484755,0.28306586281910273,118096,2025,2025,,,glm_seasonal_region_offset@sha256:1263c02735ca074e9c0e087ea0f9b7c81eff390a3df5e4d0639669fa497d8f70,kme_data@sha256:340ffae552aaffe721317f98459ada4ff964dae2a086bf97e76d4980088eabe9,2026-08-30,sealed_without_pipeline_access_to_2026_KME_outcomes
12,OBALNO-KRAŠKA STATISTIČNA REGIJA,2026-03-02,2026-03-09,2026-04-27,8,baseline_region_historical_rate,primary_simple_baseline,0.12877006061375834,0.10764297408925941,119627,2025,2025,,,baseline_region_historical_rate@sha256:dd1938fb6c1d1ca857d7b311203bd83930b11ddcd87bf2c7b9d8d7facdaeb05f,kme_data@sha256:340ffae552aaffe721317f98459ada4ff964dae2a086bf97e76d4980088eabe9,2026-08-30,sealed_without_pipeline_access_to_2026_KME_outcomes
12,OBALNO-KRAŠKA STATISTIČNA REGIJA,2026-03-02,2026-03-09,2026-04-27,8,glm_seasonal_region_offset,frozen_selected_model,0.05934997274667633,0.0496125228808516,119627,2025,2025,,,glm_seasonal_region_offset@sha256:1263c02735ca074e9c0e087ea0f9b7c81eff390a3df5e4d0639669fa497d8f70,kme_data@sha256:340ffae552aaffe721317f98459ada4ff964dae2a086bf97e76d4980088eabe9,2026-08-30,sealed_without_pipeline_access_to_2026_KME_outcomes
01,POMURSKA STATISTIČNA REGIJA,2026-03-09,2026-03-16,2026-05-04,8,baseline_region_historical_rate,primary_simple_baseline,0.550110426643909,0.4860835070900125,113172,2025,2025,,,baseline_region_historical_rate@sha256:dd1938fb6c1d1ca857d7b311203bd83930b11ddcd87bf2c7b9d8d7facdaeb05f,kme_data@sha256:340ffae552aaffe721317f98459ada4ff964dae2a086bf97e76d4980088eabe9,2026-08-30,sealed_without_pipeline_access_to_2026_KME_outcomes
01,POMURSKA STATISTIČNA REGIJA,2026-03-09,2026-03-16,2026-05-04,8,glm_seasonal_region_offset,frozen_selected_model,0.3038060307379354,0.2684462859522986,113172,2025,2025,,,glm_seasonal_region_offset@sha256:1263c02735ca074e9c0e087ea0f9b7c81eff390a3df5e4d0639669fa497d8f70,kme_data@sha256:340ffae552aaffe721317f98459ada4ff964dae2a086bf97e76d4980088eabe9,2026-08-30,sealed_without_pipeline_access_to_2026_KME_outcomes
02,PODRAVSKA STATISTIČNA REGIJA,2026-03-09,2026-03-16,2026-05-04,8,baseline_region_historical_rate,primary_simple_baseline,1.5499050183088243,0.46709914208484377,331815,2025,2025,,,baseline_region_historical_rate@sha256:dd1938fb6c1d1ca857d7b311203bd83930b11ddcd87bf2c7b9d8d7facdaeb05f,kme_data@sha256:340ffae552aaffe721317f98459ada4ff964dae2a086bf97e76d4980088eabe9,2026-08-30,sealed_without_pipeline_access_to_2026_KME_outcomes
02,PODRAVSKA STATISTIČNA REGIJA,2026-03-09,2026-03-16,2026-05-04,8,glm_seasonal_region_offset,frozen_selected_model,0.8558378541040472,0.257926210118303,331815,2025,2025,,,glm_seasonal_region_offset@sha256:1263c02735ca074e9c0e087ea0f9b7c81eff390a3df5e4d0639669fa497d8f70,kme_data@sha256:340ffae552aaffe721317f98459ada4ff964dae2a086bf97e76d4980088eabe9,2026-08-30,sealed_without_pipeline_access_to_2026_KME_outcomes
03,KOROŠKA STATISTIČNA REGIJA,2026-03-09,2026-03-16,2026-05-04,8,baseline_region_historical_rate,primary_simple_baseline,1.5242533951058044,2.166425133042162,70358,2025,2025,,,baseline_region_historical_rate@sha256:dd1938fb6c1d1ca857d7b311203bd83930b11ddcd87bf2c7b9d8d7facdaeb05f,kme_data@sha256:340ffae552aaffe721317f98459ada4ff964dae2a086bf97e76d4980088eabe9,2026-08-30,sealed_without_pipeline_access_to_2026_KME_outcomes
03,KOROŠKA STATISTIČNA REGIJA,2026-03-09,2026-03-16,2026-05-04,8,glm_seasonal_region_offset,frozen_selected_model,0.8417714438181783,1.196411842033853,70358,2025,2025,,,glm_seasonal_region_offset@sha256:1263c02735ca074e9c0e087ea0f9b7c81eff390a3df5e4d0639669fa497d8f70,kme_data@sha256:340ffae552aaffe721317f98459ada4ff964dae2a086bf97e76d4980088eabe9,2026-08-30,sealed_without_pipeline_access_to_2026_KME_outcomes
04,SAVINJSKA STATISTIČNA REGIJA,2026-03-09,2026-03-16,2026-05-04,8,baseline_region_historical_rate,primary_simple_baseline,1.144303626330837,0.4354043644291541,262814,2025,2025,,,baseline_region_historical_rate@sha256:dd1938fb6c1d1ca857d7b311203bd83930b11ddcd87bf2c7b9d8d7facdaeb05f,kme_data@sha256:340ffae552aaffe721317f98459ada4ff964dae2a086bf97e76d4980088eabe9,2026-08-30,sealed_without_pipeline_access_to_2026_KME_outcomes
04,SAVINJSKA STATISTIČNA REGIJA,2026-03-09,2026-03-16,2026-05-04,8,glm_seasonal_region_offset,frozen_selected_model,0.6318720148370984,0.24042555375174016,262814,2025,2025,,,glm_seasonal_region_offset@sha256:1263c02735ca074e9c0e087ea0f9b7c81eff390a3df5e4d0639669fa497d8f70,kme_data@sha256:340ffae552aaffe721317f98459ada4ff964dae2a086bf97e76d4980088eabe9,2026-08-30,sealed_without_pipeline_access_to_2026_KME_outcomes
05,ZASAVSKA STATISTIČNA REGIJA,2026-03-09,2026-03-16,2026-05-04,8,baseline_region_historical_rate,primary_simple_baseline,0.1839970152643808,0.32233241992253525,57083,2025,2025,,,baseline_region_historical_rate@sha256:dd1938fb6c1d1ca857d7b311203bd83930b11ddcd87bf2c7b9d8d7facdaeb05f,kme_data@sha256:340ffae552aaffe721317f98459ada4ff964dae2a086bf97e76d4980088eabe9,2026-08-30,sealed_without_pipeline_access_to_2026_KME_outcomes
05,ZASAVSKA STATISTIČNA REGIJA,2026-03-09,2026-03-16,2026-05-04,8,glm_seasonal_region_offset,frozen_selected_model,0.1016038947906929,0.17799326382757194,57083,2025,2025,,,glm_seasonal_region_offset@sha256:1263c02735ca074e9c0e087ea0f9b7c81eff390a3df5e4d0639669fa497d8f70,kme_data@sha256:340ffae552aaffe721317f98459ada4ff964dae2a086bf97e76d4980088eabe9,2026-08-30,sealed_without_pipeline_access_to_2026_KME_outcomes
06,POSAVSKA STATISTIČNA REGIJA,2026-03-09,2026-03-16,2026-05-04,8,baseline_region_historical_rate,primary_simple_baseline,0.10070835543631036,0.13252320007936305,75993,2025,2025,,,baseline_region_historical_rate@sha256:dd1938fb6c1d1ca857d7b311203bd83930b11ddcd87bf2c7b9d8d7facdaeb05f,kme_data@sha256:340ffae552aaffe721317f98459ada4ff964dae2a086bf97e76d4980088eabe9,2026-08-30,sealed_without_pipeline_access_to_2026_KME_outcomes
06,POSAVSKA STATISTIČNA REGIJA,2026-03-09,2026-03-16,2026-05-04,8,glm_seasonal_region_offset,frozen_selected_model,0.055616129764429825,0.07318585891388657,75993,2025,2025,,,glm_seasonal_region_offset@sha256:1263c02735ca074e9c0e087ea0f9b7c81eff390a3df5e4d0639669fa497d8f70,kme_data@sha256:340ffae552aaffe721317f98459ada4ff964dae2a086bf97e76d4980088eabe9,2026-08-30,sealed_without_pipeline_access_to_2026_KME_outcomes
07,JUGOVZHODNA SLOVENIJA,2026-03-09,2026-03-16,2026-05-04,8,baseline_region_historical_rate,primary_simple_baseline,1.0771151173102371,0.7245006506425218,148670,2025,2025,,,baseline_region_historical_rate@sha256:dd1938fb6c1d1ca857d7b311203bd83930b11ddcd87bf2c7b9d8d7facdaeb05f,kme_data@sha256:340ffae552aaffe721317f98459ada4ff964dae2a086bf97e76d4980088eabe9,2026-08-30,sealed_without_pipeline_access_to_2026_KME_outcomes
07,JUGOVZHODNA SLOVENIJA,2026-03-09,2026-03-16,2026-05-04,8,glm_seasonal_region_offset,frozen_selected_model,0.5947624811810719,0.40005547937113867,148670,2025,2025,,,glm_seasonal_region_offset@sha256:1263c02735ca074e9c0e087ea0f9b7c81eff390a3df5e4d0639669fa497d8f70,kme_data@sha256:340ffae552aaffe721317f98459ada4ff964dae2a086bf97e76d4980088eabe9,2026-08-30,sealed_without_pipeline_access_to_2026_KME_outcomes
08,OSREDNJESLOVENSKA STATISTIČNA REGIJA,2026-03-09,2026-03-16,2026-05-04,8,baseline_region_historical_rate,primary_simple_baseline,4.7241152797641215,0.8295562192833964,569475,2025,2025,,,baseline_region_historical_rate@sha256:dd1938fb6c1d1ca857d7b311203bd83930b11ddcd87bf2c7b9d8d7facdaeb05f,kme_data@sha256:340ffae552aaffe721317f98459ada4ff964dae2a086bf97e76d4980088eabe9,2026-08-30,sealed_without_pipeline_access_to_2026_KME_outcomes
08,OSREDNJESLOVENSKA STATISTIČNA REGIJA,2026-03-09,2026-03-16,2026-05-04,8,glm_seasonal_region_offset,frozen_selected_model,2.6086676356144998,0.4580829071714298,569475,2025,2025,,,glm_seasonal_region_offset@sha256:1263c02735ca074e9c0e087ea0f9b7c81eff390a3df5e4d0639669fa497d8f70,kme_data@sha256:340ffae552aaffe721317f98459ada4ff964dae2a086bf97e76d4980088eabe9,2026-08-30,sealed_without_pipeline_access_to_2026_KME_outcomes
09,GORENJSKA STATISTIČNA REGIJA,2026-03-09,2026-03-16,2026-05-04,8,baseline_region_historical_rate,primary_simple_baseline,3.422238199660669,1.630250522654079,209921,2025,2025,,,baseline_region_historical_rate@sha256:dd1938fb6c1d1ca857d7b311203bd83930b11ddcd87bf2c7b9d8d7facdaeb05f,kme_data@sha256:340ffae552aaffe721317f98459ada4ff964dae2a086bf97e76d4980088eabe9,2026-08-30,sealed_without_pipeline_access_to_2026_KME_outcomes
09,GORENJSKA STATISTIČNA REGIJA,2026-03-09,2026-03-16,2026-05-04,8,glm_seasonal_region_offset,frozen_selected_model,1.8899020891513025,0.9002920570839995,209921,2025,2025,,,glm_seasonal_region_offset@sha256:1263c02735ca074e9c0e087ea0f9b7c81eff390a3df5e4d0639669fa497d8f70,kme_data@sha256:340ffae552aaffe721317f98459ada4ff964dae2a086bf97e76d4980088eabe9,2026-08-30,sealed_without_pipeline_access_to_2026_KME_outcomes
10,PRIMORSKO-NOTRANJSKA STATISTIČNA REGIJA,2026-03-09,2026-03-16,2026-05-04,8,baseline_region_historical_rate,primary_simple_baseline,1.2394879903359548,2.302768160992745,53826,2025,2025,,,baseline_region_historical_rate@sha256:dd1938fb6c1d1ca857d7b311203bd83930b11ddcd87bf2c7b9d8d7facdaeb05f,kme_data@sha256:340ffae552aaffe721317f98459ada4ff964dae2a086bf97e76d4980088eabe9,2026-08-30,sealed_without_pipeline_access_to_2026_KME_outcomes
10,PRIMORSKO-NOTRANJSKA STATISTIČNA REGIJA,2026-03-09,2026-03-16,2026-05-04,8,glm_seasonal_region_offset,frozen_selected_model,0.6843956347356371,1.2714963674351376,53826,2025,2025,,,glm_seasonal_region_offset@sha256:1263c02735ca074e9c0e087ea0f9b7c81eff390a3df5e4d0639669fa497d8f70,kme_data@sha256:340ffae552aaffe721317f98459ada4ff964dae2a086bf97e76d4980088eabe9,2026-08-30,sealed_without_pipeline_access_to_2026_KME_outcomes
11,GORIŠKA STATISTIČNA REGIJA,2026-03-09,2026-03-16,2026-05-04,8,baseline_region_historical_rate,primary_simple_baseline,0.7313576288084981,0.6192907709054482,118096,2025,2025,,,baseline_region_historical_rate@sha256:dd1938fb6c1d1ca857d7b311203bd83930b11ddcd87bf2c7b9d8d7facdaeb05f,kme_data@sha256:340ffae552aaffe721317f98459ada4ff964dae2a086bf97e76d4980088eabe9,2026-08-30,sealed_without_pipeline_access_to_2026_KME_outcomes
11,GORIŠKA STATISTIČNA REGIJA,2026-03-09,2026-03-16,2026-05-04,8,glm_seasonal_region_offset,frozen_selected_model,0.40389186088603085,0.3420029983115693,118096,2025,2025,,,glm_seasonal_region_offset@sha256:1263c02735ca074e9c0e087ea0f9b7c81eff390a3df5e4d0639669fa497d8f70,kme_data@sha256:340ffae552aaffe721317f98459ada4ff964dae2a086bf97e76d4980088eabe9,2026-08-30,sealed_without_pipeline_access_to_2026_KME_outcomes
12,OBALNO-KRAŠKA STATISTIČNA REGIJA,2026-03-09,2026-03-16,2026-05-04,8,baseline_region_historical_rate,primary_simple_baseline,0.12877006061375834,0.10764297408925941,119627,2025,2025,,,baseline_region_historical_rate@sha256:dd1938fb6c1d1ca857d7b311203bd83930b11ddcd87bf2c7b9d8d7facdaeb05f,kme_data@sha256:340ffae552aaffe721317f98459ada4ff964dae2a086bf97e76d4980088eabe9,2026-08-30,sealed_without_pipeline_access_to_2026_KME_outcomes
12,OBALNO-KRAŠKA STATISTIČNA REGIJA,2026-03-09,2026-03-16,2026-05-04,8,glm_seasonal_region_offset,frozen_selected_model,0.07170722893577905,0.05994234490188591,119627,2025,2025,,,glm_seasonal_region_offset@sha256:1263c02735ca074e9c0e087ea0f9b7c81eff390a3df5e4d0639669fa497d8f70,kme_data@sha256:340ffae552aaffe721317f98459ada4ff964dae2a086bf97e76d4980088eabe9,2026-08-30,sealed_without_pipeline_access_to_2026_KME_outcomes
01,POMURSKA STATISTIČNA REGIJA,2026-03-16,2026-03-23,2026-05-11,8,baseline_region_historical_rate,primary_simple_baseline,0.550110426643909,0.4860835070900125,113172,2025,2025,,,baseline_region_historical_rate@sha256:dd1938fb6c1d1ca857d7b311203bd83930b11ddcd87bf2c7b9d8d7facdaeb05f,kme_data@sha256:340ffae552aaffe721317f98459ada4ff964dae2a086bf97e76d4980088eabe9,2026-08-30,sealed_without_pipeline_access_to_2026_KME_outcomes
01,POMURSKA STATISTIČNA REGIJA,2026-03-16,2026-03-23,2026-05-11,8,glm_seasonal_region_offset,frozen_selected_model,0.36719901781085484,0.32446101315771997,113172,2025,2025,,,glm_seasonal_region_offset@sha256:1263c02735ca074e9c0e087ea0f9b7c81eff390a3df5e4d0639669fa497d8f70,kme_data@sha256:340ffae552aaffe721317f98459ada4ff964dae2a086bf97e76d4980088eabe9,2026-08-30,sealed_without_pipeline_access_to_2026_KME_outcomes
02,PODRAVSKA STATISTIČNA REGIJA,2026-03-16,2026-03-23,2026-05-11,8,baseline_region_historical_rate,primary_simple_baseline,1.5499050183088243,0.46709914208484377,331815,2025,2025,,,baseline_region_historical_rate@sha256:dd1938fb6c1d1ca857d7b311203bd83930b11ddcd87bf2c7b9d8d7facdaeb05f,kme_data@sha256:340ffae552aaffe721317f98459ada4ff964dae2a086bf97e76d4980088eabe9,2026-08-30,sealed_without_pipeline_access_to_2026_KME_outcomes
02,PODRAVSKA STATISTIČNA REGIJA,2026-03-16,2026-03-23,2026-05-11,8,glm_seasonal_region_offset,frozen_selected_model,1.03441929269482,0.31174578988135554,331815,2025,2025,,,glm_seasonal_region_offset@sha256:1263c02735ca074e9c0e087ea0f9b7c81eff390a3df5e4d0639669fa497d8f70,kme_data@sha256:340ffae552aaffe721317f98459ada4ff964dae2a086bf97e76d4980088eabe9,2026-08-30,sealed_without_pipeline_access_to_2026_KME_outcomes
03,KOROŠKA STATISTIČNA REGIJA,2026-03-16,2026-03-23,2026-05-11,8,baseline_region_historical_rate,primary_simple_baseline,1.5242533951058044,2.166425133042162,70358,2025,2025,,,baseline_region_historical_rate@sha256:dd1938fb6c1d1ca857d7b311203bd83930b11ddcd87bf2c7b9d8d7facdaeb05f,kme_data@sha256:340ffae552aaffe721317f98459ada4ff964dae2a086bf97e76d4980088eabe9,2026-08-30,sealed_without_pipeline_access_to_2026_KME_outcomes
03,KOROŠKA STATISTIČNA REGIJA,2026-03-16,2026-03-23,2026-05-11,8,glm_seasonal_region_offset,frozen_selected_model,1.0174177472398152,1.4460583689698616,70358,2025,2025,,,glm_seasonal_region_offset@sha256:1263c02735ca074e9c0e087ea0f9b7c81eff390a3df5e4d0639669fa497d8f70,kme_data@sha256:340ffae552aaffe721317f98459ada4ff964dae2a086bf97e76d4980088eabe9,2026-08-30,sealed_without_pipeline_access_to_2026_KME_outcomes
04,SAVINJSKA STATISTIČNA REGIJA,2026-03-16,2026-03-23,2026-05-11,8,baseline_region_historical_rate,primary_simple_baseline,1.144303626330837,0.4354043644291541,262814,2025,2025,,,baseline_region_historical_rate@sha256:dd1938fb6c1d1ca857d7b311203bd83930b11ddcd87bf2c7b9d8d7facdaeb05f,kme_data@sha256:340ffae552aaffe721317f98459ada4ff964dae2a086bf97e76d4980088eabe9,2026-08-30,sealed_without_pipeline_access_to_2026_KME_outcomes
04,SAVINJSKA STATISTIČNA REGIJA,2026-03-16,2026-03-23,2026-05-11,8,glm_seasonal_region_offset,frozen_selected_model,0.7637201363869319,0.29059339928121486,262814,2025,2025,,,glm_seasonal_region_offset@sha256:1263c02735ca074e9c0e087ea0f9b7c81eff390a3df5e4d0639669fa497d8f70,kme_data@sha256:340ffae552aaffe721317f98459ada4ff964dae2a086bf97e76d4980088eabe9,2026-08-30,sealed_without_pipeline_access_to_2026_KME_outcomes
05,ZASAVSKA STATISTIČNA REGIJA,2026-03-16,2026-03-23,2026-05-11,8,baseline_region_historical_rate,primary_simple_baseline,0.1839970152643808,0.32233241992253525,57083,2025,2025,,,baseline_region_historical_rate@sha256:dd1938fb6c1d1ca857d7b311203bd83930b11ddcd87bf2c7b9d8d7facdaeb05f,kme_data@sha256:340ffae552aaffe721317f98459ada4ff964dae2a086bf97e76d4980088eabe9,2026-08-30,sealed_without_pipeline_access_to_2026_KME_outcomes
05,ZASAVSKA STATISTIČNA REGIJA,2026-03-16,2026-03-23,2026-05-11,8,glm_seasonal_region_offset,frozen_selected_model,0.12280483794965441,0.21513381908738927,57083,2025,2025,,,glm_seasonal_region_offset@sha256:1263c02735ca074e9c0e087ea0f9b7c81eff390a3df5e4d0639669fa497d8f70,kme_data@sha256:340ffae552aaffe721317f98459ada4ff964dae2a086bf97e76d4980088eabe9,2026-08-30,sealed_without_pipeline_access_to_2026_KME_outcomes
06,POSAVSKA STATISTIČNA REGIJA,2026-03-16,2026-03-23,2026-05-11,8,baseline_region_historical_rate,primary_simple_baseline,0.10070835543631036,0.13252320007936305,75993,2025,2025,,,baseline_region_historical_rate@sha256:dd1938fb6c1d1ca857d7b311203bd83930b11ddcd87bf2c7b9d8d7facdaeb05f,kme_data@sha256:340ffae552aaffe721317f98459ada4ff964dae2a086bf97e76d4980088eabe9,2026-08-30,sealed_without_pipeline_access_to_2026_KME_outcomes
06,POSAVSKA STATISTIČNA REGIJA,2026-03-16,2026-03-23,2026-05-11,8,glm_seasonal_region_offset,frozen_selected_model,0.06722114164203662,0.08845701793854252,75993,2025,2025,,,glm_seasonal_region_offset@sha256:1263c02735ca074e9c0e087ea0f9b7c81eff390a3df5e4d0639669fa497d8f70,kme_data@sha256:340ffae552aaffe721317f98459ada4ff964dae2a086bf97e76d4980088eabe9,2026-08-30,sealed_without_pipeline_access_to_2026_KME_outcomes
07,JUGOVZHODNA SLOVENIJA,2026-03-16,2026-03-23,2026-05-11,8,baseline_region_historical_rate,primary_simple_baseline,1.0771151173102371,0.7245006506425218,148670,2025,2025,,,baseline_region_historical_rate@sha256:dd1938fb6c1d1ca857d7b311203bd83930b11ddcd87bf2c7b9d8d7facdaeb05f,kme_data@sha256:340ffae552aaffe721317f98459ada4ff964dae2a086bf97e76d4980088eabe9,2026-08-30,sealed_without_pipeline_access_to_2026_KME_outcomes
07,JUGOVZHODNA SLOVENIJA,2026-03-16,2026-03-23,2026-05-11,8,glm_seasonal_region_offset,frozen_selected_model,0.7188672271908464,0.48353213640334053,148670,2025,2025,,,glm_seasonal_region_offset@sha256:1263c02735ca074e9c0e087ea0f9b7c81eff390a3df5e4d0639669fa497d8f70,kme_data@sha256:340ffae552aaffe721317f98459ada4ff964dae2a086bf97e76d4980088eabe9,2026-08-30,sealed_without_pipeline_access_to_2026_KME_outcomes
08,OSREDNJESLOVENSKA STATISTIČNA REGIJA,2026-03-16,2026-03-23,2026-05-11,8,baseline_region_historical_rate,primary_simple_baseline,4.7241152797641215,0.8295562192833964,569475,2025,2025,,,baseline_region_historical_rate@sha256:dd1938fb6c1d1ca857d7b311203bd83930b11ddcd87bf2c7b9d8d7facdaeb05f,kme_data@sha256:340ffae552aaffe721317f98459ada4ff964dae2a086bf97e76d4980088eabe9,2026-08-30,sealed_without_pipeline_access_to_2026_KME_outcomes
08,OSREDNJESLOVENSKA STATISTIČNA REGIJA,2026-03-16,2026-03-23,2026-05-11,8,glm_seasonal_region_offset,frozen_selected_model,3.1529992714953665,0.553667724043262,569475,2025,2025,,,glm_seasonal_region_offset@sha256:1263c02735ca074e9c0e087ea0f9b7c81eff390a3df5e4d0639669fa497d8f70,kme_data@sha256:340ffae552aaffe721317f98459ada4ff964dae2a086bf97e76d4980088eabe9,2026-08-30,sealed_without_pipeline_access_to_2026_KME_outcomes
09,GORENJSKA STATISTIČNA REGIJA,2026-03-16,2026-03-23,2026-05-11,8,baseline_region_historical_rate,primary_simple_baseline,3.422238199660669,1.630250522654079,209921,2025,2025,,,baseline_region_historical_rate@sha256:dd1938fb6c1d1ca857d7b311203bd83930b11ddcd87bf2c7b9d8d7facdaeb05f,kme_data@sha256:340ffae552aaffe721317f98459ada4ff964dae2a086bf97e76d4980088eabe9,2026-08-30,sealed_without_pipeline_access_to_2026_KME_outcomes
09,GORENJSKA STATISTIČNA REGIJA,2026-03-16,2026-03-23,2026-05-11,8,glm_seasonal_region_offset,frozen_selected_model,2.2842541644397545,1.0881494297567915,209921,2025,2025,,,glm_seasonal_region_offset@sha256:1263c02735ca074e9c0e087ea0f9b7c81eff390a3df5e4d0639669fa497d8f70,kme_data@sha256:340ffae552aaffe721317f98459ada4ff964dae2a086bf97e76d4980088eabe9,2026-08-30,sealed_without_pipeline_access_to_2026_KME_outcomes
10,PRIMORSKO-NOTRANJSKA STATISTIČNA REGIJA,2026-03-16,2026-03-23,2026-05-11,8,baseline_region_historical_rate,primary_simple_baseline,1.2394879903359548,2.302768160992745,53826,2025,2025,,,baseline_region_historical_rate@sha256:dd1938fb6c1d1ca857d7b311203bd83930b11ddcd87bf2c7b9d8d7facdaeb05f,kme_data@sha256:340ffae552aaffe721317f98459ada4ff964dae2a086bf97e76d4980088eabe9,2026-08-30,sealed_without_pipeline_access_to_2026_KME_outcomes
10,PRIMORSKO-NOTRANJSKA STATISTIČNA REGIJA,2026-03-16,2026-03-23,2026-05-11,8,glm_seasonal_region_offset,frozen_selected_model,0.8272034767003794,1.5368102342741046,53826,2025,2025,,,glm_seasonal_region_offset@sha256:1263c02735ca074e9c0e087ea0f9b7c81eff390a3df5e4d0639669fa497d8f70,kme_data@sha256:340ffae552aaffe721317f98459ada4ff964dae2a086bf97e76d4980088eabe9,2026-08-30,sealed_without_pipeline_access_to_2026_KME_outcomes
11,GORIŠKA STATISTIČNA REGIJA,2026-03-16,2026-03-23,2026-05-11,8,baseline_region_historical_rate,primary_simple_baseline,0.7313576288084981,0.6192907709054482,118096,2025,2025,,,baseline_region_historical_rate@sha256:dd1938fb6c1d1ca857d7b311203bd83930b11ddcd87bf2c7b9d8d7facdaeb05f,kme_data@sha256:340ffae552aaffe721317f98459ada4ff964dae2a086bf97e76d4980088eabe9,2026-08-30,sealed_without_pipeline_access_to_2026_KME_outcomes
11,GORIŠKA STATISTIČNA REGIJA,2026-03-16,2026-03-23,2026-05-11,8,glm_seasonal_region_offset,frozen_selected_model,0.4881690276486999,0.41336626782338093,118096,2025,2025,,,glm_seasonal_region_offset@sha256:1263c02735ca074e9c0e087ea0f9b7c81eff390a3df5e4d0639669fa497d8f70,kme_data@sha256:340ffae552aaffe721317f98459ada4ff964dae2a086bf97e76d4980088eabe9,2026-08-30,sealed_without_pipeline_access_to_2026_KME_outcomes
12,OBALNO-KRAŠKA STATISTIČNA REGIJA,2026-03-16,2026-03-23,2026-05-11,8,baseline_region_historical_rate,primary_simple_baseline,0.12877006061375834,0.10764297408925941,119627,2025,2025,,,baseline_region_historical_rate@sha256:dd1938fb6c1d1ca857d7b311203bd83930b11ddcd87bf2c7b9d8d7facdaeb05f,kme_data@sha256:340ffae552aaffe721317f98459ada4ff964dae2a086bf97e76d4980088eabe9,2026-08-30,sealed_without_pipeline_access_to_2026_KME_outcomes
12,OBALNO-KRAŠKA STATISTIČNA REGIJA,2026-03-16,2026-03-23,2026-05-11,8,glm_seasonal_region_offset,frozen_selected_model,0.08666985303484406,0.07245007651687668,119627,2025,2025,,,glm_seasonal_region_offset@sha256:1263c02735ca074e9c0e087ea0f9b7c81eff390a3df5e4d0639669fa497d8f70,kme_data@sha256:340ffae552aaffe721317f98459ada4ff964dae2a086bf97e76d4980088eabe9,2026-08-30,sealed_without_pipeline_access_to_2026_KME_outcomes
01,POMURSKA STATISTIČNA REGIJA,2026-03-23,2026-03-30,2026-05-18,8,baseline_region_historical_rate,primary_simple_baseline,0.550110426643909,0.4860835070900125,113172,2025,2025,,,baseline_region_historical_rate@sha256:dd1938fb6c1d1ca857d7b311203bd83930b11ddcd87bf2c7b9d8d7facdaeb05f,kme_data@sha256:340ffae552aaffe721317f98459ada4ff964dae2a086bf97e76d4980088eabe9,2026-08-30,sealed_without_pipeline_access_to_2026_KME_outcomes
01,POMURSKA STATISTIČNA REGIJA,2026-03-23,2026-03-30,2026-05-18,8,glm_seasonal_region_offset,frozen_selected_model,0.44276746481621987,0.3912341080976035,113172,2025,2025,,,glm_seasonal_region_offset@sha256:1263c02735ca074e9c0e087ea0f9b7c81eff390a3df5e4d0639669fa497d8f70,kme_data@sha256:340ffae552aaffe721317f98459ada4ff964dae2a086bf97e76d4980088eabe9,2026-08-30,sealed_without_pipeline_access_to_2026_KME_outcomes
02,PODRAVSKA STATISTIČNA REGIJA,2026-03-23,2026-03-30,2026-05-18,8,baseline_region_historical_rate,primary_simple_baseline,1.5499050183088243,0.46709914208484377,331815,2025,2025,,,baseline_region_historical_rate@sha256:dd1938fb6c1d1ca857d7b311203bd83930b11ddcd87bf2c7b9d8d7facdaeb05f,kme_data@sha256:340ffae552aaffe721317f98459ada4ff964dae2a086bf97e76d4980088eabe9,2026-08-30,sealed_without_pipeline_access_to_2026_KME_outcomes
02,PODRAVSKA STATISTIČNA REGIJA,2026-03-23,2026-03-30,2026-05-18,8,glm_seasonal_region_offset,frozen_selected_model,1.2472996537790122,0.37590213033739045,331815,2025,2025,,,glm_seasonal_region_offset@sha256:1263c02735ca074e9c0e087ea0f9b7c81eff390a3df5e4d0639669fa497d8f70,kme_data@sha256:340ffae552aaffe721317f98459ada4ff964dae2a086bf97e76d4980088eabe9,2026-08-30,sealed_without_pipeline_access_to_2026_KME_outcomes
03,KOROŠKA STATISTIČNA REGIJA,2026-03-23,2026-03-30,2026-05-18,8,baseline_region_historical_rate,primary_simple_baseline,1.5242533951058044,2.166425133042162,70358,2025,2025,,,baseline_region_historical_rate@sha256:dd1938fb6c1d1ca857d7b311203bd83930b11ddcd87bf2c7b9d8d7facdaeb05f,kme_data@sha256:340ffae552aaffe721317f98459ada4ff964dae2a086bf97e76d4980088eabe9,2026-08-30,sealed_without_pipeline_access_to_2026_KME_outcomes
03,KOROŠKA STATISTIČNA REGIJA,2026-03-23,2026-03-30,2026-05-18,8,glm_seasonal_region_offset,frozen_selected_model,1.2267992417028892,1.743652806650117,70358,2025,2025,,,glm_seasonal_region_offset@sha256:1263c02735ca074e9c0e087ea0f9b7c81eff390a3df5e4d0639669fa497d8f70,kme_data@sha256:340ffae552aaffe721317f98459ada4ff964dae2a086bf97e76d4980088eabe9,2026-08-30,sealed_without_pipeline_access_to_2026_KME_outcomes
04,SAVINJSKA STATISTIČNA REGIJA,2026-03-23,2026-03-30,2026-05-18,8,baseline_region_historical_rate,primary_simple_baseline,1.144303626330837,0.4354043644291541,262814,2025,2025,,,baseline_region_historical_rate@sha256:dd1938fb6c1d1ca857d7b311203bd83930b11ddcd87bf2c7b9d8d7facdaeb05f,kme_data@sha256:340ffae552aaffe721317f98459ada4ff964dae2a086bf97e76d4980088eabe9,2026-08-30,sealed_without_pipeline_access_to_2026_KME_outcomes
04,SAVINJSKA STATISTIČNA REGIJA,2026-03-23,2026-03-30,2026-05-18,8,glm_seasonal_region_offset,frozen_selected_model,0.9208914300291556,0.35039664174250823,262814,2025,2025,,,glm_seasonal_region_offset@sha256:1263c02735ca074e9c0e087ea0f9b7c81eff390a3df5e4d0639669fa497d8f70,kme_data@sha256:340ffae552aaffe721317f98459ada4ff964dae2a086bf97e76d4980088eabe9,2026-08-30,sealed_without_pipeline_access_to_2026_KME_outcomes
05,ZASAVSKA STATISTIČNA REGIJA,2026-03-23,2026-03-30,2026-05-18,8,baseline_region_historical_rate,primary_simple_baseline,0.1839970152643808,0.32233241992253525,57083,2025,2025,,,baseline_region_historical_rate@sha256:dd1938fb6c1d1ca857d7b311203bd83930b11ddcd87bf2c7b9d8d7facdaeb05f,kme_data@sha256:340ffae552aaffe721317f98459ada4ff964dae2a086bf97e76d4980088eabe9,2026-08-30,sealed_without_pipeline_access_to_2026_KME_outcomes
05,ZASAVSKA STATISTIČNA REGIJA,2026-03-23,2026-03-30,2026-05-18,8,glm_seasonal_region_offset,frozen_selected_model,0.14807770208727344,0.2594077082270964,57083,2025,2025,,,glm_seasonal_region_offset@sha256:1263c02735ca074e9c0e087ea0f9b7c81eff390a3df5e4d0639669fa497d8f70,kme_data@sha256:340ffae552aaffe721317f98459ada4ff964dae2a086bf97e76d4980088eabe9,2026-08-30,sealed_without_pipeline_access_to_2026_KME_outcomes
06,POSAVSKA STATISTIČNA REGIJA,2026-03-23,2026-03-30,2026-05-18,8,baseline_region_historical_rate,primary_simple_baseline,0.10070835543631036,0.13252320007936305,75993,2025,2025,,,baseline_region_historical_rate@sha256:dd1938fb6c1d1ca857d7b311203bd83930b11ddcd87bf2c7b9d8d7facdaeb05f,kme_data@sha256:340ffae552aaffe721317f98459ada4ff964dae2a086bf97e76d4980088eabe9,2026-08-30,sealed_without_pipeline_access_to_2026_KME_outcomes
06,POSAVSKA STATISTIČNA REGIJA,2026-03-23,2026-03-30,2026-05-18,8,glm_seasonal_region_offset,frozen_selected_model,0.08105504923280524,0.10666120462780157,75993,2025,2025,,,glm_seasonal_region_offset@sha256:1263c02735ca074e9c0e087ea0f9b7c81eff390a3df5e4d0639669fa497d8f70,kme_data@sha256:340ffae552aaffe721317f98459ada4ff964dae2a086bf97e76d4980088eabe9,2026-08-30,sealed_without_pipeline_access_to_2026_KME_outcomes
07,JUGOVZHODNA SLOVENIJA,2026-03-23,2026-03-30,2026-05-18,8,baseline_region_historical_rate,primary_simple_baseline,1.0771151173102371,0.7245006506425218,148670,2025,2025,,,baseline_region_historical_rate@sha256:dd1938fb6c1d1ca857d7b311203bd83930b11ddcd87bf2c7b9d8d7facdaeb05f,kme_data@sha256:340ffae552aaffe721317f98459ada4ff964dae2a086bf97e76d4980088eabe9,2026-08-30,sealed_without_pipeline_access_to_2026_KME_outcomes
07,JUGOVZHODNA SLOVENIJA,2026-03-23,2026-03-30,2026-05-18,8,glm_seasonal_region_offset,frozen_selected_model,0.866807927810714,0.5830415872810345,148670,2025,2025,,,glm_seasonal_region_offset@sha256:1263c02735ca074e9c0e087ea0f9b7c81eff390a3df5e4d0639669fa497d8f70,kme_data@sha256:340ffae552aaffe721317f98459ada4ff964dae2a086bf97e76d4980088eabe9,2026-08-30,sealed_without_pipeline_access_to_2026_KME_outcomes
08,OSREDNJESLOVENSKA STATISTIČNA REGIJA,2026-03-23,2026-03-30,2026-05-18,8,baseline_region_historical_rate,primary_simple_baseline,4.7241152797641215,0.8295562192833964,569475,2025,2025,,,baseline_region_historical_rate@sha256:dd1938fb6c1d1ca857d7b311203bd83930b11ddcd87bf2c7b9d8d7facdaeb05f,kme_data@sha256:340ffae552aaffe721317f98459ada4ff964dae2a086bf97e76d4980088eabe9,2026-08-30,sealed_without_pipeline_access_to_2026_KME_outcomes
08,OSREDNJESLOVENSKA STATISTIČNA REGIJA,2026-03-23,2026-03-30,2026-05-18,8,glm_seasonal_region_offset,frozen_selected_model,3.801876983032939,0.6676108666812308,569475,2025,2025,,,glm_seasonal_region_offset@sha256:1263c02735ca074e9c0e087ea0f9b7c81eff390a3df5e4d0639669fa497d8f70,kme_data@sha256:340ffae552aaffe721317f98459ada4ff964dae2a086bf97e76d4980088eabe9,2026-08-30,sealed_without_pipeline_access_to_2026_KME_outcomes
09,GORENJSKA STATISTIČNA REGIJA,2026-03-23,2026-03-30,2026-05-18,8,baseline_region_historical_rate,primary_simple_baseline,3.422238199660669,1.630250522654079,209921,2025,2025,,,baseline_region_historical_rate@sha256:dd1938fb6c1d1ca857d7b311203bd83930b11ddcd87bf2c7b9d8d7facdaeb05f,kme_data@sha256:340ffae552aaffe721317f98459ada4ff964dae2a086bf97e76d4980088eabe9,2026-08-30,sealed_without_pipeline_access_to_2026_KME_outcomes
09,GORENJSKA STATISTIČNA REGIJA,2026-03-23,2026-03-30,2026-05-18,8,glm_seasonal_region_offset,frozen_selected_model,2.754346761095788,1.3120872905025167,209921,2025,2025,,,glm_seasonal_region_offset@sha256:1263c02735ca074e9c0e087ea0f9b7c81eff390a3df5e4d0639669fa497d8f70,kme_data@sha256:340ffae552aaffe721317f98459ada4ff964dae2a086bf97e76d4980088eabe9,2026-08-30,sealed_without_pipeline_access_to_2026_KME_outcomes
10,PRIMORSKO-NOTRANJSKA STATISTIČNA REGIJA,2026-03-23,2026-03-30,2026-05-18,8,baseline_region_historical_rate,primary_simple_baseline,1.2394879903359548,2.302768160992745,53826,2025,2025,,,baseline_region_historical_rate@sha256:dd1938fb6c1d1ca857d7b311203bd83930b11ddcd87bf2c7b9d8d7facdaeb05f,kme_data@sha256:340ffae552aaffe721317f98459ada4ff964dae2a086bf97e76d4980088eabe9,2026-08-30,sealed_without_pipeline_access_to_2026_KME_outcomes
10,PRIMORSKO-NOTRANJSKA STATISTIČNA REGIJA,2026-03-23,2026-03-30,2026-05-18,8,glm_seasonal_region_offset,frozen_selected_model,0.9974394497276428,1.8530811312890476,53826,2025,2025,,,glm_seasonal_region_offset@sha256:1263c02735ca074e9c0e087ea0f9b7c81eff390a3df5e4d0639669fa497d8f70,kme_data@sha256:340ffae552aaffe721317f98459ada4ff964dae2a086bf97e76d4980088eabe9,2026-08-30,sealed_without_pipeline_access_to_2026_KME_outcomes
11,GORIŠKA STATISTIČNA REGIJA,2026-03-23,2026-03-30,2026-05-18,8,baseline_region_historical_rate,primary_simple_baseline,0.7313576288084981,0.6192907709054482,118096,2025,2025,,,baseline_region_historical_rate@sha256:dd1938fb6c1d1ca857d7b311203bd83930b11ddcd87bf2c7b9d8d7facdaeb05f,kme_data@sha256:340ffae552aaffe721317f98459ada4ff964dae2a086bf97e76d4980088eabe9,2026-08-30,sealed_without_pipeline_access_to_2026_KME_outcomes
11,GORIŠKA STATISTIČNA REGIJA,2026-03-23,2026-03-30,2026-05-18,8,glm_seasonal_region_offset,frozen_selected_model,0.5886327367170437,0.4984357952149469,118096,2025,2025,,,glm_seasonal_region_offset@sha256:1263c02735ca074e9c0e087ea0f9b7c81eff390a3df5e4d0639669fa497d8f70,kme_data@sha256:340ffae552aaffe721317f98459ada4ff964dae2a086bf97e76d4980088eabe9,2026-08-30,sealed_without_pipeline_access_to_2026_KME_outcomes
12,OBALNO-KRAŠKA STATISTIČNA REGIJA,2026-03-23,2026-03-30,2026-05-18,8,baseline_region_historical_rate,primary_simple_baseline,0.12877006061375834,0.10764297408925941,119627,2025,2025,,,baseline_region_historical_rate@sha256:dd1938fb6c1d1ca857d7b311203bd83930b11ddcd87bf2c7b9d8d7facdaeb05f,kme_data@sha256:340ffae552aaffe721317f98459ada4ff964dae2a086bf97e76d4980088eabe9,2026-08-30,sealed_without_pipeline_access_to_2026_KME_outcomes
12,OBALNO-KRAŠKA STATISTIČNA REGIJA,2026-03-23,2026-03-30,2026-05-18,8,glm_seasonal_region_offset,frozen_selected_model,0.10450624659350016,0.08736008308617633,119627,2025,2025,,,glm_seasonal_region_offset@sha256:1263c02735ca074e9c0e087ea0f9b7c81eff390a3df5e4d0639669fa497d8f70,kme_data@sha256:340ffae552aaffe721317f98459ada4ff964dae2a086bf97e76d4980088eabe9,2026-08-30,sealed_without_pipeline_access_to_2026_KME_outcomes
01,POMURSKA STATISTIČNA REGIJA,2026-03-30,2026-04-06,2026-05-25,8,baseline_region_historical_rate,primary_simple_baseline,0.550110426643909,0.4860835070900125,113172,2025,2025,,,baseline_region_historical_rate@sha256:dd1938fb6c1d1ca857d7b311203bd83930b11ddcd87bf2c7b9d8d7facdaeb05f,kme_data@sha256:340ffae552aaffe721317f98459ada4ff964dae2a086bf97e76d4980088eabe9,2026-08-30,sealed_without_pipeline_access_to_2026_KME_outcomes
01,POMURSKA STATISTIČNA REGIJA,2026-03-30,2026-04-06,2026-05-25,8,glm_seasonal_region_offset,frozen_selected_model,0.5311782416838228,0.4693548242355201,113172,2025,2025,,,glm_seasonal_region_offset@sha256:1263c02735ca074e9c0e087ea0f9b7c81eff390a3df5e4d0639669fa497d8f70,kme_data@sha256:340ffae552aaffe721317f98459ada4ff964dae2a086bf97e76d4980088eabe9,2026-08-30,sealed_without_pipeline_access_to_2026_KME_outcomes
02,PODRAVSKA STATISTIČNA REGIJA,2026-03-30,2026-04-06,2026-05-25,8,baseline_region_historical_rate,primary_simple_baseline,1.5499050183088243,0.46709914208484377,331815,2025,2025,,,baseline_region_historical_rate@sha256:dd1938fb6c1d1ca857d7b311203bd83930b11ddcd87bf2c7b9d8d7facdaeb05f,kme_data@sha256:340ffae552aaffe721317f98459ada4ff964dae2a086bf97e76d4980088eabe9,2026-08-30,sealed_without_pipeline_access_to_2026_KME_outcomes
02,PODRAVSKA STATISTIČNA REGIJA,2026-03-30,2026-04-06,2026-05-25,8,glm_seasonal_region_offset,frozen_selected_model,1.496357545652496,0.4509613928401356,331815,2025,2025,,,glm_seasonal_region_offset@sha256:1263c02735ca074e9c0e087ea0f9b7c81eff390a3df5e4d0639669fa497d8f70,kme_data@sha256:340ffae552aaffe721317f98459ada4ff964dae2a086bf97e76d4980088eabe9,2026-08-30,sealed_without_pipeline_access_to_2026_KME_outcomes
03,KOROŠKA STATISTIČNA REGIJA,2026-03-30,2026-04-06,2026-05-25,8,baseline_region_historical_rate,primary_simple_baseline,1.5242533951058044,2.166425133042162,70358,2025,2025,,,baseline_region_historical_rate@sha256:dd1938fb6c1d1ca857d7b311203bd83930b11ddcd87bf2c7b9d8d7facdaeb05f,kme_data@sha256:340ffae552aaffe721317f98459ada4ff964dae2a086bf97e76d4980088eabe9,2026-08-30,sealed_without_pipeline_access_to_2026_KME_outcomes
03,KOROŠKA STATISTIČNA REGIJA,2026-03-30,2026-04-06,2026-05-25,8,glm_seasonal_region_offset,frozen_selected_model,1.4717636590061303,2.091821340865474,70358,2025,2025,,,glm_seasonal_region_offset@sha256:1263c02735ca074e9c0e087ea0f9b7c81eff390a3df5e4d0639669fa497d8f70,kme_data@sha256:340ffae552aaffe721317f98459ada4ff964dae2a086bf97e76d4980088eabe9,2026-08-30,sealed_without_pipeline_access_to_2026_KME_outcomes
04,SAVINJSKA STATISTIČNA REGIJA,2026-03-30,2026-04-06,2026-05-25,8,baseline_region_historical_rate,primary_simple_baseline,1.144303626330837,0.4354043644291541,262814,2025,2025,,,baseline_region_historical_rate@sha256:dd1938fb6c1d1ca857d7b311203bd83930b11ddcd87bf2c7b9d8d7facdaeb05f,kme_data@sha256:340ffae552aaffe721317f98459ada4ff964dae2a086bf97e76d4980088eabe9,2026-08-30,sealed_without_pipeline_access_to_2026_KME_outcomes
04,SAVINJSKA STATISTIČNA REGIJA,2026-03-30,2026-04-06,2026-05-25,8,glm_seasonal_region_offset,frozen_selected_model,1.1047728874740679,0.4203630276446718,262814,2025,2025,,,glm_seasonal_region_offset@sha256:1263c02735ca074e9c0e087ea0f9b7c81eff390a3df5e4d0639669fa497d8f70,kme_data@sha256:340ffae552aaffe721317f98459ada4ff964dae2a086bf97e76d4980088eabe9,2026-08-30,sealed_without_pipeline_access_to_2026_KME_outcomes
05,ZASAVSKA STATISTIČNA REGIJA,2026-03-30,2026-04-06,2026-05-25,8,baseline_region_historical_rate,primary_simple_baseline,0.1839970152643808,0.32233241992253525,57083,2025,2025,,,baseline_region_historical_rate@sha256:dd1938fb6c1d1ca857d7b311203bd83930b11ddcd87bf2c7b9d8d7facdaeb05f,kme_data@sha256:340ffae552aaffe721317f98459ada4ff964dae2a086bf97e76d4980088eabe9,2026-08-30,sealed_without_pipeline_access_to_2026_KME_outcomes
05,ZASAVSKA STATISTIČNA REGIJA,2026-03-30,2026-04-06,2026-05-25,8,glm_seasonal_region_offset,frozen_selected_model,0.17764551300070466,0.31120563565458137,57083,2025,2025,,,glm_seasonal_region_offset@sha256:1263c02735ca074e9c0e087ea0f9b7c81eff390a3df5e4d0639669fa497d8f70,kme_data@sha256:340ffae552aaffe721317f98459ada4ff964dae2a086bf97e76d4980088eabe9,2026-08-30,sealed_without_pipeline_access_to_2026_KME_outcomes
06,POSAVSKA STATISTIČNA REGIJA,2026-03-30,2026-04-06,2026-05-25,8,baseline_region_historical_rate,primary_simple_baseline,0.10070835543631036,0.13252320007936305,75993,2025,2025,,,baseline_region_historical_rate@sha256:dd1938fb6c1d1ca857d7b311203bd83930b11ddcd87bf2c7b9d8d7facdaeb05f,kme_data@sha256:340ffae552aaffe721317f98459ada4ff964dae2a086bf97e76d4980088eabe9,2026-08-30,sealed_without_pipeline_access_to_2026_KME_outcomes
06,POSAVSKA STATISTIČNA REGIJA,2026-03-30,2026-04-06,2026-05-25,8,glm_seasonal_region_offset,frozen_selected_model,0.09723993281427747,0.12795906572220792,75993,2025,2025,,,glm_seasonal_region_offset@sha256:1263c02735ca074e9c0e087ea0f9b7c81eff390a3df5e4d0639669fa497d8f70,kme_data@sha256:340ffae552aaffe721317f98459ada4ff964dae2a086bf97e76d4980088eabe9,2026-08-30,sealed_without_pipeline_access_to_2026_KME_outcomes
07,JUGOVZHODNA SLOVENIJA,2026-03-30,2026-04-06,2026-05-25,8,baseline_region_historical_rate,primary_simple_baseline,1.0771151173102371,0.7245006506425218,148670,2025,2025,,,baseline_region_historical_rate@sha256:dd1938fb6c1d1ca857d7b311203bd83930b11ddcd87bf2c7b9d8d7facdaeb05f,kme_data@sha256:340ffae552aaffe721317f98459ada4ff964dae2a086bf97e76d4980088eabe9,2026-08-30,sealed_without_pipeline_access_to_2026_KME_outcomes
07,JUGOVZHODNA SLOVENIJA,2026-03-30,2026-04-06,2026-05-25,8,glm_seasonal_region_offset,frozen_selected_model,1.0398901174078004,0.6994619744452817,148670,2025,2025,,,glm_seasonal_region_offset@sha256:1263c02735ca074e9c0e087ea0f9b7c81eff390a3df5e4d0639669fa497d8f70,kme_data@sha256:340ffae552aaffe721317f98459ada4ff964dae2a086bf97e76d4980088eabe9,2026-08-30,sealed_without_pipeline_access_to_2026_KME_outcomes
08,OSREDNJESLOVENSKA STATISTIČNA REGIJA,2026-03-30,2026-04-06,2026-05-25,8,baseline_region_historical_rate,primary_simple_baseline,4.7241152797641215,0.8295562192833964,569475,2025,2025,,,baseline_region_historical_rate@sha256:dd1938fb6c1d1ca857d7b311203bd83930b11ddcd87bf2c7b9d8d7facdaeb05f,kme_data@sha256:340ffae552aaffe721317f98459ada4ff964dae2a086bf97e76d4980088eabe9,2026-08-30,sealed_without_pipeline_access_to_2026_KME_outcomes
08,OSREDNJESLOVENSKA STATISTIČNA REGIJA,2026-03-30,2026-04-06,2026-05-25,8,glm_seasonal_region_offset,frozen_selected_model,4.561026930431439,0.800917850727677,569475,2025,2025,,,glm_seasonal_region_offset@sha256:1263c02735ca074e9c0e087ea0f9b7c81eff390a3df5e4d0639669fa497d8f70,kme_data@sha256:340ffae552aaffe721317f98459ada4ff964dae2a086bf97e76d4980088eabe9,2026-08-30,sealed_without_pipeline_access_to_2026_KME_outcomes
09,GORENJSKA STATISTIČNA REGIJA,2026-03-30,2026-04-06,2026-05-25,8,baseline_region_historical_rate,primary_simple_baseline,3.422238199660669,1.630250522654079,209921,2025,2025,,,baseline_region_historical_rate@sha256:dd1938fb6c1d1ca857d7b311203bd83930b11ddcd87bf2c7b9d8d7facdaeb05f,kme_data@sha256:340ffae552aaffe721317f98459ada4ff964dae2a086bf97e76d4980088eabe9,2026-08-30,sealed_without_pipeline_access_to_2026_KME_outcomes
09,GORENJSKA STATISTIČNA REGIJA,2026-03-30,2026-04-06,2026-05-25,8,glm_seasonal_region_offset,frozen_selected_model,3.304328311823143,1.5740818268887546,209921,2025,2025,,,glm_seasonal_region_offset@sha256:1263c02735ca074e9c0e087ea0f9b7c81eff390a3df5e4d0639669fa497d8f70,kme_data@sha256:340ffae552aaffe721317f98459ada4ff964dae2a086bf97e76d4980088eabe9,2026-08-30,sealed_without_pipeline_access_to_2026_KME_outcomes
10,PRIMORSKO-NOTRANJSKA STATISTIČNA REGIJA,2026-03-30,2026-04-06,2026-05-25,8,baseline_region_historical_rate,primary_simple_baseline,1.2394879903359548,2.302768160992745,53826,2025,2025,,,baseline_region_historical_rate@sha256:dd1938fb6c1d1ca857d7b311203bd83930b11ddcd87bf2c7b9d8d7facdaeb05f,kme_data@sha256:340ffae552aaffe721317f98459ada4ff964dae2a086bf97e76d4980088eabe9,2026-08-30,sealed_without_pipeline_access_to_2026_KME_outcomes
10,PRIMORSKO-NOTRANJSKA STATISTIČNA REGIJA,2026-03-30,2026-04-06,2026-05-25,8,glm_seasonal_region_offset,frozen_selected_model,1.1966058375863755,2.2231000586823755,53826,2025,2025,,,glm_seasonal_region_offset@sha256:1263c02735ca074e9c0e087ea0f9b7c81eff390a3df5e4d0639669fa497d8f70,kme_data@sha256:340ffae552aaffe721317f98459ada4ff964dae2a086bf97e76d4980088eabe9,2026-08-30,sealed_without_pipeline_access_to_2026_KME_outcomes
11,GORIŠKA STATISTIČNA REGIJA,2026-03-30,2026-04-06,2026-05-25,8,baseline_region_historical_rate,primary_simple_baseline,0.7313576288084981,0.6192907709054482,118096,2025,2025,,,baseline_region_historical_rate@sha256:dd1938fb6c1d1ca857d7b311203bd83930b11ddcd87bf2c7b9d8d7facdaeb05f,kme_data@sha256:340ffae552aaffe721317f98459ada4ff964dae2a086bf97e76d4980088eabe9,2026-08-30,sealed_without_pipeline_access_to_2026_KME_outcomes
11,GORIŠKA STATISTIČNA REGIJA,2026-03-30,2026-04-06,2026-05-25,8,glm_seasonal_region_offset,frozen_selected_model,0.7061695515877071,0.5979622947328505,118096,2025,2025,,,glm_seasonal_region_offset@sha256:1263c02735ca074e9c0e087ea0f9b7c81eff390a3df5e4d0639669fa497d8f70,kme_data@sha256:340ffae552aaffe721317f98459ada4ff964dae2a086bf97e76d4980088eabe9,2026-08-30,sealed_without_pipeline_access_to_2026_KME_outcomes
12,OBALNO-KRAŠKA STATISTIČNA REGIJA,2026-03-30,2026-04-06,2026-05-25,8,baseline_region_historical_rate,primary_simple_baseline,0.12877006061375834,0.10764297408925941,119627,2025,2025,,,baseline_region_historical_rate@sha256:dd1938fb6c1d1ca857d7b311203bd83930b11ddcd87bf2c7b9d8d7facdaeb05f,kme_data@sha256:340ffae552aaffe721317f98459ada4ff964dae2a086bf97e76d4980088eabe9,2026-08-30,sealed_without_pipeline_access_to_2026_KME_outcomes
12,OBALNO-KRAŠKA STATISTIČNA REGIJA,2026-03-30,2026-04-06,2026-05-25,8,glm_seasonal_region_offset,frozen_selected_model,0.12537381068311473,0.1048039411530129,119627,2025,2025,,,glm_seasonal_region_offset@sha256:1263c02735ca074e9c0e087ea0f9b7c81eff390a3df5e4d0639669fa497d8f70,kme_data@sha256:340ffae552aaffe721317f98459ada4ff964dae2a086bf97e76d4980088eabe9,2026-08-30,sealed_without_pipeline_access_to_2026_KME_outcomes
01,POMURSKA STATISTIČNA REGIJA,2026-04-06,2026-04-13,2026-06-01,8,baseline_region_historical_rate,primary_simple_baseline,0.550110426643909,0.4860835070900125,113172,2025,2025,,,baseline_region_historical_rate@sha256:dd1938fb6c1d1ca857d7b311203bd83930b11ddcd87bf2c7b9d8d7facdaeb05f,kme_data@sha256:340ffae552aaffe721317f98459ada4ff964dae2a086bf97e76d4980088eabe9,2026-08-30,sealed_without_pipeline_access_to_2026_KME_outcomes
01,POMURSKA STATISTIČNA REGIJA,2026-04-06,2026-04-13,2026-06-01,8,glm_seasonal_region_offset,frozen_selected_model,0.632337009622666,0.5587398027981003,113172,2025,2025,,,glm_seasonal_region_offset@sha256:1263c02735ca074e9c0e087ea0f9b7c81eff390a3df5e4d0639669fa497d8f70,kme_data@sha256:340ffae552aaffe721317f98459ada4ff964dae2a086bf97e76d4980088eabe9,2026-08-30,sealed_without_pipeline_access_to_2026_KME_outcomes
02,PODRAVSKA STATISTIČNA REGIJA,2026-04-06,2026-04-13,2026-06-01,8,baseline_region_historical_rate,primary_simple_baseline,1.5499050183088243,0.46709914208484377,331815,2025,2025,,,baseline_region_historical_rate@sha256:dd1938fb6c1d1ca857d7b311203bd83930b11ddcd87bf2c7b9d8d7facdaeb05f,kme_data@sha256:340ffae552aaffe721317f98459ada4ff964dae2a086bf97e76d4980088eabe9,2026-08-30,sealed_without_pipeline_access_to_2026_KME_outcomes
02,PODRAVSKA STATISTIČNA REGIJA,2026-04-06,2026-04-13,2026-06-01,8,glm_seasonal_region_offset,frozen_selected_model,1.7813272108902125,0.5368434853428001,331815,2025,2025,,,glm_seasonal_region_offset@sha256:1263c02735ca074e9c0e087ea0f9b7c81eff390a3df5e4d0639669fa497d8f70,kme_data@sha256:340ffae552aaffe721317f98459ada4ff964dae2a086bf97e76d4980088eabe9,2026-08-30,sealed_without_pipeline_access_to_2026_KME_outcomes
03,KOROŠKA STATISTIČNA REGIJA,2026-04-06,2026-04-13,2026-06-01,8,baseline_region_historical_rate,primary_simple_baseline,1.5242533951058044,2.166425133042162,70358,2025,2025,,,baseline_region_historical_rate@sha256:dd1938fb6c1d1ca857d7b311203bd83930b11ddcd87bf2c7b9d8d7facdaeb05f,kme_data@sha256:340ffae552aaffe721317f98459ada4ff964dae2a086bf97e76d4980088eabe9,2026-08-30,sealed_without_pipeline_access_to_2026_KME_outcomes
03,KOROŠKA STATISTIČNA REGIJA,2026-04-06,2026-04-13,2026-06-01,8,glm_seasonal_region_offset,frozen_selected_model,1.7520496096698324,2.4901924580997647,70358,2025,2025,,,glm_seasonal_region_offset@sha256:1263c02735ca074e9c0e087ea0f9b7c81eff390a3df5e4d0639669fa497d8f70,kme_data@sha256:340ffae552aaffe721317f98459ada4ff964dae2a086bf97e76d4980088eabe9,2026-08-30,sealed_without_pipeline_access_to_2026_KME_outcomes
04,SAVINJSKA STATISTIČNA REGIJA,2026-04-06,2026-04-13,2026-06-01,8,baseline_region_historical_rate,primary_simple_baseline,1.144303626330837,0.4354043644291541,262814,2025,2025,,,baseline_region_historical_rate@sha256:dd1938fb6c1d1ca857d7b311203bd83930b11ddcd87bf2c7b9d8d7facdaeb05f,kme_data@sha256:340ffae552aaffe721317f98459ada4ff964dae2a086bf97e76d4980088eabe9,2026-08-30,sealed_without_pipeline_access_to_2026_KME_outcomes
04,SAVINJSKA STATISTIČNA REGIJA,2026-04-06,2026-04-13,2026-06-01,8,glm_seasonal_region_offset,frozen_selected_model,1.3151682978637071,0.5004178992990127,262814,2025,2025,,,glm_seasonal_region_offset@sha256:1263c02735ca074e9c0e087ea0f9b7c81eff390a3df5e4d0639669fa497d8f70,kme_data@sha256:340ffae552aaffe721317f98459ada4ff964dae2a086bf97e76d4980088eabe9,2026-08-30,sealed_without_pipeline_access_to_2026_KME_outcomes
05,ZASAVSKA STATISTIČNA REGIJA,2026-04-06,2026-04-13,2026-06-01,8,baseline_region_historical_rate,primary_simple_baseline,0.1839970152643808,0.32233241992253525,57083,2025,2025,,,baseline_region_historical_rate@sha256:dd1938fb6c1d1ca857d7b311203bd83930b11ddcd87bf2c7b9d8d7facdaeb05f,kme_data@sha256:340ffae552aaffe721317f98459ada4ff964dae2a086bf97e76d4980088eabe9,2026-08-30,sealed_without_pipeline_access_to_2026_KME_outcomes
05,ZASAVSKA STATISTIČNA REGIJA,2026-04-06,2026-04-13,2026-06-01,8,glm_seasonal_region_offset,frozen_selected_model,0.211476720333387,0.3704723303494683,57083,2025,2025,,,glm_seasonal_region_offset@sha256:1263c02735ca074e9c0e087ea0f9b7c81eff390a3df5e4d0639669fa497d8f70,kme_data@sha256:340ffae552aaffe721317f98459ada4ff964dae2a086bf97e76d4980088eabe9,2026-08-30,sealed_without_pipeline_access_to_2026_KME_outcomes
06,POSAVSKA STATISTIČNA REGIJA,2026-04-06,2026-04-13,2026-06-01,8,baseline_region_historical_rate,primary_simple_baseline,0.10070835543631036,0.13252320007936305,75993,2025,2025,,,baseline_region_historical_rate@sha256:dd1938fb6c1d1ca857d7b311203bd83930b11ddcd87bf2c7b9d8d7facdaeb05f,kme_data@sha256:340ffae552aaffe721317f98459ada4ff964dae2a086bf97e76d4980088eabe9,2026-08-30,sealed_without_pipeline_access_to_2026_KME_outcomes
06,POSAVSKA STATISTIČNA REGIJA,2026-04-06,2026-04-13,2026-06-01,8,glm_seasonal_region_offset,frozen_selected_model,0.115758522293331,0.15232787532184675,75993,2025,2025,,,glm_seasonal_region_offset@sha256:1263c02735ca074e9c0e087ea0f9b7c81eff390a3df5e4d0639669fa497d8f70,kme_data@sha256:340ffae552aaffe721317f98459ada4ff964dae2a086bf97e76d4980088eabe9,2026-08-30,sealed_without_pipeline_access_to_2026_KME_outcomes
07,JUGOVZHODNA SLOVENIJA,2026-04-06,2026-04-13,2026-06-01,8,baseline_region_historical_rate,primary_simple_baseline,1.0771151173102371,0.7245006506425218,148670,2025,2025,,,baseline_region_historical_rate@sha256:dd1938fb6c1d1ca857d7b311203bd83930b11ddcd87bf2c7b9d8d7facdaeb05f,kme_data@sha256:340ffae552aaffe721317f98459ada4ff964dae2a086bf97e76d4980088eabe9,2026-08-30,sealed_without_pipeline_access_to_2026_KME_outcomes
07,JUGOVZHODNA SLOVENIJA,2026-04-06,2026-04-13,2026-06-01,8,glm_seasonal_region_offset,frozen_selected_model,1.23792910849164,0.8326690714277526,148670,2025,2025,,,glm_seasonal_region_offset@sha256:1263c02735ca074e9c0e087ea0f9b7c81eff390a3df5e4d0639669fa497d8f70,kme_data@sha256:340ffae552aaffe721317f98459ada4ff964dae2a086bf97e76d4980088eabe9,2026-08-30,sealed_without_pipeline_access_to_2026_KME_outcomes
08,OSREDNJESLOVENSKA STATISTIČNA REGIJA,2026-04-06,2026-04-13,2026-06-01,8,baseline_region_historical_rate,primary_simple_baseline,4.7241152797641215,0.8295562192833964,569475,2025,2025,,,baseline_region_historical_rate@sha256:dd1938fb6c1d1ca857d7b311203bd83930b11ddcd87bf2c7b9d8d7facdaeb05f,kme_data@sha256:340ffae552aaffe721317f98459ada4ff964dae2a086bf97e76d4980088eabe9,2026-08-30,sealed_without_pipeline_access_to_2026_KME_outcomes
08,OSREDNJESLOVENSKA STATISTIČNA REGIJA,2026-04-06,2026-04-13,2026-06-01,8,glm_seasonal_region_offset,frozen_selected_model,5.4296390621252,0.9534464308574038,569475,2025,2025,,,glm_seasonal_region_offset@sha256:1263c02735ca074e9c0e087ea0f9b7c81eff390a3df5e4d0639669fa497d8f70,kme_data@sha256:340ffae552aaffe721317f98459ada4ff964dae2a086bf97e76d4980088eabe9,2026-08-30,sealed_without_pipeline_access_to_2026_KME_outcomes
09,GORENJSKA STATISTIČNA REGIJA,2026-04-06,2026-04-13,2026-06-01,8,baseline_region_historical_rate,primary_simple_baseline,3.422238199660669,1.630250522654079,209921,2025,2025,,,baseline_region_historical_rate@sha256:dd1938fb6c1d1ca857d7b311203bd83930b11ddcd87bf2c7b9d8d7facdaeb05f,kme_data@sha256:340ffae552aaffe721317f98459ada4ff964dae2a086bf97e76d4980088eabe9,2026-08-30,sealed_without_pipeline_access_to_2026_KME_outcomes
09,GORENJSKA STATISTIČNA REGIJA,2026-04-06,2026-04-13,2026-06-01,8,glm_seasonal_region_offset,frozen_selected_model,3.9336119583630786,1.8738534774334528,209921,2025,2025,,,glm_seasonal_region_offset@sha256:1263c02735ca074e9c0e087ea0f9b7c81eff390a3df5e4d0639669fa497d8f70,kme_data@sha256:340ffae552aaffe721317f98459ada4ff964dae2a086bf97e76d4980088eabe9,2026-08-30,sealed_without_pipeline_access_to_2026_KME_outcomes
10,PRIMORSKO-NOTRANJSKA STATISTIČNA REGIJA,2026-04-06,2026-04-13,2026-06-01,8,baseline_region_historical_rate,primary_simple_baseline,1.2394879903359548,2.302768160992745,53826,2025,2025,,,baseline_region_historical_rate@sha256:dd1938fb6c1d1ca857d7b311203bd83930b11ddcd87bf2c7b9d8d7facdaeb05f,kme_data@sha256:340ffae552aaffe721317f98459ada4ff964dae2a086bf97e76d4980088eabe9,2026-08-30,sealed_without_pipeline_access_to_2026_KME_outcomes
10,PRIMORSKO-NOTRANJSKA STATISTIČNA REGIJA,2026-04-06,2026-04-13,2026-06-01,8,glm_seasonal_region_offset,frozen_selected_model,1.4244901196212512,2.6464721874582007,53826,2025,2025,,,glm_seasonal_region_offset@sha256:1263c02735ca074e9c0e087ea0f9b7c81eff390a3df5e4d0639669fa497d8f70,kme_data@sha256:340ffae552aaffe721317f98459ada4ff964dae2a086bf97e76d4980088eabe9,2026-08-30,sealed_without_pipeline_access_to_2026_KME_outcomes
11,GORIŠKA STATISTIČNA REGIJA,2026-04-06,2026-04-13,2026-06-01,8,baseline_region_historical_rate,primary_simple_baseline,0.7313576288084981,0.6192907709054482,118096,2025,2025,,,baseline_region_historical_rate@sha256:dd1938fb6c1d1ca857d7b311203bd83930b11ddcd87bf2c7b9d8d7facdaeb05f,kme_data@sha256:340ffae552aaffe721317f98459ada4ff964dae2a086bf97e76d4980088eabe9,2026-08-30,sealed_without_pipeline_access_to_2026_KME_outcomes
11,GORIŠKA STATISTIČNA REGIJA,2026-04-06,2026-04-13,2026-06-01,8,glm_seasonal_region_offset,frozen_selected_model,0.8406540545072727,0.7118395665452452,118096,2025,2025,,,glm_seasonal_region_offset@sha256:1263c02735ca074e9c0e087ea0f9b7c81eff390a3df5e4d0639669fa497d8f70,kme_data@sha256:340ffae552aaffe721317f98459ada4ff964dae2a086bf97e76d4980088eabe9,2026-08-30,sealed_without_pipeline_access_to_2026_KME_outcomes
12,OBALNO-KRAŠKA STATISTIČNA REGIJA,2026-04-06,2026-04-13,2026-06-01,8,baseline_region_historical_rate,primary_simple_baseline,0.12877006061375834,0.10764297408925941,119627,2025,2025,,,baseline_region_historical_rate@sha256:dd1938fb6c1d1ca857d7b311203bd83930b11ddcd87bf2c7b9d8d7facdaeb05f,kme_data@sha256:340ffae552aaffe721317f98459ada4ff964dae2a086bf97e76d4980088eabe9,2026-08-30,sealed_without_pipeline_access_to_2026_KME_outcomes
12,OBALNO-KRAŠKA STATISTIČNA REGIJA,2026-04-06,2026-04-13,2026-06-01,8,glm_seasonal_region_offset,frozen_selected_model,0.14925027855254008,0.1247630372345207,119627,2025,2025,,,glm_seasonal_region_offset@sha256:1263c02735ca074e9c0e087ea0f9b7c81eff390a3df5e4d0639669fa497d8f70,kme_data@sha256:340ffae552aaffe721317f98459ada4ff964dae2a086bf97e76d4980088eabe9,2026-08-30,sealed_without_pipeline_access_to_2026_KME_outcomes
01,POMURSKA STATISTIČNA REGIJA,2026-04-13,2026-04-20,2026-06-08,8,baseline_region_historical_rate,primary_simple_baseline,0.550110426643909,0.4860835070900125,113172,2025,2025,,,baseline_region_historical_rate@sha256:dd1938fb6c1d1ca857d7b311203bd83930b11ddcd87bf2c7b9d8d7facdaeb05f,kme_data@sha256:340ffae552aaffe721317f98459ada4ff964dae2a086bf97e76d4980088eabe9,2026-08-30,sealed_without_pipeline_access_to_2026_KME_outcomes
01,POMURSKA STATISTIČNA REGIJA,2026-04-13,2026-04-20,2026-06-08,8,glm_seasonal_region_offset,frozen_selected_model,0.7450796620773549,0.6583604266756397,113172,2025,2025,,,glm_seasonal_region_offset@sha256:1263c02735ca074e9c0e087ea0f9b7c81eff390a3df5e4d0639669fa497d8f70,kme_data@sha256:340ffae552aaffe721317f98459ada4ff964dae2a086bf97e76d4980088eabe9,2026-08-30,sealed_without_pipeline_access_to_2026_KME_outcomes
02,PODRAVSKA STATISTIČNA REGIJA,2026-04-13,2026-04-20,2026-06-08,8,baseline_region_historical_rate,primary_simple_baseline,1.5499050183088243,0.46709914208484377,331815,2025,2025,,,baseline_region_historical_rate@sha256:dd1938fb6c1d1ca857d7b311203bd83930b11ddcd87bf2c7b9d8d7facdaeb05f,kme_data@sha256:340ffae552aaffe721317f98459ada4ff964dae2a086bf97e76d4980088eabe9,2026-08-30,sealed_without_pipeline_access_to_2026_KME_outcomes
02,PODRAVSKA STATISTIČNA REGIJA,2026-04-13,2026-04-20,2026-06-08,8,glm_seasonal_region_offset,frozen_selected_model,2.0989292990003445,0.6325601009599761,331815,2025,2025,,,glm_seasonal_region_offset@sha256:1263c02735ca074e9c0e087ea0f9b7c81eff390a3df5e4d0639669fa497d8f70,kme_data@sha256:340ffae552aaffe721317f98459ada4ff964dae2a086bf97e76d4980088eabe9,2026-08-30,sealed_without_pipeline_access_to_2026_KME_outcomes
03,KOROŠKA STATISTIČNA REGIJA,2026-04-13,2026-04-20,2026-06-08,8,baseline_region_historical_rate,primary_simple_baseline,1.5242533951058044,2.166425133042162,70358,2025,2025,,,baseline_region_historical_rate@sha256:dd1938fb6c1d1ca857d7b311203bd83930b11ddcd87bf2c7b9d8d7facdaeb05f,kme_data@sha256:340ffae552aaffe721317f98459ada4ff964dae2a086bf97e76d4980088eabe9,2026-08-30,sealed_without_pipeline_access_to_2026_KME_outcomes
03,KOROŠKA STATISTIČNA REGIJA,2026-04-13,2026-04-20,2026-06-08,8,glm_seasonal_region_offset,frozen_selected_model,2.0644316420677957,2.9341818159524085,70358,2025,2025,,,glm_seasonal_region_offset@sha256:1263c02735ca074e9c0e087ea0f9b7c81eff390a3df5e4d0639669fa497d8f70,kme_data@sha256:340ffae552aaffe721317f98459ada4ff964dae2a086bf97e76d4980088eabe9,2026-08-30,sealed_without_pipeline_access_to_2026_KME_outcomes
04,SAVINJSKA STATISTIČNA REGIJA,2026-04-13,2026-04-20,2026-06-08,8,baseline_region_historical_rate,primary_simple_baseline,1.144303626330837,0.4354043644291541,262814,2025,2025,,,baseline_region_historical_rate@sha256:dd1938fb6c1d1ca857d7b311203bd83930b11ddcd87bf2c7b9d8d7facdaeb05f,kme_data@sha256:340ffae552aaffe721317f98459ada4ff964dae2a086bf97e76d4980088eabe9,2026-08-30,sealed_without_pipeline_access_to_2026_KME_outcomes
04,SAVINJSKA STATISTIČNA REGIJA,2026-04-13,2026-04-20,2026-06-08,8,glm_seasonal_region_offset,frozen_selected_model,1.5496564901869005,0.5896400078332588,262814,2025,2025,,,glm_seasonal_region_offset@sha256:1263c02735ca074e9c0e087ea0f9b7c81eff390a3df5e4d0639669fa497d8f70,kme_data@sha256:340ffae552aaffe721317f98459ada4ff964dae2a086bf97e76d4980088eabe9,2026-08-30,sealed_without_pipeline_access_to_2026_KME_outcomes
05,ZASAVSKA STATISTIČNA REGIJA,2026-04-13,2026-04-20,2026-06-08,8,baseline_region_historical_rate,primary_simple_baseline,0.1839970152643808,0.32233241992253525,57083,2025,2025,,,baseline_region_historical_rate@sha256:dd1938fb6c1d1ca857d7b311203bd83930b11ddcd87bf2c7b9d8d7facdaeb05f,kme_data@sha256:340ffae552aaffe721317f98459ada4ff964dae2a086bf97e76d4980088eabe9,2026-08-30,sealed_without_pipeline_access_to_2026_KME_outcomes
05,ZASAVSKA STATISTIČNA REGIJA,2026-04-13,2026-04-20,2026-06-08,8,glm_seasonal_region_offset,frozen_selected_model,0.24918200409818192,0.43652576791370795,57083,2025,2025,,,glm_seasonal_region_offset@sha256:1263c02735ca074e9c0e087ea0f9b7c81eff390a3df5e4d0639669fa497d8f70,kme_data@sha256:340ffae552aaffe721317f98459ada4ff964dae2a086bf97e76d4980088eabe9,2026-08-30,sealed_without_pipeline_access_to_2026_KME_outcomes
06,POSAVSKA STATISTIČNA REGIJA,2026-04-13,2026-04-20,2026-06-08,8,baseline_region_historical_rate,primary_simple_baseline,0.10070835543631036,0.13252320007936305,75993,2025,2025,,,baseline_region_historical_rate@sha256:dd1938fb6c1d1ca857d7b311203bd83930b11ddcd87bf2c7b9d8d7facdaeb05f,kme_data@sha256:340ffae552aaffe721317f98459ada4ff964dae2a086bf97e76d4980088eabe9,2026-08-30,sealed_without_pipeline_access_to_2026_KME_outcomes
06,POSAVSKA STATISTIČNA REGIJA,2026-04-13,2026-04-20,2026-06-08,8,glm_seasonal_region_offset,frozen_selected_model,0.13639771096801134,0.17948720404249252,75993,2025,2025,,,glm_seasonal_region_offset@sha256:1263c02735ca074e9c0e087ea0f9b7c81eff390a3df5e4d0639669fa497d8f70,kme_data@sha256:340ffae552aaffe721317f98459ada4ff964dae2a086bf97e76d4980088eabe9,2026-08-30,sealed_without_pipeline_access_to_2026_KME_outcomes
07,JUGOVZHODNA SLOVENIJA,2026-04-13,2026-04-20,2026-06-08,8,baseline_region_historical_rate,primary_simple_baseline,1.0771151173102371,0.7245006506425218,148670,2025,2025,,,baseline_region_historical_rate@sha256:dd1938fb6c1d1ca857d7b311203bd83930b11ddcd87bf2c7b9d8d7facdaeb05f,kme_data@sha256:340ffae552aaffe721317f98459ada4ff964dae2a086bf97e76d4980088eabe9,2026-08-30,sealed_without_pipeline_access_to_2026_KME_outcomes
07,JUGOVZHODNA SLOVENIJA,2026-04-13,2026-04-20,2026-06-08,8,glm_seasonal_region_offset,frozen_selected_model,1.4586459242375658,0.9811299685461531,148670,2025,2025,,,glm_seasonal_region_offset@sha256:1263c02735ca074e9c0e087ea0f9b7c81eff390a3df5e4d0639669fa497d8f70,kme_data@sha256:340ffae552aaffe721317f98459ada4ff964dae2a086bf97e76d4980088eabe9,2026-08-30,sealed_without_pipeline_access_to_2026_KME_outcomes
08,OSREDNJESLOVENSKA STATISTIČNA REGIJA,2026-04-13,2026-04-20,2026-06-08,8,baseline_region_historical_rate,primary_simple_baseline,4.7241152797641215,0.8295562192833964,569475,2025,2025,,,baseline_region_historical_rate@sha256:dd1938fb6c1d1ca857d7b311203bd83930b11ddcd87bf2c7b9d8d7facdaeb05f,kme_data@sha256:340ffae552aaffe721317f98459ada4ff964dae2a086bf97e76d4980088eabe9,2026-08-30,sealed_without_pipeline_access_to_2026_KME_outcomes
08,OSREDNJESLOVENSKA STATISTIČNA REGIJA,2026-04-13,2026-04-20,2026-06-08,8,glm_seasonal_region_offset,frozen_selected_model,6.397717634816797,1.1234413512123969,569475,2025,2025,,,glm_seasonal_region_offset@sha256:1263c02735ca074e9c0e087ea0f9b7c81eff390a3df5e4d0639669fa497d8f70,kme_data@sha256:340ffae552aaffe721317f98459ada4ff964dae2a086bf97e76d4980088eabe9,2026-08-30,sealed_without_pipeline_access_to_2026_KME_outcomes
09,GORENJSKA STATISTIČNA REGIJA,2026-04-13,2026-04-20,2026-06-08,8,baseline_region_historical_rate,primary_simple_baseline,3.422238199660669,1.630250522654079,209921,2025,2025,,,baseline_region_historical_rate@sha256:dd1938fb6c1d1ca857d7b311203bd83930b11ddcd87bf2c7b9d8d7facdaeb05f,kme_data@sha256:340ffae552aaffe721317f98459ada4ff964dae2a086bf97e76d4980088eabe9,2026-08-30,sealed_without_pipeline_access_to_2026_KME_outcomes
09,GORENJSKA STATISTIČNA REGIJA,2026-04-13,2026-04-20,2026-06-08,8,glm_seasonal_region_offset,frozen_selected_model,4.634956082089092,2.20795255457486,209921,2025,2025,,,glm_seasonal_region_offset@sha256:1263c02735ca074e9c0e087ea0f9b7c81eff390a3df5e4d0639669fa497d8f70,kme_data@sha256:340ffae552aaffe721317f98459ada4ff964dae2a086bf97e76d4980088eabe9,2026-08-30,sealed_without_pipeline_access_to_2026_KME_outcomes
10,PRIMORSKO-NOTRANJSKA STATISTIČNA REGIJA,2026-04-13,2026-04-20,2026-06-08,8,baseline_region_historical_rate,primary_simple_baseline,1.2394879903359548,2.302768160992745,53826,2025,2025,,,baseline_region_historical_rate@sha256:dd1938fb6c1d1ca857d7b311203bd83930b11ddcd87bf2c7b9d8d7facdaeb05f,kme_data@sha256:340ffae552aaffe721317f98459ada4ff964dae2a086bf97e76d4980088eabe9,2026-08-30,sealed_without_pipeline_access_to_2026_KME_outcomes
10,PRIMORSKO-NOTRANJSKA STATISTIČNA REGIJA,2026-04-13,2026-04-20,2026-06-08,8,glm_seasonal_region_offset,frozen_selected_model,1.678469867821395,3.1183254706301695,53826,2025,2025,,,glm_seasonal_region_offset@sha256:1263c02735ca074e9c0e087ea0f9b7c81eff390a3df5e4d0639669fa497d8f70,kme_data@sha256:340ffae552aaffe721317f98459ada4ff964dae2a086bf97e76d4980088eabe9,2026-08-30,sealed_without_pipeline_access_to_2026_KME_outcomes
11,GORIŠKA STATISTIČNA REGIJA,2026-04-13,2026-04-20,2026-06-08,8,baseline_region_historical_rate,primary_simple_baseline,0.7313576288084981,0.6192907709054482,118096,2025,2025,,,baseline_region_historical_rate@sha256:dd1938fb6c1d1ca857d7b311203bd83930b11ddcd87bf2c7b9d8d7facdaeb05f,kme_data@sha256:340ffae552aaffe721317f98459ada4ff964dae2a086bf97e76d4980088eabe9,2026-08-30,sealed_without_pipeline_access_to_2026_KME_outcomes
11,GORIŠKA STATISTIČNA REGIJA,2026-04-13,2026-04-20,2026-06-08,8,glm_seasonal_region_offset,frozen_selected_model,0.9905386357663944,0.8387571431432008,118096,2025,2025,,,glm_seasonal_region_offset@sha256:1263c02735ca074e9c0e087ea0f9b7c81eff390a3df5e4d0639669fa497d8f70,kme_data@sha256:340ffae552aaffe721317f98459ada4ff964dae2a086bf97e76d4980088eabe9,2026-08-30,sealed_without_pipeline_access_to_2026_KME_outcomes
12,OBALNO-KRAŠKA STATISTIČNA REGIJA,2026-04-13,2026-04-20,2026-06-08,8,baseline_region_historical_rate,primary_simple_baseline,0.12877006061375834,0.10764297408925941,119627,2025,2025,,,baseline_region_historical_rate@sha256:dd1938fb6c1d1ca857d7b311203bd83930b11ddcd87bf2c7b9d8d7facdaeb05f,kme_data@sha256:340ffae552aaffe721317f98459ada4ff964dae2a086bf97e76d4980088eabe9,2026-08-30,sealed_without_pipeline_access_to_2026_KME_outcomes
12,OBALNO-KRAŠKA STATISTIČNA REGIJA,2026-04-13,2026-04-20,2026-06-08,8,glm_seasonal_region_offset,frozen_selected_model,0.17586088654724785,0.14700768768526157,119627,2025,2025,,,glm_seasonal_region_offset@sha256:1263c02735ca074e9c0e087ea0f9b7c81eff390a3df5e4d0639669fa497d8f70,kme_data@sha256:340ffae552aaffe721317f98459ada4ff964dae2a086bf97e76d4980088eabe9,2026-08-30,sealed_without_pipeline_access_to_2026_KME_outcomes
01,POMURSKA STATISTIČNA REGIJA,2026-04-20,2026-04-27,2026-06-15,8,baseline_region_historical_rate,primary_simple_baseline,0.550110426643909,0.4860835070900125,113172,2025,2025,,,baseline_region_historical_rate@sha256:dd1938fb6c1d1ca857d7b311203bd83930b11ddcd87bf2c7b9d8d7facdaeb05f,kme_data@sha256:340ffae552aaffe721317f98459ada4ff964dae2a086bf97e76d4980088eabe9,2026-08-30,sealed_without_pipeline_access_to_2026_KME_outcomes
01,POMURSKA STATISTIČNA REGIJA,2026-04-20,2026-04-27,2026-06-15,8,glm_seasonal_region_offset,frozen_selected_model,0.8669004609878069,0.766002598688551,113172,2025,2025,,,glm_seasonal_region_offset@sha256:1263c02735ca074e9c0e087ea0f9b7c81eff390a3df5e4d0639669fa497d8f70,kme_data@sha256:340ffae552aaffe721317f98459ada4ff964dae2a086bf97e76d4980088eabe9,2026-08-30,sealed_without_pipeline_access_to_2026_KME_outcomes
02,PODRAVSKA STATISTIČNA REGIJA,2026-04-20,2026-04-27,2026-06-15,8,baseline_region_historical_rate,primary_simple_baseline,1.5499050183088243,0.46709914208484377,331815,2025,2025,,,baseline_region_historical_rate@sha256:dd1938fb6c1d1ca857d7b311203bd83930b11ddcd87bf2c7b9d8d7facdaeb05f,kme_data@sha256:340ffae552aaffe721317f98459ada4ff964dae2a086bf97e76d4980088eabe9,2026-08-30,sealed_without_pipeline_access_to_2026_KME_outcomes
02,PODRAVSKA STATISTIČNA REGIJA,2026-04-20,2026-04-27,2026-06-15,8,glm_seasonal_region_offset,frozen_selected_model,2.4421050117125658,0.7359839102248439,331815,2025,2025,,,glm_seasonal_region_offset@sha256:1263c02735ca074e9c0e087ea0f9b7c81eff390a3df5e4d0639669fa497d8f70,kme_data@sha256:340ffae552aaffe721317f98459ada4ff964dae2a086bf97e76d4980088eabe9,2026-08-30,sealed_without_pipeline_access_to_2026_KME_outcomes
03,KOROŠKA STATISTIČNA REGIJA,2026-04-20,2026-04-27,2026-06-15,8,baseline_region_historical_rate,primary_simple_baseline,1.5242533951058044,2.166425133042162,70358,2025,2025,,,baseline_region_historical_rate@sha256:dd1938fb6c1d1ca857d7b311203bd83930b11ddcd87bf2c7b9d8d7facdaeb05f,kme_data@sha256:340ffae552aaffe721317f98459ada4ff964dae2a086bf97e76d4980088eabe9,2026-08-30,sealed_without_pipeline_access_to_2026_KME_outcomes
03,KOROŠKA STATISTIČNA REGIJA,2026-04-20,2026-04-27,2026-06-15,8,glm_seasonal_region_offset,frozen_selected_model,2.4019669751777277,3.4139216225272575,70358,2025,2025,,,glm_seasonal_region_offset@sha256:1263c02735ca074e9c0e087ea0f9b7c81eff390a3df5e4d0639669fa497d8f70,kme_data@sha256:340ffae552aaffe721317f98459ada4ff964dae2a086bf97e76d4980088eabe9,2026-08-30,sealed_without_pipeline_access_to_2026_KME_outcomes
04,SAVINJSKA STATISTIČNA REGIJA,2026-04-20,2026-04-27,2026-06-15,8,baseline_region_historical_rate,primary_simple_baseline,1.144303626330837,0.4354043644291541,262814,2025,2025,,,baseline_region_historical_rate@sha256:dd1938fb6c1d1ca857d7b311203bd83930b11ddcd87bf2c7b9d8d7facdaeb05f,kme_data@sha256:340ffae552aaffe721317f98459ada4ff964dae2a086bf97e76d4980088eabe9,2026-08-30,sealed_without_pipeline_access_to_2026_KME_outcomes
04,SAVINJSKA STATISTIČNA REGIJA,2026-04-20,2026-04-27,2026-06-15,8,glm_seasonal_region_offset,frozen_selected_model,1.8030258965467483,0.6860463660789563,262814,2025,2025,,,glm_seasonal_region_offset@sha256:1263c02735ca074e9c0e087ea0f9b7c81eff390a3df5e4d0639669fa497d8f70,kme_data@sha256:340ffae552aaffe721317f98459ada4ff964dae2a086bf97e76d4980088eabe9,2026-08-30,sealed_without_pipeline_access_to_2026_KME_outcomes
05,ZASAVSKA STATISTIČNA REGIJA,2026-04-20,2026-04-27,2026-06-15,8,baseline_region_historical_rate,primary_simple_baseline,0.1839970152643808,0.32233241992253525,57083,2025,2025,,,baseline_region_historical_rate@sha256:dd1938fb6c1d1ca857d7b311203bd83930b11ddcd87bf2c7b9d8d7facdaeb05f,kme_data@sha256:340ffae552aaffe721317f98459ada4ff964dae2a086bf97e76d4980088eabe9,2026-08-30,sealed_without_pipeline_access_to_2026_KME_outcomes
05,ZASAVSKA STATISTIČNA REGIJA,2026-04-20,2026-04-27,2026-06-15,8,glm_seasonal_region_offset,frozen_selected_model,0.289923353457677,0.5078978915923777,57083,2025,2025,,,glm_seasonal_region_offset@sha256:1263c02735ca074e9c0e087ea0f9b7c81eff390a3df5e4d0639669fa497d8f70,kme_data@sha256:340ffae552aaffe721317f98459ada4ff964dae2a086bf97e76d4980088eabe9,2026-08-30,sealed_without_pipeline_access_to_2026_KME_outcomes
06,POSAVSKA STATISTIČNA REGIJA,2026-04-20,2026-04-27,2026-06-15,8,baseline_region_historical_rate,primary_simple_baseline,0.10070835543631036,0.13252320007936305,75993,2025,2025,,,baseline_region_historical_rate@sha256:dd1938fb6c1d1ca857d7b311203bd83930b11ddcd87bf2c7b9d8d7facdaeb05f,kme_data@sha256:340ffae552aaffe721317f98459ada4ff964dae2a086bf97e76d4980088eabe9,2026-08-30,sealed_without_pipeline_access_to_2026_KME_outcomes
06,POSAVSKA STATISTIČNA REGIJA,2026-04-20,2026-04-27,2026-06-15,8,glm_seasonal_region_offset,frozen_selected_model,0.1586987869004195,0.20883342794786294,75993,2025,2025,,,glm_seasonal_region_offset@sha256:1263c02735ca074e9c0e087ea0f9b7c81eff390a3df5e4d0639669fa497d8f70,kme_data@sha256:340ffae552aaffe721317f98459ada4ff964dae2a086bf97e76d4980088eabe9,2026-08-30,sealed_without_pipeline_access_to_2026_KME_outcomes
07,JUGOVZHODNA SLOVENIJA,2026-04-20,2026-04-27,2026-06-15,8,baseline_region_historical_rate,primary_simple_baseline,1.0771151173102371,0.7245006506425218,148670,2025,2025,,,baseline_region_historical_rate@sha256:dd1938fb6c1d1ca857d7b311203bd83930b11ddcd87bf2c7b9d8d7facdaeb05f,kme_data@sha256:340ffae552aaffe721317f98459ada4ff964dae2a086bf97e76d4980088eabe9,2026-08-30,sealed_without_pipeline_access_to_2026_KME_outcomes
07,JUGOVZHODNA SLOVENIJA,2026-04-20,2026-04-27,2026-06-15,8,glm_seasonal_region_offset,frozen_selected_model,1.697135069576292,1.141545079421734,148670,2025,2025,,,glm_seasonal_region_offset@sha256:1263c02735ca074e9c0e087ea0f9b7c81eff390a3df5e4d0639669fa497d8f70,kme_data@sha256:340ffae552aaffe721317f98459ada4ff964dae2a086bf97e76d4980088eabe9,2026-08-30,sealed_without_pipeline_access_to_2026_KME_outcomes
08,OSREDNJESLOVENSKA STATISTIČNA REGIJA,2026-04-20,2026-04-27,2026-06-15,8,baseline_region_historical_rate,primary_simple_baseline,4.7241152797641215,0.8295562192833964,569475,2025,2025,,,baseline_region_historical_rate@sha256:dd1938fb6c1d1ca857d7b311203bd83930b11ddcd87bf2c7b9d8d7facdaeb05f,kme_data@sha256:340ffae552aaffe721317f98459ada4ff964dae2a086bf97e76d4980088eabe9,2026-08-30,sealed_without_pipeline_access_to_2026_KME_outcomes
08,OSREDNJESLOVENSKA STATISTIČNA REGIJA,2026-04-20,2026-04-27,2026-06-15,8,glm_seasonal_region_offset,frozen_selected_model,7.44374682222462,1.3071244255190517,569475,2025,2025,,,glm_seasonal_region_offset@sha256:1263c02735ca074e9c0e087ea0f9b7c81eff390a3df5e4d0639669fa497d8f70,kme_data@sha256:340ffae552aaffe721317f98459ada4ff964dae2a086bf97e76d4980088eabe9,2026-08-30,sealed_without_pipeline_access_to_2026_KME_outcomes
09,GORENJSKA STATISTIČNA REGIJA,2026-04-20,2026-04-27,2026-06-15,8,baseline_region_historical_rate,primary_simple_baseline,3.422238199660669,1.630250522654079,209921,2025,2025,,,baseline_region_historical_rate@sha256:dd1938fb6c1d1ca857d7b311203bd83930b11ddcd87bf2c7b9d8d7facdaeb05f,kme_data@sha256:340ffae552aaffe721317f98459ada4ff964dae2a086bf97e76d4980088eabe9,2026-08-30,sealed_without_pipeline_access_to_2026_KME_outcomes
09,GORENJSKA STATISTIČNA REGIJA,2026-04-20,2026-04-27,2026-06-15,8,glm_seasonal_region_offset,frozen_selected_model,5.3927731069971365,2.568953609689901,209921,2025,2025,,,glm_seasonal_region_offset@sha256:1263c02735ca074e9c0e087ea0f9b7c81eff390a3df5e4d0639669fa497d8f70,kme_data@sha256:340ffae552aaffe721317f98459ada4ff964dae2a086bf97e76d4980088eabe9,2026-08-30,sealed_without_pipeline_access_to_2026_KME_outcomes
10,PRIMORSKO-NOTRANJSKA STATISTIČNA REGIJA,2026-04-20,2026-04-27,2026-06-15,8,baseline_region_historical_rate,primary_simple_baseline,1.2394879903359548,2.302768160992745,53826,2025,2025,,,baseline_region_historical_rate@sha256:dd1938fb6c1d1ca857d7b311203bd83930b11ddcd87bf2c7b9d8d7facdaeb05f,kme_data@sha256:340ffae552aaffe721317f98459ada4ff964dae2a086bf97e76d4980088eabe9,2026-08-30,sealed_without_pipeline_access_to_2026_KME_outcomes
10,PRIMORSKO-NOTRANJSKA STATISTIČNA REGIJA,2026-04-20,2026-04-27,2026-06-15,8,glm_seasonal_region_offset,frozen_selected_model,1.9529003088228767,3.62817283250265,53826,2025,2025,,,glm_seasonal_region_offset@sha256:1263c02735ca074e9c0e087ea0f9b7c81eff390a3df5e4d0639669fa497d8f70,kme_data@sha256:340ffae552aaffe721317f98459ada4ff964dae2a086bf97e76d4980088eabe9,2026-08-30,sealed_without_pipeline_access_to_2026_KME_outcomes
11,GORIŠKA STATISTIČNA REGIJA,2026-04-20,2026-04-27,2026-06-15,8,baseline_region_historical_rate,primary_simple_baseline,0.7313576288084981,0.6192907709054482,118096,2025,2025,,,baseline_region_historical_rate@sha256:dd1938fb6c1d1ca857d7b311203bd83930b11ddcd87bf2c7b9d8d7facdaeb05f,kme_data@sha256:340ffae552aaffe721317f98459ada4ff964dae2a086bf97e76d4980088eabe9,2026-08-30,sealed_without_pipeline_access_to_2026_KME_outcomes
11,GORIŠKA STATISTIČNA REGIJA,2026-04-20,2026-04-27,2026-06-15,8,glm_seasonal_region_offset,frozen_selected_model,1.1524920671945142,0.9758942446776472,118096,2025,2025,,,glm_seasonal_region_offset@sha256:1263c02735ca074e9c0e087ea0f9b7c81eff390a3df5e4d0639669fa497d8f70,kme_data@sha256:340ffae552aaffe721317f98459ada4ff964dae2a086bf97e76d4980088eabe9,2026-08-30,sealed_without_pipeline_access_to_2026_KME_outcomes
12,OBALNO-KRAŠKA STATISTIČNA REGIJA,2026-04-20,2026-04-27,2026-06-15,8,baseline_region_historical_rate,primary_simple_baseline,0.12877006061375834,0.10764297408925941,119627,2025,2025,,,baseline_region_historical_rate@sha256:dd1938fb6c1d1ca857d7b311203bd83930b11ddcd87bf2c7b9d8d7facdaeb05f,kme_data@sha256:340ffae552aaffe721317f98459ada4ff964dae2a086bf97e76d4980088eabe9,2026-08-30,sealed_without_pipeline_access_to_2026_KME_outcomes
12,OBALNO-KRAŠKA STATISTIČNA REGIJA,2026-04-20,2026-04-27,2026-06-15,8,glm_seasonal_region_offset,frozen_selected_model,0.20461420620779971,0.17104349871500557,119627,2025,2025,,,glm_seasonal_region_offset@sha256:1263c02735ca074e9c0e087ea0f9b7c81eff390a3df5e4d0639669fa497d8f70,kme_data@sha256:340ffae552aaffe721317f98459ada4ff964dae2a086bf97e76d4980088eabe9,2026-08-30,sealed_without_pipeline_access_to_2026_KME_outcomes
01,POMURSKA STATISTIČNA REGIJA,2026-04-27,2026-05-04,2026-06-22,8,baseline_region_historical_rate,primary_simple_baseline,0.550110426643909,0.4860835070900125,113172,2025,2025,,,baseline_region_historical_rate@sha256:dd1938fb6c1d1ca857d7b311203bd83930b11ddcd87bf2c7b9d8d7facdaeb05f,kme_data@sha256:340ffae552aaffe721317f98459ada4ff964dae2a086bf97e76d4980088eabe9,2026-08-30,sealed_without_pipeline_access_to_2026_KME_outcomes
01,POMURSKA STATISTIČNA REGIJA,2026-04-27,2026-05-04,2026-06-22,8,glm_seasonal_region_offset,frozen_selected_model,0.9937894759696719,0.8781231010936204,113172,2025,2025,,,glm_seasonal_region_offset@sha256:1263c02735ca074e9c0e087ea0f9b7c81eff390a3df5e4d0639669fa497d8f70,kme_data@sha256:340ffae552aaffe721317f98459ada4ff964dae2a086bf97e76d4980088eabe9,2026-08-30,sealed_without_pipeline_access_to_2026_KME_outcomes
02,PODRAVSKA STATISTIČNA REGIJA,2026-04-27,2026-05-04,2026-06-22,8,baseline_region_historical_rate,primary_simple_baseline,1.5499050183088243,0.46709914208484377,331815,2025,2025,,,baseline_region_historical_rate@sha256:dd1938fb6c1d1ca857d7b311203bd83930b11ddcd87bf2c7b9d8d7facdaeb05f,kme_data@sha256:340ffae552aaffe721317f98459ada4ff964dae2a086bf97e76d4980088eabe9,2026-08-30,sealed_without_pipeline_access_to_2026_KME_outcomes
02,PODRAVSKA STATISTIČNA REGIJA,2026-04-27,2026-05-04,2026-06-22,8,glm_seasonal_region_offset,frozen_selected_model,2.799558160445915,0.8437105496876015,331815,2025,2025,,,glm_seasonal_region_offset@sha256:1263c02735ca074e9c0e087ea0f9b7c81eff390a3df5e4d0639669fa497d8f70,kme_data@sha256:340ffae552aaffe721317f98459ada4ff964dae2a086bf97e76d4980088eabe9,2026-08-30,sealed_without_pipeline_access_to_2026_KME_outcomes
03,KOROŠKA STATISTIČNA REGIJA,2026-04-27,2026-05-04,2026-06-22,8,baseline_region_historical_rate,primary_simple_baseline,1.5242533951058044,2.166425133042162,70358,2025,2025,,,baseline_region_historical_rate@sha256:dd1938fb6c1d1ca857d7b311203bd83930b11ddcd87bf2c7b9d8d7facdaeb05f,kme_data@sha256:340ffae552aaffe721317f98459ada4ff964dae2a086bf97e76d4980088eabe9,2026-08-30,sealed_without_pipeline_access_to_2026_KME_outcomes
03,KOROŠKA STATISTIČNA REGIJA,2026-04-27,2026-05-04,2026-06-22,8,glm_seasonal_region_offset,frozen_selected_model,2.753545082717295,3.9136204592474133,70358,2025,2025,,,glm_seasonal_region_offset@sha256:1263c02735ca074e9c0e087ea0f9b7c81eff390a3df5e4d0639669fa497d8f70,kme_data@sha256:340ffae552aaffe721317f98459ada4ff964dae2a086bf97e76d4980088eabe9,2026-08-30,sealed_without_pipeline_access_to_2026_KME_outcomes
04,SAVINJSKA STATISTIČNA REGIJA,2026-04-27,2026-05-04,2026-06-22,8,baseline_region_historical_rate,primary_simple_baseline,1.144303626330837,0.4354043644291541,262814,2025,2025,,,baseline_region_historical_rate@sha256:dd1938fb6c1d1ca857d7b311203bd83930b11ddcd87bf2c7b9d8d7facdaeb05f,kme_data@sha256:340ffae552aaffe721317f98459ada4ff964dae2a086bf97e76d4980088eabe9,2026-08-30,sealed_without_pipeline_access_to_2026_KME_outcomes
04,SAVINJSKA STATISTIČNA REGIJA,2026-04-27,2026-05-04,2026-06-22,8,glm_seasonal_region_offset,frozen_selected_model,2.06693644948257,0.7864636014377354,262814,2025,2025,,,glm_seasonal_region_offset@sha256:1263c02735ca074e9c0e087ea0f9b7c81eff390a3df5e4d0639669fa497d8f70,kme_data@sha256:340ffae552aaffe721317f98459ada4ff964dae2a086bf97e76d4980088eabe9,2026-08-30,sealed_without_pipeline_access_to_2026_KME_outcomes
05,ZASAVSKA STATISTIČNA REGIJA,2026-04-27,2026-05-04,2026-06-22,8,baseline_region_historical_rate,primary_simple_baseline,0.1839970152643808,0.32233241992253525,57083,2025,2025,,,baseline_region_historical_rate@sha256:dd1938fb6c1d1ca857d7b311203bd83930b11ddcd87bf2c7b9d8d7facdaeb05f,kme_data@sha256:340ffae552aaffe721317f98459ada4ff964dae2a086bf97e76d4980088eabe9,2026-08-30,sealed_without_pipeline_access_to_2026_KME_outcomes
05,ZASAVSKA STATISTIČNA REGIJA,2026-04-27,2026-05-04,2026-06-22,8,glm_seasonal_region_offset,frozen_selected_model,0.33235970041562507,0.5822393714689575,57083,2025,2025,,,glm_seasonal_region_offset@sha256:1263c02735ca074e9c0e087ea0f9b7c81eff390a3df5e4d0639669fa497d8f70,kme_data@sha256:340ffae552aaffe721317f98459ada4ff964dae2a086bf97e76d4980088eabe9,2026-08-30,sealed_without_pipeline_access_to_2026_KME_outcomes
06,POSAVSKA STATISTIČNA REGIJA,2026-04-27,2026-05-04,2026-06-22,8,baseline_region_historical_rate,primary_simple_baseline,0.10070835543631036,0.13252320007936305,75993,2025,2025,,,baseline_region_historical_rate@sha256:dd1938fb6c1d1ca857d7b311203bd83930b11ddcd87bf2c7b9d8d7facdaeb05f,kme_data@sha256:340ffae552aaffe721317f98459ada4ff964dae2a086bf97e76d4980088eabe9,2026-08-30,sealed_without_pipeline_access_to_2026_KME_outcomes
06,POSAVSKA STATISTIČNA REGIJA,2026-04-27,2026-05-04,2026-06-22,8,glm_seasonal_region_offset,frozen_selected_model,0.18192767378515534,0.23940056819069563,75993,2025,2025,,,glm_seasonal_region_offset@sha256:1263c02735ca074e9c0e087ea0f9b7c81eff390a3df5e4d0639669fa497d8f70,kme_data@sha256:340ffae552aaffe721317f98459ada4ff964dae2a086bf97e76d4980088eabe9,2026-08-30,sealed_without_pipeline_access_to_2026_KME_outcomes
07,JUGOVZHODNA SLOVENIJA,2026-04-27,2026-05-04,2026-06-22,8,baseline_region_historical_rate,primary_simple_baseline,1.0771151173102371,0.7245006506425218,148670,2025,2025,,,baseline_region_historical_rate@sha256:dd1938fb6c1d1ca857d7b311203bd83930b11ddcd87bf2c7b9d8d7facdaeb05f,kme_data@sha256:340ffae552aaffe721317f98459ada4ff964dae2a086bf97e76d4980088eabe9,2026-08-30,sealed_without_pipeline_access_to_2026_KME_outcomes
07,JUGOVZHODNA SLOVENIJA,2026-04-27,2026-05-04,2026-06-22,8,glm_seasonal_region_offset,frozen_selected_model,1.9455462851203835,1.3086340789132869,148670,2025,2025,,,glm_seasonal_region_offset@sha256:1263c02735ca074e9c0e087ea0f9b7c81eff390a3df5e4d0639669fa497d8f70,kme_data@sha256:340ffae552aaffe721317f98459ada4ff964dae2a086bf97e76d4980088eabe9,2026-08-30,sealed_without_pipeline_access_to_2026_KME_outcomes
08,OSREDNJESLOVENSKA STATISTIČNA REGIJA,2026-04-27,2026-05-04,2026-06-22,8,baseline_region_historical_rate,primary_simple_baseline,4.7241152797641215,0.8295562192833964,569475,2025,2025,,,baseline_region_historical_rate@sha256:dd1938fb6c1d1ca857d7b311203bd83930b11ddcd87bf2c7b9d8d7facdaeb05f,kme_data@sha256:340ffae552aaffe721317f98459ada4ff964dae2a086bf97e76d4980088eabe9,2026-08-30,sealed_without_pipeline_access_to_2026_KME_outcomes
08,OSREDNJESLOVENSKA STATISTIČNA REGIJA,2026-04-27,2026-05-04,2026-06-22,8,glm_seasonal_region_offset,frozen_selected_model,8.53329486672584,1.4984494256509662,569475,2025,2025,,,glm_seasonal_region_offset@sha256:1263c02735ca074e9c0e087ea0f9b7c81eff390a3df5e4d0639669fa497d8f70,kme_data@sha256:340ffae552aaffe721317f98459ada4ff964dae2a086bf97e76d4980088eabe9,2026-08-30,sealed_without_pipeline_access_to_2026_KME_outcomes
09,GORENJSKA STATISTIČNA REGIJA,2026-04-27,2026-05-04,2026-06-22,8,baseline_region_historical_rate,primary_simple_baseline,3.422238199660669,1.630250522654079,209921,2025,2025,,,baseline_region_historical_rate@sha256:dd1938fb6c1d1ca857d7b311203bd83930b11ddcd87bf2c7b9d8d7facdaeb05f,kme_data@sha256:340ffae552aaffe721317f98459ada4ff964dae2a086bf97e76d4980088eabe9,2026-08-30,sealed_without_pipeline_access_to_2026_KME_outcomes
09,GORENJSKA STATISTIČNA REGIJA,2026-04-27,2026-05-04,2026-06-22,8,glm_seasonal_region_offset,frozen_selected_model,6.1821182491001165,2.9449737039648802,209921,2025,2025,,,glm_seasonal_region_offset@sha256:1263c02735ca074e9c0e087ea0f9b7c81eff390a3df5e4d0639669fa497d8f70,kme_data@sha256:340ffae552aaffe721317f98459ada4ff964dae2a086bf97e76d4980088eabe9,2026-08-30,sealed_without_pipeline_access_to_2026_KME_outcomes
10,PRIMORSKO-NOTRANJSKA STATISTIČNA REGIJA,2026-04-27,2026-05-04,2026-06-22,8,baseline_region_historical_rate,primary_simple_baseline,1.2394879903359548,2.302768160992745,53826,2025,2025,,,baseline_region_historical_rate@sha256:dd1938fb6c1d1ca857d7b311203bd83930b11ddcd87bf2c7b9d8d7facdaeb05f,kme_data@sha256:340ffae552aaffe721317f98459ada4ff964dae2a086bf97e76d4980088eabe9,2026-08-30,sealed_without_pipeline_access_to_2026_KME_outcomes
10,PRIMORSKO-NOTRANJSKA STATISTIČNA REGIJA,2026-04-27,2026-05-04,2026-06-22,8,glm_seasonal_region_offset,frozen_selected_model,2.2387481168422108,4.159231815186361,53826,2025,2025,,,glm_seasonal_region_offset@sha256:1263c02735ca074e9c0e087ea0f9b7c81eff390a3df5e4d0639669fa497d8f70,kme_data@sha256:340ffae552aaffe721317f98459ada4ff964dae2a086bf97e76d4980088eabe9,2026-08-30,sealed_without_pipeline_access_to_2026_KME_outcomes
11,GORIŠKA STATISTIČNA REGIJA,2026-04-27,2026-05-04,2026-06-22,8,baseline_region_historical_rate,primary_simple_baseline,0.7313576288084981,0.6192907709054482,118096,2025,2025,,,baseline_region_historical_rate@sha256:dd1938fb6c1d1ca857d7b311203bd83930b11ddcd87bf2c7b9d8d7facdaeb05f,kme_data@sha256:340ffae552aaffe721317f98459ada4ff964dae2a086bf97e76d4980088eabe9,2026-08-30,sealed_without_pipeline_access_to_2026_KME_outcomes
11,GORIŠKA STATISTIČNA REGIJA,2026-04-27,2026-05-04,2026-06-22,8,glm_seasonal_region_offset,frozen_selected_model,1.3211833873191923,1.1187367796700924,118096,2025,2025,,,glm_seasonal_region_offset@sha256:1263c02735ca074e9c0e087ea0f9b7c81eff390a3df5e4d0639669fa497d8f70,kme_data@sha256:340ffae552aaffe721317f98459ada4ff964dae2a086bf97e76d4980088eabe9,2026-08-30,sealed_without_pipeline_access_to_2026_KME_outcomes
12,OBALNO-KRAŠKA STATISTIČNA REGIJA,2026-04-27,2026-05-04,2026-06-22,8,baseline_region_historical_rate,primary_simple_baseline,0.12877006061375834,0.10764297408925941,119627,2025,2025,,,baseline_region_historical_rate@sha256:dd1938fb6c1d1ca857d7b311203bd83930b11ddcd87bf2c7b9d8d7facdaeb05f,kme_data@sha256:340ffae552aaffe721317f98459ada4ff964dae2a086bf97e76d4980088eabe9,2026-08-30,sealed_without_pipeline_access_to_2026_KME_outcomes
12,OBALNO-KRAŠKA STATISTIČNA REGIJA,2026-04-27,2026-05-04,2026-06-22,8,glm_seasonal_region_offset,frozen_selected_model,0.23456377509765763,0.19607929238186833,119627,2025,2025,,,glm_seasonal_region_offset@sha256:1263c02735ca074e9c0e087ea0f9b7c81eff390a3df5e4d0639669fa497d8f70,kme_data@sha256:340ffae552aaffe721317f98459ada4ff964dae2a086bf97e76d4980088eabe9,2026-08-30,sealed_without_pipeline_access_to_2026_KME_outcomes
01,POMURSKA STATISTIČNA REGIJA,2026-05-04,2026-05-11,2026-06-29,8,baseline_region_historical_rate,primary_simple_baseline,0.550110426643909,0.4860835070900125,113172,2025,2025,,,baseline_region_historical_rate@sha256:dd1938fb6c1d1ca857d7b311203bd83930b11ddcd87bf2c7b9d8d7facdaeb05f,kme_data@sha256:340ffae552aaffe721317f98459ada4ff964dae2a086bf97e76d4980088eabe9,2026-08-30,sealed_without_pipeline_access_to_2026_KME_outcomes
01,POMURSKA STATISTIČNA REGIJA,2026-05-04,2026-05-11,2026-06-29,8,glm_seasonal_region_offset,frozen_selected_model,1.1202573986993671,0.9898715218422995,113172,2025,2025,,,glm_seasonal_region_offset@sha256:1263c02735ca074e9c0e087ea0f9b7c81eff390a3df5e4d0639669fa497d8f70,kme_data@sha256:340ffae552aaffe721317f98459ada4ff964dae2a086bf97e76d4980088eabe9,2026-08-30,sealed_without_pipeline_access_to_2026_KME_outcomes
02,PODRAVSKA STATISTIČNA REGIJA,2026-05-04,2026-05-11,2026-06-29,8,baseline_region_historical_rate,primary_simple_baseline,1.5499050183088243,0.46709914208484377,331815,2025,2025,,,baseline_region_historical_rate@sha256:dd1938fb6c1d1ca857d7b311203bd83930b11ddcd87bf2c7b9d8d7facdaeb05f,kme_data@sha256:340ffae552aaffe721317f98459ada4ff964dae2a086bf97e76d4980088eabe9,2026-08-30,sealed_without_pipeline_access_to_2026_KME_outcomes
02,PODRAVSKA STATISTIČNA REGIJA,2026-05-04,2026-05-11,2026-06-29,8,glm_seasonal_region_offset,frozen_selected_model,3.1558250697599823,0.9510796889109842,331815,2025,2025,,,glm_seasonal_region_offset@sha256:1263c02735ca074e9c0e087ea0f9b7c81eff390a3df5e4d0639669fa497d8f70,kme_data@sha256:340ffae552aaffe721317f98459ada4ff964dae2a086bf97e76d4980088eabe9,2026-08-30,sealed_without_pipeline_access_to_2026_KME_outcomes
03,KOROŠKA STATISTIČNA REGIJA,2026-05-04,2026-05-11,2026-06-29,8,baseline_region_historical_rate,primary_simple_baseline,1.5242533951058044,2.166425133042162,70358,2025,2025,,,baseline_region_historical_rate@sha256:dd1938fb6c1d1ca857d7b311203bd83930b11ddcd87bf2c7b9d8d7facdaeb05f,kme_data@sha256:340ffae552aaffe721317f98459ada4ff964dae2a086bf97e76d4980088eabe9,2026-08-30,sealed_without_pipeline_access_to_2026_KME_outcomes
03,KOROŠKA STATISTIČNA REGIJA,2026-05-04,2026-05-11,2026-06-29,8,glm_seasonal_region_offset,frozen_selected_model,3.103956447673679,4.41166100183871,70358,2025,2025,,,glm_seasonal_region_offset@sha256:1263c02735ca074e9c0e087ea0f9b7c81eff390a3df5e4d0639669fa497d8f70,kme_data@sha256:340ffae552aaffe721317f98459ada4ff964dae2a086bf97e76d4980088eabe9,2026-08-30,sealed_without_pipeline_access_to_2026_KME_outcomes
04,SAVINJSKA STATISTIČNA REGIJA,2026-05-04,2026-05-11,2026-06-29,8,baseline_region_historical_rate,primary_simple_baseline,1.144303626330837,0.4354043644291541,262814,2025,2025,,,baseline_region_historical_rate@sha256:dd1938fb6c1d1ca857d7b311203bd83930b11ddcd87bf2c7b9d8d7facdaeb05f,kme_data@sha256:340ffae552aaffe721317f98459ada4ff964dae2a086bf97e76d4980088eabe9,2026-08-30,sealed_without_pipeline_access_to_2026_KME_outcomes
04,SAVINJSKA STATISTIČNA REGIJA,2026-05-04,2026-05-11,2026-06-29,8,glm_seasonal_region_offset,frozen_selected_model,2.329971192253714,0.8865475934515337,262814,2025,2025,,,glm_seasonal_region_offset@sha256:1263c02735ca074e9c0e087ea0f9b7c81eff390a3df5e4d0639669fa497d8f70,kme_data@sha256:340ffae552aaffe721317f98459ada4ff964dae2a086bf97e76d4980088eabe9,2026-08-30,sealed_without_pipeline_access_to_2026_KME_outcomes
05,ZASAVSKA STATISTIČNA REGIJA,2026-05-04,2026-05-11,2026-06-29,8,baseline_region_historical_rate,primary_simple_baseline,0.1839970152643808,0.32233241992253525,57083,2025,2025,,,baseline_region_historical_rate@sha256:dd1938fb6c1d1ca857d7b311203bd83930b11ddcd87bf2c7b9d8d7facdaeb05f,kme_data@sha256:340ffae552aaffe721317f98459ada4ff964dae2a086bf97e76d4980088eabe9,2026-08-30,sealed_without_pipeline_access_to_2026_KME_outcomes
05,ZASAVSKA STATISTIČNA REGIJA,2026-05-04,2026-05-11,2026-06-29,8,glm_seasonal_region_offset,frozen_selected_model,0.3746552186586767,0.656334142667128,57083,2025,2025,,,glm_seasonal_region_offset@sha256:1263c02735ca074e9c0e087ea0f9b7c81eff390a3df5e4d0639669fa497d8f70,kme_data@sha256:340ffae552aaffe721317f98459ada4ff964dae2a086bf97e76d4980088eabe9,2026-08-30,sealed_without_pipeline_access_to_2026_KME_outcomes
06,POSAVSKA STATISTIČNA REGIJA,2026-05-04,2026-05-11,2026-06-29,8,baseline_region_historical_rate,primary_simple_baseline,0.10070835543631036,0.13252320007936305,75993,2025,2025,,,baseline_region_historical_rate@sha256:dd1938fb6c1d1ca857d7b311203bd83930b11ddcd87bf2c7b9d8d7facdaeb05f,kme_data@sha256:340ffae552aaffe721317f98459ada4ff964dae2a086bf97e76d4980088eabe9,2026-08-30,sealed_without_pipeline_access_to_2026_KME_outcomes
06,POSAVSKA STATISTIČNA REGIJA,2026-05-04,2026-05-11,2026-06-29,8,glm_seasonal_region_offset,frozen_selected_model,0.20507947358481066,0.2698662687152904,75993,2025,2025,,,glm_seasonal_region_offset@sha256:1263c02735ca074e9c0e087ea0f9b7c81eff390a3df5e4d0639669fa497d8f70,kme_data@sha256:340ffae552aaffe721317f98459ada4ff964dae2a086bf97e76d4980088eabe9,2026-08-30,sealed_without_pipeline_access_to_2026_KME_outcomes
07,JUGOVZHODNA SLOVENIJA,2026-05-04,2026-05-11,2026-06-29,8,baseline_region_historical_rate,primary_simple_baseline,1.0771151173102371,0.7245006506425218,148670,2025,2025,,,baseline_region_historical_rate@sha256:dd1938fb6c1d1ca857d7b311203bd83930b11ddcd87bf2c7b9d8d7facdaeb05f,kme_data@sha256:340ffae552aaffe721317f98459ada4ff964dae2a086bf97e76d4980088eabe9,2026-08-30,sealed_without_pipeline_access_to_2026_KME_outcomes
07,JUGOVZHODNA SLOVENIJA,2026-05-04,2026-05-11,2026-06-29,8,glm_seasonal_region_offset,frozen_selected_model,2.1931331264014027,1.4751685790014144,148670,2025,2025,,,glm_seasonal_region_offset@sha256:1263c02735ca074e9c0e087ea0f9b7c81eff390a3df5e4d0639669fa497d8f70,kme_data@sha256:340ffae552aaffe721317f98459ada4ff964dae2a086bf97e76d4980088eabe9,2026-08-30,sealed_without_pipeline_access_to_2026_KME_outcomes
08,OSREDNJESLOVENSKA STATISTIČNA REGIJA,2026-05-04,2026-05-11,2026-06-29,8,baseline_region_historical_rate,primary_simple_baseline,4.7241152797641215,0.8295562192833964,569475,2025,2025,,,baseline_region_historical_rate@sha256:dd1938fb6c1d1ca857d7b311203bd83930b11ddcd87bf2c7b9d8d7facdaeb05f,kme_data@sha256:340ffae552aaffe721317f98459ada4ff964dae2a086bf97e76d4980088eabe9,2026-08-30,sealed_without_pipeline_access_to_2026_KME_outcomes
08,OSREDNJESLOVENSKA STATISTIČNA REGIJA,2026-05-04,2026-05-11,2026-06-29,8,glm_seasonal_region_offset,frozen_selected_model,9.61922715110809,1.6891394970996252,569475,2025,2025,,,glm_seasonal_region_offset@sha256:1263c02735ca074e9c0e087ea0f9b7c81eff390a3df5e4d0639669fa497d8f70,kme_data@sha256:340ffae552aaffe721317f98459ada4ff964dae2a086bf97e76d4980088eabe9,2026-08-30,sealed_without_pipeline_access_to_2026_KME_outcomes
09,GORENJSKA STATISTIČNA REGIJA,2026-05-04,2026-05-11,2026-06-29,8,baseline_region_historical_rate,primary_simple_baseline,3.422238199660669,1.630250522654079,209921,2025,2025,,,baseline_region_historical_rate@sha256:dd1938fb6c1d1ca857d7b311203bd83930b11ddcd87bf2c7b9d8d7facdaeb05f,kme_data@sha256:340ffae552aaffe721317f98459ada4ff964dae2a086bf97e76d4980088eabe9,2026-08-30,sealed_without_pipeline_access_to_2026_KME_outcomes
09,GORENJSKA STATISTIČNA REGIJA,2026-05-04,2026-05-11,2026-06-29,8,glm_seasonal_region_offset,frozen_selected_model,6.968843880572685,3.3197459427940434,209921,2025,2025,,,glm_seasonal_region_offset@sha256:1263c02735ca074e9c0e087ea0f9b7c81eff390a3df5e4d0639669fa497d8f70,kme_data@sha256:340ffae552aaffe721317f98459ada4ff964dae2a086bf97e76d4980088eabe9,2026-08-30,sealed_without_pipeline_access_to_2026_KME_outcomes
10,PRIMORSKO-NOTRANJSKA STATISTIČNA REGIJA,2026-05-04,2026-05-11,2026-06-29,8,baseline_region_historical_rate,primary_simple_baseline,1.2394879903359548,2.302768160992745,53826,2025,2025,,,baseline_region_historical_rate@sha256:dd1938fb6c1d1ca857d7b311203bd83930b11ddcd87bf2c7b9d8d7facdaeb05f,kme_data@sha256:340ffae552aaffe721317f98459ada4ff964dae2a086bf97e76d4980088eabe9,2026-08-30,sealed_without_pipeline_access_to_2026_KME_outcomes
10,PRIMORSKO-NOTRANJSKA STATISTIČNA REGIJA,2026-05-04,2026-05-11,2026-06-29,8,glm_seasonal_region_offset,frozen_selected_model,2.5236473140044597,4.688528432364396,53826,2025,2025,,,glm_seasonal_region_offset@sha256:1263c02735ca074e9c0e087ea0f9b7c81eff390a3df5e4d0639669fa497d8f70,kme_data@sha256:340ffae552aaffe721317f98459ada4ff964dae2a086bf97e76d4980088eabe9,2026-08-30,sealed_without_pipeline_access_to_2026_KME_outcomes
11,GORIŠKA STATISTIČNA REGIJA,2026-05-04,2026-05-11,2026-06-29,8,baseline_region_historical_rate,primary_simple_baseline,0.7313576288084981,0.6192907709054482,118096,2025,2025,,,baseline_region_historical_rate@sha256:dd1938fb6c1d1ca857d7b311203bd83930b11ddcd87bf2c7b9d8d7facdaeb05f,kme_data@sha256:340ffae552aaffe721317f98459ada4ff964dae2a086bf97e76d4980088eabe9,2026-08-30,sealed_without_pipeline_access_to_2026_KME_outcomes
11,GORIŠKA STATISTIČNA REGIJA,2026-05-04,2026-05-11,2026-06-29,8,glm_seasonal_region_offset,frozen_selected_model,1.4893148905998124,1.2611052792641684,118096,2025,2025,,,glm_seasonal_region_offset@sha256:1263c02735ca074e9c0e087ea0f9b7c81eff390a3df5e4d0639669fa497d8f70,kme_data@sha256:340ffae552aaffe721317f98459ada4ff964dae2a086bf97e76d4980088eabe9,2026-08-30,sealed_without_pipeline_access_to_2026_KME_outcomes
12,OBALNO-KRAŠKA STATISTIČNA REGIJA,2026-05-04,2026-05-11,2026-06-29,8,baseline_region_historical_rate,primary_simple_baseline,0.12877006061375834,0.10764297408925941,119627,2025,2025,,,baseline_region_historical_rate@sha256:dd1938fb6c1d1ca857d7b311203bd83930b11ddcd87bf2c7b9d8d7facdaeb05f,kme_data@sha256:340ffae552aaffe721317f98459ada4ff964dae2a086bf97e76d4980088eabe9,2026-08-30,sealed_without_pipeline_access_to_2026_KME_outcomes
12,OBALNO-KRAŠKA STATISTIČNA REGIJA,2026-05-04,2026-05-11,2026-06-29,8,glm_seasonal_region_offset,frozen_selected_model,0.26441395373362203,0.22103200258605668,119627,2025,2025,,,glm_seasonal_region_offset@sha256:1263c02735ca074e9c0e087ea0f9b7c81eff390a3df5e4d0639669fa497d8f70,kme_data@sha256:340ffae552aaffe721317f98459ada4ff964dae2a086bf97e76d4980088eabe9,2026-08-30,sealed_without_pipeline_access_to_2026_KME_outcomes
01,POMURSKA STATISTIČNA REGIJA,2026-05-11,2026-05-18,2026-07-06,8,baseline_region_historical_rate,primary_simple_baseline,0.550110426643909,0.4860835070900125,113172,2025,2025,,,baseline_region_historical_rate@sha256:dd1938fb6c1d1ca857d7b311203bd83930b11ddcd87bf2c7b9d8d7facdaeb05f,kme_data@sha256:340ffae552aaffe721317f98459ada4ff964dae2a086bf97e76d4980088eabe9,2026-08-30,sealed_without_pipeline_access_to_2026_KME_outcomes
01,POMURSKA STATISTIČNA REGIJA,2026-05-11,2026-05-18,2026-07-06,8,glm_seasonal_region_offset,frozen_selected_model,1.2396099224041166,1.09533269925787,113172,2025,2025,,,glm_seasonal_region_offset@sha256:1263c02735ca074e9c0e087ea0f9b7c81eff390a3df5e4d0639669fa497d8f70,kme_data@sha256:340ffae552aaffe721317f98459ada4ff964dae2a086bf97e76d4980088eabe9,2026-08-30,sealed_without_pipeline_access_to_2026_KME_outcomes
02,PODRAVSKA STATISTIČNA REGIJA,2026-05-11,2026-05-18,2026-07-06,8,baseline_region_historical_rate,primary_simple_baseline,1.5499050183088243,0.46709914208484377,331815,2025,2025,,,baseline_region_historical_rate@sha256:dd1938fb6c1d1ca857d7b311203bd83930b11ddcd87bf2c7b9d8d7facdaeb05f,kme_data@sha256:340ffae552aaffe721317f98459ada4ff964dae2a086bf97e76d4980088eabe9,2026-08-30,sealed_without_pipeline_access_to_2026_KME_outcomes
02,PODRAVSKA STATISTIČNA REGIJA,2026-05-11,2026-05-18,2026-07-06,8,glm_seasonal_region_offset,frozen_selected_model,3.4920475190683935,1.0524079740422807,331815,2025,2025,,,glm_seasonal_region_offset@sha256:1263c02735ca074e9c0e087ea0f9b7c81eff390a3df5e4d0639669fa497d8f70,kme_data@sha256:340ffae552aaffe721317f98459ada4ff964dae2a086bf97e76d4980088eabe9,2026-08-30,sealed_without_pipeline_access_to_2026_KME_outcomes
03,KOROŠKA STATISTIČNA REGIJA,2026-05-11,2026-05-18,2026-07-06,8,baseline_region_historical_rate,primary_simple_baseline,1.5242533951058044,2.166425133042162,70358,2025,2025,,,baseline_region_historical_rate@sha256:dd1938fb6c1d1ca857d7b311203bd83930b11ddcd87bf2c7b9d8d7facdaeb05f,kme_data@sha256:340ffae552aaffe721317f98459ada4ff964dae2a086bf97e76d4980088eabe9,2026-08-30,sealed_without_pipeline_access_to_2026_KME_outcomes
03,KOROŠKA STATISTIČNA REGIJA,2026-05-11,2026-05-18,2026-07-06,8,glm_seasonal_region_offset,frozen_selected_model,3.4346528000741174,4.88168054815958,70358,2025,2025,,,glm_seasonal_region_offset@sha256:1263c02735ca074e9c0e087ea0f9b7c81eff390a3df5e4d0639669fa497d8f70,kme_data@sha256:340ffae552aaffe721317f98459ada4ff964dae2a086bf97e76d4980088eabe9,2026-08-30,sealed_without_pipeline_access_to_2026_KME_outcomes
04,SAVINJSKA STATISTIČNA REGIJA,2026-05-11,2026-05-18,2026-07-06,8,baseline_region_historical_rate,primary_simple_baseline,1.144303626330837,0.4354043644291541,262814,2025,2025,,,baseline_region_historical_rate@sha256:dd1938fb6c1d1ca857d7b311203bd83930b11ddcd87bf2c7b9d8d7facdaeb05f,kme_data@sha256:340ffae552aaffe721317f98459ada4ff964dae2a086bf97e76d4980088eabe9,2026-08-30,sealed_without_pipeline_access_to_2026_KME_outcomes
04,SAVINJSKA STATISTIČNA REGIJA,2026-05-11,2026-05-18,2026-07-06,8,glm_seasonal_region_offset,frozen_selected_model,2.5782069479628107,0.9810006118254014,262814,2025,2025,,,glm_seasonal_region_offset@sha256:1263c02735ca074e9c0e087ea0f9b7c81eff390a3df5e4d0639669fa497d8f70,kme_data@sha256:340ffae552aaffe721317f98459ada4ff964dae2a086bf97e76d4980088eabe9,2026-08-30,sealed_without_pipeline_access_to_2026_KME_outcomes
05,ZASAVSKA STATISTIČNA REGIJA,2026-05-11,2026-05-18,2026-07-06,8,baseline_region_historical_rate,primary_simple_baseline,0.1839970152643808,0.32233241992253525,57083,2025,2025,,,baseline_region_historical_rate@sha256:dd1938fb6c1d1ca857d7b311203bd83930b11ddcd87bf2c7b9d8d7facdaeb05f,kme_data@sha256:340ffae552aaffe721317f98459ada4ff964dae2a086bf97e76d4980088eabe9,2026-08-30,sealed_without_pipeline_access_to_2026_KME_outcomes
05,ZASAVSKA STATISTIČNA REGIJA,2026-05-11,2026-05-18,2026-07-06,8,glm_seasonal_region_offset,frozen_selected_model,0.4145710861351903,0.7262601582523524,57083,2025,2025,,,glm_seasonal_region_offset@sha256:1263c02735ca074e9c0e087ea0f9b7c81eff390a3df5e4d0639669fa497d8f70,kme_data@sha256:340ffae552aaffe721317f98459ada4ff964dae2a086bf97e76d4980088eabe9,2026-08-30,sealed_without_pipeline_access_to_2026_KME_outcomes
06,POSAVSKA STATISTIČNA REGIJA,2026-05-11,2026-05-18,2026-07-06,8,baseline_region_historical_rate,primary_simple_baseline,0.10070835543631036,0.13252320007936305,75993,2025,2025,,,baseline_region_historical_rate@sha256:dd1938fb6c1d1ca857d7b311203bd83930b11ddcd87bf2c7b9d8d7facdaeb05f,kme_data@sha256:340ffae552aaffe721317f98459ada4ff964dae2a086bf97e76d4980088eabe9,2026-08-30,sealed_without_pipeline_access_to_2026_KME_outcomes
06,POSAVSKA STATISTIČNA REGIJA,2026-05-11,2026-05-18,2026-07-06,8,glm_seasonal_region_offset,frozen_selected_model,0.22692869570180493,0.29861789336097394,75993,2025,2025,,,glm_seasonal_region_offset@sha256:1263c02735ca074e9c0e087ea0f9b7c81eff390a3df5e4d0639669fa497d8f70,kme_data@sha256:340ffae552aaffe721317f98459ada4ff964dae2a086bf97e76d4980088eabe9,2026-08-30,sealed_without_pipeline_access_to_2026_KME_outcomes
07,JUGOVZHODNA SLOVENIJA,2026-05-11,2026-05-18,2026-07-06,8,baseline_region_historical_rate,primary_simple_baseline,1.0771151173102371,0.7245006506425218,148670,2025,2025,,,baseline_region_historical_rate@sha256:dd1938fb6c1d1ca857d7b311203bd83930b11ddcd87bf2c7b9d8d7facdaeb05f,kme_data@sha256:340ffae552aaffe721317f98459ada4ff964dae2a086bf97e76d4980088eabe9,2026-08-30,sealed_without_pipeline_access_to_2026_KME_outcomes
07,JUGOVZHODNA SLOVENIJA,2026-05-11,2026-05-18,2026-07-06,8,glm_seasonal_region_offset,frozen_selected_model,2.4267901178753233,1.6323334350409118,148670,2025,2025,,,glm_seasonal_region_offset@sha256:1263c02735ca074e9c0e087ea0f9b7c81eff390a3df5e4d0639669fa497d8f70,kme_data@sha256:340ffae552aaffe721317f98459ada4ff964dae2a086bf97e76d4980088eabe9,2026-08-30,sealed_without_pipeline_access_to_2026_KME_outcomes
08,OSREDNJESLOVENSKA STATISTIČNA REGIJA,2026-05-11,2026-05-18,2026-07-06,8,baseline_region_historical_rate,primary_simple_baseline,4.7241152797641215,0.8295562192833964,569475,2025,2025,,,baseline_region_historical_rate@sha256:dd1938fb6c1d1ca857d7b311203bd83930b11ddcd87bf2c7b9d8d7facdaeb05f,kme_data@sha256:340ffae552aaffe721317f98459ada4ff964dae2a086bf97e76d4980088eabe9,2026-08-30,sealed_without_pipeline_access_to_2026_KME_outcomes
08,OSREDNJESLOVENSKA STATISTIČNA REGIJA,2026-05-11,2026-05-18,2026-07-06,8,glm_seasonal_region_offset,frozen_selected_model,10.64406219161479,1.869100872139214,569475,2025,2025,,,glm_seasonal_region_offset@sha256:1263c02735ca074e9c0e087ea0f9b7c81eff390a3df5e4d0639669fa497d8f70,kme_data@sha256:340ffae552aaffe721317f98459ada4ff964dae2a086bf97e76d4980088eabe9,2026-08-30,sealed_without_pipeline_access_to_2026_KME_outcomes
09,GORENJSKA STATISTIČNA REGIJA,2026-05-11,2026-05-18,2026-07-06,8,baseline_region_historical_rate,primary_simple_baseline,3.422238199660669,1.630250522654079,209921,2025,2025,,,baseline_region_historical_rate@sha256:dd1938fb6c1d1ca857d7b311203bd83930b11ddcd87bf2c7b9d8d7facdaeb05f,kme_data@sha256:340ffae552aaffe721317f98459ada4ff964dae2a086bf97e76d4980088eabe9,2026-08-30,sealed_without_pipeline_access_to_2026_KME_outcomes
09,GORENJSKA STATISTIČNA REGIJA,2026-05-11,2026-05-18,2026-07-06,8,glm_seasonal_region_offset,frozen_selected_model,7.711306376617272,3.6734325658782456,209921,2025,2025,,,glm_seasonal_region_offset@sha256:1263c02735ca074e9c0e087ea0f9b7c81eff390a3df5e4d0639669fa497d8f70,kme_data@sha256:340ffae552aaffe721317f98459ada4ff964dae2a086bf97e76d4980088eabe9,2026-08-30,sealed_without_pipeline_access_to_2026_KME_outcomes
10,PRIMORSKO-NOTRANJSKA STATISTIČNA REGIJA,2026-05-11,2026-05-18,2026-07-06,8,baseline_region_historical_rate,primary_simple_baseline,1.2394879903359548,2.302768160992745,53826,2025,2025,,,baseline_region_historical_rate@sha256:dd1938fb6c1d1ca857d7b311203bd83930b11ddcd87bf2c7b9d8d7facdaeb05f,kme_data@sha256:340ffae552aaffe721317f98459ada4ff964dae2a086bf97e76d4980088eabe9,2026-08-30,sealed_without_pipeline_access_to_2026_KME_outcomes
10,PRIMORSKO-NOTRANJSKA STATISTIČNA REGIJA,2026-05-11,2026-05-18,2026-07-06,8,glm_seasonal_region_offset,frozen_selected_model,2.7925173756678294,5.188045508987904,53826,2025,2025,,,glm_seasonal_region_offset@sha256:1263c02735ca074e9c0e087ea0f9b7c81eff390a3df5e4d0639669fa497d8f70,kme_data@sha256:340ffae552aaffe721317f98459ada4ff964dae2a086bf97e76d4980088eabe9,2026-08-30,sealed_without_pipeline_access_to_2026_KME_outcomes
11,GORIŠKA STATISTIČNA REGIJA,2026-05-11,2026-05-18,2026-07-06,8,baseline_region_historical_rate,primary_simple_baseline,0.7313576288084981,0.6192907709054482,118096,2025,2025,,,baseline_region_historical_rate@sha256:dd1938fb6c1d1ca857d7b311203bd83930b11ddcd87bf2c7b9d8d7facdaeb05f,kme_data@sha256:340ffae552aaffe721317f98459ada4ff964dae2a086bf97e76d4980088eabe9,2026-08-30,sealed_without_pipeline_access_to_2026_KME_outcomes
11,GORIŠKA STATISTIČNA REGIJA,2026-05-11,2026-05-18,2026-07-06,8,glm_seasonal_region_offset,frozen_selected_model,1.6479868984709718,1.3954637739389748,118096,2025,2025,,,glm_seasonal_region_offset@sha256:1263c02735ca074e9c0e087ea0f9b7c81eff390a3df5e4d0639669fa497d8f70,kme_data@sha256:340ffae552aaffe721317f98459ada4ff964dae2a086bf97e76d4980088eabe9,2026-08-30,sealed_without_pipeline_access_to_2026_KME_outcomes
12,OBALNO-KRAŠKA STATISTIČNA REGIJA,2026-05-11,2026-05-18,2026-07-06,8,baseline_region_historical_rate,primary_simple_baseline,0.12877006061375834,0.10764297408925941,119627,2025,2025,,,baseline_region_historical_rate@sha256:dd1938fb6c1d1ca857d7b311203bd83930b11ddcd87bf2c7b9d8d7facdaeb05f,kme_data@sha256:340ffae552aaffe721317f98459ada4ff964dae2a086bf97e76d4980088eabe9,2026-08-30,sealed_without_pipeline_access_to_2026_KME_outcomes
12,OBALNO-KRAŠKA STATISTIČNA REGIJA,2026-05-11,2026-05-18,2026-07-06,8,glm_seasonal_region_offset,frozen_selected_model,0.29258468727887554,0.24458081142123062,119627,2025,2025,,,glm_seasonal_region_offset@sha256:1263c02735ca074e9c0e087ea0f9b7c81eff390a3df5e4d0639669fa497d8f70,kme_data@sha256:340ffae552aaffe721317f98459ada4ff964dae2a086bf97e76d4980088eabe9,2026-08-30,sealed_without_pipeline_access_to_2026_KME_outcomes
01,POMURSKA STATISTIČNA REGIJA,2026-05-18,2026-05-25,2026-07-13,8,baseline_region_historical_rate,primary_simple_baseline,0.550110426643909,0.4860835070900125,113172,2025,2025,,,baseline_region_historical_rate@sha256:dd1938fb6c1d1ca857d7b311203bd83930b11ddcd87bf2c7b9d8d7facdaeb05f,kme_data@sha256:340ffae552aaffe721317f98459ada4ff964dae2a086bf97e76d4980088eabe9,2026-08-30,sealed_without_pipeline_access_to_2026_KME_outcomes
01,POMURSKA STATISTIČNA REGIJA,2026-05-18,2026-05-25,2026-07-13,8,glm_seasonal_region_offset,frozen_selected_model,1.3444926279235065,1.1880081892371845,113172,2025,2025,,,glm_seasonal_region_offset@sha256:1263c02735ca074e9c0e087ea0f9b7c81eff390a3df5e4d0639669fa497d8f70,kme_data@sha256:340ffae552aaffe721317f98459ada4ff964dae2a086bf97e76d4980088eabe9,2026-08-30,sealed_without_pipeline_access_to_2026_KME_outcomes
02,PODRAVSKA STATISTIČNA REGIJA,2026-05-18,2026-05-25,2026-07-13,8,baseline_region_historical_rate,primary_simple_baseline,1.5499050183088243,0.46709914208484377,331815,2025,2025,,,baseline_region_historical_rate@sha256:dd1938fb6c1d1ca857d7b311203bd83930b11ddcd87bf2c7b9d8d7facdaeb05f,kme_data@sha256:340ffae552aaffe721317f98459ada4ff964dae2a086bf97e76d4980088eabe9,2026-08-30,sealed_without_pipeline_access_to_2026_KME_outcomes
02,PODRAVSKA STATISTIČNA REGIJA,2026-05-18,2026-05-25,2026-07-13,8,glm_seasonal_region_offset,frozen_selected_model,3.7875077158469463,1.1414516269146802,331815,2025,2025,,,glm_seasonal_region_offset@sha256:1263c02735ca074e9c0e087ea0f9b7c81eff390a3df5e4d0639669fa497d8f70,kme_data@sha256:340ffae552aaffe721317f98459ada4ff964dae2a086bf97e76d4980088eabe9,2026-08-30,sealed_without_pipeline_access_to_2026_KME_outcomes
03,KOROŠKA STATISTIČNA REGIJA,2026-05-18,2026-05-25,2026-07-13,8,baseline_region_historical_rate,primary_simple_baseline,1.5242533951058044,2.166425133042162,70358,2025,2025,,,baseline_region_historical_rate@sha256:dd1938fb6c1d1ca857d7b311203bd83930b11ddcd87bf2c7b9d8d7facdaeb05f,kme_data@sha256:340ffae552aaffe721317f98459ada4ff964dae2a086bf97e76d4980088eabe9,2026-08-30,sealed_without_pipeline_access_to_2026_KME_outcomes
03,KOROŠKA STATISTIČNA REGIJA,2026-05-18,2026-05-25,2026-07-13,8,glm_seasonal_region_offset,frozen_selected_model,3.7252568616267023,5.294716822005603,70358,2025,2025,,,glm_seasonal_region_offset@sha256:1263c02735ca074e9c0e087ea0f9b7c81eff390a3df5e4d0639669fa497d8f70,kme_data@sha256:340ffae552aaffe721317f98459ada4ff964dae2a086bf97e76d4980088eabe9,2026-08-30,sealed_without_pipeline_access_to_2026_KME_outcomes
04,SAVINJSKA STATISTIČNA REGIJA,2026-05-18,2026-05-25,2026-07-13,8,baseline_region_historical_rate,primary_simple_baseline,1.144303626330837,0.4354043644291541,262814,2025,2025,,,baseline_region_historical_rate@sha256:dd1938fb6c1d1ca857d7b311203bd83930b11ddcd87bf2c7b9d8d7facdaeb05f,kme_data@sha256:340ffae552aaffe721317f98459ada4ff964dae2a086bf97e76d4980088eabe9,2026-08-30,sealed_without_pipeline_access_to_2026_KME_outcomes
04,SAVINJSKA STATISTIČNA REGIJA,2026-05-18,2026-05-25,2026-07-13,8,glm_seasonal_region_offset,frozen_selected_model,2.796347602699418,1.0640025275287535,262814,2025,2025,,,glm_seasonal_region_offset@sha256:1263c02735ca074e9c0e087ea0f9b7c81eff390a3df5e4d0639669fa497d8f70,kme_data@sha256:340ffae552aaffe721317f98459ada4ff964dae2a086bf97e76d4980088eabe9,2026-08-30,sealed_without_pipeline_access_to_2026_KME_outcomes
05,ZASAVSKA STATISTIČNA REGIJA,2026-05-18,2026-05-25,2026-07-13,8,baseline_region_historical_rate,primary_simple_baseline,0.1839970152643808,0.32233241992253525,57083,2025,2025,,,baseline_region_historical_rate@sha256:dd1938fb6c1d1ca857d7b311203bd83930b11ddcd87bf2c7b9d8d7facdaeb05f,kme_data@sha256:340ffae552aaffe721317f98459ada4ff964dae2a086bf97e76d4980088eabe9,2026-08-30,sealed_without_pipeline_access_to_2026_KME_outcomes
05,ZASAVSKA STATISTIČNA REGIJA,2026-05-18,2026-05-25,2026-07-13,8,glm_seasonal_region_offset,frozen_selected_model,0.4496477149666557,0.7877086259773587,57083,2025,2025,,,glm_seasonal_region_offset@sha256:1263c02735ca074e9c0e087ea0f9b7c81eff390a3df5e4d0639669fa497d8f70,kme_data@sha256:340ffae552aaffe721317f98459ada4ff964dae2a086bf97e76d4980088eabe9,2026-08-30,sealed_without_pipeline_access_to_2026_KME_outcomes
06,POSAVSKA STATISTIČNA REGIJA,2026-05-18,2026-05-25,2026-07-13,8,baseline_region_historical_rate,primary_simple_baseline,0.10070835543631036,0.13252320007936305,75993,2025,2025,,,baseline_region_historical_rate@sha256:dd1938fb6c1d1ca857d7b311203bd83930b11ddcd87bf2c7b9d8d7facdaeb05f,kme_data@sha256:340ffae552aaffe721317f98459ada4ff964dae2a086bf97e76d4980088eabe9,2026-08-30,sealed_without_pipeline_access_to_2026_KME_outcomes
06,POSAVSKA STATISTIČNA REGIJA,2026-05-18,2026-05-25,2026-07-13,8,glm_seasonal_region_offset,frozen_selected_model,0.24612900632777338,0.32388378709588167,75993,2025,2025,,,glm_seasonal_region_offset@sha256:1263c02735ca074e9c0e087ea0f9b7c81eff390a3df5e4d0639669fa497d8f70,kme_data@sha256:340ffae552aaffe721317f98459ada4ff964dae2a086bf97e76d4980088eabe9,2026-08-30,sealed_without_pipeline_access_to_2026_KME_outcomes
07,JUGOVZHODNA SLOVENIJA,2026-05-18,2026-05-25,2026-07-13,8,baseline_region_historical_rate,primary_simple_baseline,1.0771151173102371,0.7245006506425218,148670,2025,2025,,,baseline_region_historical_rate@sha256:dd1938fb6c1d1ca857d7b311203bd83930b11ddcd87bf2c7b9d8d7facdaeb05f,kme_data@sha256:340ffae552aaffe721317f98459ada4ff964dae2a086bf97e76d4980088eabe9,2026-08-30,sealed_without_pipeline_access_to_2026_KME_outcomes
07,JUGOVZHODNA SLOVENIJA,2026-05-18,2026-05-25,2026-07-13,8,glm_seasonal_region_offset,frozen_selected_model,2.6321194789027405,1.7704442583592792,148670,2025,2025,,,glm_seasonal_region_offset@sha256:1263c02735ca074e9c0e087ea0f9b7c81eff390a3df5e4d0639669fa497d8f70,kme_data@sha256:340ffae552aaffe721317f98459ada4ff964dae2a086bf97e76d4980088eabe9,2026-08-30,sealed_without_pipeline_access_to_2026_KME_outcomes
08,OSREDNJESLOVENSKA STATISTIČNA REGIJA,2026-05-18,2026-05-25,2026-07-13,8,baseline_region_historical_rate,primary_simple_baseline,4.7241152797641215,0.8295562192833964,569475,2025,2025,,,baseline_region_historical_rate@sha256:dd1938fb6c1d1ca857d7b311203bd83930b11ddcd87bf2c7b9d8d7facdaeb05f,kme_data@sha256:340ffae552aaffe721317f98459ada4ff964dae2a086bf97e76d4980088eabe9,2026-08-30,sealed_without_pipeline_access_to_2026_KME_outcomes
08,OSREDNJESLOVENSKA STATISTIČNA REGIJA,2026-05-18,2026-05-25,2026-07-13,8,glm_seasonal_region_offset,frozen_selected_model,11.54465036874723,2.027244456516481,569475,2025,2025,,,glm_seasonal_region_offset@sha256:1263c02735ca074e9c0e087ea0f9b7c81eff390a3df5e4d0639669fa497d8f70,kme_data@sha256:340ffae552aaffe721317f98459ada4ff964dae2a086bf97e76d4980088eabe9,2026-08-30,sealed_without_pipeline_access_to_2026_KME_outcomes
09,GORENJSKA STATISTIČNA REGIJA,2026-05-18,2026-05-25,2026-07-13,8,baseline_region_historical_rate,primary_simple_baseline,3.422238199660669,1.630250522654079,209921,2025,2025,,,baseline_region_historical_rate@sha256:dd1938fb6c1d1ca857d7b311203bd83930b11ddcd87bf2c7b9d8d7facdaeb05f,kme_data@sha256:340ffae552aaffe721317f98459ada4ff964dae2a086bf97e76d4980088eabe9,2026-08-30,sealed_without_pipeline_access_to_2026_KME_outcomes
09,GORENJSKA STATISTIČNA REGIJA,2026-05-18,2026-05-25,2026-07-13,8,glm_seasonal_region_offset,frozen_selected_model,8.36375571672902,3.984239650501389,209921,2025,2025,,,glm_seasonal_region_offset@sha256:1263c02735ca074e9c0e087ea0f9b7c81eff390a3df5e4d0639669fa497d8f70,kme_data@sha256:340ffae552aaffe721317f98459ada4ff964dae2a086bf97e76d4980088eabe9,2026-08-30,sealed_without_pipeline_access_to_2026_KME_outcomes
10,PRIMORSKO-NOTRANJSKA STATISTIČNA REGIJA,2026-05-18,2026-05-25,2026-07-13,8,baseline_region_historical_rate,primary_simple_baseline,1.2394879903359548,2.302768160992745,53826,2025,2025,,,baseline_region_historical_rate@sha256:dd1938fb6c1d1ca857d7b311203bd83930b11ddcd87bf2c7b9d8d7facdaeb05f,kme_data@sha256:340ffae552aaffe721317f98459ada4ff964dae2a086bf97e76d4980088eabe9,2026-08-30,sealed_without_pipeline_access_to_2026_KME_outcomes
10,PRIMORSKO-NOTRANJSKA STATISTIČNA REGIJA,2026-05-18,2026-05-25,2026-07-13,8,glm_seasonal_region_offset,frozen_selected_model,3.028790716399016,5.627003151634927,53826,2025,2025,,,glm_seasonal_region_offset@sha256:1263c02735ca074e9c0e087ea0f9b7c81eff390a3df5e4d0639669fa497d8f70,kme_data@sha256:340ffae552aaffe721317f98459ada4ff964dae2a086bf97e76d4980088eabe9,2026-08-30,sealed_without_pipeline_access_to_2026_KME_outcomes
11,GORIŠKA STATISTIČNA REGIJA,2026-05-18,2026-05-25,2026-07-13,8,baseline_region_historical_rate,primary_simple_baseline,0.7313576288084981,0.6192907709054482,118096,2025,2025,,,baseline_region_historical_rate@sha256:dd1938fb6c1d1ca857d7b311203bd83930b11ddcd87bf2c7b9d8d7facdaeb05f,kme_data@sha256:340ffae552aaffe721317f98459ada4ff964dae2a086bf97e76d4980088eabe9,2026-08-30,sealed_without_pipeline_access_to_2026_KME_outcomes
11,GORIŠKA STATISTIČNA REGIJA,2026-05-18,2026-05-25,2026-07-13,8,glm_seasonal_region_offset,frozen_selected_model,1.7874221526168286,1.5135331870823978,118096,2025,2025,,,glm_seasonal_region_offset@sha256:1263c02735ca074e9c0e087ea0f9b7c81eff390a3df5e4d0639669fa497d8f70,kme_data@sha256:340ffae552aaffe721317f98459ada4ff964dae2a086bf97e76d4980088eabe9,2026-08-30,sealed_without_pipeline_access_to_2026_KME_outcomes
12,OBALNO-KRAŠKA STATISTIČNA REGIJA,2026-05-18,2026-05-25,2026-07-13,8,baseline_region_historical_rate,primary_simple_baseline,0.12877006061375834,0.10764297408925941,119627,2025,2025,,,baseline_region_historical_rate@sha256:dd1938fb6c1d1ca857d7b311203bd83930b11ddcd87bf2c7b9d8d7facdaeb05f,kme_data@sha256:340ffae552aaffe721317f98459ada4ff964dae2a086bf97e76d4980088eabe9,2026-08-30,sealed_without_pipeline_access_to_2026_KME_outcomes
12,OBALNO-KRAŠKA STATISTIČNA REGIJA,2026-05-18,2026-05-25,2026-07-13,8,glm_seasonal_region_offset,frozen_selected_model,0.3173401148054947,0.2652746577323637,119627,2025,2025,,,glm_seasonal_region_offset@sha256:1263c02735ca074e9c0e087ea0f9b7c81eff390a3df5e4d0639669fa497d8f70,kme_data@sha256:340ffae552aaffe721317f98459ada4ff964dae2a086bf97e76d4980088eabe9,2026-08-30,sealed_without_pipeline_access_to_2026_KME_outcomes
01,POMURSKA STATISTIČNA REGIJA,2026-05-25,2026-06-01,2026-07-20,8,baseline_region_historical_rate,primary_simple_baseline,0.550110426643909,0.4860835070900125,113172,2025,2025,,,baseline_region_historical_rate@sha256:dd1938fb6c1d1ca857d7b311203bd83930b11ddcd87bf2c7b9d8d7facdaeb05f,kme_data@sha256:340ffae552aaffe721317f98459ada4ff964dae2a086bf97e76d4980088eabe9,2026-08-30,sealed_without_pipeline_access_to_2026_KME_outcomes
01,POMURSKA STATISTIČNA REGIJA,2026-05-25,2026-06-01,2026-07-20,8,glm_seasonal_region_offset,frozen_selected_model,1.4276653227980558,1.2615004796222173,113172,2025,2025,,,glm_seasonal_region_offset@sha256:1263c02735ca074e9c0e087ea0f9b7c81eff390a3df5e4d0639669fa497d8f70,kme_data@sha256:340ffae552aaffe721317f98459ada4ff964dae2a086bf97e76d4980088eabe9,2026-08-30,sealed_without_pipeline_access_to_2026_KME_outcomes
02,PODRAVSKA STATISTIČNA REGIJA,2026-05-25,2026-06-01,2026-07-20,8,baseline_region_historical_rate,primary_simple_baseline,1.5499050183088243,0.46709914208484377,331815,2025,2025,,,baseline_region_historical_rate@sha256:dd1938fb6c1d1ca857d7b311203bd83930b11ddcd87bf2c7b9d8d7facdaeb05f,kme_data@sha256:340ffae552aaffe721317f98459ada4ff964dae2a086bf97e76d4980088eabe9,2026-08-30,sealed_without_pipeline_access_to_2026_KME_outcomes
02,PODRAVSKA STATISTIČNA REGIJA,2026-05-25,2026-06-01,2026-07-20,8,glm_seasonal_region_offset,frozen_selected_model,4.021809650303563,1.2120638459091853,331815,2025,2025,,,glm_seasonal_region_offset@sha256:1263c02735ca074e9c0e087ea0f9b7c81eff390a3df5e4d0639669fa497d8f70,kme_data@sha256:340ffae552aaffe721317f98459ada4ff964dae2a086bf97e76d4980088eabe9,2026-08-30,sealed_without_pipeline_access_to_2026_KME_outcomes
03,KOROŠKA STATISTIČNA REGIJA,2026-05-25,2026-06-01,2026-07-20,8,baseline_region_historical_rate,primary_simple_baseline,1.5242533951058044,2.166425133042162,70358,2025,2025,,,baseline_region_historical_rate@sha256:dd1938fb6c1d1ca857d7b311203bd83930b11ddcd87bf2c7b9d8d7facdaeb05f,kme_data@sha256:340ffae552aaffe721317f98459ada4ff964dae2a086bf97e76d4980088eabe9,2026-08-30,sealed_without_pipeline_access_to_2026_KME_outcomes
03,KOROŠKA STATISTIČNA REGIJA,2026-05-25,2026-06-01,2026-07-20,8,glm_seasonal_region_offset,frozen_selected_model,3.955707848003569,5.622257380828859,70358,2025,2025,,,glm_seasonal_region_offset@sha256:1263c02735ca074e9c0e087ea0f9b7c81eff390a3df5e4d0639669fa497d8f70,kme_data@sha256:340ffae552aaffe721317f98459ada4ff964dae2a086bf97e76d4980088eabe9,2026-08-30,sealed_without_pipeline_access_to_2026_KME_outcomes
04,SAVINJSKA STATISTIČNA REGIJA,2026-05-25,2026-06-01,2026-07-20,8,baseline_region_historical_rate,primary_simple_baseline,1.144303626330837,0.4354043644291541,262814,2025,2025,,,baseline_region_historical_rate@sha256:dd1938fb6c1d1ca857d7b311203bd83930b11ddcd87bf2c7b9d8d7facdaeb05f,kme_data@sha256:340ffae552aaffe721317f98459ada4ff964dae2a086bf97e76d4980088eabe9,2026-08-30,sealed_without_pipeline_access_to_2026_KME_outcomes
04,SAVINJSKA STATISTIČNA REGIJA,2026-05-25,2026-06-01,2026-07-20,8,glm_seasonal_region_offset,frozen_selected_model,2.9693346173487303,1.129823608083561,262814,2025,2025,,,glm_seasonal_region_offset@sha256:1263c02735ca074e9c0e087ea0f9b7c81eff390a3df5e4d0639669fa497d8f70,kme_data@sha256:340ffae552aaffe721317f98459ada4ff964dae2a086bf97e76d4980088eabe9,2026-08-30,sealed_without_pipeline_access_to_2026_KME_outcomes
05,ZASAVSKA STATISTIČNA REGIJA,2026-05-25,2026-06-01,2026-07-20,8,baseline_region_historical_rate,primary_simple_baseline,0.1839970152643808,0.32233241992253525,57083,2025,2025,,,baseline_region_historical_rate@sha256:dd1938fb6c1d1ca857d7b311203bd83930b11ddcd87bf2c7b9d8d7facdaeb05f,kme_data@sha256:340ffae552aaffe721317f98459ada4ff964dae2a086bf97e76d4980088eabe9,2026-08-30,sealed_without_pipeline_access_to_2026_KME_outcomes
05,ZASAVSKA STATISTIČNA REGIJA,2026-05-25,2026-06-01,2026-07-20,8,glm_seasonal_region_offset,frozen_selected_model,0.47746371887864414,0.8364376765037649,57083,2025,2025,,,glm_seasonal_region_offset@sha256:1263c02735ca074e9c0e087ea0f9b7c81eff390a3df5e4d0639669fa497d8f70,kme_data@sha256:340ffae552aaffe721317f98459ada4ff964dae2a086bf97e76d4980088eabe9,2026-08-30,sealed_without_pipeline_access_to_2026_KME_outcomes
06,POSAVSKA STATISTIČNA REGIJA,2026-05-25,2026-06-01,2026-07-20,8,baseline_region_historical_rate,primary_simple_baseline,0.10070835543631036,0.13252320007936305,75993,2025,2025,,,baseline_region_historical_rate@sha256:dd1938fb6c1d1ca857d7b311203bd83930b11ddcd87bf2c7b9d8d7facdaeb05f,kme_data@sha256:340ffae552aaffe721317f98459ada4ff964dae2a086bf97e76d4980088eabe9,2026-08-30,sealed_without_pipeline_access_to_2026_KME_outcomes
06,POSAVSKA STATISTIČNA REGIJA,2026-05-25,2026-06-01,2026-07-20,8,glm_seasonal_region_offset,frozen_selected_model,0.2613549825197682,0.34391981171919545,75993,2025,2025,,,glm_seasonal_region_offset@sha256:1263c02735ca074e9c0e087ea0f9b7c81eff390a3df5e4d0639669fa497d8f70,kme_data@sha256:340ffae552aaffe721317f98459ada4ff964dae2a086bf97e76d4980088eabe9,2026-08-30,sealed_without_pipeline_access_to_2026_KME_outcomes
07,JUGOVZHODNA SLOVENIJA,2026-05-25,2026-06-01,2026-07-20,8,baseline_region_historical_rate,primary_simple_baseline,1.0771151173102371,0.7245006506425218,148670,2025,2025,,,baseline_region_historical_rate@sha256:dd1938fb6c1d1ca857d7b311203bd83930b11ddcd87bf2c7b9d8d7facdaeb05f,kme_data@sha256:340ffae552aaffe721317f98459ada4ff964dae2a086bf97e76d4980088eabe9,2026-08-30,sealed_without_pipeline_access_to_2026_KME_outcomes
07,JUGOVZHODNA SLOVENIJA,2026-05-25,2026-06-01,2026-07-20,8,glm_seasonal_region_offset,frozen_selected_model,2.79494705098861,1.8799670753942357,148670,2025,2025,,,glm_seasonal_region_offset@sha256:1263c02735ca074e9c0e087ea0f9b7c81eff390a3df5e4d0639669fa497d8f70,kme_data@sha256:340ffae552aaffe721317f98459ada4ff964dae2a086bf97e76d4980088eabe9,2026-08-30,sealed_without_pipeline_access_to_2026_KME_outcomes
08,OSREDNJESLOVENSKA STATISTIČNA REGIJA,2026-05-25,2026-06-01,2026-07-20,8,baseline_region_historical_rate,primary_simple_baseline,4.7241152797641215,0.8295562192833964,569475,2025,2025,,,baseline_region_historical_rate@sha256:dd1938fb6c1d1ca857d7b311203bd83930b11ddcd87bf2c7b9d8d7facdaeb05f,kme_data@sha256:340ffae552aaffe721317f98459ada4ff964dae2a086bf97e76d4980088eabe9,2026-08-30,sealed_without_pipeline_access_to_2026_KME_outcomes
08,OSREDNJESLOVENSKA STATISTIČNA REGIJA,2026-05-25,2026-06-01,2026-07-20,8,glm_seasonal_region_offset,frozen_selected_model,12.258822884543125,2.1526533885672112,569475,2025,2025,,,glm_seasonal_region_offset@sha256:1263c02735ca074e9c0e087ea0f9b7c81eff390a3df5e4d0639669fa497d8f70,kme_data@sha256:340ffae552aaffe721317f98459ada4ff964dae2a086bf97e76d4980088eabe9,2026-08-30,sealed_without_pipeline_access_to_2026_KME_outcomes
09,GORENJSKA STATISTIČNA REGIJA,2026-05-25,2026-06-01,2026-07-20,8,baseline_region_historical_rate,primary_simple_baseline,3.422238199660669,1.630250522654079,209921,2025,2025,,,baseline_region_historical_rate@sha256:dd1938fb6c1d1ca857d7b311203bd83930b11ddcd87bf2c7b9d8d7facdaeb05f,kme_data@sha256:340ffae552aaffe721317f98459ada4ff964dae2a086bf97e76d4980088eabe9,2026-08-30,sealed_without_pipeline_access_to_2026_KME_outcomes
09,GORENJSKA STATISTIČNA REGIJA,2026-05-25,2026-06-01,2026-07-20,8,glm_seasonal_region_offset,frozen_selected_model,8.881152456424903,4.230711770820882,209921,2025,2025,,,glm_seasonal_region_offset@sha256:1263c02735ca074e9c0e087ea0f9b7c81eff390a3df5e4d0639669fa497d8f70,kme_data@sha256:340ffae552aaffe721317f98459ada4ff964dae2a086bf97e76d4980088eabe9,2026-08-30,sealed_without_pipeline_access_to_2026_KME_outcomes
10,PRIMORSKO-NOTRANJSKA STATISTIČNA REGIJA,2026-05-25,2026-06-01,2026-07-20,8,baseline_region_historical_rate,primary_simple_baseline,1.2394879903359548,2.302768160992745,53826,2025,2025,,,baseline_region_historical_rate@sha256:dd1938fb6c1d1ca857d7b311203bd83930b11ddcd87bf2c7b9d8d7facdaeb05f,kme_data@sha256:340ffae552aaffe721317f98459ada4ff964dae2a086bf97e76d4980088eabe9,2026-08-30,sealed_without_pipeline_access_to_2026_KME_outcomes
10,PRIMORSKO-NOTRANJSKA STATISTIČNA REGIJA,2026-05-25,2026-06-01,2026-07-20,8,glm_seasonal_region_offset,frozen_selected_model,3.216157073686514,5.975099531242363,53826,2025,2025,,,glm_seasonal_region_offset@sha256:1263c02735ca074e9c0e087ea0f9b7c81eff390a3df5e4d0639669fa497d8f70,kme_data@sha256:340ffae552aaffe721317f98459ada4ff964dae2a086bf97e76d4980088eabe9,2026-08-30,sealed_without_pipeline_access_to_2026_KME_outcomes
11,GORIŠKA STATISTIČNA REGIJA,2026-05-25,2026-06-01,2026-07-20,8,baseline_region_historical_rate,primary_simple_baseline,0.7313576288084981,0.6192907709054482,118096,2025,2025,,,baseline_region_historical_rate@sha256:dd1938fb6c1d1ca857d7b311203bd83930b11ddcd87bf2c7b9d8d7facdaeb05f,kme_data@sha256:340ffae552aaffe721317f98459ada4ff964dae2a086bf97e76d4980088eabe9,2026-08-30,sealed_without_pipeline_access_to_2026_KME_outcomes
11,GORIŠKA STATISTIČNA REGIJA,2026-05-25,2026-06-01,2026-07-20,8,glm_seasonal_region_offset,frozen_selected_model,1.8979952522560686,1.607163030294056,118096,2025,2025,,,glm_seasonal_region_offset@sha256:1263c02735ca074e9c0e087ea0f9b7c81eff390a3df5e4d0639669fa497d8f70,kme_data@sha256:340ffae552aaffe721317f98459ada4ff964dae2a086bf97e76d4980088eabe9,2026-08-30,sealed_without_pipeline_access_to_2026_KME_outcomes
12,OBALNO-KRAŠKA STATISTIČNA REGIJA,2026-05-25,2026-06-01,2026-07-20,8,baseline_region_historical_rate,primary_simple_baseline,0.12877006061375834,0.10764297408925941,119627,2025,2025,,,baseline_region_historical_rate@sha256:dd1938fb6c1d1ca857d7b311203bd83930b11ddcd87bf2c7b9d8d7facdaeb05f,kme_data@sha256:340ffae552aaffe721317f98459ada4ff964dae2a086bf97e76d4980088eabe9,2026-08-30,sealed_without_pipeline_access_to_2026_KME_outcomes
12,OBALNO-KRAŠKA STATISTIČNA REGIJA,2026-05-25,2026-06-01,2026-07-20,8,glm_seasonal_region_offset,frozen_selected_model,0.33697133627298304,0.2816850178245572,119627,2025,2025,,,glm_seasonal_region_offset@sha256:1263c02735ca074e9c0e087ea0f9b7c81eff390a3df5e4d0639669fa497d8f70,kme_data@sha256:340ffae552aaffe721317f98459ada4ff964dae2a086bf97e76d4980088eabe9,2026-08-30,sealed_without_pipeline_access_to_2026_KME_outcomes
01,POMURSKA STATISTIČNA REGIJA,2026-06-01,2026-06-08,2026-07-27,8,baseline_region_historical_rate,primary_simple_baseline,0.550110426643909,0.4860835070900125,113172,2025,2025,,,baseline_region_historical_rate@sha256:dd1938fb6c1d1ca857d7b311203bd83930b11ddcd87bf2c7b9d8d7facdaeb05f,kme_data@sha256:340ffae552aaffe721317f98459ada4ff964dae2a086bf97e76d4980088eabe9,2026-08-30,sealed_without_pipeline_access_to_2026_KME_outcomes
01,POMURSKA STATISTIČNA REGIJA,2026-06-01,2026-06-08,2026-07-27,8,glm_seasonal_region_offset,frozen_selected_model,1.4828968693960116,1.310303669985519,113172,2025,2025,,,glm_seasonal_region_offset@sha256:1263c02735ca074e9c0e087ea0f9b7c81eff390a3df5e4d0639669fa497d8f70,kme_data@sha256:340ffae552aaffe721317f98459ada4ff964dae2a086bf97e76d4980088eabe9,2026-08-30,sealed_without_pipeline_access_to_2026_KME_outcomes
02,PODRAVSKA STATISTIČNA REGIJA,2026-06-01,2026-06-08,2026-07-27,8,baseline_region_historical_rate,primary_simple_baseline,1.5499050183088243,0.46709914208484377,331815,2025,2025,,,baseline_region_historical_rate@sha256:dd1938fb6c1d1ca857d7b311203bd83930b11ddcd87bf2c7b9d8d7facdaeb05f,kme_data@sha256:340ffae552aaffe721317f98459ada4ff964dae2a086bf97e76d4980088eabe9,2026-08-30,sealed_without_pipeline_access_to_2026_KME_outcomes
02,PODRAVSKA STATISTIČNA REGIJA,2026-06-01,2026-06-08,2026-07-27,8,glm_seasonal_region_offset,frozen_selected_model,4.177399874119815,1.2589544999833686,331815,2025,2025,,,glm_seasonal_region_offset@sha256:1263c02735ca074e9c0e087ea0f9b7c81eff390a3df5e4d0639669fa497d8f70,kme_data@sha256:340ffae552aaffe721317f98459ada4ff964dae2a086bf97e76d4980088eabe9,2026-08-30,sealed_without_pipeline_access_to_2026_KME_outcomes
03,KOROŠKA STATISTIČNA REGIJA,2026-06-01,2026-06-08,2026-07-27,8,baseline_region_historical_rate,primary_simple_baseline,1.5242533951058044,2.166425133042162,70358,2025,2025,,,baseline_region_historical_rate@sha256:dd1938fb6c1d1ca857d7b311203bd83930b11ddcd87bf2c7b9d8d7facdaeb05f,kme_data@sha256:340ffae552aaffe721317f98459ada4ff964dae2a086bf97e76d4980088eabe9,2026-08-30,sealed_without_pipeline_access_to_2026_KME_outcomes
03,KOROŠKA STATISTIČNA REGIJA,2026-06-01,2026-06-08,2026-07-27,8,glm_seasonal_region_offset,frozen_selected_model,4.10874081647738,5.839763518686404,70358,2025,2025,,,glm_seasonal_region_offset@sha256:1263c02735ca074e9c0e087ea0f9b7c81eff390a3df5e4d0639669fa497d8f70,kme_data@sha256:340ffae552aaffe721317f98459ada4ff964dae2a086bf97e76d4980088eabe9,2026-08-30,sealed_without_pipeline_access_to_2026_KME_outcomes
04,SAVINJSKA STATISTIČNA REGIJA,2026-06-01,2026-06-08,2026-07-27,8,baseline_region_historical_rate,primary_simple_baseline,1.144303626330837,0.4354043644291541,262814,2025,2025,,,baseline_region_historical_rate@sha256:dd1938fb6c1d1ca857d7b311203bd83930b11ddcd87bf2c7b9d8d7facdaeb05f,kme_data@sha256:340ffae552aaffe721317f98459ada4ff964dae2a086bf97e76d4980088eabe9,2026-08-30,sealed_without_pipeline_access_to_2026_KME_outcomes
04,SAVINJSKA STATISTIČNA REGIJA,2026-06-01,2026-06-08,2026-07-27,8,glm_seasonal_region_offset,frozen_selected_model,3.0842081389396285,1.173532665284052,262814,2025,2025,,,glm_seasonal_region_offset@sha256:1263c02735ca074e9c0e087ea0f9b7c81eff390a3df5e4d0639669fa497d8f70,kme_data@sha256:340ffae552aaffe721317f98459ada4ff964dae2a086bf97e76d4980088eabe9,2026-08-30,sealed_without_pipeline_access_to_2026_KME_outcomes
05,ZASAVSKA STATISTIČNA REGIJA,2026-06-01,2026-06-08,2026-07-27,8,baseline_region_historical_rate,primary_simple_baseline,0.1839970152643808,0.32233241992253525,57083,2025,2025,,,baseline_region_historical_rate@sha256:dd1938fb6c1d1ca857d7b311203bd83930b11ddcd87bf2c7b9d8d7facdaeb05f,kme_data@sha256:340ffae552aaffe721317f98459ada4ff964dae2a086bf97e76d4980088eabe9,2026-08-30,sealed_without_pipeline_access_to_2026_KME_outcomes
05,ZASAVSKA STATISTIČNA REGIJA,2026-06-01,2026-06-08,2026-07-27,8,glm_seasonal_region_offset,frozen_selected_model,0.4959351765914328,0.8687966234981218,57083,2025,2025,,,glm_seasonal_region_offset@sha256:1263c02735ca074e9c0e087ea0f9b7c81eff390a3df5e4d0639669fa497d8f70,kme_data@sha256:340ffae552aaffe721317f98459ada4ff964dae2a086bf97e76d4980088eabe9,2026-08-30,sealed_without_pipeline_access_to_2026_KME_outcomes
06,POSAVSKA STATISTIČNA REGIJA,2026-06-01,2026-06-08,2026-07-27,8,baseline_region_historical_rate,primary_simple_baseline,0.10070835543631036,0.13252320007936305,75993,2025,2025,,,baseline_region_historical_rate@sha256:dd1938fb6c1d1ca857d7b311203bd83930b11ddcd87bf2c7b9d8d7facdaeb05f,kme_data@sha256:340ffae552aaffe721317f98459ada4ff964dae2a086bf97e76d4980088eabe9,2026-08-30,sealed_without_pipeline_access_to_2026_KME_outcomes
06,POSAVSKA STATISTIČNA REGIJA,2026-06-01,2026-06-08,2026-07-27,8,glm_seasonal_region_offset,frozen_selected_model,0.27146592355415394,0.3572249069705814,75993,2025,2025,,,glm_seasonal_region_offset@sha256:1263c02735ca074e9c0e087ea0f9b7c81eff390a3df5e4d0639669fa497d8f70,kme_data@sha256:340ffae552aaffe721317f98459ada4ff964dae2a086bf97e76d4980088eabe9,2026-08-30,sealed_without_pipeline_access_to_2026_KME_outcomes
07,JUGOVZHODNA SLOVENIJA,2026-06-01,2026-06-08,2026-07-27,8,baseline_region_historical_rate,primary_simple_baseline,1.0771151173102371,0.7245006506425218,148670,2025,2025,,,baseline_region_historical_rate@sha256:dd1938fb6c1d1ca857d7b311203bd83930b11ddcd87bf2c7b9d8d7facdaeb05f,kme_data@sha256:340ffae552aaffe721317f98459ada4ff964dae2a086bf97e76d4980088eabe9,2026-08-30,sealed_without_pipeline_access_to_2026_KME_outcomes
07,JUGOVZHODNA SLOVENIJA,2026-06-01,2026-06-08,2026-07-27,8,glm_seasonal_region_offset,frozen_selected_model,2.9030741069732375,1.9526966482634276,148670,2025,2025,,,glm_seasonal_region_offset@sha256:1263c02735ca074e9c0e087ea0f9b7c81eff390a3df5e4d0639669fa497d8f70,kme_data@sha256:340ffae552aaffe721317f98459ada4ff964dae2a086bf97e76d4980088eabe9,2026-08-30,sealed_without_pipeline_access_to_2026_KME_outcomes
08,OSREDNJESLOVENSKA STATISTIČNA REGIJA,2026-06-01,2026-06-08,2026-07-27,8,baseline_region_historical_rate,primary_simple_baseline,4.7241152797641215,0.8295562192833964,569475,2025,2025,,,baseline_region_historical_rate@sha256:dd1938fb6c1d1ca857d7b311203bd83930b11ddcd87bf2c7b9d8d7facdaeb05f,kme_data@sha256:340ffae552aaffe721317f98459ada4ff964dae2a086bf97e76d4980088eabe9,2026-08-30,sealed_without_pipeline_access_to_2026_KME_outcomes
08,OSREDNJESLOVENSKA STATISTIČNA REGIJA,2026-06-01,2026-06-08,2026-07-27,8,glm_seasonal_region_offset,frozen_selected_model,12.733075313716613,2.2359322733599565,569475,2025,2025,,,glm_seasonal_region_offset@sha256:1263c02735ca074e9c0e087ea0f9b7c81eff390a3df5e4d0639669fa497d8f70,kme_data@sha256:340ffae552aaffe721317f98459ada4ff964dae2a086bf97e76d4980088eabe9,2026-08-30,sealed_without_pipeline_access_to_2026_KME_outcomes
09,GORENJSKA STATISTIČNA REGIJA,2026-06-01,2026-06-08,2026-07-27,8,baseline_region_historical_rate,primary_simple_baseline,3.422238199660669,1.630250522654079,209921,2025,2025,,,baseline_region_historical_rate@sha256:dd1938fb6c1d1ca857d7b311203bd83930b11ddcd87bf2c7b9d8d7facdaeb05f,kme_data@sha256:340ffae552aaffe721317f98459ada4ff964dae2a086bf97e76d4980088eabe9,2026-08-30,sealed_without_pipeline_access_to_2026_KME_outcomes
09,GORENJSKA STATISTIČNA REGIJA,2026-06-01,2026-06-08,2026-07-27,8,glm_seasonal_region_offset,frozen_selected_model,9.224734231444286,4.39438371170311,209921,2025,2025,,,glm_seasonal_region_offset@sha256:1263c02735ca074e9c0e087ea0f9b7c81eff390a3df5e4d0639669fa497d8f70,kme_data@sha256:340ffae552aaffe721317f98459ada4ff964dae2a086bf97e76d4980088eabe9,2026-08-30,sealed_without_pipeline_access_to_2026_KME_outcomes
10,PRIMORSKO-NOTRANJSKA STATISTIČNA REGIJA,2026-06-01,2026-06-08,2026-07-27,8,baseline_region_historical_rate,primary_simple_baseline,1.2394879903359548,2.302768160992745,53826,2025,2025,,,baseline_region_historical_rate@sha256:dd1938fb6c1d1ca857d7b311203bd83930b11ddcd87bf2c7b9d8d7facdaeb05f,kme_data@sha256:340ffae552aaffe721317f98459ada4ff964dae2a086bf97e76d4980088eabe9,2026-08-30,sealed_without_pipeline_access_to_2026_KME_outcomes
10,PRIMORSKO-NOTRANJSKA STATISTIČNA REGIJA,2026-06-01,2026-06-08,2026-07-27,8,glm_seasonal_region_offset,frozen_selected_model,3.340579321985941,6.206255939482669,53826,2025,2025,,,glm_seasonal_region_offset@sha256:1263c02735ca074e9c0e087ea0f9b7c81eff390a3df5e4d0639669fa497d8f70,kme_data@sha256:340ffae552aaffe721317f98459ada4ff964dae2a086bf97e76d4980088eabe9,2026-08-30,sealed_without_pipeline_access_to_2026_KME_outcomes
11,GORIŠKA STATISTIČNA REGIJA,2026-06-01,2026-06-08,2026-07-27,8,baseline_region_historical_rate,primary_simple_baseline,0.7313576288084981,0.6192907709054482,118096,2025,2025,,,baseline_region_historical_rate@sha256:dd1938fb6c1d1ca857d7b311203bd83930b11ddcd87bf2c7b9d8d7facdaeb05f,kme_data@sha256:340ffae552aaffe721317f98459ada4ff964dae2a086bf97e76d4980088eabe9,2026-08-30,sealed_without_pipeline_access_to_2026_KME_outcomes
11,GORIŠKA STATISTIČNA REGIJA,2026-06-01,2026-06-08,2026-07-27,8,glm_seasonal_region_offset,frozen_selected_model,1.971422274362501,1.669338736589301,118096,2025,2025,,,glm_seasonal_region_offset@sha256:1263c02735ca074e9c0e087ea0f9b7c81eff390a3df5e4d0639669fa497d8f70,kme_data@sha256:340ffae552aaffe721317f98459ada4ff964dae2a086bf97e76d4980088eabe9,2026-08-30,sealed_without_pipeline_access_to_2026_KME_outcomes
12,OBALNO-KRAŠKA STATISTIČNA REGIJA,2026-06-01,2026-06-08,2026-07-27,8,baseline_region_historical_rate,primary_simple_baseline,0.12877006061375834,0.10764297408925941,119627,2025,2025,,,baseline_region_historical_rate@sha256:dd1938fb6c1d1ca857d7b311203bd83930b11ddcd87bf2c7b9d8d7facdaeb05f,kme_data@sha256:340ffae552aaffe721317f98459ada4ff964dae2a086bf97e76d4980088eabe9,2026-08-30,sealed_without_pipeline_access_to_2026_KME_outcomes
12,OBALNO-KRAŠKA STATISTIČNA REGIJA,2026-06-01,2026-06-08,2026-07-27,8,glm_seasonal_region_offset,frozen_selected_model,0.3500076184914657,0.29258245922029785,119627,2025,2025,,,glm_seasonal_region_offset@sha256:1263c02735ca074e9c0e087ea0f9b7c81eff390a3df5e4d0639669fa497d8f70,kme_data@sha256:340ffae552aaffe721317f98459ada4ff964dae2a086bf97e76d4980088eabe9,2026-08-30,sealed_without_pipeline_access_to_2026_KME_outcomes
01,POMURSKA STATISTIČNA REGIJA,2026-06-08,2026-06-15,2026-08-03,8,baseline_region_historical_rate,primary_simple_baseline,0.550110426643909,0.4860835070900125,113172,2025,2025,,,baseline_region_historical_rate@sha256:dd1938fb6c1d1ca857d7b311203bd83930b11ddcd87bf2c7b9d8d7facdaeb05f,kme_data@sha256:340ffae552aaffe721317f98459ada4ff964dae2a086bf97e76d4980088eabe9,2026-08-30,sealed_without_pipeline_access_to_2026_KME_outcomes
01,POMURSKA STATISTIČNA REGIJA,2026-06-08,2026-06-15,2026-08-03,8,glm_seasonal_region_offset,frozen_selected_model,1.5058196832385835,1.3305585155679704,113172,2025,2025,,,glm_seasonal_region_offset@sha256:1263c02735ca074e9c0e087ea0f9b7c81eff390a3df5e4d0639669fa497d8f70,kme_data@sha256:340ffae552aaffe721317f98459ada4ff964dae2a086bf97e76d4980088eabe9,2026-08-30,sealed_without_pipeline_access_to_2026_KME_outcomes
02,PODRAVSKA STATISTIČNA REGIJA,2026-06-08,2026-06-15,2026-08-03,8,baseline_region_historical_rate,primary_simple_baseline,1.5499050183088243,0.46709914208484377,331815,2025,2025,,,baseline_region_historical_rate@sha256:dd1938fb6c1d1ca857d7b311203bd83930b11ddcd87bf2c7b9d8d7facdaeb05f,kme_data@sha256:340ffae552aaffe721317f98459ada4ff964dae2a086bf97e76d4980088eabe9,2026-08-30,sealed_without_pipeline_access_to_2026_KME_outcomes
02,PODRAVSKA STATISTIČNA REGIJA,2026-06-08,2026-06-15,2026-08-03,8,glm_seasonal_region_offset,frozen_selected_model,4.2419746679822055,1.2784155833769437,331815,2025,2025,,,glm_seasonal_region_offset@sha256:1263c02735ca074e9c0e087ea0f9b7c81eff390a3df5e4d0639669fa497d8f70,kme_data@sha256:340ffae552aaffe721317f98459ada4ff964dae2a086bf97e76d4980088eabe9,2026-08-30,sealed_without_pipeline_access_to_2026_KME_outcomes
03,KOROŠKA STATISTIČNA REGIJA,2026-06-08,2026-06-15,2026-08-03,8,baseline_region_historical_rate,primary_simple_baseline,1.5242533951058044,2.166425133042162,70358,2025,2025,,,baseline_region_historical_rate@sha256:dd1938fb6c1d1ca857d7b311203bd83930b11ddcd87bf2c7b9d8d7facdaeb05f,kme_data@sha256:340ffae552aaffe721317f98459ada4ff964dae2a086bf97e76d4980088eabe9,2026-08-30,sealed_without_pipeline_access_to_2026_KME_outcomes
03,KOROŠKA STATISTIČNA REGIJA,2026-06-08,2026-06-15,2026-08-03,8,glm_seasonal_region_offset,frozen_selected_model,4.172254269642771,5.930035347284987,70358,2025,2025,,,glm_seasonal_region_offset@sha256:1263c02735ca074e9c0e087ea0f9b7c81eff390a3df5e4d0639669fa497d8f70,kme_data@sha256:340ffae552aaffe721317f98459ada4ff964dae2a086bf97e76d4980088eabe9,2026-08-30,sealed_without_pipeline_access_to_2026_KME_outcomes
04,SAVINJSKA STATISTIČNA REGIJA,2026-06-08,2026-06-15,2026-08-03,8,baseline_region_historical_rate,primary_simple_baseline,1.144303626330837,0.4354043644291541,262814,2025,2025,,,baseline_region_historical_rate@sha256:dd1938fb6c1d1ca857d7b311203bd83930b11ddcd87bf2c7b9d8d7facdaeb05f,kme_data@sha256:340ffae552aaffe721317f98459ada4ff964dae2a086bf97e76d4980088eabe9,2026-08-30,sealed_without_pipeline_access_to_2026_KME_outcomes
04,SAVINJSKA STATISTIČNA REGIJA,2026-06-08,2026-06-15,2026-08-03,8,glm_seasonal_region_offset,frozen_selected_model,3.13188423191665,1.1916732867794906,262814,2025,2025,,,glm_seasonal_region_offset@sha256:1263c02735ca074e9c0e087ea0f9b7c81eff390a3df5e4d0639669fa497d8f70,kme_data@sha256:340ffae552aaffe721317f98459ada4ff964dae2a086bf97e76d4980088eabe9,2026-08-30,sealed_without_pipeline_access_to_2026_KME_outcomes
05,ZASAVSKA STATISTIČNA REGIJA,2026-06-08,2026-06-15,2026-08-03,8,baseline_region_historical_rate,primary_simple_baseline,0.1839970152643808,0.32233241992253525,57083,2025,2025,,,baseline_region_historical_rate@sha256:dd1938fb6c1d1ca857d7b311203bd83930b11ddcd87bf2c7b9d8d7facdaeb05f,kme_data@sha256:340ffae552aaffe721317f98459ada4ff964dae2a086bf97e76d4980088eabe9,2026-08-30,sealed_without_pipeline_access_to_2026_KME_outcomes
05,ZASAVSKA STATISTIČNA REGIJA,2026-06-08,2026-06-15,2026-08-03,8,glm_seasonal_region_offset,frozen_selected_model,0.5036014074437636,0.8822265953852523,57083,2025,2025,,,glm_seasonal_region_offset@sha256:1263c02735ca074e9c0e087ea0f9b7c81eff390a3df5e4d0639669fa497d8f70,kme_data@sha256:340ffae552aaffe721317f98459ada4ff964dae2a086bf97e76d4980088eabe9,2026-08-30,sealed_without_pipeline_access_to_2026_KME_outcomes
06,POSAVSKA STATISTIČNA REGIJA,2026-06-08,2026-06-15,2026-08-03,8,baseline_region_historical_rate,primary_simple_baseline,0.10070835543631036,0.13252320007936305,75993,2025,2025,,,baseline_region_historical_rate@sha256:dd1938fb6c1d1ca857d7b311203bd83930b11ddcd87bf2c7b9d8d7facdaeb05f,kme_data@sha256:340ffae552aaffe721317f98459ada4ff964dae2a086bf97e76d4980088eabe9,2026-08-30,sealed_without_pipeline_access_to_2026_KME_outcomes
06,POSAVSKA STATISTIČNA REGIJA,2026-06-08,2026-06-15,2026-08-03,8,glm_seasonal_region_offset,frozen_selected_model,0.27566227932147597,0.36274693632502464,75993,2025,2025,,,glm_seasonal_region_offset@sha256:1263c02735ca074e9c0e087ea0f9b7c81eff390a3df5e4d0639669fa497d8f70,kme_data@sha256:340ffae552aaffe721317f98459ada4ff964dae2a086bf97e76d4980088eabe9,2026-08-30,sealed_without_pipeline_access_to_2026_KME_outcomes
07,JUGOVZHODNA SLOVENIJA,2026-06-08,2026-06-15,2026-08-03,8,baseline_region_historical_rate,primary_simple_baseline,1.0771151173102371,0.7245006506425218,148670,2025,2025,,,baseline_region_historical_rate@sha256:dd1938fb6c1d1ca857d7b311203bd83930b11ddcd87bf2c7b9d8d7facdaeb05f,kme_data@sha256:340ffae552aaffe721317f98459ada4ff964dae2a086bf97e76d4980088eabe9,2026-08-30,sealed_without_pipeline_access_to_2026_KME_outcomes
07,JUGOVZHODNA SLOVENIJA,2026-06-08,2026-06-15,2026-08-03,8,glm_seasonal_region_offset,frozen_selected_model,2.947950206382931,1.9828816885605238,148670,2025,2025,,,glm_seasonal_region_offset@sha256:1263c02735ca074e9c0e087ea0f9b7c81eff390a3df5e4d0639669fa497d8f70,kme_data@sha256:340ffae552aaffe721317f98459ada4ff964dae2a086bf97e76d4980088eabe9,2026-08-30,sealed_without_pipeline_access_to_2026_KME_outcomes
08,OSREDNJESLOVENSKA STATISTIČNA REGIJA,2026-06-08,2026-06-15,2026-08-03,8,baseline_region_historical_rate,primary_simple_baseline,4.7241152797641215,0.8295562192833964,569475,2025,2025,,,baseline_region_historical_rate@sha256:dd1938fb6c1d1ca857d7b311203bd83930b11ddcd87bf2c7b9d8d7facdaeb05f,kme_data@sha256:340ffae552aaffe721317f98459ada4ff964dae2a086bf97e76d4980088eabe9,2026-08-30,sealed_without_pipeline_access_to_2026_KME_outcomes
08,OSREDNJESLOVENSKA STATISTIČNA REGIJA,2026-06-08,2026-06-15,2026-08-03,8,glm_seasonal_region_offset,frozen_selected_model,12.92990485802515,2.2704956070108695,569475,2025,2025,,,glm_seasonal_region_offset@sha256:1263c02735ca074e9c0e087ea0f9b7c81eff390a3df5e4d0639669fa497d8f70,kme_data@sha256:340ffae552aaffe721317f98459ada4ff964dae2a086bf97e76d4980088eabe9,2026-08-30,sealed_without_pipeline_access_to_2026_KME_outcomes
09,GORENJSKA STATISTIČNA REGIJA,2026-06-08,2026-06-15,2026-08-03,8,baseline_region_historical_rate,primary_simple_baseline,3.422238199660669,1.630250522654079,209921,2025,2025,,,baseline_region_historical_rate@sha256:dd1938fb6c1d1ca857d7b311203bd83930b11ddcd87bf2c7b9d8d7facdaeb05f,kme_data@sha256:340ffae552aaffe721317f98459ada4ff964dae2a086bf97e76d4980088eabe9,2026-08-30,sealed_without_pipeline_access_to_2026_KME_outcomes
09,GORENJSKA STATISTIČNA REGIJA,2026-06-08,2026-06-15,2026-08-03,8,glm_seasonal_region_offset,frozen_selected_model,9.367331380240433,4.462312670118965,209921,2025,2025,,,glm_seasonal_region_offset@sha256:1263c02735ca074e9c0e087ea0f9b7c81eff390a3df5e4d0639669fa497d8f70,kme_data@sha256:340ffae552aaffe721317f98459ada4ff964dae2a086bf97e76d4980088eabe9,2026-08-30,sealed_without_pipeline_access_to_2026_KME_outcomes
10,PRIMORSKO-NOTRANJSKA STATISTIČNA REGIJA,2026-06-08,2026-06-15,2026-08-03,8,baseline_region_historical_rate,primary_simple_baseline,1.2394879903359548,2.302768160992745,53826,2025,2025,,,baseline_region_historical_rate@sha256:dd1938fb6c1d1ca857d7b311203bd83930b11ddcd87bf2c7b9d8d7facdaeb05f,kme_data@sha256:340ffae552aaffe721317f98459ada4ff964dae2a086bf97e76d4980088eabe9,2026-08-30,sealed_without_pipeline_access_to_2026_KME_outcomes
10,PRIMORSKO-NOTRANJSKA STATISTIČNA REGIJA,2026-06-08,2026-06-15,2026-08-03,8,glm_seasonal_region_offset,frozen_selected_model,3.3922184342563844,6.302193055877056,53826,2025,2025,,,glm_seasonal_region_offset@sha256:1263c02735ca074e9c0e087ea0f9b7c81eff390a3df5e4d0639669fa497d8f70,kme_data@sha256:340ffae552aaffe721317f98459ada4ff964dae2a086bf97e76d4980088eabe9,2026-08-30,sealed_without_pipeline_access_to_2026_KME_outcomes
11,GORIŠKA STATISTIČNA REGIJA,2026-06-08,2026-06-15,2026-08-03,8,baseline_region_historical_rate,primary_simple_baseline,0.7313576288084981,0.6192907709054482,118096,2025,2025,,,baseline_region_historical_rate@sha256:dd1938fb6c1d1ca857d7b311203bd83930b11ddcd87bf2c7b9d8d7facdaeb05f,kme_data@sha256:340ffae552aaffe721317f98459ada4ff964dae2a086bf97e76d4980088eabe9,2026-08-30,sealed_without_pipeline_access_to_2026_KME_outcomes
11,GORIŠKA STATISTIČNA REGIJA,2026-06-08,2026-06-15,2026-08-03,8,glm_seasonal_region_offset,frozen_selected_model,2.001896777838065,1.6951435932106633,118096,2025,2025,,,glm_seasonal_region_offset@sha256:1263c02735ca074e9c0e087ea0f9b7c81eff390a3df5e4d0639669fa497d8f70,kme_data@sha256:340ffae552aaffe721317f98459ada4ff964dae2a086bf97e76d4980088eabe9,2026-08-30,sealed_without_pipeline_access_to_2026_KME_outcomes
12,OBALNO-KRAŠKA STATISTIČNA REGIJA,2026-06-08,2026-06-15,2026-08-03,8,baseline_region_historical_rate,primary_simple_baseline,0.12877006061375834,0.10764297408925941,119627,2025,2025,,,baseline_region_historical_rate@sha256:dd1938fb6c1d1ca857d7b311203bd83930b11ddcd87bf2c7b9d8d7facdaeb05f,kme_data@sha256:340ffae552aaffe721317f98459ada4ff964dae2a086bf97e76d4980088eabe9,2026-08-30,sealed_without_pipeline_access_to_2026_KME_outcomes
12,OBALNO-KRAŠKA STATISTIČNA REGIJA,2026-06-08,2026-06-15,2026-08-03,8,glm_seasonal_region_offset,frozen_selected_model,0.3554180820562244,0.29710523715902293,119627,2025,2025,,,glm_seasonal_region_offset@sha256:1263c02735ca074e9c0e087ea0f9b7c81eff390a3df5e4d0639669fa497d8f70,kme_data@sha256:340ffae552aaffe721317f98459ada4ff964dae2a086bf97e76d4980088eabe9,2026-08-30,sealed_without_pipeline_access_to_2026_KME_outcomes
01,POMURSKA STATISTIČNA REGIJA,2026-06-15,2026-06-22,2026-08-10,8,baseline_region_historical_rate,primary_simple_baseline,0.550110426643909,0.4860835070900125,113172,2025,2025,,,baseline_region_historical_rate@sha256:dd1938fb6c1d1ca857d7b311203bd83930b11ddcd87bf2c7b9d8d7facdaeb05f,kme_data@sha256:340ffae552aaffe721317f98459ada4ff964dae2a086bf97e76d4980088eabe9,2026-08-30,sealed_without_pipeline_access_to_2026_KME_outcomes
01,POMURSKA STATISTIČNA REGIJA,2026-06-15,2026-06-22,2026-08-10,8,glm_seasonal_region_offset,frozen_selected_model,1.494568616915112,1.320616951997943,113172,2025,2025,,,glm_seasonal_region_offset@sha256:1263c02735ca074e9c0e087ea0f9b7c81eff390a3df5e4d0639669fa497d8f70,kme_data@sha256:340ffae552aaffe721317f98459ada4ff964dae2a086bf97e76d4980088eabe9,2026-08-30,sealed_without_pipeline_access_to_2026_KME_outcomes
02,PODRAVSKA STATISTIČNA REGIJA,2026-06-15,2026-06-22,2026-08-10,8,baseline_region_historical_rate,primary_simple_baseline,1.5499050183088243,0.46709914208484377,331815,2025,2025,,,baseline_region_historical_rate@sha256:dd1938fb6c1d1ca857d7b311203bd83930b11ddcd87bf2c7b9d8d7facdaeb05f,kme_data@sha256:340ffae552aaffe721317f98459ada4ff964dae2a086bf97e76d4980088eabe9,2026-08-30,sealed_without_pipeline_access_to_2026_KME_outcomes
02,PODRAVSKA STATISTIČNA REGIJA,2026-06-15,2026-06-22,2026-08-10,8,glm_seasonal_region_offset,frozen_selected_model,4.210279811776509,1.268863617309799,331815,2025,2025,,,glm_seasonal_region_offset@sha256:1263c02735ca074e9c0e087ea0f9b7c81eff390a3df5e4d0639669fa497d8f70,kme_data@sha256:340ffae552aaffe721317f98459ada4ff964dae2a086bf97e76d4980088eabe9,2026-08-30,sealed_without_pipeline_access_to_2026_KME_outcomes
03,KOROŠKA STATISTIČNA REGIJA,2026-06-15,2026-06-22,2026-08-10,8,baseline_region_historical_rate,primary_simple_baseline,1.5242533951058044,2.166425133042162,70358,2025,2025,,,baseline_region_historical_rate@sha256:dd1938fb6c1d1ca857d7b311203bd83930b11ddcd87bf2c7b9d8d7facdaeb05f,kme_data@sha256:340ffae552aaffe721317f98459ada4ff964dae2a086bf97e76d4980088eabe9,2026-08-30,sealed_without_pipeline_access_to_2026_KME_outcomes
03,KOROŠKA STATISTIČNA REGIJA,2026-06-15,2026-06-22,2026-08-10,8,glm_seasonal_region_offset,frozen_selected_model,4.141080344883614,5.885727770663768,70358,2025,2025,,,glm_seasonal_region_offset@sha256:1263c02735ca074e9c0e087ea0f9b7c81eff390a3df5e4d0639669fa497d8f70,kme_data@sha256:340ffae552aaffe721317f98459ada4ff964dae2a086bf97e76d4980088eabe9,2026-08-30,sealed_without_pipeline_access_to_2026_KME_outcomes
04,SAVINJSKA STATISTIČNA REGIJA,2026-06-15,2026-06-22,2026-08-10,8,baseline_region_historical_rate,primary_simple_baseline,1.144303626330837,0.4354043644291541,262814,2025,2025,,,baseline_region_historical_rate@sha256:dd1938fb6c1d1ca857d7b311203bd83930b11ddcd87bf2c7b9d8d7facdaeb05f,kme_data@sha256:340ffae552aaffe721317f98459ada4ff964dae2a086bf97e76d4980088eabe9,2026-08-30,sealed_without_pipeline_access_to_2026_KME_outcomes
04,SAVINJSKA STATISTIČNA REGIJA,2026-06-15,2026-06-22,2026-08-10,8,glm_seasonal_region_offset,frozen_selected_model,3.1084836630418007,1.1827694350536124,262814,2025,2025,,,glm_seasonal_region_offset@sha256:1263c02735ca074e9c0e087ea0f9b7c81eff390a3df5e4d0639669fa497d8f70,kme_data@sha256:340ffae552aaffe721317f98459ada4ff964dae2a086bf97e76d4980088eabe9,2026-08-30,sealed_without_pipeline_access_to_2026_KME_outcomes
05,ZASAVSKA STATISTIČNA REGIJA,2026-06-15,2026-06-22,2026-08-10,8,baseline_region_historical_rate,primary_simple_baseline,0.1839970152643808,0.32233241992253525,57083,2025,2025,,,baseline_region_historical_rate@sha256:dd1938fb6c1d1ca857d7b311203bd83930b11ddcd87bf2c7b9d8d7facdaeb05f,kme_data@sha256:340ffae552aaffe721317f98459ada4ff964dae2a086bf97e76d4980088eabe9,2026-08-30,sealed_without_pipeline_access_to_2026_KME_outcomes
05,ZASAVSKA STATISTIČNA REGIJA,2026-06-15,2026-06-22,2026-08-10,8,glm_seasonal_region_offset,frozen_selected_model,0.49983863763884423,0.8756348433664037,57083,2025,2025,,,glm_seasonal_region_offset@sha256:1263c02735ca074e9c0e087ea0f9b7c81eff390a3df5e4d0639669fa497d8f70,kme_data@sha256:340ffae552aaffe721317f98459ada4ff964dae2a086bf97e76d4980088eabe9,2026-08-30,sealed_without_pipeline_access_to_2026_KME_outcomes
06,POSAVSKA STATISTIČNA REGIJA,2026-06-15,2026-06-22,2026-08-10,8,baseline_region_historical_rate,primary_simple_baseline,0.10070835543631036,0.13252320007936305,75993,2025,2025,,,baseline_region_historical_rate@sha256:dd1938fb6c1d1ca857d7b311203bd83930b11ddcd87bf2c7b9d8d7facdaeb05f,kme_data@sha256:340ffae552aaffe721317f98459ada4ff964dae2a086bf97e76d4980088eabe9,2026-08-30,sealed_without_pipeline_access_to_2026_KME_outcomes
06,POSAVSKA STATISTIČNA REGIJA,2026-06-15,2026-06-22,2026-08-10,8,glm_seasonal_region_offset,frozen_selected_model,0.27360260735540454,0.3600365919958477,75993,2025,2025,,,glm_seasonal_region_offset@sha256:1263c02735ca074e9c0e087ea0f9b7c81eff390a3df5e4d0639669fa497d8f70,kme_data@sha256:340ffae552aaffe721317f98459ada4ff964dae2a086bf97e76d4980088eabe9,2026-08-30,sealed_without_pipeline_access_to_2026_KME_outcomes
07,JUGOVZHODNA SLOVENIJA,2026-06-15,2026-06-22,2026-08-10,8,baseline_region_historical_rate,primary_simple_baseline,1.0771151173102371,0.7245006506425218,148670,2025,2025,,,baseline_region_historical_rate@sha256:dd1938fb6c1d1ca857d7b311203bd83930b11ddcd87bf2c7b9d8d7facdaeb05f,kme_data@sha256:340ffae552aaffe721317f98459ada4ff964dae2a086bf97e76d4980088eabe9,2026-08-30,sealed_without_pipeline_access_to_2026_KME_outcomes
07,JUGOVZHODNA SLOVENIJA,2026-06-15,2026-06-22,2026-08-10,8,glm_seasonal_region_offset,frozen_selected_model,2.925923941445968,1.9680661474715597,148670,2025,2025,,,glm_seasonal_region_offset@sha256:1263c02735ca074e9c0e087ea0f9b7c81eff390a3df5e4d0639669fa497d8f70,kme_data@sha256:340ffae552aaffe721317f98459ada4ff964dae2a086bf97e76d4980088eabe9,2026-08-30,sealed_without_pipeline_access_to_2026_KME_outcomes
08,OSREDNJESLOVENSKA STATISTIČNA REGIJA,2026-06-15,2026-06-22,2026-08-10,8,baseline_region_historical_rate,primary_simple_baseline,4.7241152797641215,0.8295562192833964,569475,2025,2025,,,baseline_region_historical_rate@sha256:dd1938fb6c1d1ca857d7b311203bd83930b11ddcd87bf2c7b9d8d7facdaeb05f,kme_data@sha256:340ffae552aaffe721317f98459ada4ff964dae2a086bf97e76d4980088eabe9,2026-08-30,sealed_without_pipeline_access_to_2026_KME_outcomes
08,OSREDNJESLOVENSKA STATISTIČNA REGIJA,2026-06-15,2026-06-22,2026-08-10,8,glm_seasonal_region_offset,frozen_selected_model,12.833296201136738,2.2535310946286913,569475,2025,2025,,,glm_seasonal_region_offset@sha256:1263c02735ca074e9c0e087ea0f9b7c81eff390a3df5e4d0639669fa497d8f70,kme_data@sha256:340ffae552aaffe721317f98459ada4ff964dae2a086bf97e76d4980088eabe9,2026-08-30,sealed_without_pipeline_access_to_2026_KME_outcomes
09,GORENJSKA STATISTIČNA REGIJA,2026-06-15,2026-06-22,2026-08-10,8,baseline_region_historical_rate,primary_simple_baseline,3.422238199660669,1.630250522654079,209921,2025,2025,,,baseline_region_historical_rate@sha256:dd1938fb6c1d1ca857d7b311203bd83930b11ddcd87bf2c7b9d8d7facdaeb05f,kme_data@sha256:340ffae552aaffe721317f98459ada4ff964dae2a086bf97e76d4980088eabe9,2026-08-30,sealed_without_pipeline_access_to_2026_KME_outcomes
09,GORENJSKA STATISTIČNA REGIJA,2026-06-15,2026-06-22,2026-08-10,8,glm_seasonal_region_offset,frozen_selected_model,9.297341282617092,4.428971509576027,209921,2025,2025,,,glm_seasonal_region_offset@sha256:1263c02735ca074e9c0e087ea0f9b7c81eff390a3df5e4d0639669fa497d8f70,kme_data@sha256:340ffae552aaffe721317f98459ada4ff964dae2a086bf97e76d4980088eabe9,2026-08-30,sealed_without_pipeline_access_to_2026_KME_outcomes
10,PRIMORSKO-NOTRANJSKA STATISTIČNA REGIJA,2026-06-15,2026-06-22,2026-08-10,8,baseline_region_historical_rate,primary_simple_baseline,1.2394879903359548,2.302768160992745,53826,2025,2025,,,baseline_region_historical_rate@sha256:dd1938fb6c1d1ca857d7b311203bd83930b11ddcd87bf2c7b9d8d7facdaeb05f,kme_data@sha256:340ffae552aaffe721317f98459ada4ff964dae2a086bf97e76d4980088eabe9,2026-08-30,sealed_without_pipeline_access_to_2026_KME_outcomes
10,PRIMORSKO-NOTRANJSKA STATISTIČNA REGIJA,2026-06-15,2026-06-22,2026-08-10,8,glm_seasonal_region_offset,frozen_selected_model,3.3668727205481948,6.255104820250799,53826,2025,2025,,,glm_seasonal_region_offset@sha256:1263c02735ca074e9c0e087ea0f9b7c81eff390a3df5e4d0639669fa497d8f70,kme_data@sha256:340ffae552aaffe721317f98459ada4ff964dae2a086bf97e76d4980088eabe9,2026-08-30,sealed_without_pipeline_access_to_2026_KME_outcomes
11,GORIŠKA STATISTIČNA REGIJA,2026-06-15,2026-06-22,2026-08-10,8,baseline_region_historical_rate,primary_simple_baseline,0.7313576288084981,0.6192907709054482,118096,2025,2025,,,baseline_region_historical_rate@sha256:dd1938fb6c1d1ca857d7b311203bd83930b11ddcd87bf2c7b9d8d7facdaeb05f,kme_data@sha256:340ffae552aaffe721317f98459ada4ff964dae2a086bf97e76d4980088eabe9,2026-08-30,sealed_without_pipeline_access_to_2026_KME_outcomes
11,GORIŠKA STATISTIČNA REGIJA,2026-06-15,2026-06-22,2026-08-10,8,glm_seasonal_region_offset,frozen_selected_model,1.9869391612848277,1.6824779512302093,118096,2025,2025,,,glm_seasonal_region_offset@sha256:1263c02735ca074e9c0e087ea0f9b7c81eff390a3df5e4d0639669fa497d8f70,kme_data@sha256:340ffae552aaffe721317f98459ada4ff964dae2a086bf97e76d4980088eabe9,2026-08-30,sealed_without_pipeline_access_to_2026_KME_outcomes
12,OBALNO-KRAŠKA STATISTIČNA REGIJA,2026-06-15,2026-06-22,2026-08-10,8,baseline_region_historical_rate,primary_simple_baseline,0.12877006061375834,0.10764297408925941,119627,2025,2025,,,baseline_region_historical_rate@sha256:dd1938fb6c1d1ca857d7b311203bd83930b11ddcd87bf2c7b9d8d7facdaeb05f,kme_data@sha256:340ffae552aaffe721317f98459ada4ff964dae2a086bf97e76d4980088eabe9,2026-08-30,sealed_without_pipeline_access_to_2026_KME_outcomes
12,OBALNO-KRAŠKA STATISTIČNA REGIJA,2026-06-15,2026-06-22,2026-08-10,8,glm_seasonal_region_offset,frozen_selected_model,0.3527624968900277,0.2948853493693127,119627,2025,2025,,,glm_seasonal_region_offset@sha256:1263c02735ca074e9c0e087ea0f9b7c81eff390a3df5e4d0639669fa497d8f70,kme_data@sha256:340ffae552aaffe721317f98459ada4ff964dae2a086bf97e76d4980088eabe9,2026-08-30,sealed_without_pipeline_access_to_2026_KME_outcomes
01,POMURSKA STATISTIČNA REGIJA,2026-06-22,2026-06-29,2026-08-17,8,baseline_region_historical_rate,primary_simple_baseline,0.550110426643909,0.4860835070900125,113172,2025,2025,,,baseline_region_historical_rate@sha256:dd1938fb6c1d1ca857d7b311203bd83930b11ddcd87bf2c7b9d8d7facdaeb05f,kme_data@sha256:340ffae552aaffe721317f98459ada4ff964dae2a086bf97e76d4980088eabe9,2026-08-30,sealed_without_pipeline_access_to_2026_KME_outcomes
01,POMURSKA STATISTIČNA REGIJA,2026-06-22,2026-06-29,2026-08-17,8,glm_seasonal_region_offset,frozen_selected_model,1.4500629348127054,1.2812912512041013,113172,2025,2025,,,glm_seasonal_region_offset@sha256:1263c02735ca074e9c0e087ea0f9b7c81eff390a3df5e4d0639669fa497d8f70,kme_data@sha256:340ffae552aaffe721317f98459ada4ff964dae2a086bf97e76d4980088eabe9,2026-08-30,sealed_without_pipeline_access_to_2026_KME_outcomes
02,PODRAVSKA STATISTIČNA REGIJA,2026-06-22,2026-06-29,2026-08-17,8,baseline_region_historical_rate,primary_simple_baseline,1.5499050183088243,0.46709914208484377,331815,2025,2025,,,baseline_region_historical_rate@sha256:dd1938fb6c1d1ca857d7b311203bd83930b11ddcd87bf2c7b9d8d7facdaeb05f,kme_data@sha256:340ffae552aaffe721317f98459ada4ff964dae2a086bf97e76d4980088eabe9,2026-08-30,sealed_without_pipeline_access_to_2026_KME_outcomes
02,PODRAVSKA STATISTIČNA REGIJA,2026-06-22,2026-06-29,2026-08-17,8,glm_seasonal_region_offset,frozen_selected_model,4.08490492249784,1.231079041784681,331815,2025,2025,,,glm_seasonal_region_offset@sha256:1263c02735ca074e9c0e087ea0f9b7c81eff390a3df5e4d0639669fa497d8f70,kme_data@sha256:340ffae552aaffe721317f98459ada4ff964dae2a086bf97e76d4980088eabe9,2026-08-30,sealed_without_pipeline_access_to_2026_KME_outcomes
03,KOROŠKA STATISTIČNA REGIJA,2026-06-22,2026-06-29,2026-08-17,8,baseline_region_historical_rate,primary_simple_baseline,1.5242533951058044,2.166425133042162,70358,2025,2025,,,baseline_region_historical_rate@sha256:dd1938fb6c1d1ca857d7b311203bd83930b11ddcd87bf2c7b9d8d7facdaeb05f,kme_data@sha256:340ffae552aaffe721317f98459ada4ff964dae2a086bf97e76d4980088eabe9,2026-08-30,sealed_without_pipeline_access_to_2026_KME_outcomes
03,KOROŠKA STATISTIČNA REGIJA,2026-06-22,2026-06-29,2026-08-17,8,glm_seasonal_region_offset,frozen_selected_model,4.017766096675777,5.710460923670054,70358,2025,2025,,,glm_seasonal_region_offset@sha256:1263c02735ca074e9c0e087ea0f9b7c81eff390a3df5e4d0639669fa497d8f70,kme_data@sha256:340ffae552aaffe721317f98459ada4ff964dae2a086bf97e76d4980088eabe9,2026-08-30,sealed_without_pipeline_access_to_2026_KME_outcomes
04,SAVINJSKA STATISTIČNA REGIJA,2026-06-22,2026-06-29,2026-08-17,8,baseline_region_historical_rate,primary_simple_baseline,1.144303626330837,0.4354043644291541,262814,2025,2025,,,baseline_region_historical_rate@sha256:dd1938fb6c1d1ca857d7b311203bd83930b11ddcd87bf2c7b9d8d7facdaeb05f,kme_data@sha256:340ffae552aaffe721317f98459ada4ff964dae2a086bf97e76d4980088eabe9,2026-08-30,sealed_without_pipeline_access_to_2026_KME_outcomes
04,SAVINJSKA STATISTIČNA REGIJA,2026-06-22,2026-06-29,2026-08-17,8,glm_seasonal_region_offset,frozen_selected_model,3.0159183675029335,1.1475485961565721,262814,2025,2025,,,glm_seasonal_region_offset@sha256:1263c02735ca074e9c0e087ea0f9b7c81eff390a3df5e4d0639669fa497d8f70,kme_data@sha256:340ffae552aaffe721317f98459ada4ff964dae2a086bf97e76d4980088eabe9,2026-08-30,sealed_without_pipeline_access_to_2026_KME_outcomes
05,ZASAVSKA STATISTIČNA REGIJA,2026-06-22,2026-06-29,2026-08-17,8,baseline_region_historical_rate,primary_simple_baseline,0.1839970152643808,0.32233241992253525,57083,2025,2025,,,baseline_region_historical_rate@sha256:dd1938fb6c1d1ca857d7b311203bd83930b11ddcd87bf2c7b9d8d7facdaeb05f,kme_data@sha256:340ffae552aaffe721317f98459ada4ff964dae2a086bf97e76d4980088eabe9,2026-08-30,sealed_without_pipeline_access_to_2026_KME_outcomes
05,ZASAVSKA STATISTIČNA REGIJA,2026-06-22,2026-06-29,2026-08-17,8,glm_seasonal_region_offset,frozen_selected_model,0.4849543029502363,0.8495599442044677,57083,2025,2025,,,glm_seasonal_region_offset@sha256:1263c02735ca074e9c0e087ea0f9b7c81eff390a3df5e4d0639669fa497d8f70,kme_data@sha256:340ffae552aaffe721317f98459ada4ff964dae2a086bf97e76d4980088eabe9,2026-08-30,sealed_without_pipeline_access_to_2026_KME_outcomes
06,POSAVSKA STATISTIČNA REGIJA,2026-06-22,2026-06-29,2026-08-17,8,baseline_region_historical_rate,primary_simple_baseline,0.10070835543631036,0.13252320007936305,75993,2025,2025,,,baseline_region_historical_rate@sha256:dd1938fb6c1d1ca857d7b311203bd83930b11ddcd87bf2c7b9d8d7facdaeb05f,kme_data@sha256:340ffae552aaffe721317f98459ada4ff964dae2a086bf97e76d4980088eabe9,2026-08-30,sealed_without_pipeline_access_to_2026_KME_outcomes
06,POSAVSKA STATISTIČNA REGIJA,2026-06-22,2026-06-29,2026-08-17,8,glm_seasonal_region_offset,frozen_selected_model,0.26545519242407595,0.3493153217060465,75993,2025,2025,,,glm_seasonal_region_offset@sha256:1263c02735ca074e9c0e087ea0f9b7c81eff390a3df5e4d0639669fa497d8f70,kme_data@sha256:340ffae552aaffe721317f98459ada4ff964dae2a086bf97e76d4980088eabe9,2026-08-30,sealed_without_pipeline_access_to_2026_KME_outcomes
07,JUGOVZHODNA SLOVENIJA,2026-06-22,2026-06-29,2026-08-17,8,baseline_region_historical_rate,primary_simple_baseline,1.0771151173102371,0.7245006506425218,148670,2025,2025,,,baseline_region_historical_rate@sha256:dd1938fb6c1d1ca857d7b311203bd83930b11ddcd87bf2c7b9d8d7facdaeb05f,kme_data@sha256:340ffae552aaffe721317f98459ada4ff964dae2a086bf97e76d4980088eabe9,2026-08-30,sealed_without_pipeline_access_to_2026_KME_outcomes
07,JUGOVZHODNA SLOVENIJA,2026-06-22,2026-06-29,2026-08-17,8,glm_seasonal_region_offset,frozen_selected_model,2.838794960333948,1.9094605235312758,148670,2025,2025,,,glm_seasonal_region_offset@sha256:1263c02735ca074e9c0e087ea0f9b7c81eff390a3df5e4d0639669fa497d8f70,kme_data@sha256:340ffae552aaffe721317f98459ada4ff964dae2a086bf97e76d4980088eabe9,2026-08-30,sealed_without_pipeline_access_to_2026_KME_outcomes
08,OSREDNJESLOVENSKA STATISTIČNA REGIJA,2026-06-22,2026-06-29,2026-08-17,8,baseline_region_historical_rate,primary_simple_baseline,4.7241152797641215,0.8295562192833964,569475,2025,2025,,,baseline_region_historical_rate@sha256:dd1938fb6c1d1ca857d7b311203bd83930b11ddcd87bf2c7b9d8d7facdaeb05f,kme_data@sha256:340ffae552aaffe721317f98459ada4ff964dae2a086bf97e76d4980088eabe9,2026-08-30,sealed_without_pipeline_access_to_2026_KME_outcomes
08,OSREDNJESLOVENSKA STATISTIČNA REGIJA,2026-06-22,2026-06-29,2026-08-17,8,glm_seasonal_region_offset,frozen_selected_model,12.451142719128857,2.186424815686177,569475,2025,2025,,,glm_seasonal_region_offset@sha256:1263c02735ca074e9c0e087ea0f9b7c81eff390a3df5e4d0639669fa497d8f70,kme_data@sha256:340ffae552aaffe721317f98459ada4ff964dae2a086bf97e76d4980088eabe9,2026-08-30,sealed_without_pipeline_access_to_2026_KME_outcomes
09,GORENJSKA STATISTIČNA REGIJA,2026-06-22,2026-06-29,2026-08-17,8,baseline_region_historical_rate,primary_simple_baseline,3.422238199660669,1.630250522654079,209921,2025,2025,,,baseline_region_historical_rate@sha256:dd1938fb6c1d1ca857d7b311203bd83930b11ddcd87bf2c7b9d8d7facdaeb05f,kme_data@sha256:340ffae552aaffe721317f98459ada4ff964dae2a086bf97e76d4980088eabe9,2026-08-30,sealed_without_pipeline_access_to_2026_KME_outcomes
09,GORENJSKA STATISTIČNA REGIJA,2026-06-22,2026-06-29,2026-08-17,8,glm_seasonal_region_offset,frozen_selected_model,9.020482454699358,4.297084357781908,209921,2025,2025,,,glm_seasonal_region_offset@sha256:1263c02735ca074e9c0e087ea0f9b7c81eff390a3df5e4d0639669fa497d8f70,kme_data@sha256:340ffae552aaffe721317f98459ada4ff964dae2a086bf97e76d4980088eabe9,2026-08-30,sealed_without_pipeline_access_to_2026_KME_outcomes
10,PRIMORSKO-NOTRANJSKA STATISTIČNA REGIJA,2026-06-22,2026-06-29,2026-08-17,8,baseline_region_historical_rate,primary_simple_baseline,1.2394879903359548,2.302768160992745,53826,2025,2025,,,baseline_region_historical_rate@sha256:dd1938fb6c1d1ca857d7b311203bd83930b11ddcd87bf2c7b9d8d7facdaeb05f,kme_data@sha256:340ffae552aaffe721317f98459ada4ff964dae2a086bf97e76d4980088eabe9,2026-08-30,sealed_without_pipeline_access_to_2026_KME_outcomes
10,PRIMORSKO-NOTRANJSKA STATISTIČNA REGIJA,2026-06-22,2026-06-29,2026-08-17,8,glm_seasonal_region_offset,frozen_selected_model,3.2666130434185674,6.068838560209875,53826,2025,2025,,,glm_seasonal_region_offset@sha256:1263c02735ca074e9c0e087ea0f9b7c81eff390a3df5e4d0639669fa497d8f70,kme_data@sha256:340ffae552aaffe721317f98459ada4ff964dae2a086bf97e76d4980088eabe9,2026-08-30,sealed_without_pipeline_access_to_2026_KME_outcomes
11,GORIŠKA STATISTIČNA REGIJA,2026-06-22,2026-06-29,2026-08-17,8,baseline_region_historical_rate,primary_simple_baseline,0.7313576288084981,0.6192907709054482,118096,2025,2025,,,baseline_region_historical_rate@sha256:dd1938fb6c1d1ca857d7b311203bd83930b11ddcd87bf2c7b9d8d7facdaeb05f,kme_data@sha256:340ffae552aaffe721317f98459ada4ff964dae2a086bf97e76d4980088eabe9,2026-08-30,sealed_without_pipeline_access_to_2026_KME_outcomes
11,GORIŠKA STATISTIČNA REGIJA,2026-06-22,2026-06-29,2026-08-17,8,glm_seasonal_region_offset,frozen_selected_model,1.9277715314629924,1.6323766524378407,118096,2025,2025,,,glm_seasonal_region_offset@sha256:1263c02735ca074e9c0e087ea0f9b7c81eff390a3df5e4d0639669fa497d8f70,kme_data@sha256:340ffae552aaffe721317f98459ada4ff964dae2a086bf97e76d4980088eabe9,2026-08-30,sealed_without_pipeline_access_to_2026_KME_outcomes
12,OBALNO-KRAŠKA STATISTIČNA REGIJA,2026-06-22,2026-06-29,2026-08-17,8,baseline_region_historical_rate,primary_simple_baseline,0.12877006061375834,0.10764297408925941,119627,2025,2025,,,baseline_region_historical_rate@sha256:dd1938fb6c1d1ca857d7b311203bd83930b11ddcd87bf2c7b9d8d7facdaeb05f,kme_data@sha256:340ffae552aaffe721317f98459ada4ff964dae2a086bf97e76d4980088eabe9,2026-08-30,sealed_without_pipeline_access_to_2026_KME_outcomes
12,OBALNO-KRAŠKA STATISTIČNA REGIJA,2026-06-22,2026-06-29,2026-08-17,8,glm_seasonal_region_offset,frozen_selected_model,0.34225783663786435,0.28610417099640073,119627,2025,2025,,,glm_seasonal_region_offset@sha256:1263c02735ca074e9c0e087ea0f9b7c81eff390a3df5e4d0639669fa497d8f70,kme_data@sha256:340ffae552aaffe721317f98459ada4ff964dae2a086bf97e76d4980088eabe9,2026-08-30,sealed_without_pipeline_access_to_2026_KME_outcomes
01,POMURSKA STATISTIČNA REGIJA,2026-06-29,2026-07-06,2026-08-24,8,baseline_region_historical_rate,primary_simple_baseline,0.550110426643909,0.4860835070900125,113172,2025,2025,,,baseline_region_historical_rate@sha256:dd1938fb6c1d1ca857d7b311203bd83930b11ddcd87bf2c7b9d8d7facdaeb05f,kme_data@sha256:340ffae552aaffe721317f98459ada4ff964dae2a086bf97e76d4980088eabe9,2026-08-30,sealed_without_pipeline_access_to_2026_KME_outcomes
01,POMURSKA STATISTIČNA REGIJA,2026-06-29,2026-07-06,2026-08-24,8,glm_seasonal_region_offset,frozen_selected_model,1.3758666785221985,1.215730638781853,113172,2025,2025,,,glm_seasonal_region_offset@sha256:1263c02735ca074e9c0e087ea0f9b7c81eff390a3df5e4d0639669fa497d8f70,kme_data@sha256:340ffae552aaffe721317f98459ada4ff964dae2a086bf97e76d4980088eabe9,2026-08-30,sealed_without_pipeline_access_to_2026_KME_outcomes
02,PODRAVSKA STATISTIČNA REGIJA,2026-06-29,2026-07-06,2026-08-24,8,baseline_region_historical_rate,primary_simple_baseline,1.5499050183088243,0.46709914208484377,331815,2025,2025,,,baseline_region_historical_rate@sha256:dd1938fb6c1d1ca857d7b311203bd83930b11ddcd87bf2c7b9d8d7facdaeb05f,kme_data@sha256:340ffae552aaffe721317f98459ada4ff964dae2a086bf97e76d4980088eabe9,2026-08-30,sealed_without_pipeline_access_to_2026_KME_outcomes
02,PODRAVSKA STATISTIČNA REGIJA,2026-06-29,2026-07-06,2026-08-24,8,glm_seasonal_region_offset,frozen_selected_model,3.8758900961233214,1.1680876681654901,331815,2025,2025,,,glm_seasonal_region_offset@sha256:1263c02735ca074e9c0e087ea0f9b7c81eff390a3df5e4d0639669fa497d8f70,kme_data@sha256:340ffae552aaffe721317f98459ada4ff964dae2a086bf97e76d4980088eabe9,2026-08-30,sealed_without_pipeline_access_to_2026_KME_outcomes
03,KOROŠKA STATISTIČNA REGIJA,2026-06-29,2026-07-06,2026-08-24,8,baseline_region_historical_rate,primary_simple_baseline,1.5242533951058044,2.166425133042162,70358,2025,2025,,,baseline_region_historical_rate@sha256:dd1938fb6c1d1ca857d7b311203bd83930b11ddcd87bf2c7b9d8d7facdaeb05f,kme_data@sha256:340ffae552aaffe721317f98459ada4ff964dae2a086bf97e76d4980088eabe9,2026-08-30,sealed_without_pipeline_access_to_2026_KME_outcomes
03,KOROŠKA STATISTIČNA REGIJA,2026-06-29,2026-07-06,2026-08-24,8,glm_seasonal_region_offset,frozen_selected_model,3.812186603629311,5.418270280038249,70358,2025,2025,,,glm_seasonal_region_offset@sha256:1263c02735ca074e9c0e087ea0f9b7c81eff390a3df5e4d0639669fa497d8f70,kme_data@sha256:340ffae552aaffe721317f98459ada4ff964dae2a086bf97e76d4980088eabe9,2026-08-30,sealed_without_pipeline_access_to_2026_KME_outcomes
04,SAVINJSKA STATISTIČNA REGIJA,2026-06-29,2026-07-06,2026-08-24,8,baseline_region_historical_rate,primary_simple_baseline,1.144303626330837,0.4354043644291541,262814,2025,2025,,,baseline_region_historical_rate@sha256:dd1938fb6c1d1ca857d7b311203bd83930b11ddcd87bf2c7b9d8d7facdaeb05f,kme_data@sha256:340ffae552aaffe721317f98459ada4ff964dae2a086bf97e76d4980088eabe9,2026-08-30,sealed_without_pipeline_access_to_2026_KME_outcomes
04,SAVINJSKA STATISTIČNA REGIJA,2026-06-29,2026-07-06,2026-08-24,8,glm_seasonal_region_offset,frozen_selected_model,2.8616010294245022,1.0888312758926475,262814,2025,2025,,,glm_seasonal_region_offset@sha256:1263c02735ca074e9c0e087ea0f9b7c81eff390a3df5e4d0639669fa497d8f70,kme_data@sha256:340ffae552aaffe721317f98459ada4ff964dae2a086bf97e76d4980088eabe9,2026-08-30,sealed_without_pipeline_access_to_2026_KME_outcomes
05,ZASAVSKA STATISTIČNA REGIJA,2026-06-29,2026-07-06,2026-08-24,8,baseline_region_historical_rate,primary_simple_baseline,0.1839970152643808,0.32233241992253525,57083,2025,2025,,,baseline_region_historical_rate@sha256:dd1938fb6c1d1ca857d7b311203bd83930b11ddcd87bf2c7b9d8d7facdaeb05f,kme_data@sha256:340ffae552aaffe721317f98459ada4ff964dae2a086bf97e76d4980088eabe9,2026-08-30,sealed_without_pipeline_access_to_2026_KME_outcomes
05,ZASAVSKA STATISTIČNA REGIJA,2026-06-29,2026-07-06,2026-08-24,8,glm_seasonal_region_offset,frozen_selected_model,0.46014034978514323,0.8060899913899817,57083,2025,2025,,,glm_seasonal_region_offset@sha256:1263c02735ca074e9c0e087ea0f9b7c81eff390a3df5e4d0639669fa497d8f70,kme_data@sha256:340ffae552aaffe721317f98459ada4ff964dae2a086bf97e76d4980088eabe9,2026-08-30,sealed_without_pipeline_access_to_2026_KME_outcomes
06,POSAVSKA STATISTIČNA REGIJA,2026-06-29,2026-07-06,2026-08-24,8,baseline_region_historical_rate,primary_simple_baseline,0.10070835543631036,0.13252320007936305,75993,2025,2025,,,baseline_region_historical_rate@sha256:dd1938fb6c1d1ca857d7b311203bd83930b11ddcd87bf2c7b9d8d7facdaeb05f,kme_data@sha256:340ffae552aaffe721317f98459ada4ff964dae2a086bf97e76d4980088eabe9,2026-08-30,sealed_without_pipeline_access_to_2026_KME_outcomes
06,POSAVSKA STATISTIČNA REGIJA,2026-06-29,2026-07-06,2026-08-24,8,glm_seasonal_region_offset,frozen_selected_model,0.25187248437886506,0.3314416911805891,75993,2025,2025,,,glm_seasonal_region_offset@sha256:1263c02735ca074e9c0e087ea0f9b7c81eff390a3df5e4d0639669fa497d8f70,kme_data@sha256:340ffae552aaffe721317f98459ada4ff964dae2a086bf97e76d4980088eabe9,2026-08-30,sealed_without_pipeline_access_to_2026_KME_outcomes
07,JUGOVZHODNA SLOVENIJA,2026-06-29,2026-07-06,2026-08-24,8,baseline_region_historical_rate,primary_simple_baseline,1.0771151173102371,0.7245006506425218,148670,2025,2025,,,baseline_region_historical_rate@sha256:dd1938fb6c1d1ca857d7b311203bd83930b11ddcd87bf2c7b9d8d7facdaeb05f,kme_data@sha256:340ffae552aaffe721317f98459ada4ff964dae2a086bf97e76d4980088eabe9,2026-08-30,sealed_without_pipeline_access_to_2026_KME_outcomes
07,JUGOVZHODNA SLOVENIJA,2026-06-29,2026-07-06,2026-08-24,8,glm_seasonal_region_offset,frozen_selected_model,2.6935406038667633,1.8117579900899734,148670,2025,2025,,,glm_seasonal_region_offset@sha256:1263c02735ca074e9c0e087ea0f9b7c81eff390a3df5e4d0639669fa497d8f70,kme_data@sha256:340ffae552aaffe721317f98459ada4ff964dae2a086bf97e76d4980088eabe9,2026-08-30,sealed_without_pipeline_access_to_2026_KME_outcomes
08,OSREDNJESLOVENSKA STATISTIČNA REGIJA,2026-06-29,2026-07-06,2026-08-24,8,baseline_region_historical_rate,primary_simple_baseline,4.7241152797641215,0.8295562192833964,569475,2025,2025,,,baseline_region_historical_rate@sha256:dd1938fb6c1d1ca857d7b311203bd83930b11ddcd87bf2c7b9d8d7facdaeb05f,kme_data@sha256:340ffae552aaffe721317f98459ada4ff964dae2a086bf97e76d4980088eabe9,2026-08-30,sealed_without_pipeline_access_to_2026_KME_outcomes
08,OSREDNJESLOVENSKA STATISTIČNA REGIJA,2026-06-29,2026-07-06,2026-08-24,8,glm_seasonal_region_offset,frozen_selected_model,11.814047490970715,2.0745506810607512,569475,2025,2025,,,glm_seasonal_region_offset@sha256:1263c02735ca074e9c0e087ea0f9b7c81eff390a3df5e4d0639669fa497d8f70,kme_data@sha256:340ffae552aaffe721317f98459ada4ff964dae2a086bf97e76d4980088eabe9,2026-08-30,sealed_without_pipeline_access_to_2026_KME_outcomes
09,GORENJSKA STATISTIČNA REGIJA,2026-06-29,2026-07-06,2026-08-24,8,baseline_region_historical_rate,primary_simple_baseline,3.422238199660669,1.630250522654079,209921,2025,2025,,,baseline_region_historical_rate@sha256:dd1938fb6c1d1ca857d7b311203bd83930b11ddcd87bf2c7b9d8d7facdaeb05f,kme_data@sha256:340ffae552aaffe721317f98459ada4ff964dae2a086bf97e76d4980088eabe9,2026-08-30,sealed_without_pipeline_access_to_2026_KME_outcomes
09,GORENJSKA STATISTIČNA REGIJA,2026-06-29,2026-07-06,2026-08-24,8,glm_seasonal_region_offset,frozen_selected_model,8.558925916700309,4.077212816583529,209921,2025,2025,,,glm_seasonal_region_offset@sha256:1263c02735ca074e9c0e087ea0f9b7c81eff390a3df5e4d0639669fa497d8f70,kme_data@sha256:340ffae552aaffe721317f98459ada4ff964dae2a086bf97e76d4980088eabe9,2026-08-30,sealed_without_pipeline_access_to_2026_KME_outcomes
10,PRIMORSKO-NOTRANJSKA STATISTIČNA REGIJA,2026-06-29,2026-07-06,2026-08-24,8,baseline_region_historical_rate,primary_simple_baseline,1.2394879903359548,2.302768160992745,53826,2025,2025,,,baseline_region_historical_rate@sha256:dd1938fb6c1d1ca857d7b311203bd83930b11ddcd87bf2c7b9d8d7facdaeb05f,kme_data@sha256:340ffae552aaffe721317f98459ada4ff964dae2a086bf97e76d4980088eabe9,2026-08-30,sealed_without_pipeline_access_to_2026_KME_outcomes
10,PRIMORSKO-NOTRANJSKA STATISTIČNA REGIJA,2026-06-29,2026-07-06,2026-08-24,8,glm_seasonal_region_offset,frozen_selected_model,3.099468257662974,5.758310589051711,53826,2025,2025,,,glm_seasonal_region_offset@sha256:1263c02735ca074e9c0e087ea0f9b7c81eff390a3df5e4d0639669fa497d8f70,kme_data@sha256:340ffae552aaffe721317f98459ada4ff964dae2a086bf97e76d4980088eabe9,2026-08-30,sealed_without_pipeline_access_to_2026_KME_outcomes
11,GORIŠKA STATISTIČNA REGIJA,2026-06-29,2026-07-06,2026-08-24,8,baseline_region_historical_rate,primary_simple_baseline,0.7313576288084981,0.6192907709054482,118096,2025,2025,,,baseline_region_historical_rate@sha256:dd1938fb6c1d1ca857d7b311203bd83930b11ddcd87bf2c7b9d8d7facdaeb05f,kme_data@sha256:340ffae552aaffe721317f98459ada4ff964dae2a086bf97e76d4980088eabe9,2026-08-30,sealed_without_pipeline_access_to_2026_KME_outcomes
11,GORIŠKA STATISTIČNA REGIJA,2026-06-29,2026-07-06,2026-08-24,8,glm_seasonal_region_offset,frozen_selected_model,1.829132067489351,1.5488518387492811,118096,2025,2025,,,glm_seasonal_region_offset@sha256:1263c02735ca074e9c0e087ea0f9b7c81eff390a3df5e4d0639669fa497d8f70,kme_data@sha256:340ffae552aaffe721317f98459ada4ff964dae2a086bf97e76d4980088eabe9,2026-08-30,sealed_without_pipeline_access_to_2026_KME_outcomes
12,OBALNO-KRAŠKA STATISTIČNA REGIJA,2026-06-29,2026-07-06,2026-08-24,8,baseline_region_historical_rate,primary_simple_baseline,0.12877006061375834,0.10764297408925941,119627,2025,2025,,,baseline_region_historical_rate@sha256:dd1938fb6c1d1ca857d7b311203bd83930b11ddcd87bf2c7b9d8d7facdaeb05f,kme_data@sha256:340ffae552aaffe721317f98459ada4ff964dae2a086bf97e76d4980088eabe9,2026-08-30,sealed_without_pipeline_access_to_2026_KME_outcomes
12,OBALNO-KRAŠKA STATISTIČNA REGIJA,2026-06-29,2026-07-06,2026-08-24,8,glm_seasonal_region_offset,frozen_selected_model,0.324745320763581,0.271464904046395,119627,2025,2025,,,glm_seasonal_region_offset@sha256:1263c02735ca074e9c0e087ea0f9b7c81eff390a3df5e4d0639669fa497d8f70,kme_data@sha256:340ffae552aaffe721317f98459ada4ff964dae2a086bf97e76d4980088eabe9,2026-08-30,sealed_without_pipeline_access_to_2026_KME_outcomes
01,POMURSKA STATISTIČNA REGIJA,2026-07-06,2026-07-13,2026-08-31,8,baseline_region_historical_rate,primary_simple_baseline,0.550110426643909,0.4860835070900125,113172,2025,2025,,,baseline_region_historical_rate@sha256:dd1938fb6c1d1ca857d7b311203bd83930b11ddcd87bf2c7b9d8d7facdaeb05f,kme_data@sha256:340ffae552aaffe721317f98459ada4ff964dae2a086bf97e76d4980088eabe9,2026-08-30,sealed_without_pipeline_access_to_2026_KME_outcomes
01,POMURSKA STATISTIČNA REGIJA,2026-07-06,2026-07-13,2026-08-31,8,glm_seasonal_region_offset,frozen_selected_model,1.2776596299024634,1.1289538312501886,113172,2025,2025,,,glm_seasonal_region_offset@sha256:1263c02735ca074e9c0e087ea0f9b7c81eff390a3df5e4d0639669fa497d8f70,kme_data@sha256:340ffae552aaffe721317f98459ada4ff964dae2a086bf97e76d4980088eabe9,2026-08-30,sealed_without_pipeline_access_to_2026_KME_outcomes
02,PODRAVSKA STATISTIČNA REGIJA,2026-07-06,2026-07-13,2026-08-31,8,baseline_region_historical_rate,primary_simple_baseline,1.5499050183088243,0.46709914208484377,331815,2025,2025,,,baseline_region_historical_rate@sha256:dd1938fb6c1d1ca857d7b311203bd83930b11ddcd87bf2c7b9d8d7facdaeb05f,kme_data@sha256:340ffae552aaffe721317f98459ada4ff964dae2a086bf97e76d4980088eabe9,2026-08-30,sealed_without_pipeline_access_to_2026_KME_outcomes
02,PODRAVSKA STATISTIČNA REGIJA,2026-07-06,2026-07-13,2026-08-31,8,glm_seasonal_region_offset,frozen_selected_model,3.599235582240062,1.0847115357172106,331815,2025,2025,,,glm_seasonal_region_offset@sha256:1263c02735ca074e9c0e087ea0f9b7c81eff390a3df5e4d0639669fa497d8f70,kme_data@sha256:340ffae552aaffe721317f98459ada4ff964dae2a086bf97e76d4980088eabe9,2026-08-30,sealed_without_pipeline_access_to_2026_KME_outcomes
03,KOROŠKA STATISTIČNA REGIJA,2026-07-06,2026-07-13,2026-08-31,8,baseline_region_historical_rate,primary_simple_baseline,1.5242533951058044,2.166425133042162,70358,2025,2025,,,baseline_region_historical_rate@sha256:dd1938fb6c1d1ca857d7b311203bd83930b11ddcd87bf2c7b9d8d7facdaeb05f,kme_data@sha256:340ffae552aaffe721317f98459ada4ff964dae2a086bf97e76d4980088eabe9,2026-08-30,sealed_without_pipeline_access_to_2026_KME_outcomes
03,KOROŠKA STATISTIČNA REGIJA,2026-07-06,2026-07-13,2026-08-31,8,glm_seasonal_region_offset,frozen_selected_model,3.5400791378592653,5.031523263678992,70358,2025,2025,,,glm_seasonal_region_offset@sha256:1263c02735ca074e9c0e087ea0f9b7c81eff390a3df5e4d0639669fa497d8f70,kme_data@sha256:340ffae552aaffe721317f98459ada4ff964dae2a086bf97e76d4980088eabe9,2026-08-30,sealed_without_pipeline_access_to_2026_KME_outcomes
04,SAVINJSKA STATISTIČNA REGIJA,2026-07-06,2026-07-13,2026-08-31,8,baseline_region_historical_rate,primary_simple_baseline,1.144303626330837,0.4354043644291541,262814,2025,2025,,,baseline_region_historical_rate@sha256:dd1938fb6c1d1ca857d7b311203bd83930b11ddcd87bf2c7b9d8d7facdaeb05f,kme_data@sha256:340ffae552aaffe721317f98459ada4ff964dae2a086bf97e76d4980088eabe9,2026-08-30,sealed_without_pipeline_access_to_2026_KME_outcomes
04,SAVINJSKA STATISTIČNA REGIJA,2026-07-06,2026-07-13,2026-08-31,8,glm_seasonal_region_offset,frozen_selected_model,2.6573447625826985,1.0111123313760677,262814,2025,2025,,,glm_seasonal_region_offset@sha256:1263c02735ca074e9c0e087ea0f9b7c81eff390a3df5e4d0639669fa497d8f70,kme_data@sha256:340ffae552aaffe721317f98459ada4ff964dae2a086bf97e76d4980088eabe9,2026-08-30,sealed_without_pipeline_access_to_2026_KME_outcomes
05,ZASAVSKA STATISTIČNA REGIJA,2026-07-06,2026-07-13,2026-08-31,8,baseline_region_historical_rate,primary_simple_baseline,0.1839970152643808,0.32233241992253525,57083,2025,2025,,,baseline_region_historical_rate@sha256:dd1938fb6c1d1ca857d7b311203bd83930b11ddcd87bf2c7b9d8d7facdaeb05f,kme_data@sha256:340ffae552aaffe721317f98459ada4ff964dae2a086bf97e76d4980088eabe9,2026-08-30,sealed_without_pipeline_access_to_2026_KME_outcomes
05,ZASAVSKA STATISTIČNA REGIJA,2026-07-06,2026-07-13,2026-08-31,8,glm_seasonal_region_offset,frozen_selected_model,0.4272963058027797,0.7485526440495064,57083,2025,2025,,,glm_seasonal_region_offset@sha256:1263c02735ca074e9c0e087ea0f9b7c81eff390a3df5e4d0639669fa497d8f70,kme_data@sha256:340ffae552aaffe721317f98459ada4ff964dae2a086bf97e76d4980088eabe9,2026-08-30,sealed_without_pipeline_access_to_2026_KME_outcomes
06,POSAVSKA STATISTIČNA REGIJA,2026-07-06,2026-07-13,2026-08-31,8,baseline_region_historical_rate,primary_simple_baseline,0.10070835543631036,0.13252320007936305,75993,2025,2025,,,baseline_region_historical_rate@sha256:dd1938fb6c1d1ca857d7b311203bd83930b11ddcd87bf2c7b9d8d7facdaeb05f,kme_data@sha256:340ffae552aaffe721317f98459ada4ff964dae2a086bf97e76d4980088eabe9,2026-08-30,sealed_without_pipeline_access_to_2026_KME_outcomes
06,POSAVSKA STATISTIČNA REGIJA,2026-07-06,2026-07-13,2026-08-31,8,glm_seasonal_region_offset,frozen_selected_model,0.2338942502188977,0.3077839409141601,75993,2025,2025,,,glm_seasonal_region_offset@sha256:1263c02735ca074e9c0e087ea0f9b7c81eff390a3df5e4d0639669fa497d8f70,kme_data@sha256:340ffae552aaffe721317f98459ada4ff964dae2a086bf97e76d4980088eabe9,2026-08-30,sealed_without_pipeline_access_to_2026_KME_outcomes
07,JUGOVZHODNA SLOVENIJA,2026-07-06,2026-07-13,2026-08-31,8,baseline_region_historical_rate,primary_simple_baseline,1.0771151173102371,0.7245006506425218,148670,2025,2025,,,baseline_region_historical_rate@sha256:dd1938fb6c1d1ca857d7b311203bd83930b11ddcd87bf2c7b9d8d7facdaeb05f,kme_data@sha256:340ffae552aaffe721317f98459ada4ff964dae2a086bf97e76d4980088eabe9,2026-08-30,sealed_without_pipeline_access_to_2026_KME_outcomes
07,JUGOVZHODNA SLOVENIJA,2026-07-06,2026-07-13,2026-08-31,8,glm_seasonal_region_offset,frozen_selected_model,2.501280207439911,1.6824377530368675,148670,2025,2025,,,glm_seasonal_region_offset@sha256:1263c02735ca074e9c0e087ea0f9b7c81eff390a3df5e4d0639669fa497d8f70,kme_data@sha256:340ffae552aaffe721317f98459ada4ff964dae2a086bf97e76d4980088eabe9,2026-08-30,sealed_without_pipeline_access_to_2026_KME_outcomes
08,OSREDNJESLOVENSKA STATISTIČNA REGIJA,2026-07-06,2026-07-13,2026-08-31,8,baseline_region_historical_rate,primary_simple_baseline,4.7241152797641215,0.8295562192833964,569475,2025,2025,,,baseline_region_historical_rate@sha256:dd1938fb6c1d1ca857d7b311203bd83930b11ddcd87bf2c7b9d8d7facdaeb05f,kme_data@sha256:340ffae552aaffe721317f98459ada4ff964dae2a086bf97e76d4980088eabe9,2026-08-30,sealed_without_pipeline_access_to_2026_KME_outcomes
08,OSREDNJESLOVENSKA STATISTIČNA REGIJA,2026-07-06,2026-07-13,2026-08-31,8,glm_seasonal_region_offset,frozen_selected_model,10.9707806581786,1.9264727438743754,569475,2025,2025,,,glm_seasonal_region_offset@sha256:1263c02735ca074e9c0e087ea0f9b7c81eff390a3df5e4d0639669fa497d8f70,kme_data@sha256:340ffae552aaffe721317f98459ada4ff964dae2a086bf97e76d4980088eabe9,2026-08-30,sealed_without_pipeline_access_to_2026_KME_outcomes
09,GORENJSKA STATISTIČNA REGIJA,2026-07-06,2026-07-13,2026-08-31,8,baseline_region_historical_rate,primary_simple_baseline,3.422238199660669,1.630250522654079,209921,2025,2025,,,baseline_region_historical_rate@sha256:dd1938fb6c1d1ca857d7b311203bd83930b11ddcd87bf2c7b9d8d7facdaeb05f,kme_data@sha256:340ffae552aaffe721317f98459ada4ff964dae2a086bf97e76d4980088eabe9,2026-08-30,sealed_without_pipeline_access_to_2026_KME_outcomes
09,GORENJSKA STATISTIČNA REGIJA,2026-07-06,2026-07-13,2026-08-31,8,glm_seasonal_region_offset,frozen_selected_model,7.948004185143501,3.786188225638931,209921,2025,2025,,,glm_seasonal_region_offset@sha256:1263c02735ca074e9c0e087ea0f9b7c81eff390a3df5e4d0639669fa497d8f70,kme_data@sha256:340ffae552aaffe721317f98459ada4ff964dae2a086bf97e76d4980088eabe9,2026-08-30,sealed_without_pipeline_access_to_2026_KME_outcomes
10,PRIMORSKO-NOTRANJSKA STATISTIČNA REGIJA,2026-07-06,2026-07-13,2026-08-31,8,baseline_region_historical_rate,primary_simple_baseline,1.2394879903359548,2.302768160992745,53826,2025,2025,,,baseline_region_historical_rate@sha256:dd1938fb6c1d1ca857d7b311203bd83930b11ddcd87bf2c7b9d8d7facdaeb05f,kme_data@sha256:340ffae552aaffe721317f98459ada4ff964dae2a086bf97e76d4980088eabe9,2026-08-30,sealed_without_pipeline_access_to_2026_KME_outcomes
10,PRIMORSKO-NOTRANJSKA STATISTIČNA REGIJA,2026-07-06,2026-07-13,2026-08-31,8,glm_seasonal_region_offset,frozen_selected_model,2.8782334282806863,5.347292067552273,53826,2025,2025,,,glm_seasonal_region_offset@sha256:1263c02735ca074e9c0e087ea0f9b7c81eff390a3df5e4d0639669fa497d8f70,kme_data@sha256:340ffae552aaffe721317f98459ada4ff964dae2a086bf97e76d4980088eabe9,2026-08-30,sealed_without_pipeline_access_to_2026_KME_outcomes
11,GORIŠKA STATISTIČNA REGIJA,2026-07-06,2026-07-13,2026-08-31,8,baseline_region_historical_rate,primary_simple_baseline,0.7313576288084981,0.6192907709054482,118096,2025,2025,,,baseline_region_historical_rate@sha256:dd1938fb6c1d1ca857d7b311203bd83930b11ddcd87bf2c7b9d8d7facdaeb05f,kme_data@sha256:340ffae552aaffe721317f98459ada4ff964dae2a086bf97e76d4980088eabe9,2026-08-30,sealed_without_pipeline_access_to_2026_KME_outcomes
11,GORIŠKA STATISTIČNA REGIJA,2026-07-06,2026-07-13,2026-08-31,8,glm_seasonal_region_offset,frozen_selected_model,1.6985716980233314,1.4382974004397535,118096,2025,2025,,,glm_seasonal_region_offset@sha256:1263c02735ca074e9c0e087ea0f9b7c81eff390a3df5e4d0639669fa497d8f70,kme_data@sha256:340ffae552aaffe721317f98459ada4ff964dae2a086bf97e76d4980088eabe9,2026-08-30,sealed_without_pipeline_access_to_2026_KME_outcomes
12,OBALNO-KRAŠKA STATISTIČNA REGIJA,2026-07-06,2026-07-13,2026-08-31,8,baseline_region_historical_rate,primary_simple_baseline,0.12877006061375834,0.10764297408925941,119627,2025,2025,,,baseline_region_historical_rate@sha256:dd1938fb6c1d1ca857d7b311203bd83930b11ddcd87bf2c7b9d8d7facdaeb05f,kme_data@sha256:340ffae552aaffe721317f98459ada4ff964dae2a086bf97e76d4980088eabe9,2026-08-30,sealed_without_pipeline_access_to_2026_KME_outcomes
12,OBALNO-KRAŠKA STATISTIČNA REGIJA,2026-07-06,2026-07-13,2026-08-31,8,glm_seasonal_region_offset,frozen_selected_model,0.301565546150887,0.2520881959347697,119627,2025,2025,,,glm_seasonal_region_offset@sha256:1263c02735ca074e9c0e087ea0f9b7c81eff390a3df5e4d0639669fa497d8f70,kme_data@sha256:340ffae552aaffe721317f98459ada4ff964dae2a086bf97e76d4980088eabe9,2026-08-30,sealed_without_pipeline_access_to_2026_KME_outcomes
01,POMURSKA STATISTIČNA REGIJA,2026-07-13,2026-07-20,2026-09-07,8,baseline_region_historical_rate,primary_simple_baseline,0.550110426643909,0.4860835070900125,113172,2025,2025,,,baseline_region_historical_rate@sha256:dd1938fb6c1d1ca857d7b311203bd83930b11ddcd87bf2c7b9d8d7facdaeb05f,kme_data@sha256:340ffae552aaffe721317f98459ada4ff964dae2a086bf97e76d4980088eabe9,2026-08-30,sealed_without_pipeline_access_to_2026_KME_outcomes
01,POMURSKA STATISTIČNA REGIJA,2026-07-13,2026-07-20,2026-09-07,8,glm_seasonal_region_offset,frozen_selected_model,1.1624378176933627,1.0271425950706559,113172,2025,2025,,,glm_seasonal_region_offset@sha256:1263c02735ca074e9c0e087ea0f9b7c81eff390a3df5e4d0639669fa497d8f70,kme_data@sha256:340ffae552aaffe721317f98459ada4ff964dae2a086bf97e76d4980088eabe9,2026-08-30,sealed_without_pipeline_access_to_2026_KME_outcomes
02,PODRAVSKA STATISTIČNA REGIJA,2026-07-13,2026-07-20,2026-09-07,8,baseline_region_historical_rate,primary_simple_baseline,1.5499050183088243,0.46709914208484377,331815,2025,2025,,,baseline_region_historical_rate@sha256:dd1938fb6c1d1ca857d7b311203bd83930b11ddcd87bf2c7b9d8d7facdaeb05f,kme_data@sha256:340ffae552aaffe721317f98459ada4ff964dae2a086bf97e76d4980088eabe9,2026-08-30,sealed_without_pipeline_access_to_2026_KME_outcomes
02,PODRAVSKA STATISTIČNA REGIJA,2026-07-13,2026-07-20,2026-09-07,8,glm_seasonal_region_offset,frozen_selected_model,3.2746495683696577,0.9868901551676861,331815,2025,2025,,,glm_seasonal_region_offset@sha256:1263c02735ca074e9c0e087ea0f9b7c81eff390a3df5e4d0639669fa497d8f70,kme_data@sha256:340ffae552aaffe721317f98459ada4ff964dae2a086bf97e76d4980088eabe9,2026-08-30,sealed_without_pipeline_access_to_2026_KME_outcomes
03,KOROŠKA STATISTIČNA REGIJA,2026-07-13,2026-07-20,2026-09-07,8,baseline_region_historical_rate,primary_simple_baseline,1.5242533951058044,2.166425133042162,70358,2025,2025,,,baseline_region_historical_rate@sha256:dd1938fb6c1d1ca857d7b311203bd83930b11ddcd87bf2c7b9d8d7facdaeb05f,kme_data@sha256:340ffae552aaffe721317f98459ada4ff964dae2a086bf97e76d4980088eabe9,2026-08-30,sealed_without_pipeline_access_to_2026_KME_outcomes
03,KOROŠKA STATISTIČNA REGIJA,2026-07-13,2026-07-20,2026-09-07,8,glm_seasonal_region_offset,frozen_selected_model,3.220827966356794,4.577770781370695,70358,2025,2025,,,glm_seasonal_region_offset@sha256:1263c02735ca074e9c0e087ea0f9b7c81eff390a3df5e4d0639669fa497d8f70,kme_data@sha256:340ffae552aaffe721317f98459ada4ff964dae2a086bf97e76d4980088eabe9,2026-08-30,sealed_without_pipeline_access_to_2026_KME_outcomes
04,SAVINJSKA STATISTIČNA REGIJA,2026-07-13,2026-07-20,2026-09-07,8,baseline_region_historical_rate,primary_simple_baseline,1.144303626330837,0.4354043644291541,262814,2025,2025,,,baseline_region_historical_rate@sha256:dd1938fb6c1d1ca857d7b311203bd83930b11ddcd87bf2c7b9d8d7facdaeb05f,kme_data@sha256:340ffae552aaffe721317f98459ada4ff964dae2a086bf97e76d4980088eabe9,2026-08-30,sealed_without_pipeline_access_to_2026_KME_outcomes
04,SAVINJSKA STATISTIČNA REGIJA,2026-07-13,2026-07-20,2026-09-07,8,glm_seasonal_region_offset,frozen_selected_model,2.4177002813427966,0.9199282691724172,262814,2025,2025,,,glm_seasonal_region_offset@sha256:1263c02735ca074e9c0e087ea0f9b7c81eff390a3df5e4d0639669fa497d8f70,kme_data@sha256:340ffae552aaffe721317f98459ada4ff964dae2a086bf97e76d4980088eabe9,2026-08-30,sealed_without_pipeline_access_to_2026_KME_outcomes
05,ZASAVSKA STATISTIČNA REGIJA,2026-07-13,2026-07-20,2026-09-07,8,baseline_region_historical_rate,primary_simple_baseline,0.1839970152643808,0.32233241992253525,57083,2025,2025,,,baseline_region_historical_rate@sha256:dd1938fb6c1d1ca857d7b311203bd83930b11ddcd87bf2c7b9d8d7facdaeb05f,kme_data@sha256:340ffae552aaffe721317f98459ada4ff964dae2a086bf97e76d4980088eabe9,2026-08-30,sealed_without_pipeline_access_to_2026_KME_outcomes
05,ZASAVSKA STATISTIČNA REGIJA,2026-07-13,2026-07-20,2026-09-07,8,glm_seasonal_region_offset,frozen_selected_model,0.38876189996214994,0.681046721374402,57083,2025,2025,,,glm_seasonal_region_offset@sha256:1263c02735ca074e9c0e087ea0f9b7c81eff390a3df5e4d0639669fa497d8f70,kme_data@sha256:340ffae552aaffe721317f98459ada4ff964dae2a086bf97e76d4980088eabe9,2026-08-30,sealed_without_pipeline_access_to_2026_KME_outcomes
06,POSAVSKA STATISTIČNA REGIJA,2026-07-13,2026-07-20,2026-09-07,8,baseline_region_historical_rate,primary_simple_baseline,0.10070835543631036,0.13252320007936305,75993,2025,2025,,,baseline_region_historical_rate@sha256:dd1938fb6c1d1ca857d7b311203bd83930b11ddcd87bf2c7b9d8d7facdaeb05f,kme_data@sha256:340ffae552aaffe721317f98459ada4ff964dae2a086bf97e76d4980088eabe9,2026-08-30,sealed_without_pipeline_access_to_2026_KME_outcomes
06,POSAVSKA STATISTIČNA REGIJA,2026-07-13,2026-07-20,2026-09-07,8,glm_seasonal_region_offset,frozen_selected_model,0.2128012151532382,0.28002739088236833,75993,2025,2025,,,glm_seasonal_region_offset@sha256:1263c02735ca074e9c0e087ea0f9b7c81eff390a3df5e4d0639669fa497d8f70,kme_data@sha256:340ffae552aaffe721317f98459ada4ff964dae2a086bf97e76d4980088eabe9,2026-08-30,sealed_without_pipeline_access_to_2026_KME_outcomes
07,JUGOVZHODNA SLOVENIJA,2026-07-13,2026-07-20,2026-09-07,8,baseline_region_historical_rate,primary_simple_baseline,1.0771151173102371,0.7245006506425218,148670,2025,2025,,,baseline_region_historical_rate@sha256:dd1938fb6c1d1ca857d7b311203bd83930b11ddcd87bf2c7b9d8d7facdaeb05f,kme_data@sha256:340ffae552aaffe721317f98459ada4ff964dae2a086bf97e76d4980088eabe9,2026-08-30,sealed_without_pipeline_access_to_2026_KME_outcomes
07,JUGOVZHODNA SLOVENIJA,2026-07-13,2026-07-20,2026-09-07,8,glm_seasonal_region_offset,frozen_selected_model,2.275709929097484,1.530712268176151,148670,2025,2025,,,glm_seasonal_region_offset@sha256:1263c02735ca074e9c0e087ea0f9b7c81eff390a3df5e4d0639669fa497d8f70,kme_data@sha256:340ffae552aaffe721317f98459ada4ff964dae2a086bf97e76d4980088eabe9,2026-08-30,sealed_without_pipeline_access_to_2026_KME_outcomes
08,OSREDNJESLOVENSKA STATISTIČNA REGIJA,2026-07-13,2026-07-20,2026-09-07,8,baseline_region_historical_rate,primary_simple_baseline,4.7241152797641215,0.8295562192833964,569475,2025,2025,,,baseline_region_historical_rate@sha256:dd1938fb6c1d1ca857d7b311203bd83930b11ddcd87bf2c7b9d8d7facdaeb05f,kme_data@sha256:340ffae552aaffe721317f98459ada4ff964dae2a086bf97e76d4980088eabe9,2026-08-30,sealed_without_pipeline_access_to_2026_KME_outcomes
08,OSREDNJESLOVENSKA STATISTIČNA REGIJA,2026-07-13,2026-07-20,2026-09-07,8,glm_seasonal_region_offset,frozen_selected_model,9.981414477077312,1.7527397123802295,569475,2025,2025,,,glm_seasonal_region_offset@sha256:1263c02735ca074e9c0e087ea0f9b7c81eff390a3df5e4d0639669fa497d8f70,kme_data@sha256:340ffae552aaffe721317f98459ada4ff964dae2a086bf97e76d4980088eabe9,2026-08-30,sealed_without_pipeline_access_to_2026_KME_outcomes
09,GORENJSKA STATISTIČNA REGIJA,2026-07-13,2026-07-20,2026-09-07,8,baseline_region_historical_rate,primary_simple_baseline,3.422238199660669,1.630250522654079,209921,2025,2025,,,baseline_region_historical_rate@sha256:dd1938fb6c1d1ca857d7b311203bd83930b11ddcd87bf2c7b9d8d7facdaeb05f,kme_data@sha256:340ffae552aaffe721317f98459ada4ff964dae2a086bf97e76d4980088eabe9,2026-08-30,sealed_without_pipeline_access_to_2026_KME_outcomes
09,GORENJSKA STATISTIČNA REGIJA,2026-07-13,2026-07-20,2026-09-07,8,glm_seasonal_region_offset,frozen_selected_model,7.231237822471729,3.444742461436316,209921,2025,2025,,,glm_seasonal_region_offset@sha256:1263c02735ca074e9c0e087ea0f9b7c81eff390a3df5e4d0639669fa497d8f70,kme_data@sha256:340ffae552aaffe721317f98459ada4ff964dae2a086bf97e76d4980088eabe9,2026-08-30,sealed_without_pipeline_access_to_2026_KME_outcomes
10,PRIMORSKO-NOTRANJSKA STATISTIČNA REGIJA,2026-07-13,2026-07-20,2026-09-07,8,baseline_region_historical_rate,primary_simple_baseline,1.2394879903359548,2.302768160992745,53826,2025,2025,,,baseline_region_historical_rate@sha256:dd1938fb6c1d1ca857d7b311203bd83930b11ddcd87bf2c7b9d8d7facdaeb05f,kme_data@sha256:340ffae552aaffe721317f98459ada4ff964dae2a086bf97e76d4980088eabe9,2026-08-30,sealed_without_pipeline_access_to_2026_KME_outcomes
10,PRIMORSKO-NOTRANJSKA STATISTIČNA REGIJA,2026-07-13,2026-07-20,2026-09-07,8,glm_seasonal_region_offset,frozen_selected_model,2.618668780697175,4.865062944854113,53826,2025,2025,,,glm_seasonal_region_offset@sha256:1263c02735ca074e9c0e087ea0f9b7c81eff390a3df5e4d0639669fa497d8f70,kme_data@sha256:340ffae552aaffe721317f98459ada4ff964dae2a086bf97e76d4980088eabe9,2026-08-30,sealed_without_pipeline_access_to_2026_KME_outcomes
11,GORIŠKA STATISTIČNA REGIJA,2026-07-13,2026-07-20,2026-09-07,8,baseline_region_historical_rate,primary_simple_baseline,0.7313576288084981,0.6192907709054482,118096,2025,2025,,,baseline_region_historical_rate@sha256:dd1938fb6c1d1ca857d7b311203bd83930b11ddcd87bf2c7b9d8d7facdaeb05f,kme_data@sha256:340ffae552aaffe721317f98459ada4ff964dae2a086bf97e76d4980088eabe9,2026-08-30,sealed_without_pipeline_access_to_2026_KME_outcomes
11,GORIŠKA STATISTIČNA REGIJA,2026-07-13,2026-07-20,2026-09-07,8,glm_seasonal_region_offset,frozen_selected_model,1.5453912228538387,1.3085889639393702,118096,2025,2025,,,glm_seasonal_region_offset@sha256:1263c02735ca074e9c0e087ea0f9b7c81eff390a3df5e4d0639669fa497d8f70,kme_data@sha256:340ffae552aaffe721317f98459ada4ff964dae2a086bf97e76d4980088eabe9,2026-08-30,sealed_without_pipeline_access_to_2026_KME_outcomes
12,OBALNO-KRAŠKA STATISTIČNA REGIJA,2026-07-13,2026-07-20,2026-09-07,8,baseline_region_historical_rate,primary_simple_baseline,0.12877006061375834,0.10764297408925941,119627,2025,2025,,,baseline_region_historical_rate@sha256:dd1938fb6c1d1ca857d7b311203bd83930b11ddcd87bf2c7b9d8d7facdaeb05f,kme_data@sha256:340ffae552aaffe721317f98459ada4ff964dae2a086bf97e76d4980088eabe9,2026-08-30,sealed_without_pipeline_access_to_2026_KME_outcomes
12,OBALNO-KRAŠKA STATISTIČNA REGIJA,2026-07-13,2026-07-20,2026-09-07,8,glm_seasonal_region_offset,frozen_selected_model,0.2743697829647363,0.2293543957173015,119627,2025,2025,,,glm_seasonal_region_offset@sha256:1263c02735ca074e9c0e087ea0f9b7c81eff390a3df5e4d0639669fa497d8f70,kme_data@sha256:340ffae552aaffe721317f98459ada4ff964dae2a086bf97e76d4980088eabe9,2026-08-30,sealed_without_pipeline_access_to_2026_KME_outcomes
01,POMURSKA STATISTIČNA REGIJA,2026-07-20,2026-07-27,2026-09-14,8,baseline_region_historical_rate,primary_simple_baseline,0.550110426643909,0.4860835070900125,113172,2025,2025,,,baseline_region_historical_rate@sha256:dd1938fb6c1d1ca857d7b311203bd83930b11ddcd87bf2c7b9d8d7facdaeb05f,kme_data@sha256:340ffae552aaffe721317f98459ada4ff964dae2a086bf97e76d4980088eabe9,2026-08-30,sealed_without_pipeline_access_to_2026_KME_outcomes
01,POMURSKA STATISTIČNA REGIJA,2026-07-20,2026-07-27,2026-09-14,8,glm_seasonal_region_offset,frozen_selected_model,1.037612727047171,0.916845798472388,113172,2025,2025,,,glm_seasonal_region_offset@sha256:1263c02735ca074e9c0e087ea0f9b7c81eff390a3df5e4d0639669fa497d8f70,kme_data@sha256:340ffae552aaffe721317f98459ada4ff964dae2a086bf97e76d4980088eabe9,2026-08-30,sealed_without_pipeline_access_to_2026_KME_outcomes
02,PODRAVSKA STATISTIČNA REGIJA,2026-07-20,2026-07-27,2026-09-14,8,baseline_region_historical_rate,primary_simple_baseline,1.5499050183088243,0.46709914208484377,331815,2025,2025,,,baseline_region_historical_rate@sha256:dd1938fb6c1d1ca857d7b311203bd83930b11ddcd87bf2c7b9d8d7facdaeb05f,kme_data@sha256:340ffae552aaffe721317f98459ada4ff964dae2a086bf97e76d4980088eabe9,2026-08-30,sealed_without_pipeline_access_to_2026_KME_outcomes
02,PODRAVSKA STATISTIČNA REGIJA,2026-07-20,2026-07-27,2026-09-14,8,glm_seasonal_region_offset,frozen_selected_model,2.9230106049906452,0.8809157527509742,331815,2025,2025,,,glm_seasonal_region_offset@sha256:1263c02735ca074e9c0e087ea0f9b7c81eff390a3df5e4d0639669fa497d8f70,kme_data@sha256:340ffae552aaffe721317f98459ada4ff964dae2a086bf97e76d4980088eabe9,2026-08-30,sealed_without_pipeline_access_to_2026_KME_outcomes
03,KOROŠKA STATISTIČNA REGIJA,2026-07-20,2026-07-27,2026-09-14,8,baseline_region_historical_rate,primary_simple_baseline,1.5242533951058044,2.166425133042162,70358,2025,2025,,,baseline_region_historical_rate@sha256:dd1938fb6c1d1ca857d7b311203bd83930b11ddcd87bf2c7b9d8d7facdaeb05f,kme_data@sha256:340ffae552aaffe721317f98459ada4ff964dae2a086bf97e76d4980088eabe9,2026-08-30,sealed_without_pipeline_access_to_2026_KME_outcomes
03,KOROŠKA STATISTIČNA REGIJA,2026-07-20,2026-07-27,2026-09-14,8,glm_seasonal_region_offset,frozen_selected_model,2.8749684831768256,4.086199839644142,70358,2025,2025,,,glm_seasonal_region_offset@sha256:1263c02735ca074e9c0e087ea0f9b7c81eff390a3df5e4d0639669fa497d8f70,kme_data@sha256:340ffae552aaffe721317f98459ada4ff964dae2a086bf97e76d4980088eabe9,2026-08-30,sealed_without_pipeline_access_to_2026_KME_outcomes
04,SAVINJSKA STATISTIČNA REGIJA,2026-07-20,2026-07-27,2026-09-14,8,baseline_region_historical_rate,primary_simple_baseline,1.144303626330837,0.4354043644291541,262814,2025,2025,,,baseline_region_historical_rate@sha256:dd1938fb6c1d1ca857d7b311203bd83930b11ddcd87bf2c7b9d8d7facdaeb05f,kme_data@sha256:340ffae552aaffe721317f98459ada4ff964dae2a086bf97e76d4980088eabe9,2026-08-30,sealed_without_pipeline_access_to_2026_KME_outcomes
04,SAVINJSKA STATISTIČNA REGIJA,2026-07-20,2026-07-27,2026-09-14,8,glm_seasonal_region_offset,frozen_selected_model,2.1580823885141016,0.8211443791099796,262814,2025,2025,,,glm_seasonal_region_offset@sha256:1263c02735ca074e9c0e087ea0f9b7c81eff390a3df5e4d0639669fa497d8f70,kme_data@sha256:340ffae552aaffe721317f98459ada4ff964dae2a086bf97e76d4980088eabe9,2026-08-30,sealed_without_pipeline_access_to_2026_KME_outcomes
05,ZASAVSKA STATISTIČNA REGIJA,2026-07-20,2026-07-27,2026-09-14,8,baseline_region_historical_rate,primary_simple_baseline,0.1839970152643808,0.32233241992253525,57083,2025,2025,,,baseline_region_historical_rate@sha256:dd1938fb6c1d1ca857d7b311203bd83930b11ddcd87bf2c7b9d8d7facdaeb05f,kme_data@sha256:340ffae552aaffe721317f98459ada4ff964dae2a086bf97e76d4980088eabe9,2026-08-30,sealed_without_pipeline_access_to_2026_KME_outcomes
05,ZASAVSKA STATISTIČNA REGIJA,2026-07-20,2026-07-27,2026-09-14,8,glm_seasonal_region_offset,frozen_selected_model,0.34701580510534796,0.6079144493200217,57083,2025,2025,,,glm_seasonal_region_offset@sha256:1263c02735ca074e9c0e087ea0f9b7c81eff390a3df5e4d0639669fa497d8f70,kme_data@sha256:340ffae552aaffe721317f98459ada4ff964dae2a086bf97e76d4980088eabe9,2026-08-30,sealed_without_pipeline_access_to_2026_KME_outcomes
06,POSAVSKA STATISTIČNA REGIJA,2026-07-20,2026-07-27,2026-09-14,8,baseline_region_historical_rate,primary_simple_baseline,0.10070835543631036,0.13252320007936305,75993,2025,2025,,,baseline_region_historical_rate@sha256:dd1938fb6c1d1ca857d7b311203bd83930b11ddcd87bf2c7b9d8d7facdaeb05f,kme_data@sha256:340ffae552aaffe721317f98459ada4ff964dae2a086bf97e76d4980088eabe9,2026-08-30,sealed_without_pipeline_access_to_2026_KME_outcomes
06,POSAVSKA STATISTIČNA REGIJA,2026-07-20,2026-07-27,2026-09-14,8,glm_seasonal_region_offset,frozen_selected_model,0.1899501597532755,0.2499574431240713,75993,2025,2025,,,glm_seasonal_region_offset@sha256:1263c02735ca074e9c0e087ea0f9b7c81eff390a3df5e4d0639669fa497d8f70,kme_data@sha256:340ffae552aaffe721317f98459ada4ff964dae2a086bf97e76d4980088eabe9,2026-08-30,sealed_without_pipeline_access_to_2026_KME_outcomes
07,JUGOVZHODNA SLOVENIJA,2026-07-20,2026-07-27,2026-09-14,8,baseline_region_historical_rate,primary_simple_baseline,1.0771151173102371,0.7245006506425218,148670,2025,2025,,,baseline_region_historical_rate@sha256:dd1938fb6c1d1ca857d7b311203bd83930b11ddcd87bf2c7b9d8d7facdaeb05f,kme_data@sha256:340ffae552aaffe721317f98459ada4ff964dae2a086bf97e76d4980088eabe9,2026-08-30,sealed_without_pipeline_access_to_2026_KME_outcomes
07,JUGOVZHODNA SLOVENIJA,2026-07-20,2026-07-27,2026-09-14,8,glm_seasonal_region_offset,frozen_selected_model,2.031339267836904,1.3663410693730438,148670,2025,2025,,,glm_seasonal_region_offset@sha256:1263c02735ca074e9c0e087ea0f9b7c81eff390a3df5e4d0639669fa497d8f70,kme_data@sha256:340ffae552aaffe721317f98459ada4ff964dae2a086bf97e76d4980088eabe9,2026-08-30,sealed_without_pipeline_access_to_2026_KME_outcomes
08,OSREDNJESLOVENSKA STATISTIČNA REGIJA,2026-07-20,2026-07-27,2026-09-14,8,baseline_region_historical_rate,primary_simple_baseline,4.7241152797641215,0.8295562192833964,569475,2025,2025,,,baseline_region_historical_rate@sha256:dd1938fb6c1d1ca857d7b311203bd83930b11ddcd87bf2c7b9d8d7facdaeb05f,kme_data@sha256:340ffae552aaffe721317f98459ada4ff964dae2a086bf97e76d4980088eabe9,2026-08-30,sealed_without_pipeline_access_to_2026_KME_outcomes
08,OSREDNJESLOVENSKA STATISTIČNA REGIJA,2026-07-20,2026-07-27,2026-09-14,8,glm_seasonal_region_offset,frozen_selected_model,8.909588571283313,1.5645267257181288,569475,2025,2025,,,glm_seasonal_region_offset@sha256:1263c02735ca074e9c0e087ea0f9b7c81eff390a3df5e4d0639669fa497d8f70,kme_data@sha256:340ffae552aaffe721317f98459ada4ff964dae2a086bf97e76d4980088eabe9,2026-08-30,sealed_without_pipeline_access_to_2026_KME_outcomes
09,GORENJSKA STATISTIČNA REGIJA,2026-07-20,2026-07-27,2026-09-14,8,baseline_region_historical_rate,primary_simple_baseline,3.422238199660669,1.630250522654079,209921,2025,2025,,,baseline_region_historical_rate@sha256:dd1938fb6c1d1ca857d7b311203bd83930b11ddcd87bf2c7b9d8d7facdaeb05f,kme_data@sha256:340ffae552aaffe721317f98459ada4ff964dae2a086bf97e76d4980088eabe9,2026-08-30,sealed_without_pipeline_access_to_2026_KME_outcomes
09,GORENJSKA STATISTIČNA REGIJA,2026-07-20,2026-07-27,2026-09-14,8,glm_seasonal_region_offset,frozen_selected_model,6.454731842594609,3.074838554787091,209921,2025,2025,,,glm_seasonal_region_offset@sha256:1263c02735ca074e9c0e087ea0f9b7c81eff390a3df5e4d0639669fa497d8f70,kme_data@sha256:340ffae552aaffe721317f98459ada4ff964dae2a086bf97e76d4980088eabe9,2026-08-30,sealed_without_pipeline_access_to_2026_KME_outcomes
10,PRIMORSKO-NOTRANJSKA STATISTIČNA REGIJA,2026-07-20,2026-07-27,2026-09-14,8,baseline_region_historical_rate,primary_simple_baseline,1.2394879903359548,2.302768160992745,53826,2025,2025,,,baseline_region_historical_rate@sha256:dd1938fb6c1d1ca857d7b311203bd83930b11ddcd87bf2c7b9d8d7facdaeb05f,kme_data@sha256:340ffae552aaffe721317f98459ada4ff964dae2a086bf97e76d4980088eabe9,2026-08-30,sealed_without_pipeline_access_to_2026_KME_outcomes
10,PRIMORSKO-NOTRANJSKA STATISTIČNA REGIJA,2026-07-20,2026-07-27,2026-09-14,8,glm_seasonal_region_offset,frozen_selected_model,2.33747045512007,4.342641948352227,53826,2025,2025,,,glm_seasonal_region_offset@sha256:1263c02735ca074e9c0e087ea0f9b7c81eff390a3df5e4d0639669fa497d8f70,kme_data@sha256:340ffae552aaffe721317f98459ada4ff964dae2a086bf97e76d4980088eabe9,2026-08-30,sealed_without_pipeline_access_to_2026_KME_outcomes
11,GORIŠKA STATISTIČNA REGIJA,2026-07-20,2026-07-27,2026-09-14,8,baseline_region_historical_rate,primary_simple_baseline,0.7313576288084981,0.6192907709054482,118096,2025,2025,,,baseline_region_historical_rate@sha256:dd1938fb6c1d1ca857d7b311203bd83930b11ddcd87bf2c7b9d8d7facdaeb05f,kme_data@sha256:340ffae552aaffe721317f98459ada4ff964dae2a086bf97e76d4980088eabe9,2026-08-30,sealed_without_pipeline_access_to_2026_KME_outcomes
11,GORIŠKA STATISTIČNA REGIJA,2026-07-20,2026-07-27,2026-09-14,8,glm_seasonal_region_offset,frozen_selected_model,1.3794437661035583,1.168069846653196,118096,2025,2025,,,glm_seasonal_region_offset@sha256:1263c02735ca074e9c0e087ea0f9b7c81eff390a3df5e4d0639669fa497d8f70,kme_data@sha256:340ffae552aaffe721317f98459ada4ff964dae2a086bf97e76d4980088eabe9,2026-08-30,sealed_without_pipeline_access_to_2026_KME_outcomes
12,OBALNO-KRAŠKA STATISTIČNA REGIJA,2026-07-20,2026-07-27,2026-09-14,8,baseline_region_historical_rate,primary_simple_baseline,0.12877006061375834,0.10764297408925941,119627,2025,2025,,,baseline_region_historical_rate@sha256:dd1938fb6c1d1ca857d7b311203bd83930b11ddcd87bf2c7b9d8d7facdaeb05f,kme_data@sha256:340ffae552aaffe721317f98459ada4ff964dae2a086bf97e76d4980088eabe9,2026-08-30,sealed_without_pipeline_access_to_2026_KME_outcomes
12,OBALNO-KRAŠKA STATISTIČNA REGIJA,2026-07-20,2026-07-27,2026-09-14,8,glm_seasonal_region_offset,frozen_selected_model,0.24490736139873087,0.20472582393500705,119627,2025,2025,,,glm_seasonal_region_offset@sha256:1263c02735ca074e9c0e087ea0f9b7c81eff390a3df5e4d0639669fa497d8f70,kme_data@sha256:340ffae552aaffe721317f98459ada4ff964dae2a086bf97e76d4980088eabe9,2026-08-30,sealed_without_pipeline_access_to_2026_KME_outcomes
01,POMURSKA STATISTIČNA REGIJA,2026-07-27,2026-08-03,2026-09-21,8,baseline_region_historical_rate,primary_simple_baseline,0.550110426643909,0.4860835070900125,113172,2025,2025,,,baseline_region_historical_rate@sha256:dd1938fb6c1d1ca857d7b311203bd83930b11ddcd87bf2c7b9d8d7facdaeb05f,kme_data@sha256:340ffae552aaffe721317f98459ada4ff964dae2a086bf97e76d4980088eabe9,2026-08-30,sealed_without_pipeline_access_to_2026_KME_outcomes
01,POMURSKA STATISTIČNA REGIJA,2026-07-27,2026-08-03,2026-09-21,8,glm_seasonal_region_offset,frozen_selected_model,0.9101800808512569,0.8042449376623696,113172,2025,2025,,,glm_seasonal_region_offset@sha256:1263c02735ca074e9c0e087ea0f9b7c81eff390a3df5e4d0639669fa497d8f70,kme_data@sha256:340ffae552aaffe721317f98459ada4ff964dae2a086bf97e76d4980088eabe9,2026-08-30,sealed_without_pipeline_access_to_2026_KME_outcomes
02,PODRAVSKA STATISTIČNA REGIJA,2026-07-27,2026-08-03,2026-09-21,8,baseline_region_historical_rate,primary_simple_baseline,1.5499050183088243,0.46709914208484377,331815,2025,2025,,,baseline_region_historical_rate@sha256:dd1938fb6c1d1ca857d7b311203bd83930b11ddcd87bf2c7b9d8d7facdaeb05f,kme_data@sha256:340ffae552aaffe721317f98459ada4ff964dae2a086bf97e76d4980088eabe9,2026-08-30,sealed_without_pipeline_access_to_2026_KME_outcomes
02,PODRAVSKA STATISTIČNA REGIJA,2026-07-27,2026-08-03,2026-09-21,8,glm_seasonal_region_offset,frozen_selected_model,2.564026018021769,0.7727275795312958,331815,2025,2025,,,glm_seasonal_region_offset@sha256:1263c02735ca074e9c0e087ea0f9b7c81eff390a3df5e4d0639669fa497d8f70,kme_data@sha256:340ffae552aaffe721317f98459ada4ff964dae2a086bf97e76d4980088eabe9,2026-08-30,sealed_without_pipeline_access_to_2026_KME_outcomes
03,KOROŠKA STATISTIČNA REGIJA,2026-07-27,2026-08-03,2026-09-21,8,baseline_region_historical_rate,primary_simple_baseline,1.5242533951058044,2.166425133042162,70358,2025,2025,,,baseline_region_historical_rate@sha256:dd1938fb6c1d1ca857d7b311203bd83930b11ddcd87bf2c7b9d8d7facdaeb05f,kme_data@sha256:340ffae552aaffe721317f98459ada4ff964dae2a086bf97e76d4980088eabe9,2026-08-30,sealed_without_pipeline_access_to_2026_KME_outcomes
03,KOROŠKA STATISTIČNA REGIJA,2026-07-27,2026-08-03,2026-09-21,8,glm_seasonal_region_offset,frozen_selected_model,2.5218841078688303,3.5843601408067745,70358,2025,2025,,,glm_seasonal_region_offset@sha256:1263c02735ca074e9c0e087ea0f9b7c81eff390a3df5e4d0639669fa497d8f70,kme_data@sha256:340ffae552aaffe721317f98459ada4ff964dae2a086bf97e76d4980088eabe9,2026-08-30,sealed_without_pipeline_access_to_2026_KME_outcomes
04,SAVINJSKA STATISTIČNA REGIJA,2026-07-27,2026-08-03,2026-09-21,8,baseline_region_historical_rate,primary_simple_baseline,1.144303626330837,0.4354043644291541,262814,2025,2025,,,baseline_region_historical_rate@sha256:dd1938fb6c1d1ca857d7b311203bd83930b11ddcd87bf2c7b9d8d7facdaeb05f,kme_data@sha256:340ffae552aaffe721317f98459ada4ff964dae2a086bf97e76d4980088eabe9,2026-08-30,sealed_without_pipeline_access_to_2026_KME_outcomes
04,SAVINJSKA STATISTIČNA REGIJA,2026-07-27,2026-08-03,2026-09-21,8,glm_seasonal_region_offset,frozen_selected_model,1.893041162333528,0.7202969257092575,262814,2025,2025,,,glm_seasonal_region_offset@sha256:1263c02735ca074e9c0e087ea0f9b7c81eff390a3df5e4d0639669fa497d8f70,kme_data@sha256:340ffae552aaffe721317f98459ada4ff964dae2a086bf97e76d4980088eabe9,2026-08-30,sealed_without_pipeline_access_to_2026_KME_outcomes
05,ZASAVSKA STATISTIČNA REGIJA,2026-07-27,2026-08-03,2026-09-21,8,baseline_region_historical_rate,primary_simple_baseline,0.1839970152643808,0.32233241992253525,57083,2025,2025,,,baseline_region_historical_rate@sha256:dd1938fb6c1d1ca857d7b311203bd83930b11ddcd87bf2c7b9d8d7facdaeb05f,kme_data@sha256:340ffae552aaffe721317f98459ada4ff964dae2a086bf97e76d4980088eabe9,2026-08-30,sealed_without_pipeline_access_to_2026_KME_outcomes
05,ZASAVSKA STATISTIČNA REGIJA,2026-07-27,2026-08-03,2026-09-21,8,glm_seasonal_region_offset,frozen_selected_model,0.3043976479030705,0.5332544678854834,57083,2025,2025,,,glm_seasonal_region_offset@sha256:1263c02735ca074e9c0e087ea0f9b7c81eff390a3df5e4d0639669fa497d8f70,kme_data@sha256:340ffae552aaffe721317f98459ada4ff964dae2a086bf97e76d4980088eabe9,2026-08-30,sealed_without_pipeline_access_to_2026_KME_outcomes
06,POSAVSKA STATISTIČNA REGIJA,2026-07-27,2026-08-03,2026-09-21,8,baseline_region_historical_rate,primary_simple_baseline,0.10070835543631036,0.13252320007936305,75993,2025,2025,,,baseline_region_historical_rate@sha256:dd1938fb6c1d1ca857d7b311203bd83930b11ddcd87bf2c7b9d8d7facdaeb05f,kme_data@sha256:340ffae552aaffe721317f98459ada4ff964dae2a086bf97e76d4980088eabe9,2026-08-30,sealed_without_pipeline_access_to_2026_KME_outcomes
06,POSAVSKA STATISTIČNA REGIJA,2026-07-27,2026-08-03,2026-09-21,8,glm_seasonal_region_offset,frozen_selected_model,0.1666217532373095,0.2192593439360329,75993,2025,2025,,,glm_seasonal_region_offset@sha256:1263c02735ca074e9c0e087ea0f9b7c81eff390a3df5e4d0639669fa497d8f70,kme_data@sha256:340ffae552aaffe721317f98459ada4ff964dae2a086bf97e76d4980088eabe9,2026-08-30,sealed_without_pipeline_access_to_2026_KME_outcomes
07,JUGOVZHODNA SLOVENIJA,2026-07-27,2026-08-03,2026-09-21,8,baseline_region_historical_rate,primary_simple_baseline,1.0771151173102371,0.7245006506425218,148670,2025,2025,,,baseline_region_historical_rate@sha256:dd1938fb6c1d1ca857d7b311203bd83930b11ddcd87bf2c7b9d8d7facdaeb05f,kme_data@sha256:340ffae552aaffe721317f98459ada4ff964dae2a086bf97e76d4980088eabe9,2026-08-30,sealed_without_pipeline_access_to_2026_KME_outcomes
07,JUGOVZHODNA SLOVENIJA,2026-07-27,2026-08-03,2026-09-21,8,glm_seasonal_region_offset,frozen_selected_model,1.7818637829334123,1.1985362096814505,148670,2025,2025,,,glm_seasonal_region_offset@sha256:1263c02735ca074e9c0e087ea0f9b7c81eff390a3df5e4d0639669fa497d8f70,kme_data@sha256:340ffae552aaffe721317f98459ada4ff964dae2a086bf97e76d4980088eabe9,2026-08-30,sealed_without_pipeline_access_to_2026_KME_outcomes
08,OSREDNJESLOVENSKA STATISTIČNA REGIJA,2026-07-27,2026-08-03,2026-09-21,8,baseline_region_historical_rate,primary_simple_baseline,4.7241152797641215,0.8295562192833964,569475,2025,2025,,,baseline_region_historical_rate@sha256:dd1938fb6c1d1ca857d7b311203bd83930b11ddcd87bf2c7b9d8d7facdaeb05f,kme_data@sha256:340ffae552aaffe721317f98459ada4ff964dae2a086bf97e76d4980088eabe9,2026-08-30,sealed_without_pipeline_access_to_2026_KME_outcomes
08,OSREDNJESLOVENSKA STATISTIČNA REGIJA,2026-07-27,2026-08-03,2026-09-21,8,glm_seasonal_region_offset,frozen_selected_model,7.815372570881567,1.372382030972662,569475,2025,2025,,,glm_seasonal_region_offset@sha256:1263c02735ca074e9c0e087ea0f9b7c81eff390a3df5e4d0639669fa497d8f70,kme_data@sha256:340ffae552aaffe721317f98459ada4ff964dae2a086bf97e76d4980088eabe9,2026-08-30,sealed_without_pipeline_access_to_2026_KME_outcomes
09,GORENJSKA STATISTIČNA REGIJA,2026-07-27,2026-08-03,2026-09-21,8,baseline_region_historical_rate,primary_simple_baseline,3.422238199660669,1.630250522654079,209921,2025,2025,,,baseline_region_historical_rate@sha256:dd1938fb6c1d1ca857d7b311203bd83930b11ddcd87bf2c7b9d8d7facdaeb05f,kme_data@sha256:340ffae552aaffe721317f98459ada4ff964dae2a086bf97e76d4980088eabe9,2026-08-30,sealed_without_pipeline_access_to_2026_KME_outcomes
09,GORENJSKA STATISTIČNA REGIJA,2026-07-27,2026-08-03,2026-09-21,8,glm_seasonal_region_offset,frozen_selected_model,5.662004905322314,2.697207475822959,209921,2025,2025,,,glm_seasonal_region_offset@sha256:1263c02735ca074e9c0e087ea0f9b7c81eff390a3df5e4d0639669fa497d8f70,kme_data@sha256:340ffae552aaffe721317f98459ada4ff964dae2a086bf97e76d4980088eabe9,2026-08-30,sealed_without_pipeline_access_to_2026_KME_outcomes
10,PRIMORSKO-NOTRANJSKA STATISTIČNA REGIJA,2026-07-27,2026-08-03,2026-09-21,8,baseline_region_historical_rate,primary_simple_baseline,1.2394879903359548,2.302768160992745,53826,2025,2025,,,baseline_region_historical_rate@sha256:dd1938fb6c1d1ca857d7b311203bd83930b11ddcd87bf2c7b9d8d7facdaeb05f,kme_data@sha256:340ffae552aaffe721317f98459ada4ff964dae2a086bf97e76d4980088eabe9,2026-08-30,sealed_without_pipeline_access_to_2026_KME_outcomes
10,PRIMORSKO-NOTRANJSKA STATISTIČNA REGIJA,2026-07-27,2026-08-03,2026-09-21,8,glm_seasonal_region_offset,frozen_selected_model,2.0503979879690606,3.8093077471278947,53826,2025,2025,,,glm_seasonal_region_offset@sha256:1263c02735ca074e9c0e087ea0f9b7c81eff390a3df5e4d0639669fa497d8f70,kme_data@sha256:340ffae552aaffe721317f98459ada4ff964dae2a086bf97e76d4980088eabe9,2026-08-30,sealed_without_pipeline_access_to_2026_KME_outcomes
11,GORIŠKA STATISTIČNA REGIJA,2026-07-27,2026-08-03,2026-09-21,8,baseline_region_historical_rate,primary_simple_baseline,0.7313576288084981,0.6192907709054482,118096,2025,2025,,,baseline_region_historical_rate@sha256:dd1938fb6c1d1ca857d7b311203bd83930b11ddcd87bf2c7b9d8d7facdaeb05f,kme_data@sha256:340ffae552aaffe721317f98459ada4ff964dae2a086bf97e76d4980088eabe9,2026-08-30,sealed_without_pipeline_access_to_2026_KME_outcomes
11,GORIŠKA STATISTIČNA REGIJA,2026-07-27,2026-08-03,2026-09-21,8,glm_seasonal_region_offset,frozen_selected_model,1.2100297209488842,1.0246153307045829,118096,2025,2025,,,glm_seasonal_region_offset@sha256:1263c02735ca074e9c0e087ea0f9b7c81eff390a3df5e4d0639669fa497d8f70,kme_data@sha256:340ffae552aaffe721317f98459ada4ff964dae2a086bf97e76d4980088eabe9,2026-08-30,sealed_without_pipeline_access_to_2026_KME_outcomes
12,OBALNO-KRAŠKA STATISTIČNA REGIJA,2026-07-27,2026-08-03,2026-09-21,8,baseline_region_historical_rate,primary_simple_baseline,0.12877006061375834,0.10764297408925941,119627,2025,2025,,,baseline_region_historical_rate@sha256:dd1938fb6c1d1ca857d7b311203bd83930b11ddcd87bf2c7b9d8d7facdaeb05f,kme_data@sha256:340ffae552aaffe721317f98459ada4ff964dae2a086bf97e76d4980088eabe9,2026-08-30,sealed_without_pipeline_access_to_2026_KME_outcomes
12,OBALNO-KRAŠKA STATISTIČNA REGIJA,2026-07-27,2026-08-03,2026-09-21,8,glm_seasonal_region_offset,frozen_selected_model,0.21482947942756983,0.17958276929754138,119627,2025,2025,,,glm_seasonal_region_offset@sha256:1263c02735ca074e9c0e087ea0f9b7c81eff390a3df5e4d0639669fa497d8f70,kme_data@sha256:340ffae552aaffe721317f98459ada4ff964dae2a086bf97e76d4980088eabe9,2026-08-30,sealed_without_pipeline_access_to_2026_KME_outcomes
01,POMURSKA STATISTIČNA REGIJA,2026-08-03,2026-08-10,2026-09-28,8,baseline_region_historical_rate,primary_simple_baseline,0.550110426643909,0.4860835070900125,113172,2025,2025,,,baseline_region_historical_rate@sha256:dd1938fb6c1d1ca857d7b311203bd83930b11ddcd87bf2c7b9d8d7facdaeb05f,kme_data@sha256:340ffae552aaffe721317f98459ada4ff964dae2a086bf97e76d4980088eabe9,2026-08-30,sealed_without_pipeline_access_to_2026_KME_outcomes
01,POMURSKA STATISTIČNA REGIJA,2026-08-03,2026-08-10,2026-09-28,8,glm_seasonal_region_offset,frozen_selected_model,0.7860879729076025,0.6945958124868364,113172,2025,2025,,,glm_seasonal_region_offset@sha256:1263c02735ca074e9c0e087ea0f9b7c81eff390a3df5e4d0639669fa497d8f70,kme_data@sha256:340ffae552aaffe721317f98459ada4ff964dae2a086bf97e76d4980088eabe9,2026-08-30,sealed_without_pipeline_access_to_2026_KME_outcomes
02,PODRAVSKA STATISTIČNA REGIJA,2026-08-03,2026-08-10,2026-09-28,8,baseline_region_historical_rate,primary_simple_baseline,1.5499050183088243,0.46709914208484377,331815,2025,2025,,,baseline_region_historical_rate@sha256:dd1938fb6c1d1ca857d7b311203bd83930b11ddcd87bf2c7b9d8d7facdaeb05f,kme_data@sha256:340ffae552aaffe721317f98459ada4ff964dae2a086bf97e76d4980088eabe9,2026-08-30,sealed_without_pipeline_access_to_2026_KME_outcomes
02,PODRAVSKA STATISTIČNA REGIJA,2026-08-03,2026-08-10,2026-09-28,8,glm_seasonal_region_offset,frozen_selected_model,2.214451906159072,0.6673754671003638,331815,2025,2025,,,glm_seasonal_region_offset@sha256:1263c02735ca074e9c0e087ea0f9b7c81eff390a3df5e4d0639669fa497d8f70,kme_data@sha256:340ffae552aaffe721317f98459ada4ff964dae2a086bf97e76d4980088eabe9,2026-08-30,sealed_without_pipeline_access_to_2026_KME_outcomes
03,KOROŠKA STATISTIČNA REGIJA,2026-08-03,2026-08-10,2026-09-28,8,baseline_region_historical_rate,primary_simple_baseline,1.5242533951058044,2.166425133042162,70358,2025,2025,,,baseline_region_historical_rate@sha256:dd1938fb6c1d1ca857d7b311203bd83930b11ddcd87bf2c7b9d8d7facdaeb05f,kme_data@sha256:340ffae552aaffe721317f98459ada4ff964dae2a086bf97e76d4980088eabe9,2026-08-30,sealed_without_pipeline_access_to_2026_KME_outcomes
03,KOROŠKA STATISTIČNA REGIJA,2026-08-03,2026-08-10,2026-09-28,8,glm_seasonal_region_offset,frozen_selected_model,2.1780555386450793,3.095675742126097,70358,2025,2025,,,glm_seasonal_region_offset@sha256:1263c02735ca074e9c0e087ea0f9b7c81eff390a3df5e4d0639669fa497d8f70,kme_data@sha256:340ffae552aaffe721317f98459ada4ff964dae2a086bf97e76d4980088eabe9,2026-08-30,sealed_without_pipeline_access_to_2026_KME_outcomes
04,SAVINJSKA STATISTIČNA REGIJA,2026-08-03,2026-08-10,2026-09-28,8,baseline_region_historical_rate,primary_simple_baseline,1.144303626330837,0.4354043644291541,262814,2025,2025,,,baseline_region_historical_rate@sha256:dd1938fb6c1d1ca857d7b311203bd83930b11ddcd87bf2c7b9d8d7facdaeb05f,kme_data@sha256:340ffae552aaffe721317f98459ada4ff964dae2a086bf97e76d4980088eabe9,2026-08-30,sealed_without_pipeline_access_to_2026_KME_outcomes
04,SAVINJSKA STATISTIČNA REGIJA,2026-08-03,2026-08-10,2026-09-28,8,glm_seasonal_region_offset,frozen_selected_model,1.6349477660922376,0.6220931023812422,262814,2025,2025,,,glm_seasonal_region_offset@sha256:1263c02735ca074e9c0e087ea0f9b7c81eff390a3df5e4d0639669fa497d8f70,kme_data@sha256:340ffae552aaffe721317f98459ada4ff964dae2a086bf97e76d4980088eabe9,2026-08-30,sealed_without_pipeline_access_to_2026_KME_outcomes
05,ZASAVSKA STATISTIČNA REGIJA,2026-08-03,2026-08-10,2026-09-28,8,baseline_region_historical_rate,primary_simple_baseline,0.1839970152643808,0.32233241992253525,57083,2025,2025,,,baseline_region_historical_rate@sha256:dd1938fb6c1d1ca857d7b311203bd83930b11ddcd87bf2c7b9d8d7facdaeb05f,kme_data@sha256:340ffae552aaffe721317f98459ada4ff964dae2a086bf97e76d4980088eabe9,2026-08-30,sealed_without_pipeline_access_to_2026_KME_outcomes
05,ZASAVSKA STATISTIČNA REGIJA,2026-08-03,2026-08-10,2026-09-28,8,glm_seasonal_region_offset,frozen_selected_model,0.26289668938280236,0.4605516342567881,57083,2025,2025,,,glm_seasonal_region_offset@sha256:1263c02735ca074e9c0e087ea0f9b7c81eff390a3df5e4d0639669fa497d8f70,kme_data@sha256:340ffae552aaffe721317f98459ada4ff964dae2a086bf97e76d4980088eabe9,2026-08-30,sealed_without_pipeline_access_to_2026_KME_outcomes
06,POSAVSKA STATISTIČNA REGIJA,2026-08-03,2026-08-10,2026-09-28,8,baseline_region_historical_rate,primary_simple_baseline,0.10070835543631036,0.13252320007936305,75993,2025,2025,,,baseline_region_historical_rate@sha256:dd1938fb6c1d1ca857d7b311203bd83930b11ddcd87bf2c7b9d8d7facdaeb05f,kme_data@sha256:340ffae552aaffe721317f98459ada4ff964dae2a086bf97e76d4980088eabe9,2026-08-30,sealed_without_pipeline_access_to_2026_KME_outcomes
06,POSAVSKA STATISTIČNA REGIJA,2026-08-03,2026-08-10,2026-09-28,8,glm_seasonal_region_offset,frozen_selected_model,0.1439048810232447,0.18936596926459634,75993,2025,2025,,,glm_seasonal_region_offset@sha256:1263c02735ca074e9c0e087ea0f9b7c81eff390a3df5e4d0639669fa497d8f70,kme_data@sha256:340ffae552aaffe721317f98459ada4ff964dae2a086bf97e76d4980088eabe9,2026-08-30,sealed_without_pipeline_access_to_2026_KME_outcomes
07,JUGOVZHODNA SLOVENIJA,2026-08-03,2026-08-10,2026-09-28,8,baseline_region_historical_rate,primary_simple_baseline,1.0771151173102371,0.7245006506425218,148670,2025,2025,,,baseline_region_historical_rate@sha256:dd1938fb6c1d1ca857d7b311203bd83930b11ddcd87bf2c7b9d8d7facdaeb05f,kme_data@sha256:340ffae552aaffe721317f98459ada4ff964dae2a086bf97e76d4980088eabe9,2026-08-30,sealed_without_pipeline_access_to_2026_KME_outcomes
07,JUGOVZHODNA SLOVENIJA,2026-08-03,2026-08-10,2026-09-28,8,glm_seasonal_region_offset,frozen_selected_model,1.5389280853230443,1.0351302114233163,148670,2025,2025,,,glm_seasonal_region_offset@sha256:1263c02735ca074e9c0e087ea0f9b7c81eff390a3df5e4d0639669fa497d8f70,kme_data@sha256:340ffae552aaffe721317f98459ada4ff964dae2a086bf97e76d4980088eabe9,2026-08-30,sealed_without_pipeline_access_to_2026_KME_outcomes
08,OSREDNJESLOVENSKA STATISTIČNA REGIJA,2026-08-03,2026-08-10,2026-09-28,8,baseline_region_historical_rate,primary_simple_baseline,4.7241152797641215,0.8295562192833964,569475,2025,2025,,,baseline_region_historical_rate@sha256:dd1938fb6c1d1ca857d7b311203bd83930b11ddcd87bf2c7b9d8d7facdaeb05f,kme_data@sha256:340ffae552aaffe721317f98459ada4ff964dae2a086bf97e76d4980088eabe9,2026-08-30,sealed_without_pipeline_access_to_2026_KME_outcomes
08,OSREDNJESLOVENSKA STATISTIČNA REGIJA,2026-08-03,2026-08-10,2026-09-28,8,glm_seasonal_region_offset,frozen_selected_model,6.749840510699947,1.1852742456999774,569475,2025,2025,,,glm_seasonal_region_offset@sha256:1263c02735ca074e9c0e087ea0f9b7c81eff390a3df5e4d0639669fa497d8f70,kme_data@sha256:340ffae552aaffe721317f98459ada4ff964dae2a086bf97e76d4980088eabe9,2026-08-30,sealed_without_pipeline_access_to_2026_KME_outcomes
09,GORENJSKA STATISTIČNA REGIJA,2026-08-03,2026-08-10,2026-09-28,8,baseline_region_historical_rate,primary_simple_baseline,3.422238199660669,1.630250522654079,209921,2025,2025,,,baseline_region_historical_rate@sha256:dd1938fb6c1d1ca857d7b311203bd83930b11ddcd87bf2c7b9d8d7facdaeb05f,kme_data@sha256:340ffae552aaffe721317f98459ada4ff964dae2a086bf97e76d4980088eabe9,2026-08-30,sealed_without_pipeline_access_to_2026_KME_outcomes
09,GORENJSKA STATISTIČNA REGIJA,2026-08-03,2026-08-10,2026-09-28,8,glm_seasonal_region_offset,frozen_selected_model,4.89005862933742,2.3294756738665594,209921,2025,2025,,,glm_seasonal_region_offset@sha256:1263c02735ca074e9c0e087ea0f9b7c81eff390a3df5e4d0639669fa497d8f70,kme_data@sha256:340ffae552aaffe721317f98459ada4ff964dae2a086bf97e76d4980088eabe9,2026-08-30,sealed_without_pipeline_access_to_2026_KME_outcomes
10,PRIMORSKO-NOTRANJSKA STATISTIČNA REGIJA,2026-08-03,2026-08-10,2026-09-28,8,baseline_region_historical_rate,primary_simple_baseline,1.2394879903359548,2.302768160992745,53826,2025,2025,,,baseline_region_historical_rate@sha256:dd1938fb6c1d1ca857d7b311203bd83930b11ddcd87bf2c7b9d8d7facdaeb05f,kme_data@sha256:340ffae552aaffe721317f98459ada4ff964dae2a086bf97e76d4980088eabe9,2026-08-30,sealed_without_pipeline_access_to_2026_KME_outcomes
10,PRIMORSKO-NOTRANJSKA STATISTIČNA REGIJA,2026-08-03,2026-08-10,2026-09-28,8,glm_seasonal_region_offset,frozen_selected_model,1.7708508809695949,3.28995444760821,53826,2025,2025,,,glm_seasonal_region_offset@sha256:1263c02735ca074e9c0e087ea0f9b7c81eff390a3df5e4d0639669fa497d8f70,kme_data@sha256:340ffae552aaffe721317f98459ada4ff964dae2a086bf97e76d4980088eabe9,2026-08-30,sealed_without_pipeline_access_to_2026_KME_outcomes
11,GORIŠKA STATISTIČNA REGIJA,2026-08-03,2026-08-10,2026-09-28,8,baseline_region_historical_rate,primary_simple_baseline,0.7313576288084981,0.6192907709054482,118096,2025,2025,,,baseline_region_historical_rate@sha256:dd1938fb6c1d1ca857d7b311203bd83930b11ddcd87bf2c7b9d8d7facdaeb05f,kme_data@sha256:340ffae552aaffe721317f98459ada4ff964dae2a086bf97e76d4980088eabe9,2026-08-30,sealed_without_pipeline_access_to_2026_KME_outcomes
11,GORIŠKA STATISTIČNA REGIJA,2026-08-03,2026-08-10,2026-09-28,8,glm_seasonal_region_offset,frozen_selected_model,1.045056720653619,0.884921352673773,118096,2025,2025,,,glm_seasonal_region_offset@sha256:1263c02735ca074e9c0e087ea0f9b7c81eff390a3df5e4d0639669fa497d8f70,kme_data@sha256:340ffae552aaffe721317f98459ada4ff964dae2a086bf97e76d4980088eabe9,2026-08-30,sealed_without_pipeline_access_to_2026_KME_outcomes
12,OBALNO-KRAŠKA STATISTIČNA REGIJA,2026-08-03,2026-08-10,2026-09-28,8,baseline_region_historical_rate,primary_simple_baseline,0.12877006061375834,0.10764297408925941,119627,2025,2025,,,baseline_region_historical_rate@sha256:dd1938fb6c1d1ca857d7b311203bd83930b11ddcd87bf2c7b9d8d7facdaeb05f,kme_data@sha256:340ffae552aaffe721317f98459ada4ff964dae2a086bf97e76d4980088eabe9,2026-08-30,sealed_without_pipeline_access_to_2026_KME_outcomes
12,OBALNO-KRAŠKA STATISTIČNA REGIJA,2026-08-03,2026-08-10,2026-09-28,8,glm_seasonal_region_offset,frozen_selected_model,0.1855400635070717,0.15509881841647094,119627,2025,2025,,,glm_seasonal_region_offset@sha256:1263c02735ca074e9c0e087ea0f9b7c81eff390a3df5e4d0639669fa497d8f70,kme_data@sha256:340ffae552aaffe721317f98459ada4ff964dae2a086bf97e76d4980088eabe9,2026-08-30,sealed_without_pipeline_access_to_2026_KME_outcomes
01,POMURSKA STATISTIČNA REGIJA,2026-08-10,2026-08-17,2026-10-05,8,baseline_region_historical_rate,primary_simple_baseline,0.550110426643909,0.4860835070900125,113172,2025,2025,,,baseline_region_historical_rate@sha256:dd1938fb6c1d1ca857d7b311203bd83930b11ddcd87bf2c7b9d8d7facdaeb05f,kme_data@sha256:340ffae552aaffe721317f98459ada4ff964dae2a086bf97e76d4980088eabe9,2026-08-30,sealed_without_pipeline_access_to_2026_KME_outcomes
01,POMURSKA STATISTIČNA REGIJA,2026-08-10,2026-08-17,2026-10-05,8,glm_seasonal_region_offset,frozen_selected_model,0.6698690950852937,0.5919035583760062,113172,2025,2025,,,glm_seasonal_region_offset@sha256:1263c02735ca074e9c0e087ea0f9b7c81eff390a3df5e4d0639669fa497d8f70,kme_data@sha256:340ffae552aaffe721317f98459ada4ff964dae2a086bf97e76d4980088eabe9,2026-08-30,sealed_without_pipeline_access_to_2026_KME_outcomes
02,PODRAVSKA STATISTIČNA REGIJA,2026-08-10,2026-08-17,2026-10-05,8,baseline_region_historical_rate,primary_simple_baseline,1.5499050183088243,0.46709914208484377,331815,2025,2025,,,baseline_region_historical_rate@sha256:dd1938fb6c1d1ca857d7b311203bd83930b11ddcd87bf2c7b9d8d7facdaeb05f,kme_data@sha256:340ffae552aaffe721317f98459ada4ff964dae2a086bf97e76d4980088eabe9,2026-08-30,sealed_without_pipeline_access_to_2026_KME_outcomes
02,PODRAVSKA STATISTIČNA REGIJA,2026-08-10,2026-08-17,2026-10-05,8,glm_seasonal_region_offset,frozen_selected_model,1.887057105074219,0.5687075946157404,331815,2025,2025,,,glm_seasonal_region_offset@sha256:1263c02735ca074e9c0e087ea0f9b7c81eff390a3df5e4d0639669fa497d8f70,kme_data@sha256:340ffae552aaffe721317f98459ada4ff964dae2a086bf97e76d4980088eabe9,2026-08-30,sealed_without_pipeline_access_to_2026_KME_outcomes
03,KOROŠKA STATISTIČNA REGIJA,2026-08-10,2026-08-17,2026-10-05,8,baseline_region_historical_rate,primary_simple_baseline,1.5242533951058044,2.166425133042162,70358,2025,2025,,,baseline_region_historical_rate@sha256:dd1938fb6c1d1ca857d7b311203bd83930b11ddcd87bf2c7b9d8d7facdaeb05f,kme_data@sha256:340ffae552aaffe721317f98459ada4ff964dae2a086bf97e76d4980088eabe9,2026-08-30,sealed_without_pipeline_access_to_2026_KME_outcomes
03,KOROŠKA STATISTIČNA REGIJA,2026-08-10,2026-08-17,2026-10-05,8,glm_seasonal_region_offset,frozen_selected_model,1.856041744693103,2.6379967376746114,70358,2025,2025,,,glm_seasonal_region_offset@sha256:1263c02735ca074e9c0e087ea0f9b7c81eff390a3df5e4d0639669fa497d8f70,kme_data@sha256:340ffae552aaffe721317f98459ada4ff964dae2a086bf97e76d4980088eabe9,2026-08-30,sealed_without_pipeline_access_to_2026_KME_outcomes
04,SAVINJSKA STATISTIČNA REGIJA,2026-08-10,2026-08-17,2026-10-05,8,baseline_region_historical_rate,primary_simple_baseline,1.144303626330837,0.4354043644291541,262814,2025,2025,,,baseline_region_historical_rate@sha256:dd1938fb6c1d1ca857d7b311203bd83930b11ddcd87bf2c7b9d8d7facdaeb05f,kme_data@sha256:340ffae552aaffe721317f98459ada4ff964dae2a086bf97e76d4980088eabe9,2026-08-30,sealed_without_pipeline_access_to_2026_KME_outcomes
04,SAVINJSKA STATISTIČNA REGIJA,2026-08-10,2026-08-17,2026-10-05,8,glm_seasonal_region_offset,frozen_selected_model,1.3932295345175834,0.5301199839116575,262814,2025,2025,,,glm_seasonal_region_offset@sha256:1263c02735ca074e9c0e087ea0f9b7c81eff390a3df5e4d0639669fa497d8f70,kme_data@sha256:340ffae552aaffe721317f98459ada4ff964dae2a086bf97e76d4980088eabe9,2026-08-30,sealed_without_pipeline_access_to_2026_KME_outcomes
05,ZASAVSKA STATISTIČNA REGIJA,2026-08-10,2026-08-17,2026-10-05,8,baseline_region_historical_rate,primary_simple_baseline,0.1839970152643808,0.32233241992253525,57083,2025,2025,,,baseline_region_historical_rate@sha256:dd1938fb6c1d1ca857d7b311203bd83930b11ddcd87bf2c7b9d8d7facdaeb05f,kme_data@sha256:340ffae552aaffe721317f98459ada4ff964dae2a086bf97e76d4980088eabe9,2026-08-30,sealed_without_pipeline_access_to_2026_KME_outcomes
05,ZASAVSKA STATISTIČNA REGIJA,2026-08-10,2026-08-17,2026-10-05,8,glm_seasonal_region_offset,frozen_selected_model,0.22402882818113928,0.392461552793545,57083,2025,2025,,,glm_seasonal_region_offset@sha256:1263c02735ca074e9c0e087ea0f9b7c81eff390a3df5e4d0639669fa497d8f70,kme_data@sha256:340ffae552aaffe721317f98459ada4ff964dae2a086bf97e76d4980088eabe9,2026-08-30,sealed_without_pipeline_access_to_2026_KME_outcomes
06,POSAVSKA STATISTIČNA REGIJA,2026-08-10,2026-08-17,2026-10-05,8,baseline_region_historical_rate,primary_simple_baseline,0.10070835543631036,0.13252320007936305,75993,2025,2025,,,baseline_region_historical_rate@sha256:dd1938fb6c1d1ca857d7b311203bd83930b11ddcd87bf2c7b9d8d7facdaeb05f,kme_data@sha256:340ffae552aaffe721317f98459ada4ff964dae2a086bf97e76d4980088eabe9,2026-08-30,sealed_without_pipeline_access_to_2026_KME_outcomes
06,POSAVSKA STATISTIČNA REGIJA,2026-08-10,2026-08-17,2026-10-05,8,glm_seasonal_region_offset,frozen_selected_model,0.122629318539044,0.16136922945408655,75993,2025,2025,,,glm_seasonal_region_offset@sha256:1263c02735ca074e9c0e087ea0f9b7c81eff390a3df5e4d0639669fa497d8f70,kme_data@sha256:340ffae552aaffe721317f98459ada4ff964dae2a086bf97e76d4980088eabe9,2026-08-30,sealed_without_pipeline_access_to_2026_KME_outcomes
07,JUGOVZHODNA SLOVENIJA,2026-08-10,2026-08-17,2026-10-05,8,baseline_region_historical_rate,primary_simple_baseline,1.0771151173102371,0.7245006506425218,148670,2025,2025,,,baseline_region_historical_rate@sha256:dd1938fb6c1d1ca857d7b311203bd83930b11ddcd87bf2c7b9d8d7facdaeb05f,kme_data@sha256:340ffae552aaffe721317f98459ada4ff964dae2a086bf97e76d4980088eabe9,2026-08-30,sealed_without_pipeline_access_to_2026_KME_outcomes
07,JUGOVZHODNA SLOVENIJA,2026-08-10,2026-08-17,2026-10-05,8,glm_seasonal_region_offset,frozen_selected_model,1.3114058469863676,0.8820917784262915,148670,2025,2025,,,glm_seasonal_region_offset@sha256:1263c02735ca074e9c0e087ea0f9b7c81eff390a3df5e4d0639669fa497d8f70,kme_data@sha256:340ffae552aaffe721317f98459ada4ff964dae2a086bf97e76d4980088eabe9,2026-08-30,sealed_without_pipeline_access_to_2026_KME_outcomes
08,OSREDNJESLOVENSKA STATISTIČNA REGIJA,2026-08-10,2026-08-17,2026-10-05,8,baseline_region_historical_rate,primary_simple_baseline,4.7241152797641215,0.8295562192833964,569475,2025,2025,,,baseline_region_historical_rate@sha256:dd1938fb6c1d1ca857d7b311203bd83930b11ddcd87bf2c7b9d8d7facdaeb05f,kme_data@sha256:340ffae552aaffe721317f98459ada4ff964dae2a086bf97e76d4980088eabe9,2026-08-30,sealed_without_pipeline_access_to_2026_KME_outcomes
08,OSREDNJESLOVENSKA STATISTIČNA REGIJA,2026-08-10,2026-08-17,2026-10-05,8,glm_seasonal_region_offset,frozen_selected_model,5.751912903778892,1.0100378249754407,569475,2025,2025,,,glm_seasonal_region_offset@sha256:1263c02735ca074e9c0e087ea0f9b7c81eff390a3df5e4d0639669fa497d8f70,kme_data@sha256:340ffae552aaffe721317f98459ada4ff964dae2a086bf97e76d4980088eabe9,2026-08-30,sealed_without_pipeline_access_to_2026_KME_outcomes
09,GORENJSKA STATISTIČNA REGIJA,2026-08-10,2026-08-17,2026-10-05,8,baseline_region_historical_rate,primary_simple_baseline,3.422238199660669,1.630250522654079,209921,2025,2025,,,baseline_region_historical_rate@sha256:dd1938fb6c1d1ca857d7b311203bd83930b11ddcd87bf2c7b9d8d7facdaeb05f,kme_data@sha256:340ffae552aaffe721317f98459ada4ff964dae2a086bf97e76d4980088eabe9,2026-08-30,sealed_without_pipeline_access_to_2026_KME_outcomes
09,GORENJSKA STATISTIČNA REGIJA,2026-08-10,2026-08-17,2026-10-05,8,glm_seasonal_region_offset,frozen_selected_model,4.16708976837802,1.9850752275275079,209921,2025,2025,,,glm_seasonal_region_offset@sha256:1263c02735ca074e9c0e087ea0f9b7c81eff390a3df5e4d0639669fa497d8f70,kme_data@sha256:340ffae552aaffe721317f98459ada4ff964dae2a086bf97e76d4980088eabe9,2026-08-30,sealed_without_pipeline_access_to_2026_KME_outcomes
10,PRIMORSKO-NOTRANJSKA STATISTIČNA REGIJA,2026-08-10,2026-08-17,2026-10-05,8,baseline_region_historical_rate,primary_simple_baseline,1.2394879903359548,2.302768160992745,53826,2025,2025,,,baseline_region_historical_rate@sha256:dd1938fb6c1d1ca857d7b311203bd83930b11ddcd87bf2c7b9d8d7facdaeb05f,kme_data@sha256:340ffae552aaffe721317f98459ada4ff964dae2a086bf97e76d4980088eabe9,2026-08-30,sealed_without_pipeline_access_to_2026_KME_outcomes
10,PRIMORSKO-NOTRANJSKA STATISTIČNA REGIJA,2026-08-10,2026-08-17,2026-10-05,8,glm_seasonal_region_offset,frozen_selected_model,1.5090401049877522,2.803552381725843,53826,2025,2025,,,glm_seasonal_region_offset@sha256:1263c02735ca074e9c0e087ea0f9b7c81eff390a3df5e4d0639669fa497d8f70,kme_data@sha256:340ffae552aaffe721317f98459ada4ff964dae2a086bf97e76d4980088eabe9,2026-08-30,sealed_without_pipeline_access_to_2026_KME_outcomes
11,GORIŠKA STATISTIČNA REGIJA,2026-08-10,2026-08-17,2026-10-05,8,baseline_region_historical_rate,primary_simple_baseline,0.7313576288084981,0.6192907709054482,118096,2025,2025,,,baseline_region_historical_rate@sha256:dd1938fb6c1d1ca857d7b311203bd83930b11ddcd87bf2c7b9d8d7facdaeb05f,kme_data@sha256:340ffae552aaffe721317f98459ada4ff964dae2a086bf97e76d4980088eabe9,2026-08-30,sealed_without_pipeline_access_to_2026_KME_outcomes
11,GORIŠKA STATISTIČNA REGIJA,2026-08-10,2026-08-17,2026-10-05,8,glm_seasonal_region_offset,frozen_selected_model,0.8905507066692254,0.7540904913538353,118096,2025,2025,,,glm_seasonal_region_offset@sha256:1263c02735ca074e9c0e087ea0f9b7c81eff390a3df5e4d0639669fa497d8f70,kme_data@sha256:340ffae552aaffe721317f98459ada4ff964dae2a086bf97e76d4980088eabe9,2026-08-30,sealed_without_pipeline_access_to_2026_KME_outcomes
12,OBALNO-KRAŠKA STATISTIČNA REGIJA,2026-08-10,2026-08-17,2026-10-05,8,baseline_region_historical_rate,primary_simple_baseline,0.12877006061375834,0.10764297408925941,119627,2025,2025,,,baseline_region_historical_rate@sha256:dd1938fb6c1d1ca857d7b311203bd83930b11ddcd87bf2c7b9d8d7facdaeb05f,kme_data@sha256:340ffae552aaffe721317f98459ada4ff964dae2a086bf97e76d4980088eabe9,2026-08-30,sealed_without_pipeline_access_to_2026_KME_outcomes
12,OBALNO-KRAŠKA STATISTIČNA REGIJA,2026-08-10,2026-08-17,2026-10-05,8,glm_seasonal_region_offset,frozen_selected_model,0.15810896328032095,0.13216829250948445,119627,2025,2025,,,glm_seasonal_region_offset@sha256:1263c02735ca074e9c0e087ea0f9b7c81eff390a3df5e4d0639669fa497d8f70,kme_data@sha256:340ffae552aaffe721317f98459ada4ff964dae2a086bf97e76d4980088eabe9,2026-08-30,sealed_without_pipeline_access_to_2026_KME_outcomes
01,POMURSKA STATISTIČNA REGIJA,2026-08-17,2026-08-24,2026-10-12,8,baseline_region_historical_rate,primary_simple_baseline,0.550110426643909,0.4860835070900125,113172,2025,2025,,,baseline_region_historical_rate@sha256:dd1938fb6c1d1ca857d7b311203bd83930b11ddcd87bf2c7b9d8d7facdaeb05f,kme_data@sha256:340ffae552aaffe721317f98459ada4ff964dae2a086bf97e76d4980088eabe9,2026-08-30,sealed_without_pipeline_access_to_2026_KME_outcomes
01,POMURSKA STATISTIČNA REGIJA,2026-08-17,2026-08-24,2026-10-12,8,glm_seasonal_region_offset,frozen_selected_model,0.5645356235939877,0.49882976672143964,113172,2025,2025,,,glm_seasonal_region_offset@sha256:1263c02735ca074e9c0e087ea0f9b7c81eff390a3df5e4d0639669fa497d8f70,kme_data@sha256:340ffae552aaffe721317f98459ada4ff964dae2a086bf97e76d4980088eabe9,2026-08-30,sealed_without_pipeline_access_to_2026_KME_outcomes
02,PODRAVSKA STATISTIČNA REGIJA,2026-08-17,2026-08-24,2026-10-12,8,baseline_region_historical_rate,primary_simple_baseline,1.5499050183088243,0.46709914208484377,331815,2025,2025,,,baseline_region_historical_rate@sha256:dd1938fb6c1d1ca857d7b311203bd83930b11ddcd87bf2c7b9d8d7facdaeb05f,kme_data@sha256:340ffae552aaffe721317f98459ada4ff964dae2a086bf97e76d4980088eabe9,2026-08-30,sealed_without_pipeline_access_to_2026_KME_outcomes
02,PODRAVSKA STATISTIČNA REGIJA,2026-08-17,2026-08-24,2026-10-12,8,glm_seasonal_region_offset,frozen_selected_model,1.590327076419154,0.4792812490150095,331815,2025,2025,,,glm_seasonal_region_offset@sha256:1263c02735ca074e9c0e087ea0f9b7c81eff390a3df5e4d0639669fa497d8f70,kme_data@sha256:340ffae552aaffe721317f98459ada4ff964dae2a086bf97e76d4980088eabe9,2026-08-30,sealed_without_pipeline_access_to_2026_KME_outcomes
03,KOROŠKA STATISTIČNA REGIJA,2026-08-17,2026-08-24,2026-10-12,8,baseline_region_historical_rate,primary_simple_baseline,1.5242533951058044,2.166425133042162,70358,2025,2025,,,baseline_region_historical_rate@sha256:dd1938fb6c1d1ca857d7b311203bd83930b11ddcd87bf2c7b9d8d7facdaeb05f,kme_data@sha256:340ffae552aaffe721317f98459ada4ff964dae2a086bf97e76d4980088eabe9,2026-08-30,sealed_without_pipeline_access_to_2026_KME_outcomes
03,KOROŠKA STATISTIČNA REGIJA,2026-08-17,2026-08-24,2026-10-12,8,glm_seasonal_region_offset,frozen_selected_model,1.56418872201199,2.223185312277197,70358,2025,2025,,,glm_seasonal_region_offset@sha256:1263c02735ca074e9c0e087ea0f9b7c81eff390a3df5e4d0639669fa497d8f70,kme_data@sha256:340ffae552aaffe721317f98459ada4ff964dae2a086bf97e76d4980088eabe9,2026-08-30,sealed_without_pipeline_access_to_2026_KME_outcomes
04,SAVINJSKA STATISTIČNA REGIJA,2026-08-17,2026-08-24,2026-10-12,8,baseline_region_historical_rate,primary_simple_baseline,1.144303626330837,0.4354043644291541,262814,2025,2025,,,baseline_region_historical_rate@sha256:dd1938fb6c1d1ca857d7b311203bd83930b11ddcd87bf2c7b9d8d7facdaeb05f,kme_data@sha256:340ffae552aaffe721317f98459ada4ff964dae2a086bf97e76d4980088eabe9,2026-08-30,sealed_without_pipeline_access_to_2026_KME_outcomes
04,SAVINJSKA STATISTIČNA REGIJA,2026-08-17,2026-08-24,2026-10-12,8,glm_seasonal_region_offset,frozen_selected_model,1.1741513526285272,0.4467613417202003,262814,2025,2025,,,glm_seasonal_region_offset@sha256:1263c02735ca074e9c0e087ea0f9b7c81eff390a3df5e4d0639669fa497d8f70,kme_data@sha256:340ffae552aaffe721317f98459ada4ff964dae2a086bf97e76d4980088eabe9,2026-08-30,sealed_without_pipeline_access_to_2026_KME_outcomes
05,ZASAVSKA STATISTIČNA REGIJA,2026-08-17,2026-08-24,2026-10-12,8,baseline_region_historical_rate,primary_simple_baseline,0.1839970152643808,0.32233241992253525,57083,2025,2025,,,baseline_region_historical_rate@sha256:dd1938fb6c1d1ca857d7b311203bd83930b11ddcd87bf2c7b9d8d7facdaeb05f,kme_data@sha256:340ffae552aaffe721317f98459ada4ff964dae2a086bf97e76d4980088eabe9,2026-08-30,sealed_without_pipeline_access_to_2026_KME_outcomes
05,ZASAVSKA STATISTIČNA REGIJA,2026-08-17,2026-08-24,2026-10-12,8,glm_seasonal_region_offset,frozen_selected_model,0.18880144665304527,0.3307489912111229,57083,2025,2025,,,glm_seasonal_region_offset@sha256:1263c02735ca074e9c0e087ea0f9b7c81eff390a3df5e4d0639669fa497d8f70,kme_data@sha256:340ffae552aaffe721317f98459ada4ff964dae2a086bf97e76d4980088eabe9,2026-08-30,sealed_without_pipeline_access_to_2026_KME_outcomes
06,POSAVSKA STATISTIČNA REGIJA,2026-08-17,2026-08-24,2026-10-12,8,baseline_region_historical_rate,primary_simple_baseline,0.10070835543631036,0.13252320007936305,75993,2025,2025,,,baseline_region_historical_rate@sha256:dd1938fb6c1d1ca857d7b311203bd83930b11ddcd87bf2c7b9d8d7facdaeb05f,kme_data@sha256:340ffae552aaffe721317f98459ada4ff964dae2a086bf97e76d4980088eabe9,2026-08-30,sealed_without_pipeline_access_to_2026_KME_outcomes
06,POSAVSKA STATISTIČNA REGIJA,2026-08-17,2026-08-24,2026-10-12,8,glm_seasonal_region_offset,frozen_selected_model,0.10334648862033285,0.1359947477008841,75993,2025,2025,,,glm_seasonal_region_offset@sha256:1263c02735ca074e9c0e087ea0f9b7c81eff390a3df5e4d0639669fa497d8f70,kme_data@sha256:340ffae552aaffe721317f98459ada4ff964dae2a086bf97e76d4980088eabe9,2026-08-30,sealed_without_pipeline_access_to_2026_KME_outcomes
07,JUGOVZHODNA SLOVENIJA,2026-08-17,2026-08-24,2026-10-12,8,baseline_region_historical_rate,primary_simple_baseline,1.0771151173102371,0.7245006506425218,148670,2025,2025,,,baseline_region_historical_rate@sha256:dd1938fb6c1d1ca857d7b311203bd83930b11ddcd87bf2c7b9d8d7facdaeb05f,kme_data@sha256:340ffae552aaffe721317f98459ada4ff964dae2a086bf97e76d4980088eabe9,2026-08-30,sealed_without_pipeline_access_to_2026_KME_outcomes
07,JUGOVZHODNA SLOVENIJA,2026-08-17,2026-08-24,2026-10-12,8,glm_seasonal_region_offset,frozen_selected_model,1.1051940193165422,0.7433873809891317,148670,2025,2025,,,glm_seasonal_region_offset@sha256:1263c02735ca074e9c0e087ea0f9b7c81eff390a3df5e4d0639669fa497d8f70,kme_data@sha256:340ffae552aaffe721317f98459ada4ff964dae2a086bf97e76d4980088eabe9,2026-08-30,sealed_without_pipeline_access_to_2026_KME_outcomes
08,OSREDNJESLOVENSKA STATISTIČNA REGIJA,2026-08-17,2026-08-24,2026-10-12,8,baseline_region_historical_rate,primary_simple_baseline,4.7241152797641215,0.8295562192833964,569475,2025,2025,,,baseline_region_historical_rate@sha256:dd1938fb6c1d1ca857d7b311203bd83930b11ddcd87bf2c7b9d8d7facdaeb05f,kme_data@sha256:340ffae552aaffe721317f98459ada4ff964dae2a086bf97e76d4980088eabe9,2026-08-30,sealed_without_pipeline_access_to_2026_KME_outcomes
08,OSREDNJESLOVENSKA STATISTIČNA REGIJA,2026-08-17,2026-08-24,2026-10-12,8,glm_seasonal_region_offset,frozen_selected_model,4.847454169504063,0.8512145694725954,569475,2025,2025,,,glm_seasonal_region_offset@sha256:1263c02735ca074e9c0e087ea0f9b7c81eff390a3df5e4d0639669fa497d8f70,kme_data@sha256:340ffae552aaffe721317f98459ada4ff964dae2a086bf97e76d4980088eabe9,2026-08-30,sealed_without_pipeline_access_to_2026_KME_outcomes
09,GORENJSKA STATISTIČNA REGIJA,2026-08-17,2026-08-24,2026-10-12,8,baseline_region_historical_rate,primary_simple_baseline,3.422238199660669,1.630250522654079,209921,2025,2025,,,baseline_region_historical_rate@sha256:dd1938fb6c1d1ca857d7b311203bd83930b11ddcd87bf2c7b9d8d7facdaeb05f,kme_data@sha256:340ffae552aaffe721317f98459ada4ff964dae2a086bf97e76d4980088eabe9,2026-08-30,sealed_without_pipeline_access_to_2026_KME_outcomes
09,GORENJSKA STATISTIČNA REGIJA,2026-08-17,2026-08-24,2026-10-12,8,glm_seasonal_region_offset,frozen_selected_model,3.5118363247730873,1.6729323530152236,209921,2025,2025,,,glm_seasonal_region_offset@sha256:1263c02735ca074e9c0e087ea0f9b7c81eff390a3df5e4d0639669fa497d8f70,kme_data@sha256:340ffae552aaffe721317f98459ada4ff964dae2a086bf97e76d4980088eabe9,2026-08-30,sealed_without_pipeline_access_to_2026_KME_outcomes
10,PRIMORSKO-NOTRANJSKA STATISTIČNA REGIJA,2026-08-17,2026-08-24,2026-10-12,8,baseline_region_historical_rate,primary_simple_baseline,1.2394879903359548,2.302768160992745,53826,2025,2025,,,baseline_region_historical_rate@sha256:dd1938fb6c1d1ca857d7b311203bd83930b11ddcd87bf2c7b9d8d7facdaeb05f,kme_data@sha256:340ffae552aaffe721317f98459ada4ff964dae2a086bf97e76d4980088eabe9,2026-08-30,sealed_without_pipeline_access_to_2026_KME_outcomes
10,PRIMORSKO-NOTRANJSKA STATISTIČNA REGIJA,2026-08-17,2026-08-24,2026-10-12,8,glm_seasonal_region_offset,frozen_selected_model,1.271751306259509,2.362708182401644,53826,2025,2025,,,glm_seasonal_region_offset@sha256:1263c02735ca074e9c0e087ea0f9b7c81eff390a3df5e4d0639669fa497d8f70,kme_data@sha256:340ffae552aaffe721317f98459ada4ff964dae2a086bf97e76d4980088eabe9,2026-08-30,sealed_without_pipeline_access_to_2026_KME_outcomes
11,GORIŠKA STATISTIČNA REGIJA,2026-08-17,2026-08-24,2026-10-12,8,baseline_region_historical_rate,primary_simple_baseline,0.7313576288084981,0.6192907709054482,118096,2025,2025,,,baseline_region_historical_rate@sha256:dd1938fb6c1d1ca857d7b311203bd83930b11ddcd87bf2c7b9d8d7facdaeb05f,kme_data@sha256:340ffae552aaffe721317f98459ada4ff964dae2a086bf97e76d4980088eabe9,2026-08-30,sealed_without_pipeline_access_to_2026_KME_outcomes
11,GORIŠKA STATISTIČNA REGIJA,2026-08-17,2026-08-24,2026-10-12,8,glm_seasonal_region_offset,frozen_selected_model,0.7505161862521262,0.6355136382706664,118096,2025,2025,,,glm_seasonal_region_offset@sha256:1263c02735ca074e9c0e087ea0f9b7c81eff390a3df5e4d0639669fa497d8f70,kme_data@sha256:340ffae552aaffe721317f98459ada4ff964dae2a086bf97e76d4980088eabe9,2026-08-30,sealed_without_pipeline_access_to_2026_KME_outcomes
12,OBALNO-KRAŠKA STATISTIČNA REGIJA,2026-08-17,2026-08-24,2026-10-12,8,baseline_region_historical_rate,primary_simple_baseline,0.12877006061375834,0.10764297408925941,119627,2025,2025,,,baseline_region_historical_rate@sha256:dd1938fb6c1d1ca857d7b311203bd83930b11ddcd87bf2c7b9d8d7facdaeb05f,kme_data@sha256:340ffae552aaffe721317f98459ada4ff964dae2a086bf97e76d4980088eabe9,2026-08-30,sealed_without_pipeline_access_to_2026_KME_outcomes
12,OBALNO-KRAŠKA STATISTIČNA REGIJA,2026-08-17,2026-08-24,2026-10-12,8,glm_seasonal_region_offset,frozen_selected_model,0.13324714162233411,0.1113855079725598,119627,2025,2025,,,glm_seasonal_region_offset@sha256:1263c02735ca074e9c0e087ea0f9b7c81eff390a3df5e4d0639669fa497d8f70,kme_data@sha256:340ffae552aaffe721317f98459ada4ff964dae2a086bf97e76d4980088eabe9,2026-08-30,sealed_without_pipeline_access_to_2026_KME_outcomes
01,POMURSKA STATISTIČNA REGIJA,2026-08-24,2026-08-31,2026-10-19,8,baseline_region_historical_rate,primary_simple_baseline,0.550110426643909,0.4860835070900125,113172,2025,2025,,,baseline_region_historical_rate@sha256:dd1938fb6c1d1ca857d7b311203bd83930b11ddcd87bf2c7b9d8d7facdaeb05f,kme_data@sha256:340ffae552aaffe721317f98459ada4ff964dae2a086bf97e76d4980088eabe9,2026-08-30,sealed_without_pipeline_access_to_2026_KME_outcomes
01,POMURSKA STATISTIČNA REGIJA,2026-08-24,2026-08-31,2026-10-19,8,glm_seasonal_region_offset,frozen_selected_model,0.4716859088607708,0.41678675720210895,113172,2025,2025,,,glm_seasonal_region_offset@sha256:1263c02735ca074e9c0e087ea0f9b7c81eff390a3df5e4d0639669fa497d8f70,kme_data@sha256:340ffae552aaffe721317f98459ada4ff964dae2a086bf97e76d4980088eabe9,2026-08-30,sealed_without_pipeline_access_to_2026_KME_outcomes
02,PODRAVSKA STATISTIČNA REGIJA,2026-08-24,2026-08-31,2026-10-19,8,baseline_region_historical_rate,primary_simple_baseline,1.5499050183088243,0.46709914208484377,331815,2025,2025,,,baseline_region_historical_rate@sha256:dd1938fb6c1d1ca857d7b311203bd83930b11ddcd87bf2c7b9d8d7facdaeb05f,kme_data@sha256:340ffae552aaffe721317f98459ada4ff964dae2a086bf97e76d4980088eabe9,2026-08-30,sealed_without_pipeline_access_to_2026_KME_outcomes
02,PODRAVSKA STATISTIČNA REGIJA,2026-08-24,2026-08-31,2026-10-19,8,glm_seasonal_region_offset,frozen_selected_model,1.3287644589212955,0.4004534029267198,331815,2025,2025,,,glm_seasonal_region_offset@sha256:1263c02735ca074e9c0e087ea0f9b7c81eff390a3df5e4d0639669fa497d8f70,kme_data@sha256:340ffae552aaffe721317f98459ada4ff964dae2a086bf97e76d4980088eabe9,2026-08-30,sealed_without_pipeline_access_to_2026_KME_outcomes
03,KOROŠKA STATISTIČNA REGIJA,2026-08-24,2026-08-31,2026-10-19,8,baseline_region_historical_rate,primary_simple_baseline,1.5242533951058044,2.166425133042162,70358,2025,2025,,,baseline_region_historical_rate@sha256:dd1938fb6c1d1ca857d7b311203bd83930b11ddcd87bf2c7b9d8d7facdaeb05f,kme_data@sha256:340ffae552aaffe721317f98459ada4ff964dae2a086bf97e76d4980088eabe9,2026-08-30,sealed_without_pipeline_access_to_2026_KME_outcomes
03,KOROŠKA STATISTIČNA REGIJA,2026-08-24,2026-08-31,2026-10-19,8,glm_seasonal_region_offset,frozen_selected_model,1.306925104699187,1.8575358945666265,70358,2025,2025,,,glm_seasonal_region_offset@sha256:1263c02735ca074e9c0e087ea0f9b7c81eff390a3df5e4d0639669fa497d8f70,kme_data@sha256:340ffae552aaffe721317f98459ada4ff964dae2a086bf97e76d4980088eabe9,2026-08-30,sealed_without_pipeline_access_to_2026_KME_outcomes
04,SAVINJSKA STATISTIČNA REGIJA,2026-08-24,2026-08-31,2026-10-19,8,baseline_region_historical_rate,primary_simple_baseline,1.144303626330837,0.4354043644291541,262814,2025,2025,,,baseline_region_historical_rate@sha256:dd1938fb6c1d1ca857d7b311203bd83930b11ddcd87bf2c7b9d8d7facdaeb05f,kme_data@sha256:340ffae552aaffe721317f98459ada4ff964dae2a086bf97e76d4980088eabe9,2026-08-30,sealed_without_pipeline_access_to_2026_KME_outcomes
04,SAVINJSKA STATISTIČNA REGIJA,2026-08-24,2026-08-31,2026-10-19,8,glm_seasonal_region_offset,frozen_selected_model,0.9810375550418826,0.3732820759327443,262814,2025,2025,,,glm_seasonal_region_offset@sha256:1263c02735ca074e9c0e087ea0f9b7c81eff390a3df5e4d0639669fa497d8f70,kme_data@sha256:340ffae552aaffe721317f98459ada4ff964dae2a086bf97e76d4980088eabe9,2026-08-30,sealed_without_pipeline_access_to_2026_KME_outcomes
05,ZASAVSKA STATISTIČNA REGIJA,2026-08-24,2026-08-31,2026-10-19,8,baseline_region_historical_rate,primary_simple_baseline,0.1839970152643808,0.32233241992253525,57083,2025,2025,,,baseline_region_historical_rate@sha256:dd1938fb6c1d1ca857d7b311203bd83930b11ddcd87bf2c7b9d8d7facdaeb05f,kme_data@sha256:340ffae552aaffe721317f98459ada4ff964dae2a086bf97e76d4980088eabe9,2026-08-30,sealed_without_pipeline_access_to_2026_KME_outcomes
05,ZASAVSKA STATISTIČNA REGIJA,2026-08-24,2026-08-31,2026-10-19,8,glm_seasonal_region_offset,frozen_selected_model,0.15774909188515276,0.27635038783026955,57083,2025,2025,,,glm_seasonal_region_offset@sha256:1263c02735ca074e9c0e087ea0f9b7c81eff390a3df5e4d0639669fa497d8f70,kme_data@sha256:340ffae552aaffe721317f98459ada4ff964dae2a086bf97e76d4980088eabe9,2026-08-30,sealed_without_pipeline_access_to_2026_KME_outcomes
06,POSAVSKA STATISTIČNA REGIJA,2026-08-24,2026-08-31,2026-10-19,8,baseline_region_historical_rate,primary_simple_baseline,0.10070835543631036,0.13252320007936305,75993,2025,2025,,,baseline_region_historical_rate@sha256:dd1938fb6c1d1ca857d7b311203bd83930b11ddcd87bf2c7b9d8d7facdaeb05f,kme_data@sha256:340ffae552aaffe721317f98459ada4ff964dae2a086bf97e76d4980088eabe9,2026-08-30,sealed_without_pipeline_access_to_2026_KME_outcomes
06,POSAVSKA STATISTIČNA REGIJA,2026-08-24,2026-08-31,2026-10-19,8,glm_seasonal_region_offset,frozen_selected_model,0.08634899265012505,0.11362756128870428,75993,2025,2025,,,glm_seasonal_region_offset@sha256:1263c02735ca074e9c0e087ea0f9b7c81eff390a3df5e4d0639669fa497d8f70,kme_data@sha256:340ffae552aaffe721317f98459ada4ff964dae2a086bf97e76d4980088eabe9,2026-08-30,sealed_without_pipeline_access_to_2026_KME_outcomes
07,JUGOVZHODNA SLOVENIJA,2026-08-24,2026-08-31,2026-10-19,8,baseline_region_historical_rate,primary_simple_baseline,1.0771151173102371,0.7245006506425218,148670,2025,2025,,,baseline_region_historical_rate@sha256:dd1938fb6c1d1ca857d7b311203bd83930b11ddcd87bf2c7b9d8d7facdaeb05f,kme_data@sha256:340ffae552aaffe721317f98459ada4ff964dae2a086bf97e76d4980088eabe9,2026-08-30,sealed_without_pipeline_access_to_2026_KME_outcomes
07,JUGOVZHODNA SLOVENIJA,2026-08-24,2026-08-31,2026-10-19,8,glm_seasonal_region_offset,frozen_selected_model,0.923421700388091,0.6211217464102313,148670,2025,2025,,,glm_seasonal_region_offset@sha256:1263c02735ca074e9c0e087ea0f9b7c81eff390a3df5e4d0639669fa497d8f70,kme_data@sha256:340ffae552aaffe721317f98459ada4ff964dae2a086bf97e76d4980088eabe9,2026-08-30,sealed_without_pipeline_access_to_2026_KME_outcomes
08,OSREDNJESLOVENSKA STATISTIČNA REGIJA,2026-08-24,2026-08-31,2026-10-19,8,baseline_region_historical_rate,primary_simple_baseline,4.7241152797641215,0.8295562192833964,569475,2025,2025,,,baseline_region_historical_rate@sha256:dd1938fb6c1d1ca857d7b311203bd83930b11ddcd87bf2c7b9d8d7facdaeb05f,kme_data@sha256:340ffae552aaffe721317f98459ada4ff964dae2a086bf97e76d4980088eabe9,2026-08-30,sealed_without_pipeline_access_to_2026_KME_outcomes
08,OSREDNJESLOVENSKA STATISTIČNA REGIJA,2026-08-24,2026-08-31,2026-10-19,8,glm_seasonal_region_offset,frozen_selected_model,4.050188739281197,0.7112144939253165,569475,2025,2025,,,glm_seasonal_region_offset@sha256:1263c02735ca074e9c0e087ea0f9b7c81eff390a3df5e4d0639669fa497d8f70,kme_data@sha256:340ffae552aaffe721317f98459ada4ff964dae2a086bf97e76d4980088eabe9,2026-08-30,sealed_without_pipeline_access_to_2026_KME_outcomes
09,GORENJSKA STATISTIČNA REGIJA,2026-08-24,2026-08-31,2026-10-19,8,baseline_region_historical_rate,primary_simple_baseline,3.422238199660669,1.630250522654079,209921,2025,2025,,,baseline_region_historical_rate@sha256:dd1938fb6c1d1ca857d7b311203bd83930b11ddcd87bf2c7b9d8d7facdaeb05f,kme_data@sha256:340ffae552aaffe721317f98459ada4ff964dae2a086bf97e76d4980088eabe9,2026-08-30,sealed_without_pipeline_access_to_2026_KME_outcomes
09,GORENJSKA STATISTIČNA REGIJA,2026-08-24,2026-08-31,2026-10-19,8,glm_seasonal_region_offset,frozen_selected_model,2.93424124074799,1.3977835665550327,209921,2025,2025,,,glm_seasonal_region_offset@sha256:1263c02735ca074e9c0e087ea0f9b7c81eff390a3df5e4d0639669fa497d8f70,kme_data@sha256:340ffae552aaffe721317f98459ada4ff964dae2a086bf97e76d4980088eabe9,2026-08-30,sealed_without_pipeline_access_to_2026_KME_outcomes
10,PRIMORSKO-NOTRANJSKA STATISTIČNA REGIJA,2026-08-24,2026-08-31,2026-10-19,8,baseline_region_historical_rate,primary_simple_baseline,1.2394879903359548,2.302768160992745,53826,2025,2025,,,baseline_region_historical_rate@sha256:dd1938fb6c1d1ca857d7b311203bd83930b11ddcd87bf2c7b9d8d7facdaeb05f,kme_data@sha256:340ffae552aaffe721317f98459ada4ff964dae2a086bf97e76d4980088eabe9,2026-08-30,sealed_without_pipeline_access_to_2026_KME_outcomes
10,PRIMORSKO-NOTRANJSKA STATISTIČNA REGIJA,2026-08-24,2026-08-31,2026-10-19,8,glm_seasonal_region_offset,frozen_selected_model,1.0625851508164725,1.974111304604601,53826,2025,2025,,,glm_seasonal_region_offset@sha256:1263c02735ca074e9c0e087ea0f9b7c81eff390a3df5e4d0639669fa497d8f70,kme_data@sha256:340ffae552aaffe721317f98459ada4ff964dae2a086bf97e76d4980088eabe9,2026-08-30,sealed_without_pipeline_access_to_2026_KME_outcomes
11,GORIŠKA STATISTIČNA REGIJA,2026-08-24,2026-08-31,2026-10-19,8,baseline_region_historical_rate,primary_simple_baseline,0.7313576288084981,0.6192907709054482,118096,2025,2025,,,baseline_region_historical_rate@sha256:dd1938fb6c1d1ca857d7b311203bd83930b11ddcd87bf2c7b9d8d7facdaeb05f,kme_data@sha256:340ffae552aaffe721317f98459ada4ff964dae2a086bf97e76d4980088eabe9,2026-08-30,sealed_without_pipeline_access_to_2026_KME_outcomes
11,GORIŠKA STATISTIČNA REGIJA,2026-08-24,2026-08-31,2026-10-19,8,glm_seasonal_region_offset,frozen_selected_model,0.6270780702435442,0.5309901014797658,118096,2025,2025,,,glm_seasonal_region_offset@sha256:1263c02735ca074e9c0e087ea0f9b7c81eff390a3df5e4d0639669fa497d8f70,kme_data@sha256:340ffae552aaffe721317f98459ada4ff964dae2a086bf97e76d4980088eabe9,2026-08-30,sealed_without_pipeline_access_to_2026_KME_outcomes
12,OBALNO-KRAŠKA STATISTIČNA REGIJA,2026-08-24,2026-08-31,2026-10-19,8,baseline_region_historical_rate,primary_simple_baseline,0.12877006061375834,0.10764297408925941,119627,2025,2025,,,baseline_region_historical_rate@sha256:dd1938fb6c1d1ca857d7b311203bd83930b11ddcd87bf2c7b9d8d7facdaeb05f,kme_data@sha256:340ffae552aaffe721317f98459ada4ff964dae2a086bf97e76d4980088eabe9,2026-08-30,sealed_without_pipeline_access_to_2026_KME_outcomes
12,OBALNO-KRAŠKA STATISTIČNA REGIJA,2026-08-24,2026-08-31,2026-10-19,8,glm_seasonal_region_offset,frozen_selected_model,0.11133185661359185,0.09306582678959754,119627,2025,2025,,,glm_seasonal_region_offset@sha256:1263c02735ca074e9c0e087ea0f9b7c81eff390a3df5e4d0639669fa497d8f70,kme_data@sha256:340ffae552aaffe721317f98459ada4ff964dae2a086bf97e76d4980088eabe9,2026-08-30,sealed_without_pipeline_access_to_2026_KME_outcomes
01,POMURSKA STATISTIČNA REGIJA,2026-08-31,2026-09-07,2026-10-26,8,baseline_region_historical_rate,primary_simple_baseline,0.550110426643909,0.4860835070900125,113172,2025,2025,,,baseline_region_historical_rate@sha256:dd1938fb6c1d1ca857d7b311203bd83930b11ddcd87bf2c7b9d8d7facdaeb05f,kme_data@sha256:340ffae552aaffe721317f98459ada4ff964dae2a086bf97e76d4980088eabe9,2026-08-30,sealed_without_pipeline_access_to_2026_KME_outcomes
01,POMURSKA STATISTIČNA REGIJA,2026-08-31,2026-09-07,2026-10-26,8,glm_seasonal_region_offset,frozen_selected_model,0.3917476041743754,0.34615240887708565,113172,2025,2025,,,glm_seasonal_region_offset@sha256:1263c02735ca074e9c0e087ea0f9b7c81eff390a3df5e4d0639669fa497d8f70,kme_data@sha256:340ffae552aaffe721317f98459ada4ff964dae2a086bf97e76d4980088eabe9,2026-08-30,sealed_without_pipeline_access_to_2026_KME_outcomes
02,PODRAVSKA STATISTIČNA REGIJA,2026-08-31,2026-09-07,2026-10-26,8,baseline_region_historical_rate,primary_simple_baseline,1.5499050183088243,0.46709914208484377,331815,2025,2025,,,baseline_region_historical_rate@sha256:dd1938fb6c1d1ca857d7b311203bd83930b11ddcd87bf2c7b9d8d7facdaeb05f,kme_data@sha256:340ffae552aaffe721317f98459ada4ff964dae2a086bf97e76d4980088eabe9,2026-08-30,sealed_without_pipeline_access_to_2026_KME_outcomes
02,PODRAVSKA STATISTIČNA REGIJA,2026-08-31,2026-09-07,2026-10-26,8,glm_seasonal_region_offset,frozen_selected_model,1.1035739747911941,0.3325871267999319,331815,2025,2025,,,glm_seasonal_region_offset@sha256:1263c02735ca074e9c0e087ea0f9b7c81eff390a3df5e4d0639669fa497d8f70,kme_data@sha256:340ffae552aaffe721317f98459ada4ff964dae2a086bf97e76d4980088eabe9,2026-08-30,sealed_without_pipeline_access_to_2026_KME_outcomes
03,KOROŠKA STATISTIČNA REGIJA,2026-08-31,2026-09-07,2026-10-26,8,baseline_region_historical_rate,primary_simple_baseline,1.5242533951058044,2.166425133042162,70358,2025,2025,,,baseline_region_historical_rate@sha256:dd1938fb6c1d1ca857d7b311203bd83930b11ddcd87bf2c7b9d8d7facdaeb05f,kme_data@sha256:340ffae552aaffe721317f98459ada4ff964dae2a086bf97e76d4980088eabe9,2026-08-30,sealed_without_pipeline_access_to_2026_KME_outcomes
03,KOROŠKA STATISTIČNA REGIJA,2026-08-31,2026-09-07,2026-10-26,8,glm_seasonal_region_offset,frozen_selected_model,1.085435814349026,1.542732616545419,70358,2025,2025,,,glm_seasonal_region_offset@sha256:1263c02735ca074e9c0e087ea0f9b7c81eff390a3df5e4d0639669fa497d8f70,kme_data@sha256:340ffae552aaffe721317f98459ada4ff964dae2a086bf97e76d4980088eabe9,2026-08-30,sealed_without_pipeline_access_to_2026_KME_outcomes
04,SAVINJSKA STATISTIČNA REGIJA,2026-08-31,2026-09-07,2026-10-26,8,baseline_region_historical_rate,primary_simple_baseline,1.144303626330837,0.4354043644291541,262814,2025,2025,,,baseline_region_historical_rate@sha256:dd1938fb6c1d1ca857d7b311203bd83930b11ddcd87bf2c7b9d8d7facdaeb05f,kme_data@sha256:340ffae552aaffe721317f98459ada4ff964dae2a086bf97e76d4980088eabe9,2026-08-30,sealed_without_pipeline_access_to_2026_KME_outcomes
04,SAVINJSKA STATISTIČNA REGIJA,2026-08-31,2026-09-07,2026-10-26,8,glm_seasonal_region_offset,frozen_selected_model,0.8147775979167214,0.3100206221573894,262814,2025,2025,,,glm_seasonal_region_offset@sha256:1263c02735ca074e9c0e087ea0f9b7c81eff390a3df5e4d0639669fa497d8f70,kme_data@sha256:340ffae552aaffe721317f98459ada4ff964dae2a086bf97e76d4980088eabe9,2026-08-30,sealed_without_pipeline_access_to_2026_KME_outcomes
05,ZASAVSKA STATISTIČNA REGIJA,2026-08-31,2026-09-07,2026-10-26,8,baseline_region_historical_rate,primary_simple_baseline,0.1839970152643808,0.32233241992253525,57083,2025,2025,,,baseline_region_historical_rate@sha256:dd1938fb6c1d1ca857d7b311203bd83930b11ddcd87bf2c7b9d8d7facdaeb05f,kme_data@sha256:340ffae552aaffe721317f98459ada4ff964dae2a086bf97e76d4980088eabe9,2026-08-30,sealed_without_pipeline_access_to_2026_KME_outcomes
05,ZASAVSKA STATISTIČNA REGIJA,2026-08-31,2026-09-07,2026-10-26,8,glm_seasonal_region_offset,frozen_selected_model,0.131014786843957,0.2295162952962476,57083,2025,2025,,,glm_seasonal_region_offset@sha256:1263c02735ca074e9c0e087ea0f9b7c81eff390a3df5e4d0639669fa497d8f70,kme_data@sha256:340ffae552aaffe721317f98459ada4ff964dae2a086bf97e76d4980088eabe9,2026-08-30,sealed_without_pipeline_access_to_2026_KME_outcomes
06,POSAVSKA STATISTIČNA REGIJA,2026-08-31,2026-09-07,2026-10-26,8,baseline_region_historical_rate,primary_simple_baseline,0.10070835543631036,0.13252320007936305,75993,2025,2025,,,baseline_region_historical_rate@sha256:dd1938fb6c1d1ca857d7b311203bd83930b11ddcd87bf2c7b9d8d7facdaeb05f,kme_data@sha256:340ffae552aaffe721317f98459ada4ff964dae2a086bf97e76d4980088eabe9,2026-08-30,sealed_without_pipeline_access_to_2026_KME_outcomes
06,POSAVSKA STATISTIČNA REGIJA,2026-08-31,2026-09-07,2026-10-26,8,glm_seasonal_region_offset,frozen_selected_model,0.07171511880704089,0.09437069046759686,75993,2025,2025,,,glm_seasonal_region_offset@sha256:1263c02735ca074e9c0e087ea0f9b7c81eff390a3df5e4d0639669fa497d8f70,kme_data@sha256:340ffae552aaffe721317f98459ada4ff964dae2a086bf97e76d4980088eabe9,2026-08-30,sealed_without_pipeline_access_to_2026_KME_outcomes
07,JUGOVZHODNA SLOVENIJA,2026-08-31,2026-09-07,2026-10-26,8,baseline_region_historical_rate,primary_simple_baseline,1.0771151173102371,0.7245006506425218,148670,2025,2025,,,baseline_region_historical_rate@sha256:dd1938fb6c1d1ca857d7b311203bd83930b11ddcd87bf2c7b9d8d7facdaeb05f,kme_data@sha256:340ffae552aaffe721317f98459ada4ff964dae2a086bf97e76d4980088eabe9,2026-08-30,sealed_without_pipeline_access_to_2026_KME_outcomes
07,JUGOVZHODNA SLOVENIJA,2026-08-31,2026-09-07,2026-10-26,8,glm_seasonal_region_offset,frozen_selected_model,0.7669261090359202,0.5158580137458265,148670,2025,2025,,,glm_seasonal_region_offset@sha256:1263c02735ca074e9c0e087ea0f9b7c81eff390a3df5e4d0639669fa497d8f70,kme_data@sha256:340ffae552aaffe721317f98459ada4ff964dae2a086bf97e76d4980088eabe9,2026-08-30,sealed_without_pipeline_access_to_2026_KME_outcomes
08,OSREDNJESLOVENSKA STATISTIČNA REGIJA,2026-08-31,2026-09-07,2026-10-26,8,baseline_region_historical_rate,primary_simple_baseline,4.7241152797641215,0.8295562192833964,569475,2025,2025,,,baseline_region_historical_rate@sha256:dd1938fb6c1d1ca857d7b311203bd83930b11ddcd87bf2c7b9d8d7facdaeb05f,kme_data@sha256:340ffae552aaffe721317f98459ada4ff964dae2a086bf97e76d4980088eabe9,2026-08-30,sealed_without_pipeline_access_to_2026_KME_outcomes
08,OSREDNJESLOVENSKA STATISTIČNA REGIJA,2026-08-31,2026-09-07,2026-10-26,8,glm_seasonal_region_offset,frozen_selected_model,3.3637887103720545,0.5906824198379305,569475,2025,2025,,,glm_seasonal_region_offset@sha256:1263c02735ca074e9c0e087ea0f9b7c81eff390a3df5e4d0639669fa497d8f70,kme_data@sha256:340ffae552aaffe721317f98459ada4ff964dae2a086bf97e76d4980088eabe9,2026-08-30,sealed_without_pipeline_access_to_2026_KME_outcomes
09,GORENJSKA STATISTIČNA REGIJA,2026-08-31,2026-09-07,2026-10-26,8,baseline_region_historical_rate,primary_simple_baseline,3.422238199660669,1.630250522654079,209921,2025,2025,,,baseline_region_historical_rate@sha256:dd1938fb6c1d1ca857d7b311203bd83930b11ddcd87bf2c7b9d8d7facdaeb05f,kme_data@sha256:340ffae552aaffe721317f98459ada4ff964dae2a086bf97e76d4980088eabe9,2026-08-30,sealed_without_pipeline_access_to_2026_KME_outcomes
09,GORENJSKA STATISTIČNA REGIJA,2026-08-31,2026-09-07,2026-10-26,8,glm_seasonal_region_offset,frozen_selected_model,2.4369648415169602,1.160896166423064,209921,2025,2025,,,glm_seasonal_region_offset@sha256:1263c02735ca074e9c0e087ea0f9b7c81eff390a3df5e4d0639669fa497d8f70,kme_data@sha256:340ffae552aaffe721317f98459ada4ff964dae2a086bf97e76d4980088eabe9,2026-08-30,sealed_without_pipeline_access_to_2026_KME_outcomes
10,PRIMORSKO-NOTRANJSKA STATISTIČNA REGIJA,2026-08-31,2026-09-07,2026-10-26,8,baseline_region_historical_rate,primary_simple_baseline,1.2394879903359548,2.302768160992745,53826,2025,2025,,,baseline_region_historical_rate@sha256:dd1938fb6c1d1ca857d7b311203bd83930b11ddcd87bf2c7b9d8d7facdaeb05f,kme_data@sha256:340ffae552aaffe721317f98459ada4ff964dae2a086bf97e76d4980088eabe9,2026-08-30,sealed_without_pipeline_access_to_2026_KME_outcomes
10,PRIMORSKO-NOTRANJSKA STATISTIČNA REGIJA,2026-08-31,2026-09-07,2026-10-26,8,glm_seasonal_region_offset,frozen_selected_model,0.8825050298173971,1.639551573249725,53826,2025,2025,,,glm_seasonal_region_offset@sha256:1263c02735ca074e9c0e087ea0f9b7c81eff390a3df5e4d0639669fa497d8f70,kme_data@sha256:340ffae552aaffe721317f98459ada4ff964dae2a086bf97e76d4980088eabe9,2026-08-30,sealed_without_pipeline_access_to_2026_KME_outcomes
11,GORIŠKA STATISTIČNA REGIJA,2026-08-31,2026-09-07,2026-10-26,8,baseline_region_historical_rate,primary_simple_baseline,0.7313576288084981,0.6192907709054482,118096,2025,2025,,,baseline_region_historical_rate@sha256:dd1938fb6c1d1ca857d7b311203bd83930b11ddcd87bf2c7b9d8d7facdaeb05f,kme_data@sha256:340ffae552aaffe721317f98459ada4ff964dae2a086bf97e76d4980088eabe9,2026-08-30,sealed_without_pipeline_access_to_2026_KME_outcomes
11,GORIŠKA STATISTIČNA REGIJA,2026-08-31,2026-09-07,2026-10-26,8,glm_seasonal_region_offset,frozen_selected_model,0.5208048979913674,0.4410013023229978,118096,2025,2025,,,glm_seasonal_region_offset@sha256:1263c02735ca074e9c0e087ea0f9b7c81eff390a3df5e4d0639669fa497d8f70,kme_data@sha256:340ffae552aaffe721317f98459ada4ff964dae2a086bf97e76d4980088eabe9,2026-08-30,sealed_without_pipeline_access_to_2026_KME_outcomes
12,OBALNO-KRAŠKA STATISTIČNA REGIJA,2026-08-31,2026-09-07,2026-10-26,8,baseline_region_historical_rate,primary_simple_baseline,0.12877006061375834,0.10764297408925941,119627,2025,2025,,,baseline_region_historical_rate@sha256:dd1938fb6c1d1ca857d7b311203bd83930b11ddcd87bf2c7b9d8d7facdaeb05f,kme_data@sha256:340ffae552aaffe721317f98459ada4ff964dae2a086bf97e76d4980088eabe9,2026-08-30,sealed_without_pipeline_access_to_2026_KME_outcomes
12,OBALNO-KRAŠKA STATISTIČNA REGIJA,2026-08-31,2026-09-07,2026-10-26,8,glm_seasonal_region_offset,frozen_selected_model,0.09246404710710446,0.07729362694634527,119627,2025,2025,,,glm_seasonal_region_offset@sha256:1263c02735ca074e9c0e087ea0f9b7c81eff390a3df5e4d0639669fa497d8f70,kme_data@sha256:340ffae552aaffe721317f98459ada4ff964dae2a086bf97e76d4980088eabe9,2026-08-30,sealed_without_pipeline_access_to_2026_KME_outcomes
01,POMURSKA STATISTIČNA REGIJA,2026-09-07,2026-09-14,2026-11-02,8,baseline_region_historical_rate,primary_simple_baseline,0.550110426643909,0.4860835070900125,113172,2025,2025,,,baseline_region_historical_rate@sha256:dd1938fb6c1d1ca857d7b311203bd83930b11ddcd87bf2c7b9d8d7facdaeb05f,kme_data@sha256:340ffae552aaffe721317f98459ada4ff964dae2a086bf97e76d4980088eabe9,2026-08-30,sealed_without_pipeline_access_to_2026_KME_outcomes
01,POMURSKA STATISTIČNA REGIJA,2026-09-07,2026-09-14,2026-11-02,8,glm_seasonal_region_offset,frozen_selected_model,0.32428082827740823,0.2865380379222849,113172,2025,2025,,,glm_seasonal_region_offset@sha256:1263c02735ca074e9c0e087ea0f9b7c81eff390a3df5e4d0639669fa497d8f70,kme_data@sha256:340ffae552aaffe721317f98459ada4ff964dae2a086bf97e76d4980088eabe9,2026-08-30,sealed_without_pipeline_access_to_2026_KME_outcomes
02,PODRAVSKA STATISTIČNA REGIJA,2026-09-07,2026-09-14,2026-11-02,8,baseline_region_historical_rate,primary_simple_baseline,1.5499050183088243,0.46709914208484377,331815,2025,2025,,,baseline_region_historical_rate@sha256:dd1938fb6c1d1ca857d7b311203bd83930b11ddcd87bf2c7b9d8d7facdaeb05f,kme_data@sha256:340ffae552aaffe721317f98459ada4ff964dae2a086bf97e76d4980088eabe9,2026-08-30,sealed_without_pipeline_access_to_2026_KME_outcomes
02,PODRAVSKA STATISTIČNA REGIJA,2026-09-07,2026-09-14,2026-11-02,8,glm_seasonal_region_offset,frozen_selected_model,0.9135164549759068,0.275308968845865,331815,2025,2025,,,glm_seasonal_region_offset@sha256:1263c02735ca074e9c0e087ea0f9b7c81eff390a3df5e4d0639669fa497d8f70,kme_data@sha256:340ffae552aaffe721317f98459ada4ff964dae2a086bf97e76d4980088eabe9,2026-08-30,sealed_without_pipeline_access_to_2026_KME_outcomes
03,KOROŠKA STATISTIČNA REGIJA,2026-09-07,2026-09-14,2026-11-02,8,baseline_region_historical_rate,primary_simple_baseline,1.5242533951058044,2.166425133042162,70358,2025,2025,,,baseline_region_historical_rate@sha256:dd1938fb6c1d1ca857d7b311203bd83930b11ddcd87bf2c7b9d8d7facdaeb05f,kme_data@sha256:340ffae552aaffe721317f98459ada4ff964dae2a086bf97e76d4980088eabe9,2026-08-30,sealed_without_pipeline_access_to_2026_KME_outcomes
03,KOROŠKA STATISTIČNA REGIJA,2026-09-07,2026-09-14,2026-11-02,8,glm_seasonal_region_offset,frozen_selected_model,0.8985020486874213,1.2770431915168443,70358,2025,2025,,,glm_seasonal_region_offset@sha256:1263c02735ca074e9c0e087ea0f9b7c81eff390a3df5e4d0639669fa497d8f70,kme_data@sha256:340ffae552aaffe721317f98459ada4ff964dae2a086bf97e76d4980088eabe9,2026-08-30,sealed_without_pipeline_access_to_2026_KME_outcomes
04,SAVINJSKA STATISTIČNA REGIJA,2026-09-07,2026-09-14,2026-11-02,8,baseline_region_historical_rate,primary_simple_baseline,1.144303626330837,0.4354043644291541,262814,2025,2025,,,baseline_region_historical_rate@sha256:dd1938fb6c1d1ca857d7b311203bd83930b11ddcd87bf2c7b9d8d7facdaeb05f,kme_data@sha256:340ffae552aaffe721317f98459ada4ff964dae2a086bf97e76d4980088eabe9,2026-08-30,sealed_without_pipeline_access_to_2026_KME_outcomes
04,SAVINJSKA STATISTIČNA REGIJA,2026-09-07,2026-09-14,2026-11-02,8,glm_seasonal_region_offset,frozen_selected_model,0.6744565927114207,0.2566288678348264,262814,2025,2025,,,glm_seasonal_region_offset@sha256:1263c02735ca074e9c0e087ea0f9b7c81eff390a3df5e4d0639669fa497d8f70,kme_data@sha256:340ffae552aaffe721317f98459ada4ff964dae2a086bf97e76d4980088eabe9,2026-08-30,sealed_without_pipeline_access_to_2026_KME_outcomes
05,ZASAVSKA STATISTIČNA REGIJA,2026-09-07,2026-09-14,2026-11-02,8,baseline_region_historical_rate,primary_simple_baseline,0.1839970152643808,0.32233241992253525,57083,2025,2025,,,baseline_region_historical_rate@sha256:dd1938fb6c1d1ca857d7b311203bd83930b11ddcd87bf2c7b9d8d7facdaeb05f,kme_data@sha256:340ffae552aaffe721317f98459ada4ff964dae2a086bf97e76d4980088eabe9,2026-08-30,sealed_without_pipeline_access_to_2026_KME_outcomes
05,ZASAVSKA STATISTIČNA REGIJA,2026-09-07,2026-09-14,2026-11-02,8,glm_seasonal_region_offset,frozen_selected_model,0.10845141908113676,0.18998899686620668,57083,2025,2025,,,glm_seasonal_region_offset@sha256:1263c02735ca074e9c0e087ea0f9b7c81eff390a3df5e4d0639669fa497d8f70,kme_data@sha256:340ffae552aaffe721317f98459ada4ff964dae2a086bf97e76d4980088eabe9,2026-08-30,sealed_without_pipeline_access_to_2026_KME_outcomes
06,POSAVSKA STATISTIČNA REGIJA,2026-09-07,2026-09-14,2026-11-02,8,baseline_region_historical_rate,primary_simple_baseline,0.10070835543631036,0.13252320007936305,75993,2025,2025,,,baseline_region_historical_rate@sha256:dd1938fb6c1d1ca857d7b311203bd83930b11ddcd87bf2c7b9d8d7facdaeb05f,kme_data@sha256:340ffae552aaffe721317f98459ada4ff964dae2a086bf97e76d4980088eabe9,2026-08-30,sealed_without_pipeline_access_to_2026_KME_outcomes
06,POSAVSKA STATISTIČNA REGIJA,2026-09-07,2026-09-14,2026-11-02,8,glm_seasonal_region_offset,frozen_selected_model,0.05936434040425754,0.07811816931067012,75993,2025,2025,,,glm_seasonal_region_offset@sha256:1263c02735ca074e9c0e087ea0f9b7c81eff390a3df5e4d0639669fa497d8f70,kme_data@sha256:340ffae552aaffe721317f98459ada4ff964dae2a086bf97e76d4980088eabe9,2026-08-30,sealed_without_pipeline_access_to_2026_KME_outcomes
07,JUGOVZHODNA SLOVENIJA,2026-09-07,2026-09-14,2026-11-02,8,baseline_region_historical_rate,primary_simple_baseline,1.0771151173102371,0.7245006506425218,148670,2025,2025,,,baseline_region_historical_rate@sha256:dd1938fb6c1d1ca857d7b311203bd83930b11ddcd87bf2c7b9d8d7facdaeb05f,kme_data@sha256:340ffae552aaffe721317f98459ada4ff964dae2a086bf97e76d4980088eabe9,2026-08-30,sealed_without_pipeline_access_to_2026_KME_outcomes
07,JUGOVZHODNA SLOVENIJA,2026-09-07,2026-09-14,2026-11-02,8,glm_seasonal_region_offset,frozen_selected_model,0.6348460876739314,0.4270169420017027,148670,2025,2025,,,glm_seasonal_region_offset@sha256:1263c02735ca074e9c0e087ea0f9b7c81eff390a3df5e4d0639669fa497d8f70,kme_data@sha256:340ffae552aaffe721317f98459ada4ff964dae2a086bf97e76d4980088eabe9,2026-08-30,sealed_without_pipeline_access_to_2026_KME_outcomes
08,OSREDNJESLOVENSKA STATISTIČNA REGIJA,2026-09-07,2026-09-14,2026-11-02,8,baseline_region_historical_rate,primary_simple_baseline,4.7241152797641215,0.8295562192833964,569475,2025,2025,,,baseline_region_historical_rate@sha256:dd1938fb6c1d1ca857d7b311203bd83930b11ddcd87bf2c7b9d8d7facdaeb05f,kme_data@sha256:340ffae552aaffe721317f98459ada4ff964dae2a086bf97e76d4980088eabe9,2026-08-30,sealed_without_pipeline_access_to_2026_KME_outcomes
08,OSREDNJESLOVENSKA STATISTIČNA REGIJA,2026-09-07,2026-09-14,2026-11-02,8,glm_seasonal_region_offset,frozen_selected_model,2.7844769885665994,0.48895508820696243,569475,2025,2025,,,glm_seasonal_region_offset@sha256:1263c02735ca074e9c0e087ea0f9b7c81eff390a3df5e4d0639669fa497d8f70,kme_data@sha256:340ffae552aaffe721317f98459ada4ff964dae2a086bf97e76d4980088eabe9,2026-08-30,sealed_without_pipeline_access_to_2026_KME_outcomes
09,GORENJSKA STATISTIČNA REGIJA,2026-09-07,2026-09-14,2026-11-02,8,baseline_region_historical_rate,primary_simple_baseline,3.422238199660669,1.630250522654079,209921,2025,2025,,,baseline_region_historical_rate@sha256:dd1938fb6c1d1ca857d7b311203bd83930b11ddcd87bf2c7b9d8d7facdaeb05f,kme_data@sha256:340ffae552aaffe721317f98459ada4ff964dae2a086bf97e76d4980088eabe9,2026-08-30,sealed_without_pipeline_access_to_2026_KME_outcomes
09,GORENJSKA STATISTIČNA REGIJA,2026-09-07,2026-09-14,2026-11-02,8,glm_seasonal_region_offset,frozen_selected_model,2.017270734700602,0.9609666182519149,209921,2025,2025,,,glm_seasonal_region_offset@sha256:1263c02735ca074e9c0e087ea0f9b7c81eff390a3df5e4d0639669fa497d8f70,kme_data@sha256:340ffae552aaffe721317f98459ada4ff964dae2a086bf97e76d4980088eabe9,2026-08-30,sealed_without_pipeline_access_to_2026_KME_outcomes
10,PRIMORSKO-NOTRANJSKA STATISTIČNA REGIJA,2026-09-07,2026-09-14,2026-11-02,8,baseline_region_historical_rate,primary_simple_baseline,1.2394879903359548,2.302768160992745,53826,2025,2025,,,baseline_region_historical_rate@sha256:dd1938fb6c1d1ca857d7b311203bd83930b11ddcd87bf2c7b9d8d7facdaeb05f,kme_data@sha256:340ffae552aaffe721317f98459ada4ff964dae2a086bf97e76d4980088eabe9,2026-08-30,sealed_without_pipeline_access_to_2026_KME_outcomes
10,PRIMORSKO-NOTRANJSKA STATISTIČNA REGIJA,2026-09-07,2026-09-14,2026-11-02,8,glm_seasonal_region_offset,frozen_selected_model,0.730520005684016,1.357187986631026,53826,2025,2025,,,glm_seasonal_region_offset@sha256:1263c02735ca074e9c0e087ea0f9b7c81eff390a3df5e4d0639669fa497d8f70,kme_data@sha256:340ffae552aaffe721317f98459ada4ff964dae2a086bf97e76d4980088eabe9,2026-08-30,sealed_without_pipeline_access_to_2026_KME_outcomes
11,GORIŠKA STATISTIČNA REGIJA,2026-09-07,2026-09-14,2026-11-02,8,baseline_region_historical_rate,primary_simple_baseline,0.7313576288084981,0.6192907709054482,118096,2025,2025,,,baseline_region_historical_rate@sha256:dd1938fb6c1d1ca857d7b311203bd83930b11ddcd87bf2c7b9d8d7facdaeb05f,kme_data@sha256:340ffae552aaffe721317f98459ada4ff964dae2a086bf97e76d4980088eabe9,2026-08-30,sealed_without_pipeline_access_to_2026_KME_outcomes
11,GORIŠKA STATISTIČNA REGIJA,2026-09-07,2026-09-14,2026-11-02,8,glm_seasonal_region_offset,frozen_selected_model,0.4311118737982031,0.3650520540900649,118096,2025,2025,,,glm_seasonal_region_offset@sha256:1263c02735ca074e9c0e087ea0f9b7c81eff390a3df5e4d0639669fa497d8f70,kme_data@sha256:340ffae552aaffe721317f98459ada4ff964dae2a086bf97e76d4980088eabe9,2026-08-30,sealed_without_pipeline_access_to_2026_KME_outcomes
12,OBALNO-KRAŠKA STATISTIČNA REGIJA,2026-09-07,2026-09-14,2026-11-02,8,baseline_region_historical_rate,primary_simple_baseline,0.12877006061375834,0.10764297408925941,119627,2025,2025,,,baseline_region_historical_rate@sha256:dd1938fb6c1d1ca857d7b311203bd83930b11ddcd87bf2c7b9d8d7facdaeb05f,kme_data@sha256:340ffae552aaffe721317f98459ada4ff964dae2a086bf97e76d4980088eabe9,2026-08-30,sealed_without_pipeline_access_to_2026_KME_outcomes
12,OBALNO-KRAŠKA STATISTIČNA REGIJA,2026-09-07,2026-09-14,2026-11-02,8,glm_seasonal_region_offset,frozen_selected_model,0.07653988808678576,0.0639821178218845,119627,2025,2025,,,glm_seasonal_region_offset@sha256:1263c02735ca074e9c0e087ea0f9b7c81eff390a3df5e4d0639669fa497d8f70,kme_data@sha256:340ffae552aaffe721317f98459ada4ff964dae2a086bf97e76d4980088eabe9,2026-08-30,sealed_without_pipeline_access_to_2026_KME_outcomes
01,POMURSKA STATISTIČNA REGIJA,2026-09-14,2026-09-21,2026-11-09,8,baseline_region_historical_rate,primary_simple_baseline,0.550110426643909,0.4860835070900125,113172,2025,2025,,,baseline_region_historical_rate@sha256:dd1938fb6c1d1ca857d7b311203bd83930b11ddcd87bf2c7b9d8d7facdaeb05f,kme_data@sha256:340ffae552aaffe721317f98459ada4ff964dae2a086bf97e76d4980088eabe9,2026-08-30,sealed_without_pipeline_access_to_2026_KME_outcomes
01,POMURSKA STATISTIČNA REGIJA,2026-09-14,2026-09-21,2026-11-09,8,glm_seasonal_region_offset,frozen_selected_model,0.2682798897345471,0.2370550045369412,113172,2025,2025,,,glm_seasonal_region_offset@sha256:1263c02735ca074e9c0e087ea0f9b7c81eff390a3df5e4d0639669fa497d8f70,kme_data@sha256:340ffae552aaffe721317f98459ada4ff964dae2a086bf97e76d4980088eabe9,2026-08-30,sealed_without_pipeline_access_to_2026_KME_outcomes
02,PODRAVSKA STATISTIČNA REGIJA,2026-09-14,2026-09-21,2026-11-09,8,baseline_region_historical_rate,primary_simple_baseline,1.5499050183088243,0.46709914208484377,331815,2025,2025,,,baseline_region_historical_rate@sha256:dd1938fb6c1d1ca857d7b311203bd83930b11ddcd87bf2c7b9d8d7facdaeb05f,kme_data@sha256:340ffae552aaffe721317f98459ada4ff964dae2a086bf97e76d4980088eabe9,2026-08-30,sealed_without_pipeline_access_to_2026_KME_outcomes
02,PODRAVSKA STATISTIČNA REGIJA,2026-09-14,2026-09-21,2026-11-09,8,glm_seasonal_region_offset,frozen_selected_model,0.7557588128582702,0.2277651139515303,331815,2025,2025,,,glm_seasonal_region_offset@sha256:1263c02735ca074e9c0e087ea0f9b7c81eff390a3df5e4d0639669fa497d8f70,kme_data@sha256:340ffae552aaffe721317f98459ada4ff964dae2a086bf97e76d4980088eabe9,2026-08-30,sealed_without_pipeline_access_to_2026_KME_outcomes
03,KOROŠKA STATISTIČNA REGIJA,2026-09-14,2026-09-21,2026-11-09,8,baseline_region_historical_rate,primary_simple_baseline,1.5242533951058044,2.166425133042162,70358,2025,2025,,,baseline_region_historical_rate@sha256:dd1938fb6c1d1ca857d7b311203bd83930b11ddcd87bf2c7b9d8d7facdaeb05f,kme_data@sha256:340ffae552aaffe721317f98459ada4ff964dae2a086bf97e76d4980088eabe9,2026-08-30,sealed_without_pipeline_access_to_2026_KME_outcomes
03,KOROŠKA STATISTIČNA REGIJA,2026-09-14,2026-09-21,2026-11-09,8,glm_seasonal_region_offset,frozen_selected_model,0.7433372852431417,1.0565071281775231,70358,2025,2025,,,glm_seasonal_region_offset@sha256:1263c02735ca074e9c0e087ea0f9b7c81eff390a3df5e4d0639669fa497d8f70,kme_data@sha256:340ffae552aaffe721317f98459ada4ff964dae2a086bf97e76d4980088eabe9,2026-08-30,sealed_without_pipeline_access_to_2026_KME_outcomes
04,SAVINJSKA STATISTIČNA REGIJA,2026-09-14,2026-09-21,2026-11-09,8,baseline_region_historical_rate,primary_simple_baseline,1.144303626330837,0.4354043644291541,262814,2025,2025,,,baseline_region_historical_rate@sha256:dd1938fb6c1d1ca857d7b311203bd83930b11ddcd87bf2c7b9d8d7facdaeb05f,kme_data@sha256:340ffae552aaffe721317f98459ada4ff964dae2a086bf97e76d4980088eabe9,2026-08-30,sealed_without_pipeline_access_to_2026_KME_outcomes
04,SAVINJSKA STATISTIČNA REGIJA,2026-09-14,2026-09-21,2026-11-09,8,glm_seasonal_region_offset,frozen_selected_model,0.557982848645524,0.21231093040915783,262814,2025,2025,,,glm_seasonal_region_offset@sha256:1263c02735ca074e9c0e087ea0f9b7c81eff390a3df5e4d0639669fa497d8f70,kme_data@sha256:340ffae552aaffe721317f98459ada4ff964dae2a086bf97e76d4980088eabe9,2026-08-30,sealed_without_pipeline_access_to_2026_KME_outcomes
05,ZASAVSKA STATISTIČNA REGIJA,2026-09-14,2026-09-21,2026-11-09,8,baseline_region_historical_rate,primary_simple_baseline,0.1839970152643808,0.32233241992253525,57083,2025,2025,,,baseline_region_historical_rate@sha256:dd1938fb6c1d1ca857d7b311203bd83930b11ddcd87bf2c7b9d8d7facdaeb05f,kme_data@sha256:340ffae552aaffe721317f98459ada4ff964dae2a086bf97e76d4980088eabe9,2026-08-30,sealed_without_pipeline_access_to_2026_KME_outcomes
05,ZASAVSKA STATISTIČNA REGIJA,2026-09-14,2026-09-21,2026-11-09,8,glm_seasonal_region_offset,frozen_selected_model,0.08972264844393676,0.15717928007276555,57083,2025,2025,,,glm_seasonal_region_offset@sha256:1263c02735ca074e9c0e087ea0f9b7c81eff390a3df5e4d0639669fa497d8f70,kme_data@sha256:340ffae552aaffe721317f98459ada4ff964dae2a086bf97e76d4980088eabe9,2026-08-30,sealed_without_pipeline_access_to_2026_KME_outcomes
06,POSAVSKA STATISTIČNA REGIJA,2026-09-14,2026-09-21,2026-11-09,8,baseline_region_historical_rate,primary_simple_baseline,0.10070835543631036,0.13252320007936305,75993,2025,2025,,,baseline_region_historical_rate@sha256:dd1938fb6c1d1ca857d7b311203bd83930b11ddcd87bf2c7b9d8d7facdaeb05f,kme_data@sha256:340ffae552aaffe721317f98459ada4ff964dae2a086bf97e76d4980088eabe9,2026-08-30,sealed_without_pipeline_access_to_2026_KME_outcomes
06,POSAVSKA STATISTIČNA REGIJA,2026-09-14,2026-09-21,2026-11-09,8,glm_seasonal_region_offset,frozen_selected_model,0.04911255094055115,0.06462773010744562,75993,2025,2025,,,glm_seasonal_region_offset@sha256:1263c02735ca074e9c0e087ea0f9b7c81eff390a3df5e4d0639669fa497d8f70,kme_data@sha256:340ffae552aaffe721317f98459ada4ff964dae2a086bf97e76d4980088eabe9,2026-08-30,sealed_without_pipeline_access_to_2026_KME_outcomes
07,JUGOVZHODNA SLOVENIJA,2026-09-14,2026-09-21,2026-11-09,8,baseline_region_historical_rate,primary_simple_baseline,1.0771151173102371,0.7245006506425218,148670,2025,2025,,,baseline_region_historical_rate@sha256:dd1938fb6c1d1ca857d7b311203bd83930b11ddcd87bf2c7b9d8d7facdaeb05f,kme_data@sha256:340ffae552aaffe721317f98459ada4ff964dae2a086bf97e76d4980088eabe9,2026-08-30,sealed_without_pipeline_access_to_2026_KME_outcomes
07,JUGOVZHODNA SLOVENIJA,2026-09-14,2026-09-21,2026-11-09,8,glm_seasonal_region_offset,frozen_selected_model,0.5252127894957532,0.35327422445399426,148670,2025,2025,,,glm_seasonal_region_offset@sha256:1263c02735ca074e9c0e087ea0f9b7c81eff390a3df5e4d0639669fa497d8f70,kme_data@sha256:340ffae552aaffe721317f98459ada4ff964dae2a086bf97e76d4980088eabe9,2026-08-30,sealed_without_pipeline_access_to_2026_KME_outcomes
08,OSREDNJESLOVENSKA STATISTIČNA REGIJA,2026-09-14,2026-09-21,2026-11-09,8,baseline_region_historical_rate,primary_simple_baseline,4.7241152797641215,0.8295562192833964,569475,2025,2025,,,baseline_region_historical_rate@sha256:dd1938fb6c1d1ca857d7b311203bd83930b11ddcd87bf2c7b9d8d7facdaeb05f,kme_data@sha256:340ffae552aaffe721317f98459ada4ff964dae2a086bf97e76d4980088eabe9,2026-08-30,sealed_without_pipeline_access_to_2026_KME_outcomes
08,OSREDNJESLOVENSKA STATISTIČNA REGIJA,2026-09-14,2026-09-21,2026-11-09,8,glm_seasonal_region_offset,frozen_selected_model,2.3036180813686227,0.4045161036689271,569475,2025,2025,,,glm_seasonal_region_offset@sha256:1263c02735ca074e9c0e087ea0f9b7c81eff390a3df5e4d0639669fa497d8f70,kme_data@sha256:340ffae552aaffe721317f98459ada4ff964dae2a086bf97e76d4980088eabe9,2026-08-30,sealed_without_pipeline_access_to_2026_KME_outcomes
09,GORENJSKA STATISTIČNA REGIJA,2026-09-14,2026-09-21,2026-11-09,8,baseline_region_historical_rate,primary_simple_baseline,3.422238199660669,1.630250522654079,209921,2025,2025,,,baseline_region_historical_rate@sha256:dd1938fb6c1d1ca857d7b311203bd83930b11ddcd87bf2c7b9d8d7facdaeb05f,kme_data@sha256:340ffae552aaffe721317f98459ada4ff964dae2a086bf97e76d4980088eabe9,2026-08-30,sealed_without_pipeline_access_to_2026_KME_outcomes
09,GORENJSKA STATISTIČNA REGIJA,2026-09-14,2026-09-21,2026-11-09,8,glm_seasonal_region_offset,frozen_selected_model,1.6689027629078306,0.7950146783351026,209921,2025,2025,,,glm_seasonal_region_offset@sha256:1263c02735ca074e9c0e087ea0f9b7c81eff390a3df5e4d0639669fa497d8f70,kme_data@sha256:340ffae552aaffe721317f98459ada4ff964dae2a086bf97e76d4980088eabe9,2026-08-30,sealed_without_pipeline_access_to_2026_KME_outcomes
10,PRIMORSKO-NOTRANJSKA STATISTIČNA REGIJA,2026-09-14,2026-09-21,2026-11-09,8,baseline_region_historical_rate,primary_simple_baseline,1.2394879903359548,2.302768160992745,53826,2025,2025,,,baseline_region_historical_rate@sha256:dd1938fb6c1d1ca857d7b311203bd83930b11ddcd87bf2c7b9d8d7facdaeb05f,kme_data@sha256:340ffae552aaffe721317f98459ada4ff964dae2a086bf97e76d4980088eabe9,2026-08-30,sealed_without_pipeline_access_to_2026_KME_outcomes
10,PRIMORSKO-NOTRANJSKA STATISTIČNA REGIJA,2026-09-14,2026-09-21,2026-11-09,8,glm_seasonal_region_offset,frozen_selected_model,0.6043645182937946,1.1228115005644013,53826,2025,2025,,,glm_seasonal_region_offset@sha256:1263c02735ca074e9c0e087ea0f9b7c81eff390a3df5e4d0639669fa497d8f70,kme_data@sha256:340ffae552aaffe721317f98459ada4ff964dae2a086bf97e76d4980088eabe9,2026-08-30,sealed_without_pipeline_access_to_2026_KME_outcomes
11,GORIŠKA STATISTIČNA REGIJA,2026-09-14,2026-09-21,2026-11-09,8,baseline_region_historical_rate,primary_simple_baseline,0.7313576288084981,0.6192907709054482,118096,2025,2025,,,baseline_region_historical_rate@sha256:dd1938fb6c1d1ca857d7b311203bd83930b11ddcd87bf2c7b9d8d7facdaeb05f,kme_data@sha256:340ffae552aaffe721317f98459ada4ff964dae2a086bf97e76d4980088eabe9,2026-08-30,sealed_without_pipeline_access_to_2026_KME_outcomes
11,GORIŠKA STATISTIČNA REGIJA,2026-09-14,2026-09-21,2026-11-09,8,glm_seasonal_region_offset,frozen_selected_model,0.35666199133701154,0.302010221630717,118096,2025,2025,,,glm_seasonal_region_offset@sha256:1263c02735ca074e9c0e087ea0f9b7c81eff390a3df5e4d0639669fa497d8f70,kme_data@sha256:340ffae552aaffe721317f98459ada4ff964dae2a086bf97e76d4980088eabe9,2026-08-30,sealed_without_pipeline_access_to_2026_KME_outcomes
12,OBALNO-KRAŠKA STATISTIČNA REGIJA,2026-09-14,2026-09-21,2026-11-09,8,baseline_region_historical_rate,primary_simple_baseline,0.12877006061375834,0.10764297408925941,119627,2025,2025,,,baseline_region_historical_rate@sha256:dd1938fb6c1d1ca857d7b311203bd83930b11ddcd87bf2c7b9d8d7facdaeb05f,kme_data@sha256:340ffae552aaffe721317f98459ada4ff964dae2a086bf97e76d4980088eabe9,2026-08-30,sealed_without_pipeline_access_to_2026_KME_outcomes
12,OBALNO-KRAŠKA STATISTIČNA REGIJA,2026-09-14,2026-09-21,2026-11-09,8,glm_seasonal_region_offset,frozen_selected_model,0.06332200656232262,0.052932871811817245,119627,2025,2025,,,glm_seasonal_region_offset@sha256:1263c02735ca074e9c0e087ea0f9b7c81eff390a3df5e4d0639669fa497d8f70,kme_data@sha256:340ffae552aaffe721317f98459ada4ff964dae2a086bf97e76d4980088eabe9,2026-08-30,sealed_without_pipeline_access_to_2026_KME_outcomes
01,POMURSKA STATISTIČNA REGIJA,2026-09-21,2026-09-28,2026-11-16,8,baseline_region_historical_rate,primary_simple_baseline,0.550110426643909,0.4860835070900125,113172,2025,2025,,,baseline_region_historical_rate@sha256:dd1938fb6c1d1ca857d7b311203bd83930b11ddcd87bf2c7b9d8d7facdaeb05f,kme_data@sha256:340ffae552aaffe721317f98459ada4ff964dae2a086bf97e76d4980088eabe9,2026-08-30,sealed_without_pipeline_access_to_2026_KME_outcomes
01,POMURSKA STATISTIČNA REGIJA,2026-09-21,2026-09-28,2026-11-16,8,glm_seasonal_region_offset,frozen_selected_model,0.22243387456688918,0.19654497098830911,113172,2025,2025,,,glm_seasonal_region_offset@sha256:1263c02735ca074e9c0e087ea0f9b7c81eff390a3df5e4d0639669fa497d8f70,kme_data@sha256:340ffae552aaffe721317f98459ada4ff964dae2a086bf97e76d4980088eabe9,2026-08-30,sealed_without_pipeline_access_to_2026_KME_outcomes
02,PODRAVSKA STATISTIČNA REGIJA,2026-09-21,2026-09-28,2026-11-16,8,baseline_region_historical_rate,primary_simple_baseline,1.5499050183088243,0.46709914208484377,331815,2025,2025,,,baseline_region_historical_rate@sha256:dd1938fb6c1d1ca857d7b311203bd83930b11ddcd87bf2c7b9d8d7facdaeb05f,kme_data@sha256:340ffae552aaffe721317f98459ada4ff964dae2a086bf97e76d4980088eabe9,2026-08-30,sealed_without_pipeline_access_to_2026_KME_outcomes
02,PODRAVSKA STATISTIČNA REGIJA,2026-09-21,2026-09-28,2026-11-16,8,glm_seasonal_region_offset,frozen_selected_model,0.6266081335745013,0.18884261819824338,331815,2025,2025,,,glm_seasonal_region_offset@sha256:1263c02735ca074e9c0e087ea0f9b7c81eff390a3df5e4d0639669fa497d8f70,kme_data@sha256:340ffae552aaffe721317f98459ada4ff964dae2a086bf97e76d4980088eabe9,2026-08-30,sealed_without_pipeline_access_to_2026_KME_outcomes
03,KOROŠKA STATISTIČNA REGIJA,2026-09-21,2026-09-28,2026-11-16,8,baseline_region_historical_rate,primary_simple_baseline,1.5242533951058044,2.166425133042162,70358,2025,2025,,,baseline_region_historical_rate@sha256:dd1938fb6c1d1ca857d7b311203bd83930b11ddcd87bf2c7b9d8d7facdaeb05f,kme_data@sha256:340ffae552aaffe721317f98459ada4ff964dae2a086bf97e76d4980088eabe9,2026-08-30,sealed_without_pipeline_access_to_2026_KME_outcomes
03,KOROŠKA STATISTIČNA REGIJA,2026-09-21,2026-09-28,2026-11-16,8,glm_seasonal_region_offset,frozen_selected_model,0.616309305294057,0.8759619450439994,70358,2025,2025,,,glm_seasonal_region_offset@sha256:1263c02735ca074e9c0e087ea0f9b7c81eff390a3df5e4d0639669fa497d8f70,kme_data@sha256:340ffae552aaffe721317f98459ada4ff964dae2a086bf97e76d4980088eabe9,2026-08-30,sealed_without_pipeline_access_to_2026_KME_outcomes
04,SAVINJSKA STATISTIČNA REGIJA,2026-09-21,2026-09-28,2026-11-16,8,baseline_region_historical_rate,primary_simple_baseline,1.144303626330837,0.4354043644291541,262814,2025,2025,,,baseline_region_historical_rate@sha256:dd1938fb6c1d1ca857d7b311203bd83930b11ddcd87bf2c7b9d8d7facdaeb05f,kme_data@sha256:340ffae552aaffe721317f98459ada4ff964dae2a086bf97e76d4980088eabe9,2026-08-30,sealed_without_pipeline_access_to_2026_KME_outcomes
04,SAVINJSKA STATISTIČNA REGIJA,2026-09-21,2026-09-28,2026-11-16,8,glm_seasonal_region_offset,frozen_selected_model,0.46262985678464563,0.17602938077295943,262814,2025,2025,,,glm_seasonal_region_offset@sha256:1263c02735ca074e9c0e087ea0f9b7c81eff390a3df5e4d0639669fa497d8f70,kme_data@sha256:340ffae552aaffe721317f98459ada4ff964dae2a086bf97e76d4980088eabe9,2026-08-30,sealed_without_pipeline_access_to_2026_KME_outcomes
05,ZASAVSKA STATISTIČNA REGIJA,2026-09-21,2026-09-28,2026-11-16,8,baseline_region_historical_rate,primary_simple_baseline,0.1839970152643808,0.32233241992253525,57083,2025,2025,,,baseline_region_historical_rate@sha256:dd1938fb6c1d1ca857d7b311203bd83930b11ddcd87bf2c7b9d8d7facdaeb05f,kme_data@sha256:340ffae552aaffe721317f98459ada4ff964dae2a086bf97e76d4980088eabe9,2026-08-30,sealed_without_pipeline_access_to_2026_KME_outcomes
05,ZASAVSKA STATISTIČNA REGIJA,2026-09-21,2026-09-28,2026-11-16,8,glm_seasonal_region_offset,frozen_selected_model,0.07439005715089113,0.13031910928103135,57083,2025,2025,,,glm_seasonal_region_offset@sha256:1263c02735ca074e9c0e087ea0f9b7c81eff390a3df5e4d0639669fa497d8f70,kme_data@sha256:340ffae552aaffe721317f98459ada4ff964dae2a086bf97e76d4980088eabe9,2026-08-30,sealed_without_pipeline_access_to_2026_KME_outcomes
06,POSAVSKA STATISTIČNA REGIJA,2026-09-21,2026-09-28,2026-11-16,8,baseline_region_historical_rate,primary_simple_baseline,0.10070835543631036,0.13252320007936305,75993,2025,2025,,,baseline_region_historical_rate@sha256:dd1938fb6c1d1ca857d7b311203bd83930b11ddcd87bf2c7b9d8d7facdaeb05f,kme_data@sha256:340ffae552aaffe721317f98459ada4ff964dae2a086bf97e76d4980088eabe9,2026-08-30,sealed_without_pipeline_access_to_2026_KME_outcomes
06,POSAVSKA STATISTIČNA REGIJA,2026-09-21,2026-09-28,2026-11-16,8,glm_seasonal_region_offset,frozen_selected_model,0.040719768471575296,0.05358357805531469,75993,2025,2025,,,glm_seasonal_region_offset@sha256:1263c02735ca074e9c0e087ea0f9b7c81eff390a3df5e4d0639669fa497d8f70,kme_data@sha256:340ffae552aaffe721317f98459ada4ff964dae2a086bf97e76d4980088eabe9,2026-08-30,sealed_without_pipeline_access_to_2026_KME_outcomes
07,JUGOVZHODNA SLOVENIJA,2026-09-21,2026-09-28,2026-11-16,8,baseline_region_historical_rate,primary_simple_baseline,1.0771151173102371,0.7245006506425218,148670,2025,2025,,,baseline_region_historical_rate@sha256:dd1938fb6c1d1ca857d7b311203bd83930b11ddcd87bf2c7b9d8d7facdaeb05f,kme_data@sha256:340ffae552aaffe721317f98459ada4ff964dae2a086bf97e76d4980088eabe9,2026-08-30,sealed_without_pipeline_access_to_2026_KME_outcomes
07,JUGOVZHODNA SLOVENIJA,2026-09-21,2026-09-28,2026-11-16,8,glm_seasonal_region_offset,frozen_selected_model,0.4354598321000446,0.2929036336181103,148670,2025,2025,,,glm_seasonal_region_offset@sha256:1263c02735ca074e9c0e087ea0f9b7c81eff390a3df5e4d0639669fa497d8f70,kme_data@sha256:340ffae552aaffe721317f98459ada4ff964dae2a086bf97e76d4980088eabe9,2026-08-30,sealed_without_pipeline_access_to_2026_KME_outcomes
08,OSREDNJESLOVENSKA STATISTIČNA REGIJA,2026-09-21,2026-09-28,2026-11-16,8,baseline_region_historical_rate,primary_simple_baseline,4.7241152797641215,0.8295562192833964,569475,2025,2025,,,baseline_region_historical_rate@sha256:dd1938fb6c1d1ca857d7b311203bd83930b11ddcd87bf2c7b9d8d7facdaeb05f,kme_data@sha256:340ffae552aaffe721317f98459ada4ff964dae2a086bf97e76d4980088eabe9,2026-08-30,sealed_without_pipeline_access_to_2026_KME_outcomes
08,OSREDNJESLOVENSKA STATISTIČNA REGIJA,2026-09-21,2026-09-28,2026-11-16,8,glm_seasonal_region_offset,frozen_selected_model,1.9099556655855552,0.3353888521156425,569475,2025,2025,,,glm_seasonal_region_offset@sha256:1263c02735ca074e9c0e087ea0f9b7c81eff390a3df5e4d0639669fa497d8f70,kme_data@sha256:340ffae552aaffe721317f98459ada4ff964dae2a086bf97e76d4980088eabe9,2026-08-30,sealed_without_pipeline_access_to_2026_KME_outcomes
09,GORENJSKA STATISTIČNA REGIJA,2026-09-21,2026-09-28,2026-11-16,8,baseline_region_historical_rate,primary_simple_baseline,3.422238199660669,1.630250522654079,209921,2025,2025,,,baseline_region_historical_rate@sha256:dd1938fb6c1d1ca857d7b311203bd83930b11ddcd87bf2c7b9d8d7facdaeb05f,kme_data@sha256:340ffae552aaffe721317f98459ada4ff964dae2a086bf97e76d4980088eabe9,2026-08-30,sealed_without_pipeline_access_to_2026_KME_outcomes
09,GORENJSKA STATISTIČNA REGIJA,2026-09-21,2026-09-28,2026-11-16,8,glm_seasonal_region_offset,frozen_selected_model,1.3837060548827718,0.659155613246303,209921,2025,2025,,,glm_seasonal_region_offset@sha256:1263c02735ca074e9c0e087ea0f9b7c81eff390a3df5e4d0639669fa497d8f70,kme_data@sha256:340ffae552aaffe721317f98459ada4ff964dae2a086bf97e76d4980088eabe9,2026-08-30,sealed_without_pipeline_access_to_2026_KME_outcomes
10,PRIMORSKO-NOTRANJSKA STATISTIČNA REGIJA,2026-09-21,2026-09-28,2026-11-16,8,baseline_region_historical_rate,primary_simple_baseline,1.2394879903359548,2.302768160992745,53826,2025,2025,,,baseline_region_historical_rate@sha256:dd1938fb6c1d1ca857d7b311203bd83930b11ddcd87bf2c7b9d8d7facdaeb05f,kme_data@sha256:340ffae552aaffe721317f98459ada4ff964dae2a086bf97e76d4980088eabe9,2026-08-30,sealed_without_pipeline_access_to_2026_KME_outcomes
10,PRIMORSKO-NOTRANJSKA STATISTIČNA REGIJA,2026-09-21,2026-09-28,2026-11-16,8,glm_seasonal_region_offset,frozen_selected_model,0.501085420856013,0.9309356460744121,53826,2025,2025,,,glm_seasonal_region_offset@sha256:1263c02735ca074e9c0e087ea0f9b7c81eff390a3df5e4d0639669fa497d8f70,kme_data@sha256:340ffae552aaffe721317f98459ada4ff964dae2a086bf97e76d4980088eabe9,2026-08-30,sealed_without_pipeline_access_to_2026_KME_outcomes
11,GORIŠKA STATISTIČNA REGIJA,2026-09-21,2026-09-28,2026-11-16,8,baseline_region_historical_rate,primary_simple_baseline,0.7313576288084981,0.6192907709054482,118096,2025,2025,,,baseline_region_historical_rate@sha256:dd1938fb6c1d1ca857d7b311203bd83930b11ddcd87bf2c7b9d8d7facdaeb05f,kme_data@sha256:340ffae552aaffe721317f98459ada4ff964dae2a086bf97e76d4980088eabe9,2026-08-30,sealed_without_pipeline_access_to_2026_KME_outcomes
11,GORIŠKA STATISTIČNA REGIJA,2026-09-21,2026-09-28,2026-11-16,8,glm_seasonal_region_offset,frozen_selected_model,0.2957124692511671,0.25040007218802257,118096,2025,2025,,,glm_seasonal_region_offset@sha256:1263c02735ca074e9c0e087ea0f9b7c81eff390a3df5e4d0639669fa497d8f70,kme_data@sha256:340ffae552aaffe721317f98459ada4ff964dae2a086bf97e76d4980088eabe9,2026-08-30,sealed_without_pipeline_access_to_2026_KME_outcomes
12,OBALNO-KRAŠKA STATISTIČNA REGIJA,2026-09-21,2026-09-28,2026-11-16,8,baseline_region_historical_rate,primary_simple_baseline,0.12877006061375834,0.10764297408925941,119627,2025,2025,,,baseline_region_historical_rate@sha256:dd1938fb6c1d1ca857d7b311203bd83930b11ddcd87bf2c7b9d8d7facdaeb05f,kme_data@sha256:340ffae552aaffe721317f98459ada4ff964dae2a086bf97e76d4980088eabe9,2026-08-30,sealed_without_pipeline_access_to_2026_KME_outcomes
12,OBALNO-KRAŠKA STATISTIČNA REGIJA,2026-09-21,2026-09-28,2026-11-16,8,glm_seasonal_region_offset,frozen_selected_model,0.05250098797544587,0.04388723948226226,119627,2025,2025,,,glm_seasonal_region_offset@sha256:1263c02735ca074e9c0e087ea0f9b7c81eff390a3df5e4d0639669fa497d8f70,kme_data@sha256:340ffae552aaffe721317f98459ada4ff964dae2a086bf97e76d4980088eabe9,2026-08-30,sealed_without_pipeline_access_to_2026_KME_outcomes
01,POMURSKA STATISTIČNA REGIJA,2026-09-28,2026-10-05,2026-11-23,8,baseline_region_historical_rate,primary_simple_baseline,0.550110426643909,0.4860835070900125,113172,2025,2025,,,baseline_region_historical_rate@sha256:dd1938fb6c1d1ca857d7b311203bd83930b11ddcd87bf2c7b9d8d7facdaeb05f,kme_data@sha256:340ffae552aaffe721317f98459ada4ff964dae2a086bf97e76d4980088eabe9,2026-08-30,sealed_without_pipeline_access_to_2026_KME_outcomes
01,POMURSKA STATISTIČNA REGIJA,2026-09-28,2026-10-05,2026-11-23,8,glm_seasonal_region_offset,frozen_selected_model,0.18532756471880737,0.1637574353363088,113172,2025,2025,,,glm_seasonal_region_offset@sha256:1263c02735ca074e9c0e087ea0f9b7c81eff390a3df5e4d0639669fa497d8f70,kme_data@sha256:340ffae552aaffe721317f98459ada4ff964dae2a086bf97e76d4980088eabe9,2026-08-30,sealed_without_pipeline_access_to_2026_KME_outcomes
02,PODRAVSKA STATISTIČNA REGIJA,2026-09-28,2026-10-05,2026-11-23,8,baseline_region_historical_rate,primary_simple_baseline,1.5499050183088243,0.46709914208484377,331815,2025,2025,,,baseline_region_historical_rate@sha256:dd1938fb6c1d1ca857d7b311203bd83930b11ddcd87bf2c7b9d8d7facdaeb05f,kme_data@sha256:340ffae552aaffe721317f98459ada4ff964dae2a086bf97e76d4980088eabe9,2026-08-30,sealed_without_pipeline_access_to_2026_KME_outcomes
02,PODRAVSKA STATISTIČNA REGIJA,2026-09-28,2026-10-05,2026-11-23,8,glm_seasonal_region_offset,frozen_selected_model,0.5220776720923328,0.1573399852605617,331815,2025,2025,,,glm_seasonal_region_offset@sha256:1263c02735ca074e9c0e087ea0f9b7c81eff390a3df5e4d0639669fa497d8f70,kme_data@sha256:340ffae552aaffe721317f98459ada4ff964dae2a086bf97e76d4980088eabe9,2026-08-30,sealed_without_pipeline_access_to_2026_KME_outcomes
03,KOROŠKA STATISTIČNA REGIJA,2026-09-28,2026-10-05,2026-11-23,8,baseline_region_historical_rate,primary_simple_baseline,1.5242533951058044,2.166425133042162,70358,2025,2025,,,baseline_region_historical_rate@sha256:dd1938fb6c1d1ca857d7b311203bd83930b11ddcd87bf2c7b9d8d7facdaeb05f,kme_data@sha256:340ffae552aaffe721317f98459ada4ff964dae2a086bf97e76d4980088eabe9,2026-08-30,sealed_without_pipeline_access_to_2026_KME_outcomes
03,KOROŠKA STATISTIČNA REGIJA,2026-09-28,2026-10-05,2026-11-23,8,glm_seasonal_region_offset,frozen_selected_model,0.5134968892939018,0.7298344030442904,70358,2025,2025,,,glm_seasonal_region_offset@sha256:1263c02735ca074e9c0e087ea0f9b7c81eff390a3df5e4d0639669fa497d8f70,kme_data@sha256:340ffae552aaffe721317f98459ada4ff964dae2a086bf97e76d4980088eabe9,2026-08-30,sealed_without_pipeline_access_to_2026_KME_outcomes
04,SAVINJSKA STATISTIČNA REGIJA,2026-09-28,2026-10-05,2026-11-23,8,baseline_region_historical_rate,primary_simple_baseline,1.144303626330837,0.4354043644291541,262814,2025,2025,,,baseline_region_historical_rate@sha256:dd1938fb6c1d1ca857d7b311203bd83930b11ddcd87bf2c7b9d8d7facdaeb05f,kme_data@sha256:340ffae552aaffe721317f98459ada4ff964dae2a086bf97e76d4980088eabe9,2026-08-30,sealed_without_pipeline_access_to_2026_KME_outcomes
04,SAVINJSKA STATISTIČNA REGIJA,2026-09-28,2026-10-05,2026-11-23,8,glm_seasonal_region_offset,frozen_selected_model,0.38545417100274565,0.14666424581747764,262814,2025,2025,,,glm_seasonal_region_offset@sha256:1263c02735ca074e9c0e087ea0f9b7c81eff390a3df5e4d0639669fa497d8f70,kme_data@sha256:340ffae552aaffe721317f98459ada4ff964dae2a086bf97e76d4980088eabe9,2026-08-30,sealed_without_pipeline_access_to_2026_KME_outcomes
05,ZASAVSKA STATISTIČNA REGIJA,2026-09-28,2026-10-05,2026-11-23,8,baseline_region_historical_rate,primary_simple_baseline,0.1839970152643808,0.32233241992253525,57083,2025,2025,,,baseline_region_historical_rate@sha256:dd1938fb6c1d1ca857d7b311203bd83930b11ddcd87bf2c7b9d8d7facdaeb05f,kme_data@sha256:340ffae552aaffe721317f98459ada4ff964dae2a086bf97e76d4980088eabe9,2026-08-30,sealed_without_pipeline_access_to_2026_KME_outcomes
05,ZASAVSKA STATISTIČNA REGIJA,2026-09-28,2026-10-05,2026-11-23,8,glm_seasonal_region_offset,frozen_selected_model,0.06198034430642323,0.10857933939425612,57083,2025,2025,,,glm_seasonal_region_offset@sha256:1263c02735ca074e9c0e087ea0f9b7c81eff390a3df5e4d0639669fa497d8f70,kme_data@sha256:340ffae552aaffe721317f98459ada4ff964dae2a086bf97e76d4980088eabe9,2026-08-30,sealed_without_pipeline_access_to_2026_KME_outcomes
06,POSAVSKA STATISTIČNA REGIJA,2026-09-28,2026-10-05,2026-11-23,8,baseline_region_historical_rate,primary_simple_baseline,0.10070835543631036,0.13252320007936305,75993,2025,2025,,,baseline_region_historical_rate@sha256:dd1938fb6c1d1ca857d7b311203bd83930b11ddcd87bf2c7b9d8d7facdaeb05f,kme_data@sha256:340ffae552aaffe721317f98459ada4ff964dae2a086bf97e76d4980088eabe9,2026-08-30,sealed_without_pipeline_access_to_2026_KME_outcomes
06,POSAVSKA STATISTIČNA REGIJA,2026-09-28,2026-10-05,2026-11-23,8,glm_seasonal_region_offset,frozen_selected_model,0.03392691666880702,0.044644791847679416,75993,2025,2025,,,glm_seasonal_region_offset@sha256:1263c02735ca074e9c0e087ea0f9b7c81eff390a3df5e4d0639669fa497d8f70,kme_data@sha256:340ffae552aaffe721317f98459ada4ff964dae2a086bf97e76d4980088eabe9,2026-08-30,sealed_without_pipeline_access_to_2026_KME_outcomes
07,JUGOVZHODNA SLOVENIJA,2026-09-28,2026-10-05,2026-11-23,8,baseline_region_historical_rate,primary_simple_baseline,1.0771151173102371,0.7245006506425218,148670,2025,2025,,,baseline_region_historical_rate@sha256:dd1938fb6c1d1ca857d7b311203bd83930b11ddcd87bf2c7b9d8d7facdaeb05f,kme_data@sha256:340ffae552aaffe721317f98459ada4ff964dae2a086bf97e76d4980088eabe9,2026-08-30,sealed_without_pipeline_access_to_2026_KME_outcomes
07,JUGOVZHODNA SLOVENIJA,2026-09-28,2026-10-05,2026-11-23,8,glm_seasonal_region_offset,frozen_selected_model,0.3628166365087234,0.24404159313158233,148670,2025,2025,,,glm_seasonal_region_offset@sha256:1263c02735ca074e9c0e087ea0f9b7c81eff390a3df5e4d0639669fa497d8f70,kme_data@sha256:340ffae552aaffe721317f98459ada4ff964dae2a086bf97e76d4980088eabe9,2026-08-30,sealed_without_pipeline_access_to_2026_KME_outcomes
08,OSREDNJESLOVENSKA STATISTIČNA REGIJA,2026-09-28,2026-10-05,2026-11-23,8,baseline_region_historical_rate,primary_simple_baseline,4.7241152797641215,0.8295562192833964,569475,2025,2025,,,baseline_region_historical_rate@sha256:dd1938fb6c1d1ca857d7b311203bd83930b11ddcd87bf2c7b9d8d7facdaeb05f,kme_data@sha256:340ffae552aaffe721317f98459ada4ff964dae2a086bf97e76d4980088eabe9,2026-08-30,sealed_without_pipeline_access_to_2026_KME_outcomes
08,OSREDNJESLOVENSKA STATISTIČNA REGIJA,2026-09-28,2026-10-05,2026-11-23,8,glm_seasonal_region_offset,frozen_selected_model,1.5913377983146013,0.2794394483189958,569475,2025,2025,,,glm_seasonal_region_offset@sha256:1263c02735ca074e9c0e087ea0f9b7c81eff390a3df5e4d0639669fa497d8f70,kme_data@sha256:340ffae552aaffe721317f98459ada4ff964dae2a086bf97e76d4980088eabe9,2026-08-30,sealed_without_pipeline_access_to_2026_KME_outcomes
09,GORENJSKA STATISTIČNA REGIJA,2026-09-28,2026-10-05,2026-11-23,8,baseline_region_historical_rate,primary_simple_baseline,3.422238199660669,1.630250522654079,209921,2025,2025,,,baseline_region_historical_rate@sha256:dd1938fb6c1d1ca857d7b311203bd83930b11ddcd87bf2c7b9d8d7facdaeb05f,kme_data@sha256:340ffae552aaffe721317f98459ada4ff964dae2a086bf97e76d4980088eabe9,2026-08-30,sealed_without_pipeline_access_to_2026_KME_outcomes
09,GORENJSKA STATISTIČNA REGIJA,2026-09-28,2026-10-05,2026-11-23,8,glm_seasonal_region_offset,frozen_selected_model,1.1528768895358943,0.5491955971703137,209921,2025,2025,,,glm_seasonal_region_offset@sha256:1263c02735ca074e9c0e087ea0f9b7c81eff390a3df5e4d0639669fa497d8f70,kme_data@sha256:340ffae552aaffe721317f98459ada4ff964dae2a086bf97e76d4980088eabe9,2026-08-30,sealed_without_pipeline_access_to_2026_KME_outcomes
10,PRIMORSKO-NOTRANJSKA STATISTIČNA REGIJA,2026-09-28,2026-10-05,2026-11-23,8,baseline_region_historical_rate,primary_simple_baseline,1.2394879903359548,2.302768160992745,53826,2025,2025,,,baseline_region_historical_rate@sha256:dd1938fb6c1d1ca857d7b311203bd83930b11ddcd87bf2c7b9d8d7facdaeb05f,kme_data@sha256:340ffae552aaffe721317f98459ada4ff964dae2a086bf97e76d4980088eabe9,2026-08-30,sealed_without_pipeline_access_to_2026_KME_outcomes
10,PRIMORSKO-NOTRANJSKA STATISTIČNA REGIJA,2026-09-28,2026-10-05,2026-11-23,8,glm_seasonal_region_offset,frozen_selected_model,0.4174945967387611,0.7756374182342383,53826,2025,2025,,,glm_seasonal_region_offset@sha256:1263c02735ca074e9c0e087ea0f9b7c81eff390a3df5e4d0639669fa497d8f70,kme_data@sha256:340ffae552aaffe721317f98459ada4ff964dae2a086bf97e76d4980088eabe9,2026-08-30,sealed_without_pipeline_access_to_2026_KME_outcomes
11,GORIŠKA STATISTIČNA REGIJA,2026-09-28,2026-10-05,2026-11-23,8,baseline_region_historical_rate,primary_simple_baseline,0.7313576288084981,0.6192907709054482,118096,2025,2025,,,baseline_region_historical_rate@sha256:dd1938fb6c1d1ca857d7b311203bd83930b11ddcd87bf2c7b9d8d7facdaeb05f,kme_data@sha256:340ffae552aaffe721317f98459ada4ff964dae2a086bf97e76d4980088eabe9,2026-08-30,sealed_without_pipeline_access_to_2026_KME_outcomes
11,GORIŠKA STATISTIČNA REGIJA,2026-09-28,2026-10-05,2026-11-23,8,glm_seasonal_region_offset,frozen_selected_model,0.2463818601821087,0.20862845497062452,118096,2025,2025,,,glm_seasonal_region_offset@sha256:1263c02735ca074e9c0e087ea0f9b7c81eff390a3df5e4d0639669fa497d8f70,kme_data@sha256:340ffae552aaffe721317f98459ada4ff964dae2a086bf97e76d4980088eabe9,2026-08-30,sealed_without_pipeline_access_to_2026_KME_outcomes
12,OBALNO-KRAŠKA STATISTIČNA REGIJA,2026-09-28,2026-10-05,2026-11-23,8,baseline_region_historical_rate,primary_simple_baseline,0.12877006061375834,0.10764297408925941,119627,2025,2025,,,baseline_region_historical_rate@sha256:dd1938fb6c1d1ca857d7b311203bd83930b11ddcd87bf2c7b9d8d7facdaeb05f,kme_data@sha256:340ffae552aaffe721317f98459ada4ff964dae2a086bf97e76d4980088eabe9,2026-08-30,sealed_without_pipeline_access_to_2026_KME_outcomes
12,OBALNO-KRAŠKA STATISTIČNA REGIJA,2026-09-28,2026-10-05,2026-11-23,8,glm_seasonal_region_offset,frozen_selected_model,0.04374279891390757,0.036565991719183434,119627,2025,2025,,,glm_seasonal_region_offset@sha256:1263c02735ca074e9c0e087ea0f9b7c81eff390a3df5e4d0639669fa497d8f70,kme_data@sha256:340ffae552aaffe721317f98459ada4ff964dae2a086bf97e76d4980088eabe9,2026-08-30,sealed_without_pipeline_access_to_2026_KME_outcomes
01,POMURSKA STATISTIČNA REGIJA,2026-10-05,2026-10-12,2026-11-30,8,baseline_region_historical_rate,primary_simple_baseline,0.550110426643909,0.4860835070900125,113172,2025,2025,,,baseline_region_historical_rate@sha256:dd1938fb6c1d1ca857d7b311203bd83930b11ddcd87bf2c7b9d8d7facdaeb05f,kme_data@sha256:340ffae552aaffe721317f98459ada4ff964dae2a086bf97e76d4980088eabe9,2026-08-30,sealed_without_pipeline_access_to_2026_KME_outcomes
01,POMURSKA STATISTIČNA REGIJA,2026-10-05,2026-10-12,2026-11-30,8,glm_seasonal_region_offset,frozen_selected_model,0.1555803990707897,0.1374725188834603,113172,2025,2025,,,glm_seasonal_region_offset@sha256:1263c02735ca074e9c0e087ea0f9b7c81eff390a3df5e4d0639669fa497d8f70,kme_data@sha256:340ffae552aaffe721317f98459ada4ff964dae2a086bf97e76d4980088eabe9,2026-08-30,sealed_without_pipeline_access_to_2026_KME_outcomes
02,PODRAVSKA STATISTIČNA REGIJA,2026-10-05,2026-10-12,2026-11-30,8,baseline_region_historical_rate,primary_simple_baseline,1.5499050183088243,0.46709914208484377,331815,2025,2025,,,baseline_region_historical_rate@sha256:dd1938fb6c1d1ca857d7b311203bd83930b11ddcd87bf2c7b9d8d7facdaeb05f,kme_data@sha256:340ffae552aaffe721317f98459ada4ff964dae2a086bf97e76d4980088eabe9,2026-08-30,sealed_without_pipeline_access_to_2026_KME_outcomes
02,PODRAVSKA STATISTIČNA REGIJA,2026-10-05,2026-10-12,2026-11-30,8,glm_seasonal_region_offset,frozen_selected_model,0.43827831382403726,0.13208514196887944,331815,2025,2025,,,glm_seasonal_region_offset@sha256:1263c02735ca074e9c0e087ea0f9b7c81eff390a3df5e4d0639669fa497d8f70,kme_data@sha256:340ffae552aaffe721317f98459ada4ff964dae2a086bf97e76d4980088eabe9,2026-08-30,sealed_without_pipeline_access_to_2026_KME_outcomes
03,KOROŠKA STATISTIČNA REGIJA,2026-10-05,2026-10-12,2026-11-30,8,baseline_region_historical_rate,primary_simple_baseline,1.5242533951058044,2.166425133042162,70358,2025,2025,,,baseline_region_historical_rate@sha256:dd1938fb6c1d1ca857d7b311203bd83930b11ddcd87bf2c7b9d8d7facdaeb05f,kme_data@sha256:340ffae552aaffe721317f98459ada4ff964dae2a086bf97e76d4980088eabe9,2026-08-30,sealed_without_pipeline_access_to_2026_KME_outcomes
03,KOROŠKA STATISTIČNA REGIJA,2026-10-05,2026-10-12,2026-11-30,8,glm_seasonal_region_offset,frozen_selected_model,0.4310748435030128,0.6126877448236345,70358,2025,2025,,,glm_seasonal_region_offset@sha256:1263c02735ca074e9c0e087ea0f9b7c81eff390a3df5e4d0639669fa497d8f70,kme_data@sha256:340ffae552aaffe721317f98459ada4ff964dae2a086bf97e76d4980088eabe9,2026-08-30,sealed_without_pipeline_access_to_2026_KME_outcomes
04,SAVINJSKA STATISTIČNA REGIJA,2026-10-05,2026-10-12,2026-11-30,8,baseline_region_historical_rate,primary_simple_baseline,1.144303626330837,0.4354043644291541,262814,2025,2025,,,baseline_region_historical_rate@sha256:dd1938fb6c1d1ca857d7b311203bd83930b11ddcd87bf2c7b9d8d7facdaeb05f,kme_data@sha256:340ffae552aaffe721317f98459ada4ff964dae2a086bf97e76d4980088eabe9,2026-08-30,sealed_without_pipeline_access_to_2026_KME_outcomes
04,SAVINJSKA STATISTIČNA REGIJA,2026-10-05,2026-10-12,2026-11-30,8,glm_seasonal_region_offset,frozen_selected_model,0.3235844265212093,0.12312297918726144,262814,2025,2025,,,glm_seasonal_region_offset@sha256:1263c02735ca074e9c0e087ea0f9b7c81eff390a3df5e4d0639669fa497d8f70,kme_data@sha256:340ffae552aaffe721317f98459ada4ff964dae2a086bf97e76d4980088eabe9,2026-08-30,sealed_without_pipeline_access_to_2026_KME_outcomes
05,ZASAVSKA STATISTIČNA REGIJA,2026-10-05,2026-10-12,2026-11-30,8,baseline_region_historical_rate,primary_simple_baseline,0.1839970152643808,0.32233241992253525,57083,2025,2025,,,baseline_region_historical_rate@sha256:dd1938fb6c1d1ca857d7b311203bd83930b11ddcd87bf2c7b9d8d7facdaeb05f,kme_data@sha256:340ffae552aaffe721317f98459ada4ff964dae2a086bf97e76d4980088eabe9,2026-08-30,sealed_without_pipeline_access_to_2026_KME_outcomes
05,ZASAVSKA STATISTIČNA REGIJA,2026-10-05,2026-10-12,2026-11-30,8,glm_seasonal_region_offset,frozen_selected_model,0.05203179956726477,0.09115113005144224,57083,2025,2025,,,glm_seasonal_region_offset@sha256:1263c02735ca074e9c0e087ea0f9b7c81eff390a3df5e4d0639669fa497d8f70,kme_data@sha256:340ffae552aaffe721317f98459ada4ff964dae2a086bf97e76d4980088eabe9,2026-08-30,sealed_without_pipeline_access_to_2026_KME_outcomes
06,POSAVSKA STATISTIČNA REGIJA,2026-10-05,2026-10-12,2026-11-30,8,baseline_region_historical_rate,primary_simple_baseline,0.10070835543631036,0.13252320007936305,75993,2025,2025,,,baseline_region_historical_rate@sha256:dd1938fb6c1d1ca857d7b311203bd83930b11ddcd87bf2c7b9d8d7facdaeb05f,kme_data@sha256:340ffae552aaffe721317f98459ada4ff964dae2a086bf97e76d4980088eabe9,2026-08-30,sealed_without_pipeline_access_to_2026_KME_outcomes
06,POSAVSKA STATISTIČNA REGIJA,2026-10-05,2026-10-12,2026-11-30,8,glm_seasonal_region_offset,frozen_selected_model,0.02848126366190127,0.0374787989181915,75993,2025,2025,,,glm_seasonal_region_offset@sha256:1263c02735ca074e9c0e087ea0f9b7c81eff390a3df5e4d0639669fa497d8f70,kme_data@sha256:340ffae552aaffe721317f98459ada4ff964dae2a086bf97e76d4980088eabe9,2026-08-30,sealed_without_pipeline_access_to_2026_KME_outcomes
07,JUGOVZHODNA SLOVENIJA,2026-10-05,2026-10-12,2026-11-30,8,baseline_region_historical_rate,primary_simple_baseline,1.0771151173102371,0.7245006506425218,148670,2025,2025,,,baseline_region_historical_rate@sha256:dd1938fb6c1d1ca857d7b311203bd83930b11ddcd87bf2c7b9d8d7facdaeb05f,kme_data@sha256:340ffae552aaffe721317f98459ada4ff964dae2a086bf97e76d4980088eabe9,2026-08-30,sealed_without_pipeline_access_to_2026_KME_outcomes
07,JUGOVZHODNA SLOVENIJA,2026-10-05,2026-10-12,2026-11-30,8,glm_seasonal_region_offset,frozen_selected_model,0.3045804717889355,0.20487016330728156,148670,2025,2025,,,glm_seasonal_region_offset@sha256:1263c02735ca074e9c0e087ea0f9b7c81eff390a3df5e4d0639669fa497d8f70,kme_data@sha256:340ffae552aaffe721317f98459ada4ff964dae2a086bf97e76d4980088eabe9,2026-08-30,sealed_without_pipeline_access_to_2026_KME_outcomes
08,OSREDNJESLOVENSKA STATISTIČNA REGIJA,2026-10-05,2026-10-12,2026-11-30,8,baseline_region_historical_rate,primary_simple_baseline,4.7241152797641215,0.8295562192833964,569475,2025,2025,,,baseline_region_historical_rate@sha256:dd1938fb6c1d1ca857d7b311203bd83930b11ddcd87bf2c7b9d8d7facdaeb05f,kme_data@sha256:340ffae552aaffe721317f98459ada4ff964dae2a086bf97e76d4980088eabe9,2026-08-30,sealed_without_pipeline_access_to_2026_KME_outcomes
08,OSREDNJESLOVENSKA STATISTIČNA REGIJA,2026-10-05,2026-10-12,2026-11-30,8,glm_seasonal_region_offset,frozen_selected_model,1.3359101226731471,0.23458626325530485,569475,2025,2025,,,glm_seasonal_region_offset@sha256:1263c02735ca074e9c0e087ea0f9b7c81eff390a3df5e4d0639669fa497d8f70,kme_data@sha256:340ffae552aaffe721317f98459ada4ff964dae2a086bf97e76d4980088eabe9,2026-08-30,sealed_without_pipeline_access_to_2026_KME_outcomes
09,GORENJSKA STATISTIČNA REGIJA,2026-10-05,2026-10-12,2026-11-30,8,baseline_region_historical_rate,primary_simple_baseline,3.422238199660669,1.630250522654079,209921,2025,2025,,,baseline_region_historical_rate@sha256:dd1938fb6c1d1ca857d7b311203bd83930b11ddcd87bf2c7b9d8d7facdaeb05f,kme_data@sha256:340ffae552aaffe721317f98459ada4ff964dae2a086bf97e76d4980088eabe9,2026-08-30,sealed_without_pipeline_access_to_2026_KME_outcomes
09,GORENJSKA STATISTIČNA REGIJA,2026-10-05,2026-10-12,2026-11-30,8,glm_seasonal_region_offset,frozen_selected_model,0.9678271379955325,0.461043505888183,209921,2025,2025,,,glm_seasonal_region_offset@sha256:1263c02735ca074e9c0e087ea0f9b7c81eff390a3df5e4d0639669fa497d8f70,kme_data@sha256:340ffae552aaffe721317f98459ada4ff964dae2a086bf97e76d4980088eabe9,2026-08-30,sealed_without_pipeline_access_to_2026_KME_outcomes
10,PRIMORSKO-NOTRANJSKA STATISTIČNA REGIJA,2026-10-05,2026-10-12,2026-11-30,8,baseline_region_historical_rate,primary_simple_baseline,1.2394879903359548,2.302768160992745,53826,2025,2025,,,baseline_region_historical_rate@sha256:dd1938fb6c1d1ca857d7b311203bd83930b11ddcd87bf2c7b9d8d7facdaeb05f,kme_data@sha256:340ffae552aaffe721317f98459ada4ff964dae2a086bf97e76d4980088eabe9,2026-08-30,sealed_without_pipeline_access_to_2026_KME_outcomes
10,PRIMORSKO-NOTRANJSKA STATISTIČNA REGIJA,2026-10-05,2026-10-12,2026-11-30,8,glm_seasonal_region_offset,frozen_selected_model,0.350482002334989,0.6511388591665533,53826,2025,2025,,,glm_seasonal_region_offset@sha256:1263c02735ca074e9c0e087ea0f9b7c81eff390a3df5e4d0639669fa497d8f70,kme_data@sha256:340ffae552aaffe721317f98459ada4ff964dae2a086bf97e76d4980088eabe9,2026-08-30,sealed_without_pipeline_access_to_2026_KME_outcomes
11,GORIŠKA STATISTIČNA REGIJA,2026-10-05,2026-10-12,2026-11-30,8,baseline_region_historical_rate,primary_simple_baseline,0.7313576288084981,0.6192907709054482,118096,2025,2025,,,baseline_region_historical_rate@sha256:dd1938fb6c1d1ca857d7b311203bd83930b11ddcd87bf2c7b9d8d7facdaeb05f,kme_data@sha256:340ffae552aaffe721317f98459ada4ff964dae2a086bf97e76d4980088eabe9,2026-08-30,sealed_without_pipeline_access_to_2026_KME_outcomes
11,GORIŠKA STATISTIČNA REGIJA,2026-10-05,2026-10-12,2026-11-30,8,glm_seasonal_region_offset,frozen_selected_model,0.20683479108515998,0.1751412334754437,118096,2025,2025,,,glm_seasonal_region_offset@sha256:1263c02735ca074e9c0e087ea0f9b7c81eff390a3df5e4d0639669fa497d8f70,kme_data@sha256:340ffae552aaffe721317f98459ada4ff964dae2a086bf97e76d4980088eabe9,2026-08-30,sealed_without_pipeline_access_to_2026_KME_outcomes
12,OBALNO-KRAŠKA STATISTIČNA REGIJA,2026-10-05,2026-10-12,2026-11-30,8,baseline_region_historical_rate,primary_simple_baseline,0.12877006061375834,0.10764297408925941,119627,2025,2025,,,baseline_region_historical_rate@sha256:dd1938fb6c1d1ca857d7b311203bd83930b11ddcd87bf2c7b9d8d7facdaeb05f,kme_data@sha256:340ffae552aaffe721317f98459ada4ff964dae2a086bf97e76d4980088eabe9,2026-08-30,sealed_without_pipeline_access_to_2026_KME_outcomes
12,OBALNO-KRAŠKA STATISTIČNA REGIJA,2026-10-05,2026-10-12,2026-11-30,8,glm_seasonal_region_offset,frozen_selected_model,0.03672158602971385,0.030696737383461806,119627,2025,2025,,,glm_seasonal_region_offset@sha256:1263c02735ca074e9c0e087ea0f9b7c81eff390a3df5e4d0639669fa497d8f70,kme_data@sha256:340ffae552aaffe721317f98459ada4ff964dae2a086bf97e76d4980088eabe9,2026-08-30,sealed_without_pipeline_access_to_2026_KME_outcomes
01,POMURSKA STATISTIČNA REGIJA,2026-10-12,2026-10-19,2026-12-07,8,baseline_region_historical_rate,primary_simple_baseline,0.550110426643909,0.4860835070900125,113172,2025,2025,,,baseline_region_historical_rate@sha256:dd1938fb6c1d1ca857d7b311203bd83930b11ddcd87bf2c7b9d8d7facdaeb05f,kme_data@sha256:340ffae552aaffe721317f98459ada4ff964dae2a086bf97e76d4980088eabe9,2026-08-30,sealed_without_pipeline_access_to_2026_KME_outcomes
01,POMURSKA STATISTIČNA REGIJA,2026-10-12,2026-10-19,2026-12-07,8,glm_seasonal_region_offset,frozen_selected_model,0.13193119373827653,0.11657582594482427,113172,2025,2025,,,glm_seasonal_region_offset@sha256:1263c02735ca074e9c0e087ea0f9b7c81eff390a3df5e4d0639669fa497d8f70,kme_data@sha256:340ffae552aaffe721317f98459ada4ff964dae2a086bf97e76d4980088eabe9,2026-08-30,sealed_without_pipeline_access_to_2026_KME_outcomes
02,PODRAVSKA STATISTIČNA REGIJA,2026-10-12,2026-10-19,2026-12-07,8,baseline_region_historical_rate,primary_simple_baseline,1.5499050183088243,0.46709914208484377,331815,2025,2025,,,baseline_region_historical_rate@sha256:dd1938fb6c1d1ca857d7b311203bd83930b11ddcd87bf2c7b9d8d7facdaeb05f,kme_data@sha256:340ffae552aaffe721317f98459ada4ff964dae2a086bf97e76d4980088eabe9,2026-08-30,sealed_without_pipeline_access_to_2026_KME_outcomes
02,PODRAVSKA STATISTIČNA REGIJA,2026-10-12,2026-10-19,2026-12-07,8,glm_seasonal_region_offset,frozen_selected_model,0.37165723624410235,0.11200736441815541,331815,2025,2025,,,glm_seasonal_region_offset@sha256:1263c02735ca074e9c0e087ea0f9b7c81eff390a3df5e4d0639669fa497d8f70,kme_data@sha256:340ffae552aaffe721317f98459ada4ff964dae2a086bf97e76d4980088eabe9,2026-08-30,sealed_without_pipeline_access_to_2026_KME_outcomes
03,KOROŠKA STATISTIČNA REGIJA,2026-10-12,2026-10-19,2026-12-07,8,baseline_region_historical_rate,primary_simple_baseline,1.5242533951058044,2.166425133042162,70358,2025,2025,,,baseline_region_historical_rate@sha256:dd1938fb6c1d1ca857d7b311203bd83930b11ddcd87bf2c7b9d8d7facdaeb05f,kme_data@sha256:340ffae552aaffe721317f98459ada4ff964dae2a086bf97e76d4980088eabe9,2026-08-30,sealed_without_pipeline_access_to_2026_KME_outcomes
03,KOROŠKA STATISTIČNA REGIJA,2026-10-12,2026-10-19,2026-12-07,8,glm_seasonal_region_offset,frozen_selected_model,0.36554873900288776,0.5195553298884104,70358,2025,2025,,,glm_seasonal_region_offset@sha256:1263c02735ca074e9c0e087ea0f9b7c81eff390a3df5e4d0639669fa497d8f70,kme_data@sha256:340ffae552aaffe721317f98459ada4ff964dae2a086bf97e76d4980088eabe9,2026-08-30,sealed_without_pipeline_access_to_2026_KME_outcomes
04,SAVINJSKA STATISTIČNA REGIJA,2026-10-12,2026-10-19,2026-12-07,8,baseline_region_historical_rate,primary_simple_baseline,1.144303626330837,0.4354043644291541,262814,2025,2025,,,baseline_region_historical_rate@sha256:dd1938fb6c1d1ca857d7b311203bd83930b11ddcd87bf2c7b9d8d7facdaeb05f,kme_data@sha256:340ffae552aaffe721317f98459ada4ff964dae2a086bf97e76d4980088eabe9,2026-08-30,sealed_without_pipeline_access_to_2026_KME_outcomes
04,SAVINJSKA STATISTIČNA REGIJA,2026-10-12,2026-10-19,2026-12-07,8,glm_seasonal_region_offset,frozen_selected_model,0.2743975457129035,0.10440750710118316,262814,2025,2025,,,glm_seasonal_region_offset@sha256:1263c02735ca074e9c0e087ea0f9b7c81eff390a3df5e4d0639669fa497d8f70,kme_data@sha256:340ffae552aaffe721317f98459ada4ff964dae2a086bf97e76d4980088eabe9,2026-08-30,sealed_without_pipeline_access_to_2026_KME_outcomes
05,ZASAVSKA STATISTIČNA REGIJA,2026-10-12,2026-10-19,2026-12-07,8,baseline_region_historical_rate,primary_simple_baseline,0.1839970152643808,0.32233241992253525,57083,2025,2025,,,baseline_region_historical_rate@sha256:dd1938fb6c1d1ca857d7b311203bd83930b11ddcd87bf2c7b9d8d7facdaeb05f,kme_data@sha256:340ffae552aaffe721317f98459ada4ff964dae2a086bf97e76d4980088eabe9,2026-08-30,sealed_without_pipeline_access_to_2026_KME_outcomes
05,ZASAVSKA STATISTIČNA REGIJA,2026-10-12,2026-10-19,2026-12-07,8,glm_seasonal_region_offset,frozen_selected_model,0.04412263672197264,0.07729558138495286,57083,2025,2025,,,glm_seasonal_region_offset@sha256:1263c02735ca074e9c0e087ea0f9b7c81eff390a3df5e4d0639669fa497d8f70,kme_data@sha256:340ffae552aaffe721317f98459ada4ff964dae2a086bf97e76d4980088eabe9,2026-08-30,sealed_without_pipeline_access_to_2026_KME_outcomes
06,POSAVSKA STATISTIČNA REGIJA,2026-10-12,2026-10-19,2026-12-07,8,baseline_region_historical_rate,primary_simple_baseline,0.10070835543631036,0.13252320007936305,75993,2025,2025,,,baseline_region_historical_rate@sha256:dd1938fb6c1d1ca857d7b311203bd83930b11ddcd87bf2c7b9d8d7facdaeb05f,kme_data@sha256:340ffae552aaffe721317f98459ada4ff964dae2a086bf97e76d4980088eabe9,2026-08-30,sealed_without_pipeline_access_to_2026_KME_outcomes
06,POSAVSKA STATISTIČNA REGIJA,2026-10-12,2026-10-19,2026-12-07,8,glm_seasonal_region_offset,frozen_selected_model,0.02415193132638465,0.031781784278005404,75993,2025,2025,,,glm_seasonal_region_offset@sha256:1263c02735ca074e9c0e087ea0f9b7c81eff390a3df5e4d0639669fa497d8f70,kme_data@sha256:340ffae552aaffe721317f98459ada4ff964dae2a086bf97e76d4980088eabe9,2026-08-30,sealed_without_pipeline_access_to_2026_KME_outcomes
07,JUGOVZHODNA SLOVENIJA,2026-10-12,2026-10-19,2026-12-07,8,baseline_region_historical_rate,primary_simple_baseline,1.0771151173102371,0.7245006506425218,148670,2025,2025,,,baseline_region_historical_rate@sha256:dd1938fb6c1d1ca857d7b311203bd83930b11ddcd87bf2c7b9d8d7facdaeb05f,kme_data@sha256:340ffae552aaffe721317f98459ada4ff964dae2a086bf97e76d4980088eabe9,2026-08-30,sealed_without_pipeline_access_to_2026_KME_outcomes
07,JUGOVZHODNA SLOVENIJA,2026-10-12,2026-10-19,2026-12-07,8,glm_seasonal_region_offset,frozen_selected_model,0.25828231237662524,0.17372860185419065,148670,2025,2025,,,glm_seasonal_region_offset@sha256:1263c02735ca074e9c0e087ea0f9b7c81eff390a3df5e4d0639669fa497d8f70,kme_data@sha256:340ffae552aaffe721317f98459ada4ff964dae2a086bf97e76d4980088eabe9,2026-08-30,sealed_without_pipeline_access_to_2026_KME_outcomes
08,OSREDNJESLOVENSKA STATISTIČNA REGIJA,2026-10-12,2026-10-19,2026-12-07,8,baseline_region_historical_rate,primary_simple_baseline,4.7241152797641215,0.8295562192833964,569475,2025,2025,,,baseline_region_historical_rate@sha256:dd1938fb6c1d1ca857d7b311203bd83930b11ddcd87bf2c7b9d8d7facdaeb05f,kme_data@sha256:340ffae552aaffe721317f98459ada4ff964dae2a086bf97e76d4980088eabe9,2026-08-30,sealed_without_pipeline_access_to_2026_KME_outcomes
08,OSREDNJESLOVENSKA STATISTIČNA REGIJA,2026-10-12,2026-10-19,2026-12-07,8,glm_seasonal_region_offset,frozen_selected_model,1.1328433290052313,0.19892766653588503,569475,2025,2025,,,glm_seasonal_region_offset@sha256:1263c02735ca074e9c0e087ea0f9b7c81eff390a3df5e4d0639669fa497d8f70,kme_data@sha256:340ffae552aaffe721317f98459ada4ff964dae2a086bf97e76d4980088eabe9,2026-08-30,sealed_without_pipeline_access_to_2026_KME_outcomes
09,GORENJSKA STATISTIČNA REGIJA,2026-10-12,2026-10-19,2026-12-07,8,baseline_region_historical_rate,primary_simple_baseline,3.422238199660669,1.630250522654079,209921,2025,2025,,,baseline_region_historical_rate@sha256:dd1938fb6c1d1ca857d7b311203bd83930b11ddcd87bf2c7b9d8d7facdaeb05f,kme_data@sha256:340ffae552aaffe721317f98459ada4ff964dae2a086bf97e76d4980088eabe9,2026-08-30,sealed_without_pipeline_access_to_2026_KME_outcomes
09,GORENJSKA STATISTIČNA REGIJA,2026-10-12,2026-10-19,2026-12-07,8,glm_seasonal_region_offset,frozen_selected_model,0.8207112876086172,0.3909619750328062,209921,2025,2025,,,glm_seasonal_region_offset@sha256:1263c02735ca074e9c0e087ea0f9b7c81eff390a3df5e4d0639669fa497d8f70,kme_data@sha256:340ffae552aaffe721317f98459ada4ff964dae2a086bf97e76d4980088eabe9,2026-08-30,sealed_without_pipeline_access_to_2026_KME_outcomes
10,PRIMORSKO-NOTRANJSKA STATISTIČNA REGIJA,2026-10-12,2026-10-19,2026-12-07,8,baseline_region_historical_rate,primary_simple_baseline,1.2394879903359548,2.302768160992745,53826,2025,2025,,,baseline_region_historical_rate@sha256:dd1938fb6c1d1ca857d7b311203bd83930b11ddcd87bf2c7b9d8d7facdaeb05f,kme_data@sha256:340ffae552aaffe721317f98459ada4ff964dae2a086bf97e76d4980088eabe9,2026-08-30,sealed_without_pipeline_access_to_2026_KME_outcomes
10,PRIMORSKO-NOTRANJSKA STATISTIČNA REGIJA,2026-10-12,2026-10-19,2026-12-07,8,glm_seasonal_region_offset,frozen_selected_model,0.2972065197672965,0.5521616314927665,53826,2025,2025,,,glm_seasonal_region_offset@sha256:1263c02735ca074e9c0e087ea0f9b7c81eff390a3df5e4d0639669fa497d8f70,kme_data@sha256:340ffae552aaffe721317f98459ada4ff964dae2a086bf97e76d4980088eabe9,2026-08-30,sealed_without_pipeline_access_to_2026_KME_outcomes
11,GORIŠKA STATISTIČNA REGIJA,2026-10-12,2026-10-19,2026-12-07,8,baseline_region_historical_rate,primary_simple_baseline,0.7313576288084981,0.6192907709054482,118096,2025,2025,,,baseline_region_historical_rate@sha256:dd1938fb6c1d1ca857d7b311203bd83930b11ddcd87bf2c7b9d8d7facdaeb05f,kme_data@sha256:340ffae552aaffe721317f98459ada4ff964dae2a086bf97e76d4980088eabe9,2026-08-30,sealed_without_pipeline_access_to_2026_KME_outcomes
11,GORIŠKA STATISTIČNA REGIJA,2026-10-12,2026-10-19,2026-12-07,8,glm_seasonal_region_offset,frozen_selected_model,0.17539459377563407,0.14851865751222232,118096,2025,2025,,,glm_seasonal_region_offset@sha256:1263c02735ca074e9c0e087ea0f9b7c81eff390a3df5e4d0639669fa497d8f70,kme_data@sha256:340ffae552aaffe721317f98459ada4ff964dae2a086bf97e76d4980088eabe9,2026-08-30,sealed_without_pipeline_access_to_2026_KME_outcomes
12,OBALNO-KRAŠKA STATISTIČNA REGIJA,2026-10-12,2026-10-19,2026-12-07,8,baseline_region_historical_rate,primary_simple_baseline,0.12877006061375834,0.10764297408925941,119627,2025,2025,,,baseline_region_historical_rate@sha256:dd1938fb6c1d1ca857d7b311203bd83930b11ddcd87bf2c7b9d8d7facdaeb05f,kme_data@sha256:340ffae552aaffe721317f98459ada4ff964dae2a086bf97e76d4980088eabe9,2026-08-30,sealed_without_pipeline_access_to_2026_KME_outcomes
12,OBALNO-KRAŠKA STATISTIČNA REGIJA,2026-10-12,2026-10-19,2026-12-07,8,glm_seasonal_region_offset,frozen_selected_model,0.031139672541003048,0.026030639020457796,119627,2025,2025,,,glm_seasonal_region_offset@sha256:1263c02735ca074e9c0e087ea0f9b7c81eff390a3df5e4d0639669fa497d8f70,kme_data@sha256:340ffae552aaffe721317f98459ada4ff964dae2a086bf97e76d4980088eabe9,2026-08-30,sealed_without_pipeline_access_to_2026_KME_outcomes
01,POMURSKA STATISTIČNA REGIJA,2026-10-19,2026-10-26,2026-12-14,8,baseline_region_historical_rate,primary_simple_baseline,0.550110426643909,0.4860835070900125,113172,2025,2025,,,baseline_region_historical_rate@sha256:dd1938fb6c1d1ca857d7b311203bd83930b11ddcd87bf2c7b9d8d7facdaeb05f,kme_data@sha256:340ffae552aaffe721317f98459ada4ff964dae2a086bf97e76d4980088eabe9,2026-08-30,sealed_without_pipeline_access_to_2026_KME_outcomes
01,POMURSKA STATISTIČNA REGIJA,2026-10-19,2026-10-26,2026-12-14,8,glm_seasonal_region_offset,frozen_selected_model,0.11328080896507112,0.10009614477527226,113172,2025,2025,,,glm_seasonal_region_offset@sha256:1263c02735ca074e9c0e087ea0f9b7c81eff390a3df5e4d0639669fa497d8f70,kme_data@sha256:340ffae552aaffe721317f98459ada4ff964dae2a086bf97e76d4980088eabe9,2026-08-30,sealed_without_pipeline_access_to_2026_KME_outcomes
02,PODRAVSKA STATISTIČNA REGIJA,2026-10-19,2026-10-26,2026-12-14,8,baseline_region_historical_rate,primary_simple_baseline,1.5499050183088243,0.46709914208484377,331815,2025,2025,,,baseline_region_historical_rate@sha256:dd1938fb6c1d1ca857d7b311203bd83930b11ddcd87bf2c7b9d8d7facdaeb05f,kme_data@sha256:340ffae552aaffe721317f98459ada4ff964dae2a086bf97e76d4980088eabe9,2026-08-30,sealed_without_pipeline_access_to_2026_KME_outcomes
02,PODRAVSKA STATISTIČNA REGIJA,2026-10-19,2026-10-26,2026-12-14,8,glm_seasonal_region_offset,frozen_selected_model,0.3191181038123187,0.09617350144276741,331815,2025,2025,,,glm_seasonal_region_offset@sha256:1263c02735ca074e9c0e087ea0f9b7c81eff390a3df5e4d0639669fa497d8f70,kme_data@sha256:340ffae552aaffe721317f98459ada4ff964dae2a086bf97e76d4980088eabe9,2026-08-30,sealed_without_pipeline_access_to_2026_KME_outcomes
03,KOROŠKA STATISTIČNA REGIJA,2026-10-19,2026-10-26,2026-12-14,8,baseline_region_historical_rate,primary_simple_baseline,1.5242533951058044,2.166425133042162,70358,2025,2025,,,baseline_region_historical_rate@sha256:dd1938fb6c1d1ca857d7b311203bd83930b11ddcd87bf2c7b9d8d7facdaeb05f,kme_data@sha256:340ffae552aaffe721317f98459ada4ff964dae2a086bf97e76d4980088eabe9,2026-08-30,sealed_without_pipeline_access_to_2026_KME_outcomes
03,KOROŠKA STATISTIČNA REGIJA,2026-10-19,2026-10-26,2026-12-14,8,glm_seasonal_region_offset,frozen_selected_model,0.31387313111527454,0.44610866015986034,70358,2025,2025,,,glm_seasonal_region_offset@sha256:1263c02735ca074e9c0e087ea0f9b7c81eff390a3df5e4d0639669fa497d8f70,kme_data@sha256:340ffae552aaffe721317f98459ada4ff964dae2a086bf97e76d4980088eabe9,2026-08-30,sealed_without_pipeline_access_to_2026_KME_outcomes
04,SAVINJSKA STATISTIČNA REGIJA,2026-10-19,2026-10-26,2026-12-14,8,baseline_region_historical_rate,primary_simple_baseline,1.144303626330837,0.4354043644291541,262814,2025,2025,,,baseline_region_historical_rate@sha256:dd1938fb6c1d1ca857d7b311203bd83930b11ddcd87bf2c7b9d8d7facdaeb05f,kme_data@sha256:340ffae552aaffe721317f98459ada4ff964dae2a086bf97e76d4980088eabe9,2026-08-30,sealed_without_pipeline_access_to_2026_KME_outcomes
04,SAVINJSKA STATISTIČNA REGIJA,2026-10-19,2026-10-26,2026-12-14,8,glm_seasonal_region_offset,frozen_selected_model,0.23560747898674966,0.08964799401354177,262814,2025,2025,,,glm_seasonal_region_offset@sha256:1263c02735ca074e9c0e087ea0f9b7c81eff390a3df5e4d0639669fa497d8f70,kme_data@sha256:340ffae552aaffe721317f98459ada4ff964dae2a086bf97e76d4980088eabe9,2026-08-30,sealed_without_pipeline_access_to_2026_KME_outcomes
05,ZASAVSKA STATISTIČNA REGIJA,2026-10-19,2026-10-26,2026-12-14,8,baseline_region_historical_rate,primary_simple_baseline,0.1839970152643808,0.32233241992253525,57083,2025,2025,,,baseline_region_historical_rate@sha256:dd1938fb6c1d1ca857d7b311203bd83930b11ddcd87bf2c7b9d8d7facdaeb05f,kme_data@sha256:340ffae552aaffe721317f98459ada4ff964dae2a086bf97e76d4980088eabe9,2026-08-30,sealed_without_pipeline_access_to_2026_KME_outcomes
05,ZASAVSKA STATISTIČNA REGIJA,2026-10-19,2026-10-26,2026-12-14,8,glm_seasonal_region_offset,frozen_selected_model,0.03788526306714449,0.06636873161386837,57083,2025,2025,,,glm_seasonal_region_offset@sha256:1263c02735ca074e9c0e087ea0f9b7c81eff390a3df5e4d0639669fa497d8f70,kme_data@sha256:340ffae552aaffe721317f98459ada4ff964dae2a086bf97e76d4980088eabe9,2026-08-30,sealed_without_pipeline_access_to_2026_KME_outcomes
06,POSAVSKA STATISTIČNA REGIJA,2026-10-19,2026-10-26,2026-12-14,8,baseline_region_historical_rate,primary_simple_baseline,0.10070835543631036,0.13252320007936305,75993,2025,2025,,,baseline_region_historical_rate@sha256:dd1938fb6c1d1ca857d7b311203bd83930b11ddcd87bf2c7b9d8d7facdaeb05f,kme_data@sha256:340ffae552aaffe721317f98459ada4ff964dae2a086bf97e76d4980088eabe9,2026-08-30,sealed_without_pipeline_access_to_2026_KME_outcomes
06,POSAVSKA STATISTIČNA REGIJA,2026-10-19,2026-10-26,2026-12-14,8,glm_seasonal_region_offset,frozen_selected_model,0.020737706081468802,0.0272889688280089,75993,2025,2025,,,glm_seasonal_region_offset@sha256:1263c02735ca074e9c0e087ea0f9b7c81eff390a3df5e4d0639669fa497d8f70,kme_data@sha256:340ffae552aaffe721317f98459ada4ff964dae2a086bf97e76d4980088eabe9,2026-08-30,sealed_without_pipeline_access_to_2026_KME_outcomes
07,JUGOVZHODNA SLOVENIJA,2026-10-19,2026-10-26,2026-12-14,8,baseline_region_historical_rate,primary_simple_baseline,1.0771151173102371,0.7245006506425218,148670,2025,2025,,,baseline_region_historical_rate@sha256:dd1938fb6c1d1ca857d7b311203bd83930b11ddcd87bf2c7b9d8d7facdaeb05f,kme_data@sha256:340ffae552aaffe721317f98459ada4ff964dae2a086bf97e76d4980088eabe9,2026-08-30,sealed_without_pipeline_access_to_2026_KME_outcomes
07,JUGOVZHODNA SLOVENIJA,2026-10-19,2026-10-26,2026-12-14,8,glm_seasonal_region_offset,frozen_selected_model,0.22177036725246205,0.1491695481620112,148670,2025,2025,,,glm_seasonal_region_offset@sha256:1263c02735ca074e9c0e087ea0f9b7c81eff390a3df5e4d0639669fa497d8f70,kme_data@sha256:340ffae552aaffe721317f98459ada4ff964dae2a086bf97e76d4980088eabe9,2026-08-30,sealed_without_pipeline_access_to_2026_KME_outcomes
08,OSREDNJESLOVENSKA STATISTIČNA REGIJA,2026-10-19,2026-10-26,2026-12-14,8,baseline_region_historical_rate,primary_simple_baseline,4.7241152797641215,0.8295562192833964,569475,2025,2025,,,baseline_region_historical_rate@sha256:dd1938fb6c1d1ca857d7b311203bd83930b11ddcd87bf2c7b9d8d7facdaeb05f,kme_data@sha256:340ffae552aaffe721317f98459ada4ff964dae2a086bf97e76d4980088eabe9,2026-08-30,sealed_without_pipeline_access_to_2026_KME_outcomes
08,OSREDNJESLOVENSKA STATISTIČNA REGIJA,2026-10-19,2026-10-26,2026-12-14,8,glm_seasonal_region_offset,frozen_selected_model,0.9726995193795871,0.17080636013513975,569475,2025,2025,,,glm_seasonal_region_offset@sha256:1263c02735ca074e9c0e087ea0f9b7c81eff390a3df5e4d0639669fa497d8f70,kme_data@sha256:340ffae552aaffe721317f98459ada4ff964dae2a086bf97e76d4980088eabe9,2026-08-30,sealed_without_pipeline_access_to_2026_KME_outcomes
09,GORENJSKA STATISTIČNA REGIJA,2026-10-19,2026-10-26,2026-12-14,8,baseline_region_historical_rate,primary_simple_baseline,3.422238199660669,1.630250522654079,209921,2025,2025,,,baseline_region_historical_rate@sha256:dd1938fb6c1d1ca857d7b311203bd83930b11ddcd87bf2c7b9d8d7facdaeb05f,kme_data@sha256:340ffae552aaffe721317f98459ada4ff964dae2a086bf97e76d4980088eabe9,2026-08-30,sealed_without_pipeline_access_to_2026_KME_outcomes
09,GORENJSKA STATISTIČNA REGIJA,2026-10-19,2026-10-26,2026-12-14,8,glm_seasonal_region_offset,frozen_selected_model,0.7046918621194597,0.3356938382150712,209921,2025,2025,,,glm_seasonal_region_offset@sha256:1263c02735ca074e9c0e087ea0f9b7c81eff390a3df5e4d0639669fa497d8f70,kme_data@sha256:340ffae552aaffe721317f98459ada4ff964dae2a086bf97e76d4980088eabe9,2026-08-30,sealed_without_pipeline_access_to_2026_KME_outcomes
10,PRIMORSKO-NOTRANJSKA STATISTIČNA REGIJA,2026-10-19,2026-10-26,2026-12-14,8,baseline_region_historical_rate,primary_simple_baseline,1.2394879903359548,2.302768160992745,53826,2025,2025,,,baseline_region_historical_rate@sha256:dd1938fb6c1d1ca857d7b311203bd83930b11ddcd87bf2c7b9d8d7facdaeb05f,kme_data@sha256:340ffae552aaffe721317f98459ada4ff964dae2a086bf97e76d4980088eabe9,2026-08-30,sealed_without_pipeline_access_to_2026_KME_outcomes
10,PRIMORSKO-NOTRANJSKA STATISTIČNA REGIJA,2026-10-19,2026-10-26,2026-12-14,8,glm_seasonal_region_offset,frozen_selected_model,0.25519207425442153,0.4741055888500382,53826,2025,2025,,,glm_seasonal_region_offset@sha256:1263c02735ca074e9c0e087ea0f9b7c81eff390a3df5e4d0639669fa497d8f70,kme_data@sha256:340ffae552aaffe721317f98459ada4ff964dae2a086bf97e76d4980088eabe9,2026-08-30,sealed_without_pipeline_access_to_2026_KME_outcomes
11,GORIŠKA STATISTIČNA REGIJA,2026-10-19,2026-10-26,2026-12-14,8,baseline_region_historical_rate,primary_simple_baseline,0.7313576288084981,0.6192907709054482,118096,2025,2025,,,baseline_region_historical_rate@sha256:dd1938fb6c1d1ca857d7b311203bd83930b11ddcd87bf2c7b9d8d7facdaeb05f,kme_data@sha256:340ffae552aaffe721317f98459ada4ff964dae2a086bf97e76d4980088eabe9,2026-08-30,sealed_without_pipeline_access_to_2026_KME_outcomes
11,GORIŠKA STATISTIČNA REGIJA,2026-10-19,2026-10-26,2026-12-14,8,glm_seasonal_region_offset,frozen_selected_model,0.15060002799959057,0.12752339452614023,118096,2025,2025,,,glm_seasonal_region_offset@sha256:1263c02735ca074e9c0e087ea0f9b7c81eff390a3df5e4d0639669fa497d8f70,kme_data@sha256:340ffae552aaffe721317f98459ada4ff964dae2a086bf97e76d4980088eabe9,2026-08-30,sealed_without_pipeline_access_to_2026_KME_outcomes
12,OBALNO-KRAŠKA STATISTIČNA REGIJA,2026-10-19,2026-10-26,2026-12-14,8,baseline_region_historical_rate,primary_simple_baseline,0.12877006061375834,0.10764297408925941,119627,2025,2025,,,baseline_region_historical_rate@sha256:dd1938fb6c1d1ca857d7b311203bd83930b11ddcd87bf2c7b9d8d7facdaeb05f,kme_data@sha256:340ffae552aaffe721317f98459ada4ff964dae2a086bf97e76d4980088eabe9,2026-08-30,sealed_without_pipeline_access_to_2026_KME_outcomes
12,OBALNO-KRAŠKA STATISTIČNA REGIJA,2026-10-19,2026-10-26,2026-12-14,8,glm_seasonal_region_offset,frozen_selected_model,0.026737628883659628,0.022350831236810777,119627,2025,2025,,,glm_seasonal_region_offset@sha256:1263c02735ca074e9c0e087ea0f9b7c81eff390a3df5e4d0639669fa497d8f70,kme_data@sha256:340ffae552aaffe721317f98459ada4ff964dae2a086bf97e76d4980088eabe9,2026-08-30,sealed_without_pipeline_access_to_2026_KME_outcomes
01,POMURSKA STATISTIČNA REGIJA,2026-10-26,2026-11-02,2026-12-21,8,baseline_region_historical_rate,primary_simple_baseline,0.550110426643909,0.4860835070900125,113172,2025,2025,,,baseline_region_historical_rate@sha256:dd1938fb6c1d1ca857d7b311203bd83930b11ddcd87bf2c7b9d8d7facdaeb05f,kme_data@sha256:340ffae552aaffe721317f98459ada4ff964dae2a086bf97e76d4980088eabe9,2026-08-30,sealed_without_pipeline_access_to_2026_KME_outcomes
01,POMURSKA STATISTIČNA REGIJA,2026-10-26,2026-11-02,2026-12-21,8,glm_seasonal_region_offset,frozen_selected_model,0.09870550416087373,0.08721724822471436,113172,2025,2025,,,glm_seasonal_region_offset@sha256:1263c02735ca074e9c0e087ea0f9b7c81eff390a3df5e4d0639669fa497d8f70,kme_data@sha256:340ffae552aaffe721317f98459ada4ff964dae2a086bf97e76d4980088eabe9,2026-08-30,sealed_without_pipeline_access_to_2026_KME_outcomes
02,PODRAVSKA STATISTIČNA REGIJA,2026-10-26,2026-11-02,2026-12-21,8,baseline_region_historical_rate,primary_simple_baseline,1.5499050183088243,0.46709914208484377,331815,2025,2025,,,baseline_region_historical_rate@sha256:dd1938fb6c1d1ca857d7b311203bd83930b11ddcd87bf2c7b9d8d7facdaeb05f,kme_data@sha256:340ffae552aaffe721317f98459ada4ff964dae2a086bf97e76d4980088eabe9,2026-08-30,sealed_without_pipeline_access_to_2026_KME_outcomes
02,PODRAVSKA STATISTIČNA REGIJA,2026-10-26,2026-11-02,2026-12-21,8,glm_seasonal_region_offset,frozen_selected_model,0.2780586898295301,0.08379931281874842,331815,2025,2025,,,glm_seasonal_region_offset@sha256:1263c02735ca074e9c0e087ea0f9b7c81eff390a3df5e4d0639669fa497d8f70,kme_data@sha256:340ffae552aaffe721317f98459ada4ff964dae2a086bf97e76d4980088eabe9,2026-08-30,sealed_without_pipeline_access_to_2026_KME_outcomes
03,KOROŠKA STATISTIČNA REGIJA,2026-10-26,2026-11-02,2026-12-21,8,baseline_region_historical_rate,primary_simple_baseline,1.5242533951058044,2.166425133042162,70358,2025,2025,,,baseline_region_historical_rate@sha256:dd1938fb6c1d1ca857d7b311203bd83930b11ddcd87bf2c7b9d8d7facdaeb05f,kme_data@sha256:340ffae552aaffe721317f98459ada4ff964dae2a086bf97e76d4980088eabe9,2026-08-30,sealed_without_pipeline_access_to_2026_KME_outcomes
03,KOROŠKA STATISTIČNA REGIJA,2026-10-26,2026-11-02,2026-12-21,8,glm_seasonal_region_offset,frozen_selected_model,0.2734885629112858,0.3887099731534237,70358,2025,2025,,,glm_seasonal_region_offset@sha256:1263c02735ca074e9c0e087ea0f9b7c81eff390a3df5e4d0639669fa497d8f70,kme_data@sha256:340ffae552aaffe721317f98459ada4ff964dae2a086bf97e76d4980088eabe9,2026-08-30,sealed_without_pipeline_access_to_2026_KME_outcomes
04,SAVINJSKA STATISTIČNA REGIJA,2026-10-26,2026-11-02,2026-12-21,8,baseline_region_historical_rate,primary_simple_baseline,1.144303626330837,0.4354043644291541,262814,2025,2025,,,baseline_region_historical_rate@sha256:dd1938fb6c1d1ca857d7b311203bd83930b11ddcd87bf2c7b9d8d7facdaeb05f,kme_data@sha256:340ffae552aaffe721317f98459ada4ff964dae2a086bf97e76d4980088eabe9,2026-08-30,sealed_without_pipeline_access_to_2026_KME_outcomes
04,SAVINJSKA STATISTIČNA REGIJA,2026-10-26,2026-11-02,2026-12-21,8,glm_seasonal_region_offset,frozen_selected_model,0.20529298130833648,0.0781134115033204,262814,2025,2025,,,glm_seasonal_region_offset@sha256:1263c02735ca074e9c0e087ea0f9b7c81eff390a3df5e4d0639669fa497d8f70,kme_data@sha256:340ffae552aaffe721317f98459ada4ff964dae2a086bf97e76d4980088eabe9,2026-08-30,sealed_without_pipeline_access_to_2026_KME_outcomes
05,ZASAVSKA STATISTIČNA REGIJA,2026-10-26,2026-11-02,2026-12-21,8,baseline_region_historical_rate,primary_simple_baseline,0.1839970152643808,0.32233241992253525,57083,2025,2025,,,baseline_region_historical_rate@sha256:dd1938fb6c1d1ca857d7b311203bd83930b11ddcd87bf2c7b9d8d7facdaeb05f,kme_data@sha256:340ffae552aaffe721317f98459ada4ff964dae2a086bf97e76d4980088eabe9,2026-08-30,sealed_without_pipeline_access_to_2026_KME_outcomes
05,ZASAVSKA STATISTIČNA REGIJA,2026-10-26,2026-11-02,2026-12-21,8,glm_seasonal_region_offset,frozen_selected_model,0.03301074582247073,0.05782938146640984,57083,2025,2025,,,glm_seasonal_region_offset@sha256:1263c02735ca074e9c0e087ea0f9b7c81eff390a3df5e4d0639669fa497d8f70,kme_data@sha256:340ffae552aaffe721317f98459ada4ff964dae2a086bf97e76d4980088eabe9,2026-08-30,sealed_without_pipeline_access_to_2026_KME_outcomes
06,POSAVSKA STATISTIČNA REGIJA,2026-10-26,2026-11-02,2026-12-21,8,baseline_region_historical_rate,primary_simple_baseline,0.10070835543631036,0.13252320007936305,75993,2025,2025,,,baseline_region_historical_rate@sha256:dd1938fb6c1d1ca857d7b311203bd83930b11ddcd87bf2c7b9d8d7facdaeb05f,kme_data@sha256:340ffae552aaffe721317f98459ada4ff964dae2a086bf97e76d4980088eabe9,2026-08-30,sealed_without_pipeline_access_to_2026_KME_outcomes
06,POSAVSKA STATISTIČNA REGIJA,2026-10-26,2026-11-02,2026-12-21,8,glm_seasonal_region_offset,frozen_selected_model,0.018069483724666394,0.02377782654279525,75993,2025,2025,,,glm_seasonal_region_offset@sha256:1263c02735ca074e9c0e087ea0f9b7c81eff390a3df5e4d0639669fa497d8f70,kme_data@sha256:340ffae552aaffe721317f98459ada4ff964dae2a086bf97e76d4980088eabe9,2026-08-30,sealed_without_pipeline_access_to_2026_KME_outcomes
07,JUGOVZHODNA SLOVENIJA,2026-10-26,2026-11-02,2026-12-21,8,baseline_region_historical_rate,primary_simple_baseline,1.0771151173102371,0.7245006506425218,148670,2025,2025,,,baseline_region_historical_rate@sha256:dd1938fb6c1d1ca857d7b311203bd83930b11ddcd87bf2c7b9d8d7facdaeb05f,kme_data@sha256:340ffae552aaffe721317f98459ada4ff964dae2a086bf97e76d4980088eabe9,2026-08-30,sealed_without_pipeline_access_to_2026_KME_outcomes
07,JUGOVZHODNA SLOVENIJA,2026-10-26,2026-11-02,2026-12-21,8,glm_seasonal_region_offset,frozen_selected_model,0.19323622516101482,0.129976609377154,148670,2025,2025,,,glm_seasonal_region_offset@sha256:1263c02735ca074e9c0e087ea0f9b7c81eff390a3df5e4d0639669fa497d8f70,kme_data@sha256:340ffae552aaffe721317f98459ada4ff964dae2a086bf97e76d4980088eabe9,2026-08-30,sealed_without_pipeline_access_to_2026_KME_outcomes
08,OSREDNJESLOVENSKA STATISTIČNA REGIJA,2026-10-26,2026-11-02,2026-12-21,8,baseline_region_historical_rate,primary_simple_baseline,4.7241152797641215,0.8295562192833964,569475,2025,2025,,,baseline_region_historical_rate@sha256:dd1938fb6c1d1ca857d7b311203bd83930b11ddcd87bf2c7b9d8d7facdaeb05f,kme_data@sha256:340ffae552aaffe721317f98459ada4ff964dae2a086bf97e76d4980088eabe9,2026-08-30,sealed_without_pipeline_access_to_2026_KME_outcomes
08,OSREDNJESLOVENSKA STATISTIČNA REGIJA,2026-10-26,2026-11-02,2026-12-21,8,glm_seasonal_region_offset,frozen_selected_model,0.8475468822526291,0.14882951529964075,569475,2025,2025,,,glm_seasonal_region_offset@sha256:1263c02735ca074e9c0e087ea0f9b7c81eff390a3df5e4d0639669fa497d8f70,kme_data@sha256:340ffae552aaffe721317f98459ada4ff964dae2a086bf97e76d4980088eabe9,2026-08-30,sealed_without_pipeline_access_to_2026_KME_outcomes
09,GORENJSKA STATISTIČNA REGIJA,2026-10-26,2026-11-02,2026-12-21,8,baseline_region_historical_rate,primary_simple_baseline,3.422238199660669,1.630250522654079,209921,2025,2025,,,baseline_region_historical_rate@sha256:dd1938fb6c1d1ca857d7b311203bd83930b11ddcd87bf2c7b9d8d7facdaeb05f,kme_data@sha256:340ffae552aaffe721317f98459ada4ff964dae2a086bf97e76d4980088eabe9,2026-08-30,sealed_without_pipeline_access_to_2026_KME_outcomes
09,GORENJSKA STATISTIČNA REGIJA,2026-10-26,2026-11-02,2026-12-21,8,glm_seasonal_region_offset,frozen_selected_model,0.6140225000512955,0.29250170304604856,209921,2025,2025,,,glm_seasonal_region_offset@sha256:1263c02735ca074e9c0e087ea0f9b7c81eff390a3df5e4d0639669fa497d8f70,kme_data@sha256:340ffae552aaffe721317f98459ada4ff964dae2a086bf97e76d4980088eabe9,2026-08-30,sealed_without_pipeline_access_to_2026_KME_outcomes
10,PRIMORSKO-NOTRANJSKA STATISTIČNA REGIJA,2026-10-26,2026-11-02,2026-12-21,8,baseline_region_historical_rate,primary_simple_baseline,1.2394879903359548,2.302768160992745,53826,2025,2025,,,baseline_region_historical_rate@sha256:dd1938fb6c1d1ca857d7b311203bd83930b11ddcd87bf2c7b9d8d7facdaeb05f,kme_data@sha256:340ffae552aaffe721317f98459ada4ff964dae2a086bf97e76d4980088eabe9,2026-08-30,sealed_without_pipeline_access_to_2026_KME_outcomes
10,PRIMORSKO-NOTRANJSKA STATISTIČNA REGIJA,2026-10-26,2026-11-02,2026-12-21,8,glm_seasonal_region_offset,frozen_selected_model,0.22235771952254071,0.41310466971824156,53826,2025,2025,,,glm_seasonal_region_offset@sha256:1263c02735ca074e9c0e087ea0f9b7c81eff390a3df5e4d0639669fa497d8f70,kme_data@sha256:340ffae552aaffe721317f98459ada4ff964dae2a086bf97e76d4980088eabe9,2026-08-30,sealed_without_pipeline_access_to_2026_KME_outcomes
11,GORIŠKA STATISTIČNA REGIJA,2026-10-26,2026-11-02,2026-12-21,8,baseline_region_historical_rate,primary_simple_baseline,0.7313576288084981,0.6192907709054482,118096,2025,2025,,,baseline_region_historical_rate@sha256:dd1938fb6c1d1ca857d7b311203bd83930b11ddcd87bf2c7b9d8d7facdaeb05f,kme_data@sha256:340ffae552aaffe721317f98459ada4ff964dae2a086bf97e76d4980088eabe9,2026-08-30,sealed_without_pipeline_access_to_2026_KME_outcomes
11,GORIŠKA STATISTIČNA REGIJA,2026-10-26,2026-11-02,2026-12-21,8,glm_seasonal_region_offset,frozen_selected_model,0.13122303615367684,0.11111556373939577,118096,2025,2025,,,glm_seasonal_region_offset@sha256:1263c02735ca074e9c0e087ea0f9b7c81eff390a3df5e4d0639669fa497d8f70,kme_data@sha256:340ffae552aaffe721317f98459ada4ff964dae2a086bf97e76d4980088eabe9,2026-08-30,sealed_without_pipeline_access_to_2026_KME_outcomes
12,OBALNO-KRAŠKA STATISTIČNA REGIJA,2026-10-26,2026-11-02,2026-12-21,8,baseline_region_historical_rate,primary_simple_baseline,0.12877006061375834,0.10764297408925941,119627,2025,2025,,,baseline_region_historical_rate@sha256:dd1938fb6c1d1ca857d7b311203bd83930b11ddcd87bf2c7b9d8d7facdaeb05f,kme_data@sha256:340ffae552aaffe721317f98459ada4ff964dae2a086bf97e76d4980088eabe9,2026-08-30,sealed_without_pipeline_access_to_2026_KME_outcomes
12,OBALNO-KRAŠKA STATISTIČNA REGIJA,2026-10-26,2026-11-02,2026-12-21,8,glm_seasonal_region_offset,frozen_selected_model,0.023297424896053808,0.019475055711548235,119627,2025,2025,,,glm_seasonal_region_offset@sha256:1263c02735ca074e9c0e087ea0f9b7c81eff390a3df5e4d0639669fa497d8f70,kme_data@sha256:340ffae552aaffe721317f98459ada4ff964dae2a086bf97e76d4980088eabe9,2026-08-30,sealed_without_pipeline_access_to_2026_KME_outcomes
01,POMURSKA STATISTIČNA REGIJA,2026-11-02,2026-11-09,2026-12-28,8,baseline_region_historical_rate,primary_simple_baseline,0.550110426643909,0.4860835070900125,113172,2025,2025,,,baseline_region_historical_rate@sha256:dd1938fb6c1d1ca857d7b311203bd83930b11ddcd87bf2c7b9d8d7facdaeb05f,kme_data@sha256:340ffae552aaffe721317f98459ada4ff964dae2a086bf97e76d4980088eabe9,2026-08-30,sealed_without_pipeline_access_to_2026_KME_outcomes
01,POMURSKA STATISTIČNA REGIJA,2026-11-02,2026-11-09,2026-12-28,8,glm_seasonal_region_offset,frozen_selected_model,0.08745206119362717,0.07727358462661009,113172,2025,2025,,,glm_seasonal_region_offset@sha256:1263c02735ca074e9c0e087ea0f9b7c81eff390a3df5e4d0639669fa497d8f70,kme_data@sha256:340ffae552aaffe721317f98459ada4ff964dae2a086bf97e76d4980088eabe9,2026-08-30,sealed_without_pipeline_access_to_2026_KME_outcomes
02,PODRAVSKA STATISTIČNA REGIJA,2026-11-02,2026-11-09,2026-12-28,8,baseline_region_historical_rate,primary_simple_baseline,1.5499050183088243,0.46709914208484377,331815,2025,2025,,,baseline_region_historical_rate@sha256:dd1938fb6c1d1ca857d7b311203bd83930b11ddcd87bf2c7b9d8d7facdaeb05f,kme_data@sha256:340ffae552aaffe721317f98459ada4ff964dae2a086bf97e76d4980088eabe9,2026-08-30,sealed_without_pipeline_access_to_2026_KME_outcomes
02,PODRAVSKA STATISTIČNA REGIJA,2026-11-02,2026-11-09,2026-12-28,8,glm_seasonal_region_offset,frozen_selected_model,0.24635713849107627,0.0742453290210136,331815,2025,2025,,,glm_seasonal_region_offset@sha256:1263c02735ca074e9c0e087ea0f9b7c81eff390a3df5e4d0639669fa497d8f70,kme_data@sha256:340ffae552aaffe721317f98459ada4ff964dae2a086bf97e76d4980088eabe9,2026-08-30,sealed_without_pipeline_access_to_2026_KME_outcomes
03,KOROŠKA STATISTIČNA REGIJA,2026-11-02,2026-11-09,2026-12-28,8,baseline_region_historical_rate,primary_simple_baseline,1.5242533951058044,2.166425133042162,70358,2025,2025,,,baseline_region_historical_rate@sha256:dd1938fb6c1d1ca857d7b311203bd83930b11ddcd87bf2c7b9d8d7facdaeb05f,kme_data@sha256:340ffae552aaffe721317f98459ada4ff964dae2a086bf97e76d4980088eabe9,2026-08-30,sealed_without_pipeline_access_to_2026_KME_outcomes
03,KOROŠKA STATISTIČNA REGIJA,2026-11-02,2026-11-09,2026-12-28,8,glm_seasonal_region_offset,frozen_selected_model,0.24230805305947195,0.3443930371236703,70358,2025,2025,,,glm_seasonal_region_offset@sha256:1263c02735ca074e9c0e087ea0f9b7c81eff390a3df5e4d0639669fa497d8f70,kme_data@sha256:340ffae552aaffe721317f98459ada4ff964dae2a086bf97e76d4980088eabe9,2026-08-30,sealed_without_pipeline_access_to_2026_KME_outcomes
04,SAVINJSKA STATISTIČNA REGIJA,2026-11-02,2026-11-09,2026-12-28,8,baseline_region_historical_rate,primary_simple_baseline,1.144303626330837,0.4354043644291541,262814,2025,2025,,,baseline_region_historical_rate@sha256:dd1938fb6c1d1ca857d7b311203bd83930b11ddcd87bf2c7b9d8d7facdaeb05f,kme_data@sha256:340ffae552aaffe721317f98459ada4ff964dae2a086bf97e76d4980088eabe9,2026-08-30,sealed_without_pipeline_access_to_2026_KME_outcomes
04,SAVINJSKA STATISTIČNA REGIJA,2026-11-02,2026-11-09,2026-12-28,8,glm_seasonal_region_offset,frozen_selected_model,0.18188746936278136,0.06920767895271232,262814,2025,2025,,,glm_seasonal_region_offset@sha256:1263c02735ca074e9c0e087ea0f9b7c81eff390a3df5e4d0639669fa497d8f70,kme_data@sha256:340ffae552aaffe721317f98459ada4ff964dae2a086bf97e76d4980088eabe9,2026-08-30,sealed_without_pipeline_access_to_2026_KME_outcomes
05,ZASAVSKA STATISTIČNA REGIJA,2026-11-02,2026-11-09,2026-12-28,8,baseline_region_historical_rate,primary_simple_baseline,0.1839970152643808,0.32233241992253525,57083,2025,2025,,,baseline_region_historical_rate@sha256:dd1938fb6c1d1ca857d7b311203bd83930b11ddcd87bf2c7b9d8d7facdaeb05f,kme_data@sha256:340ffae552aaffe721317f98459ada4ff964dae2a086bf97e76d4980088eabe9,2026-08-30,sealed_without_pipeline_access_to_2026_KME_outcomes
05,ZASAVSKA STATISTIČNA REGIJA,2026-11-02,2026-11-09,2026-12-28,8,glm_seasonal_region_offset,frozen_selected_model,0.029247181180584225,0.051236237024305346,57083,2025,2025,,,glm_seasonal_region_offset@sha256:1263c02735ca074e9c0e087ea0f9b7c81eff390a3df5e4d0639669fa497d8f70,kme_data@sha256:340ffae552aaffe721317f98459ada4ff964dae2a086bf97e76d4980088eabe9,2026-08-30,sealed_without_pipeline_access_to_2026_KME_outcomes
06,POSAVSKA STATISTIČNA REGIJA,2026-11-02,2026-11-09,2026-12-28,8,baseline_region_historical_rate,primary_simple_baseline,0.10070835543631036,0.13252320007936305,75993,2025,2025,,,baseline_region_historical_rate@sha256:dd1938fb6c1d1ca857d7b311203bd83930b11ddcd87bf2c7b9d8d7facdaeb05f,kme_data@sha256:340ffae552aaffe721317f98459ada4ff964dae2a086bf97e76d4980088eabe9,2026-08-30,sealed_without_pipeline_access_to_2026_KME_outcomes
06,POSAVSKA STATISTIČNA REGIJA,2026-11-02,2026-11-09,2026-12-28,8,glm_seasonal_region_offset,frozen_selected_model,0.016009376679250703,0.021066909688064298,75993,2025,2025,,,glm_seasonal_region_offset@sha256:1263c02735ca074e9c0e087ea0f9b7c81eff390a3df5e4d0639669fa497d8f70,kme_data@sha256:340ffae552aaffe721317f98459ada4ff964dae2a086bf97e76d4980088eabe9,2026-08-30,sealed_without_pipeline_access_to_2026_KME_outcomes
07,JUGOVZHODNA SLOVENIJA,2026-11-02,2026-11-09,2026-12-28,8,baseline_region_historical_rate,primary_simple_baseline,1.0771151173102371,0.7245006506425218,148670,2025,2025,,,baseline_region_historical_rate@sha256:dd1938fb6c1d1ca857d7b311203bd83930b11ddcd87bf2c7b9d8d7facdaeb05f,kme_data@sha256:340ffae552aaffe721317f98459ada4ff964dae2a086bf97e76d4980088eabe9,2026-08-30,sealed_without_pipeline_access_to_2026_KME_outcomes
07,JUGOVZHODNA SLOVENIJA,2026-11-02,2026-11-09,2026-12-28,8,glm_seasonal_region_offset,frozen_selected_model,0.17120530745746612,0.11515793869473742,148670,2025,2025,,,glm_seasonal_region_offset@sha256:1263c02735ca074e9c0e087ea0f9b7c81eff390a3df5e4d0639669fa497d8f70,kme_data@sha256:340ffae552aaffe721317f98459ada4ff964dae2a086bf97e76d4980088eabe9,2026-08-30,sealed_without_pipeline_access_to_2026_KME_outcomes
08,OSREDNJESLOVENSKA STATISTIČNA REGIJA,2026-11-02,2026-11-09,2026-12-28,8,baseline_region_historical_rate,primary_simple_baseline,4.7241152797641215,0.8295562192833964,569475,2025,2025,,,baseline_region_historical_rate@sha256:dd1938fb6c1d1ca857d7b311203bd83930b11ddcd87bf2c7b9d8d7facdaeb05f,kme_data@sha256:340ffae552aaffe721317f98459ada4ff964dae2a086bf97e76d4980088eabe9,2026-08-30,sealed_without_pipeline_access_to_2026_KME_outcomes
08,OSREDNJESLOVENSKA STATISTIČNA REGIJA,2026-11-02,2026-11-09,2026-12-28,8,glm_seasonal_region_offset,frozen_selected_model,0.7509178180217987,0.13186141938132467,569475,2025,2025,,,glm_seasonal_region_offset@sha256:1263c02735ca074e9c0e087ea0f9b7c81eff390a3df5e4d0639669fa497d8f70,kme_data@sha256:340ffae552aaffe721317f98459ada4ff964dae2a086bf97e76d4980088eabe9,2026-08-30,sealed_without_pipeline_access_to_2026_KME_outcomes
09,GORENJSKA STATISTIČNA REGIJA,2026-11-02,2026-11-09,2026-12-28,8,baseline_region_historical_rate,primary_simple_baseline,3.422238199660669,1.630250522654079,209921,2025,2025,,,baseline_region_historical_rate@sha256:dd1938fb6c1d1ca857d7b311203bd83930b11ddcd87bf2c7b9d8d7facdaeb05f,kme_data@sha256:340ffae552aaffe721317f98459ada4ff964dae2a086bf97e76d4980088eabe9,2026-08-30,sealed_without_pipeline_access_to_2026_KME_outcomes
09,GORENJSKA STATISTIČNA REGIJA,2026-11-02,2026-11-09,2026-12-28,8,glm_seasonal_region_offset,frozen_selected_model,0.5440176179155289,0.2591534996096288,209921,2025,2025,,,glm_seasonal_region_offset@sha256:1263c02735ca074e9c0e087ea0f9b7c81eff390a3df5e4d0639669fa497d8f70,kme_data@sha256:340ffae552aaffe721317f98459ada4ff964dae2a086bf97e76d4980088eabe9,2026-08-30,sealed_without_pipeline_access_to_2026_KME_outcomes
10,PRIMORSKO-NOTRANJSKA STATISTIČNA REGIJA,2026-11-02,2026-11-09,2026-12-28,8,baseline_region_historical_rate,primary_simple_baseline,1.2394879903359548,2.302768160992745,53826,2025,2025,,,baseline_region_historical_rate@sha256:dd1938fb6c1d1ca857d7b311203bd83930b11ddcd87bf2c7b9d8d7facdaeb05f,kme_data@sha256:340ffae552aaffe721317f98459ada4ff964dae2a086bf97e76d4980088eabe9,2026-08-30,sealed_without_pipeline_access_to_2026_KME_outcomes
10,PRIMORSKO-NOTRANJSKA STATISTIČNA REGIJA,2026-11-02,2026-11-09,2026-12-28,8,glm_seasonal_region_offset,frozen_selected_model,0.19700665185669314,0.3660064873048213,53826,2025,2025,,,glm_seasonal_region_offset@sha256:1263c02735ca074e9c0e087ea0f9b7c81eff390a3df5e4d0639669fa497d8f70,kme_data@sha256:340ffae552aaffe721317f98459ada4ff964dae2a086bf97e76d4980088eabe9,2026-08-30,sealed_without_pipeline_access_to_2026_KME_outcomes
11,GORIŠKA STATISTIČNA REGIJA,2026-11-02,2026-11-09,2026-12-28,8,baseline_region_historical_rate,primary_simple_baseline,0.7313576288084981,0.6192907709054482,118096,2025,2025,,,baseline_region_historical_rate@sha256:dd1938fb6c1d1ca857d7b311203bd83930b11ddcd87bf2c7b9d8d7facdaeb05f,kme_data@sha256:340ffae552aaffe721317f98459ada4ff964dae2a086bf97e76d4980088eabe9,2026-08-30,sealed_without_pipeline_access_to_2026_KME_outcomes
11,GORIŠKA STATISTIČNA REGIJA,2026-11-02,2026-11-09,2026-12-28,8,glm_seasonal_region_offset,frozen_selected_model,0.11626225999536313,0.09844724630416199,118096,2025,2025,,,glm_seasonal_region_offset@sha256:1263c02735ca074e9c0e087ea0f9b7c81eff390a3df5e4d0639669fa497d8f70,kme_data@sha256:340ffae552aaffe721317f98459ada4ff964dae2a086bf97e76d4980088eabe9,2026-08-30,sealed_without_pipeline_access_to_2026_KME_outcomes
12,OBALNO-KRAŠKA STATISTIČNA REGIJA,2026-11-02,2026-11-09,2026-12-28,8,baseline_region_historical_rate,primary_simple_baseline,0.12877006061375834,0.10764297408925941,119627,2025,2025,,,baseline_region_historical_rate@sha256:dd1938fb6c1d1ca857d7b311203bd83930b11ddcd87bf2c7b9d8d7facdaeb05f,kme_data@sha256:340ffae552aaffe721317f98459ada4ff964dae2a086bf97e76d4980088eabe9,2026-08-30,sealed_without_pipeline_access_to_2026_KME_outcomes
12,OBALNO-KRAŠKA STATISTIČNA REGIJA,2026-11-02,2026-11-09,2026-12-28,8,glm_seasonal_region_offset,frozen_selected_model,0.020641278771475504,0.017254698998951327,119627,2025,2025,,,glm_seasonal_region_offset@sha256:1263c02735ca074e9c0e087ea0f9b7c81eff390a3df5e4d0639669fa497d8f70,kme_data@sha256:340ffae552aaffe721317f98459ada4ff964dae2a086bf97e76d4980088eabe9,2026-08-30,sealed_without_pipeline_access_to_2026_KME_outcomes
