statistical_region_code,issue_week,target_window_start,target_window_end,target_reported_lyme_cases_next_8w,target_reported_kme_cases_next_8w,target_reported_lyme_plus_kme_cases_next_8w,target_status,target_training_eligible
01,2014-12-29,2015-01-05,2015-02-23,15,0,15,complete,true
01,2015-01-05,2015-01-12,2015-03-02,14,0,14,complete,true
01,2015-01-12,2015-01-19,2015-03-09,12,0,12,complete,true
01,2015-01-19,2015-01-26,2015-03-16,12,0,12,complete,true
01,2015-01-26,2015-02-02,2015-03-23,13,0,13,complete,true
01,2015-02-02,2015-02-09,2015-03-30,16,0,16,complete,true
01,2015-02-09,2015-02-16,2015-04-06,17,0,17,complete,true
01,2015-02-16,2015-02-23,2015-04-13,17,0,17,complete,true
01,2015-02-23,2015-03-02,2015-04-20,20,0,20,complete,true
01,2015-03-02,2015-03-09,2015-04-27,23,0,23,complete,true
01,2015-03-09,2015-03-16,2015-05-04,36,0,36,complete,true
01,2015-03-16,2015-03-23,2015-05-11,43,0,43,complete,true
01,2015-03-23,2015-03-30,2015-05-18,51,1,52,complete,true
01,2015-03-30,2015-04-06,2015-05-25,59,1,60,complete,true
01,2015-04-06,2015-04-13,2015-06-01,72,1,73,complete,true
01,2015-04-13,2015-04-20,2015-06-08,87,1,88,complete,true
01,2015-04-20,2015-04-27,2015-06-15,101,2,103,complete,true
01,2015-04-27,2015-05-04,2015-06-22,120,2,122,complete,true
01,2015-05-04,2015-05-11,2015-06-29,118,2,120,complete,true
01,2015-05-11,2015-05-18,2015-07-06,115,2,117,complete,true
01,2015-05-18,2015-05-25,2015-07-13,116,1,117,complete,true
01,2015-05-25,2015-06-01,2015-07-20,116,1,117,complete,true
01,2015-06-01,2015-06-08,2015-07-27,111,1,112,complete,true
01,2015-06-08,2015-06-15,2015-08-03,100,1,101,complete,true
01,2015-06-15,2015-06-22,2015-08-10,91,0,91,complete,true
01,2015-06-22,2015-06-29,2015-08-17,79,0,79,complete,true
01,2015-06-29,2015-07-06,2015-08-24,71,0,71,complete,true
01,2015-07-06,2015-07-13,2015-08-31,80,0,80,complete,true
01,2015-07-13,2015-07-20,2015-09-07,72,0,72,complete,true
01,2015-07-20,2015-07-27,2015-09-14,63,0,63,complete,true
01,2015-07-27,2015-08-03,2015-09-21,53,0,53,complete,true
01,2015-08-03,2015-08-10,2015-09-28,52,0,52,complete,true
01,2015-08-10,2015-08-17,2015-10-05,42,0,42,complete,true
01,2015-08-17,2015-08-24,2015-10-12,32,0,32,complete,true
01,2015-08-24,2015-08-31,2015-10-19,30,0,30,complete,true
01,2015-08-31,2015-09-07,2015-10-26,18,0,18,complete,true
01,2015-09-07,2015-09-14,2015-11-02,20,0,20,complete,true
01,2015-09-14,2015-09-21,2015-11-09,22,0,22,complete,true
01,2015-09-21,2015-09-28,2015-11-16,22,0,22,complete,true
01,2015-09-28,2015-10-05,2015-11-23,20,0,20,complete,true
01,2015-10-05,2015-10-12,2015-11-30,24,0,24,complete,true
01,2015-10-12,2015-10-19,2015-12-07,27,0,27,complete,true
01,2015-10-19,2015-10-26,2015-12-14,26,0,26,complete,true
01,2015-10-26,2015-11-02,2015-12-21,26,0,26,complete,true
01,2015-11-02,2015-11-09,2015-12-28,23,0,23,complete,true
01,2015-11-09,2015-11-16,2016-01-04,22,0,22,complete,true
01,2015-11-16,2015-11-23,2016-01-11,22,0,22,complete,true
01,2015-11-23,2015-11-30,2016-01-18,19,0,19,complete,true
01,2015-11-30,2015-12-07,2016-01-25,15,0,15,complete,true
01,2015-12-07,2015-12-14,2016-02-01,11,0,11,complete,true
01,2015-12-14,2015-12-21,2016-02-08,11,0,11,complete,true
01,2015-12-21,2015-12-28,2016-02-15,11,0,11,complete,true
01,2015-12-28,2016-01-04,2016-02-22,10,0,10,complete,true
01,2016-01-04,2016-01-11,2016-02-29,7,0,7,complete,true
01,2016-01-11,2016-01-18,2016-03-07,9,0,9,complete,true
01,2016-01-18,2016-01-25,2016-03-14,11,0,11,complete,true
01,2016-01-25,2016-02-01,2016-03-21,12,0,12,complete,true
01,2016-02-01,2016-02-08,2016-03-28,16,0,16,complete,true
01,2016-02-08,2016-02-15,2016-04-04,18,0,18,complete,true
01,2016-02-15,2016-02-22,2016-04-11,23,0,23,complete,true
01,2016-02-22,2016-02-29,2016-04-18,30,0,30,complete,true
01,2016-02-29,2016-03-07,2016-04-25,36,0,36,complete,true
01,2016-03-07,2016-03-14,2016-05-02,41,0,41,complete,true
01,2016-03-14,2016-03-21,2016-05-09,48,0,48,complete,true
01,2016-03-21,2016-03-28,2016-05-16,58,0,58,complete,true
01,2016-03-28,2016-04-04,2016-05-23,70,0,70,complete,true
01,2016-04-04,2016-04-11,2016-05-30,79,1,80,complete,true
01,2016-04-11,2016-04-18,2016-06-06,92,2,94,complete,true
01,2016-04-18,2016-04-25,2016-06-13,100,2,102,complete,true
01,2016-04-25,2016-05-02,2016-06-20,111,2,113,complete,true
01,2016-05-02,2016-05-09,2016-06-27,125,2,127,complete,true
01,2016-05-09,2016-05-16,2016-07-04,136,2,138,complete,true
01,2016-05-16,2016-05-23,2016-07-11,138,2,140,complete,true
01,2016-05-23,2016-05-30,2016-07-18,132,2,134,complete,true
01,2016-05-30,2016-06-06,2016-07-25,135,2,137,complete,true
01,2016-06-06,2016-06-13,2016-08-01,123,1,124,complete,true
01,2016-06-13,2016-06-20,2016-08-08,114,1,115,complete,true
01,2016-06-20,2016-06-27,2016-08-15,104,1,105,complete,true
01,2016-06-27,2016-07-04,2016-08-22,89,1,90,complete,true
01,2016-07-04,2016-07-11,2016-08-29,79,1,80,complete,true
01,2016-07-11,2016-07-18,2016-09-05,69,1,70,complete,true
01,2016-07-18,2016-07-25,2016-09-12,69,1,70,complete,true
01,2016-07-25,2016-08-01,2016-09-19,55,0,55,complete,true
01,2016-08-01,2016-08-08,2016-09-26,56,0,56,complete,true
01,2016-08-08,2016-08-15,2016-10-03,53,0,53,complete,true
01,2016-08-15,2016-08-22,2016-10-10,49,0,49,complete,true
01,2016-08-22,2016-08-29,2016-10-17,49,0,49,complete,true
01,2016-08-29,2016-09-05,2016-10-24,41,0,41,complete,true
01,2016-09-05,2016-09-12,2016-10-31,43,0,43,complete,true
01,2016-09-12,2016-09-19,2016-11-07,38,0,38,complete,true
01,2016-09-19,2016-09-26,2016-11-14,41,0,41,complete,true
01,2016-09-26,2016-10-03,2016-11-21,34,0,34,complete,true
01,2016-10-03,2016-10-10,2016-11-28,33,0,33,complete,true
01,2016-10-10,2016-10-17,2016-12-05,36,0,36,complete,true
01,2016-10-17,2016-10-24,2016-12-12,33,0,33,complete,true
01,2016-10-24,2016-10-31,2016-12-19,33,0,33,complete,true
01,2016-10-31,2016-11-07,2016-12-26,30,0,30,complete,true
01,2016-11-07,2016-11-14,2017-01-02,28,0,28,complete,true
01,2016-11-14,2016-11-21,2017-01-09,27,0,27,complete,true
01,2016-11-21,2016-11-28,2017-01-16,26,0,26,complete,true
01,2016-11-28,2016-12-05,2017-01-23,25,0,25,complete,true
01,2016-12-05,2016-12-12,2017-01-30,21,0,21,complete,true
01,2016-12-12,2016-12-19,2017-02-06,17,0,17,complete,true
01,2016-12-19,2016-12-26,2017-02-13,17,0,17,complete,true
01,2016-12-26,2017-01-02,2017-02-20,19,0,19,complete,true
01,2017-01-02,2017-01-09,2017-02-27,18,0,18,complete,true
01,2017-01-09,2017-01-16,2017-03-06,15,0,15,complete,true
01,2017-01-16,2017-01-23,2017-03-13,18,0,18,complete,true
01,2017-01-23,2017-01-30,2017-03-20,16,0,16,complete,true
01,2017-01-30,2017-02-06,2017-03-27,17,0,17,complete,true
01,2017-02-06,2017-02-13,2017-04-03,24,1,25,complete,true
01,2017-02-13,2017-02-20,2017-04-10,25,2,27,complete,true
01,2017-02-20,2017-02-27,2017-04-17,22,2,24,complete,true
01,2017-02-27,2017-03-06,2017-04-24,27,2,29,complete,true
01,2017-03-06,2017-03-13,2017-05-01,33,3,36,complete,true
01,2017-03-13,2017-03-20,2017-05-08,41,3,44,complete,true
01,2017-03-20,2017-03-27,2017-05-15,48,3,51,complete,true
01,2017-03-27,2017-04-03,2017-05-22,56,4,60,complete,true
01,2017-04-03,2017-04-10,2017-05-29,71,3,74,complete,true
01,2017-04-10,2017-04-17,2017-06-05,88,2,90,complete,true
01,2017-04-17,2017-04-24,2017-06-12,109,2,111,complete,true
01,2017-04-24,2017-05-01,2017-06-19,125,2,127,complete,true
01,2017-05-01,2017-05-08,2017-06-26,137,1,138,complete,true
01,2017-05-08,2017-05-15,2017-07-03,143,1,144,complete,true
01,2017-05-15,2017-05-22,2017-07-10,151,1,152,complete,true
01,2017-05-22,2017-05-29,2017-07-17,157,0,157,complete,true
01,2017-05-29,2017-06-05,2017-07-24,147,0,147,complete,true
01,2017-06-05,2017-06-12,2017-07-31,138,0,138,complete,true
01,2017-06-12,2017-06-19,2017-08-07,126,0,126,complete,true
01,2017-06-19,2017-06-26,2017-08-14,116,0,116,complete,true
01,2017-06-26,2017-07-03,2017-08-21,105,0,105,complete,true
01,2017-07-03,2017-07-10,2017-08-28,98,0,98,complete,true
01,2017-07-10,2017-07-17,2017-09-04,85,0,85,complete,true
01,2017-07-17,2017-07-24,2017-09-11,74,0,74,complete,true
01,2017-07-24,2017-07-31,2017-09-18,68,1,69,complete,true
01,2017-07-31,2017-08-07,2017-09-25,64,1,65,complete,true
01,2017-08-07,2017-08-14,2017-10-02,61,1,62,complete,true
01,2017-08-14,2017-08-21,2017-10-09,54,1,55,complete,true
01,2017-08-21,2017-08-28,2017-10-16,54,1,55,complete,true
01,2017-08-28,2017-09-04,2017-10-23,51,1,52,complete,true
01,2017-09-04,2017-09-11,2017-10-30,51,1,52,complete,true
01,2017-09-11,2017-09-18,2017-11-06,55,1,56,complete,true
01,2017-09-18,2017-09-25,2017-11-13,54,0,54,complete,true
01,2017-09-25,2017-10-02,2017-11-20,51,0,51,complete,true
01,2017-10-02,2017-10-09,2017-11-27,48,0,48,complete,true
01,2017-10-09,2017-10-16,2017-12-04,47,0,47,complete,true
01,2017-10-16,2017-10-23,2017-12-11,41,0,41,complete,true
01,2017-10-23,2017-10-30,2017-12-18,38,0,38,complete,true
01,2017-10-30,2017-11-06,2017-12-25,38,0,38,complete,true
01,2017-11-06,2017-11-13,2018-01-01,31,0,31,complete,true
01,2017-11-13,2017-11-20,2018-01-08,29,0,29,complete,true
01,2017-11-20,2017-11-27,2018-01-15,40,0,40,complete,true
01,2017-11-27,2017-12-04,2018-01-22,38,0,38,complete,true
01,2017-12-04,2017-12-11,2018-01-29,33,0,33,complete,true
01,2017-12-11,2017-12-18,2018-02-05,36,0,36,complete,true
01,2017-12-18,2017-12-25,2018-02-12,34,0,34,complete,true
01,2017-12-25,2018-01-01,2018-02-19,34,0,34,complete,true
01,2018-01-01,2018-01-08,2018-02-26,32,0,32,complete,true
01,2018-01-08,2018-01-15,2018-03-05,43,0,43,complete,true
01,2018-01-15,2018-01-22,2018-03-12,30,0,30,complete,true
01,2018-01-22,2018-01-29,2018-03-19,30,0,30,complete,true
01,2018-01-29,2018-02-05,2018-03-26,35,0,35,complete,true
01,2018-02-05,2018-02-12,2018-04-02,36,0,36,complete,true
01,2018-02-12,2018-02-19,2018-04-09,41,0,41,complete,true
01,2018-02-19,2018-02-26,2018-04-16,44,0,44,complete,true
01,2018-02-26,2018-03-05,2018-04-23,57,1,58,complete,true
01,2018-03-05,2018-03-12,2018-04-30,55,2,57,complete,true
01,2018-03-12,2018-03-19,2018-05-07,68,2,70,complete,true
01,2018-03-19,2018-03-26,2018-05-14,94,2,96,complete,true
01,2018-03-26,2018-04-02,2018-05-21,111,2,113,complete,true
01,2018-04-02,2018-04-09,2018-05-28,132,3,135,complete,true
01,2018-04-09,2018-04-16,2018-06-04,151,3,154,complete,true
01,2018-04-16,2018-04-23,2018-06-11,179,4,183,complete,true
01,2018-04-23,2018-04-30,2018-06-18,190,3,193,complete,true
01,2018-04-30,2018-05-07,2018-06-25,198,2,200,complete,true
01,2018-05-07,2018-05-14,2018-07-02,203,2,205,complete,true
01,2018-05-14,2018-05-21,2018-07-09,197,2,199,complete,true
01,2018-05-21,2018-05-28,2018-07-16,196,2,198,complete,true
01,2018-05-28,2018-06-04,2018-07-23,196,1,197,complete,true
01,2018-06-04,2018-06-11,2018-07-30,192,1,193,complete,true
01,2018-06-11,2018-06-18,2018-08-06,182,0,182,complete,true
01,2018-06-18,2018-06-25,2018-08-13,176,0,176,complete,true
01,2018-06-25,2018-07-02,2018-08-20,167,0,167,complete,true
01,2018-07-02,2018-07-09,2018-08-27,152,0,152,complete,true
01,2018-07-09,2018-07-16,2018-09-03,133,0,133,complete,true
01,2018-07-16,2018-07-23,2018-09-10,117,0,117,complete,true
01,2018-07-23,2018-07-30,2018-09-17,100,1,101,complete,true
01,2018-07-30,2018-08-06,2018-09-24,80,1,81,complete,true
01,2018-08-06,2018-08-13,2018-10-01,65,1,66,complete,true
01,2018-08-13,2018-08-20,2018-10-08,50,1,51,complete,true
01,2018-08-20,2018-08-27,2018-10-15,47,1,48,complete,true
01,2018-08-27,2018-09-03,2018-10-22,45,1,46,complete,true
01,2018-09-03,2018-09-10,2018-10-29,49,1,50,complete,true
01,2018-09-10,2018-09-17,2018-11-05,51,1,52,complete,true
01,2018-09-17,2018-09-24,2018-11-12,57,0,57,complete,true
01,2018-09-24,2018-10-01,2018-11-19,56,0,56,complete,true
01,2018-10-01,2018-10-08,2018-11-26,50,0,50,complete,true
01,2018-10-08,2018-10-15,2018-12-03,48,0,48,complete,true
01,2018-10-15,2018-10-22,2018-12-10,56,0,56,complete,true
01,2018-10-22,2018-10-29,2018-12-17,55,0,55,complete,true
01,2018-10-29,2018-11-05,2018-12-24,48,0,48,complete,true
01,2018-11-05,2018-11-12,2018-12-31,43,0,43,complete,true
01,2018-11-12,2018-11-19,2019-01-07,29,0,29,complete,true
01,2018-11-19,2018-11-26,2019-01-14,38,0,38,complete,true
01,2018-11-26,2018-12-03,2019-01-21,36,0,36,complete,true
01,2018-12-03,2018-12-10,2019-01-28,36,0,36,complete,true
01,2018-12-10,2018-12-17,2019-02-04,20,0,20,complete,true
01,2018-12-17,2018-12-24,2019-02-11,20,0,20,complete,true
01,2018-12-24,2018-12-31,2019-02-18,30,0,30,complete,true
01,2018-12-31,2019-01-07,2019-02-25,29,0,29,complete,true
01,2019-01-07,2019-01-14,2019-03-04,27,0,27,complete,true
01,2019-01-14,2019-01-21,2019-03-11,18,1,19,complete,true
01,2019-01-21,2019-01-28,2019-03-18,24,1,25,complete,true
01,2019-01-28,2019-02-04,2019-03-25,26,1,27,complete,true
01,2019-02-04,2019-02-11,2019-04-01,30,1,31,complete,true
01,2019-02-11,2019-02-18,2019-04-08,44,2,46,complete,true
01,2019-02-18,2019-02-25,2019-04-15,36,3,39,complete,true
01,2019-02-25,2019-03-04,2019-04-22,44,3,47,complete,true
01,2019-03-04,2019-03-11,2019-04-29,46,3,49,complete,true
01,2019-03-11,2019-03-18,2019-05-06,65,2,67,complete,true
01,2019-03-18,2019-03-25,2019-05-13,72,3,75,complete,true
01,2019-03-25,2019-04-01,2019-05-20,80,3,83,complete,true
01,2019-04-01,2019-04-08,2019-05-27,89,3,92,complete,true
01,2019-04-08,2019-04-15,2019-06-03,82,2,84,complete,true
01,2019-04-15,2019-04-22,2019-06-10,88,1,89,complete,true
01,2019-04-22,2019-04-29,2019-06-17,103,1,104,complete,true
01,2019-04-29,2019-05-06,2019-06-24,117,1,118,complete,true
01,2019-05-06,2019-05-13,2019-07-01,116,1,117,complete,true
01,2019-05-13,2019-05-20,2019-07-08,126,0,126,complete,true
01,2019-05-20,2019-05-27,2019-07-15,125,1,126,complete,true
01,2019-05-27,2019-06-03,2019-07-22,125,1,126,complete,true
01,2019-06-03,2019-06-10,2019-07-29,121,1,122,complete,true
01,2019-06-10,2019-06-17,2019-08-05,117,1,118,complete,true
01,2019-06-17,2019-06-24,2019-08-12,106,1,107,complete,true
01,2019-06-24,2019-07-01,2019-08-19,97,1,98,complete,true
01,2019-07-01,2019-07-08,2019-08-26,82,1,83,complete,true
01,2019-07-08,2019-07-15,2019-09-02,62,1,63,complete,true
01,2019-07-15,2019-07-22,2019-09-09,55,0,55,complete,true
01,2019-07-22,2019-07-29,2019-09-16,50,0,50,complete,true
01,2019-07-29,2019-08-05,2019-09-23,49,0,49,complete,true
01,2019-08-05,2019-08-12,2019-09-30,46,0,46,complete,true
01,2019-08-12,2019-08-19,2019-10-07,34,0,34,complete,true
01,2019-08-19,2019-08-26,2019-10-14,32,0,32,complete,true
01,2019-08-26,2019-09-02,2019-10-21,29,0,29,complete,true
01,2019-09-02,2019-09-09,2019-10-28,32,0,32,complete,true
01,2019-09-09,2019-09-16,2019-11-04,30,0,30,complete,true
01,2019-09-16,2019-09-23,2019-11-11,26,0,26,complete,true
01,2019-09-23,2019-09-30,2019-11-18,25,0,25,complete,true
01,2019-09-30,2019-10-07,2019-11-25,34,0,34,complete,true
01,2019-10-07,2019-10-14,2019-12-02,40,0,40,complete,true
01,2019-10-14,2019-10-21,2019-12-09,45,0,45,complete,true
01,2019-10-21,2019-10-28,2019-12-16,46,0,46,complete,true
01,2019-10-28,2019-11-04,2019-12-23,44,0,44,complete,true
01,2019-11-04,2019-11-11,2019-12-30,42,0,42,complete,true
01,2019-11-11,2019-11-18,2020-01-06,45,0,45,complete,true
01,2019-11-18,2019-11-25,2020-01-13,44,0,44,complete,true
01,2019-11-25,2019-12-02,2020-01-20,43,0,43,complete,true
01,2019-12-02,2019-12-09,2020-01-27,39,0,39,complete,true
01,2019-12-09,2019-12-16,2020-02-03,35,0,35,complete,true
01,2019-12-16,2019-12-23,2020-02-10,43,0,43,complete,true
01,2019-12-23,2019-12-30,2020-02-17,42,0,42,complete,true
01,2019-12-30,2020-01-06,2020-02-24,46,0,46,complete,true
01,2020-01-06,2020-01-13,2020-03-02,49,0,49,complete,true
01,2020-01-13,2020-01-20,2020-03-09,49,0,49,complete,true
01,2020-01-20,2020-01-27,2020-03-16,42,0,42,complete,true
01,2020-01-27,2020-02-03,2020-03-23,45,0,45,complete,true
01,2020-02-03,2020-02-10,2020-03-30,48,0,48,complete,true
01,2020-02-10,2020-02-17,2020-04-06,42,0,42,complete,true
01,2020-02-17,2020-02-24,2020-04-13,46,0,46,complete,true
01,2020-02-24,2020-03-02,2020-04-20,53,2,55,complete,true
01,2020-03-02,2020-03-09,2020-04-27,54,2,56,complete,true
01,2020-03-09,2020-03-16,2020-05-04,64,2,66,complete,true
01,2020-03-16,2020-03-23,2020-05-11,69,2,71,complete,true
01,2020-03-23,2020-03-30,2020-05-18,82,2,84,complete,true
01,2020-03-30,2020-04-06,2020-05-25,89,3,92,complete,true
01,2020-04-06,2020-04-13,2020-06-01,109,3,112,complete,true
01,2020-04-13,2020-04-20,2020-06-08,128,4,132,complete,true
01,2020-04-20,2020-04-27,2020-06-15,154,2,156,complete,true
01,2020-04-27,2020-05-04,2020-06-22,170,2,172,complete,true
01,2020-05-04,2020-05-11,2020-06-29,187,2,189,complete,true
01,2020-05-11,2020-05-18,2020-07-06,204,2,206,complete,true
01,2020-05-18,2020-05-25,2020-07-13,216,2,218,complete,true
01,2020-05-25,2020-06-01,2020-07-20,218,2,220,complete,true
01,2020-06-01,2020-06-08,2020-07-27,214,2,216,complete,true
01,2020-06-08,2020-06-15,2020-08-03,207,1,208,complete,true
01,2020-06-15,2020-06-22,2020-08-10,200,1,201,complete,true
01,2020-06-22,2020-06-29,2020-08-17,184,2,186,complete,true
01,2020-06-29,2020-07-06,2020-08-24,165,2,167,complete,true
01,2020-07-06,2020-07-13,2020-08-31,155,2,157,complete,true
01,2020-07-13,2020-07-20,2020-09-07,133,2,135,complete,true
01,2020-07-20,2020-07-27,2020-09-14,137,1,138,complete,true
01,2020-07-27,2020-08-03,2020-09-21,124,1,125,complete,true
01,2020-08-03,2020-08-10,2020-09-28,113,1,114,complete,true
01,2020-08-10,2020-08-17,2020-10-05,89,1,90,complete,true
01,2020-08-17,2020-08-24,2020-10-12,81,0,81,complete,true
01,2020-08-24,2020-08-31,2020-10-19,88,0,88,complete,true
01,2020-08-31,2020-09-07,2020-10-26,76,0,76,complete,true
01,2020-09-07,2020-09-14,2020-11-02,78,0,78,complete,true
01,2020-09-14,2020-09-21,2020-11-09,60,0,60,complete,true
01,2020-09-21,2020-09-28,2020-11-16,57,0,57,complete,true
01,2020-09-28,2020-10-05,2020-11-23,50,0,50,complete,true
01,2020-10-05,2020-10-12,2020-11-30,45,0,45,complete,true
01,2020-10-12,2020-10-19,2020-12-07,50,0,50,complete,true
01,2020-10-19,2020-10-26,2020-12-14,36,0,36,complete,true
01,2020-10-26,2020-11-02,2020-12-21,33,0,33,complete,true
01,2020-11-02,2020-11-09,2020-12-28,22,0,22,complete,true
01,2020-11-09,2020-11-16,2021-01-04,18,0,18,complete,true
01,2020-11-16,2020-11-23,2021-01-11,16,0,16,complete,true
01,2020-11-23,2020-11-30,2021-01-18,15,0,15,complete,true
01,2020-11-30,2020-12-07,2021-01-25,16,0,16,complete,true
01,2020-12-07,2020-12-14,2021-02-01,11,0,11,complete,true
01,2020-12-14,2020-12-21,2021-02-08,11,0,11,complete,true
01,2020-12-21,2020-12-28,2021-02-15,12,0,12,complete,true
01,2020-12-28,2021-01-04,2021-02-22,14,0,14,complete,true
01,2021-01-04,2021-01-11,2021-03-01,16,0,16,complete,true
01,2021-01-11,2021-01-18,2021-03-08,18,0,18,complete,true
01,2021-01-18,2021-01-25,2021-03-15,19,0,19,complete,true
01,2021-01-25,2021-02-01,2021-03-22,19,0,19,complete,true
01,2021-02-01,2021-02-08,2021-03-29,16,0,16,complete,true
01,2021-02-08,2021-02-15,2021-04-05,15,0,15,complete,true
01,2021-02-15,2021-02-22,2021-04-12,23,0,23,complete,true
01,2021-02-22,2021-03-01,2021-04-19,27,0,27,complete,true
01,2021-03-01,2021-03-08,2021-04-26,36,0,36,complete,true
01,2021-03-08,2021-03-15,2021-05-03,34,0,34,complete,true
01,2021-03-15,2021-03-22,2021-05-10,44,1,45,complete,true
01,2021-03-22,2021-03-29,2021-05-17,53,2,55,complete,true
01,2021-03-29,2021-04-05,2021-05-24,61,2,63,complete,true
01,2021-04-05,2021-04-12,2021-05-31,69,2,71,complete,true
01,2021-04-12,2021-04-19,2021-06-07,69,3,72,complete,true
01,2021-04-19,2021-04-26,2021-06-14,75,3,78,complete,true
01,2021-04-26,2021-05-03,2021-06-21,76,3,79,complete,true
01,2021-05-03,2021-05-10,2021-06-28,87,3,90,complete,true
01,2021-05-10,2021-05-17,2021-07-05,84,2,86,complete,true
01,2021-05-17,2021-05-24,2021-07-12,81,1,82,complete,true
01,2021-05-24,2021-05-31,2021-07-19,86,1,87,complete,true
01,2021-05-31,2021-06-07,2021-07-26,81,2,83,complete,true
01,2021-06-07,2021-06-14,2021-08-02,76,1,77,complete,true
01,2021-06-14,2021-06-21,2021-08-09,66,1,67,complete,true
01,2021-06-21,2021-06-28,2021-08-16,62,1,63,complete,true
01,2021-06-28,2021-07-05,2021-08-23,55,1,56,complete,true
01,2021-07-05,2021-07-12,2021-08-30,51,1,52,complete,true
01,2021-07-12,2021-07-19,2021-09-06,54,1,55,complete,true
01,2021-07-19,2021-07-26,2021-09-13,64,1,65,complete,true
01,2021-07-26,2021-08-02,2021-09-20,60,0,60,complete,true
01,2021-08-02,2021-08-09,2021-09-27,59,0,59,complete,true
01,2021-08-09,2021-08-16,2021-10-04,58,0,58,complete,true
01,2021-08-16,2021-08-23,2021-10-11,52,0,52,complete,true
01,2021-08-23,2021-08-30,2021-10-18,47,0,47,complete,true
01,2021-08-30,2021-09-06,2021-10-25,48,0,48,complete,true
01,2021-09-06,2021-09-13,2021-11-01,37,0,37,complete,true
01,2021-09-13,2021-09-20,2021-11-08,16,0,16,complete,true
01,2021-09-20,2021-09-27,2021-11-15,17,0,17,complete,true
01,2021-09-27,2021-10-04,2021-11-22,14,0,14,complete,true
01,2021-10-04,2021-10-11,2021-11-29,33,0,33,complete,true
01,2021-10-11,2021-10-18,2021-12-06,32,0,32,complete,true
01,2021-10-18,2021-10-25,2021-12-13,39,0,39,complete,true
01,2021-10-25,2021-11-01,2021-12-20,35,0,35,complete,true
01,2021-11-01,2021-11-08,2021-12-27,36,0,36,complete,true
01,2021-11-08,2021-11-15,2022-01-03,35,0,35,complete,true
01,2021-11-15,2021-11-22,2022-01-10,42,0,42,complete,true
01,2021-11-22,2021-11-29,2022-01-17,43,0,43,complete,true
01,2021-11-29,2021-12-06,2022-01-24,23,0,23,complete,true
01,2021-12-06,2021-12-13,2022-01-31,23,0,23,complete,true
01,2021-12-13,2021-12-20,2022-02-07,15,0,15,complete,true
01,2021-12-20,2021-12-27,2022-02-14,22,0,22,complete,true
01,2021-12-27,2022-01-03,2022-02-21,23,0,23,complete,true
01,2022-01-03,2022-01-10,2022-02-28,23,0,23,complete,true
01,2022-01-10,2022-01-17,2022-03-07,16,0,16,complete,true
01,2022-01-17,2022-01-24,2022-03-14,15,0,15,complete,true
01,2022-01-24,2022-01-31,2022-03-21,20,0,20,complete,true
01,2022-01-31,2022-02-07,2022-03-28,20,0,20,complete,true
01,2022-02-07,2022-02-14,2022-04-04,19,0,19,complete,true
01,2022-02-14,2022-02-21,2022-04-11,11,0,11,complete,true
01,2022-02-21,2022-02-28,2022-04-18,12,0,12,complete,true
01,2022-02-28,2022-03-07,2022-04-25,12,0,12,complete,true
01,2022-03-07,2022-03-14,2022-05-02,18,1,19,complete,true
01,2022-03-14,2022-03-21,2022-05-09,31,1,32,complete,true
01,2022-03-21,2022-03-28,2022-05-16,31,1,32,complete,true
01,2022-03-28,2022-04-04,2022-05-23,39,2,41,complete,true
01,2022-04-04,2022-04-11,2022-05-30,49,2,51,complete,true
01,2022-04-11,2022-04-18,2022-06-06,68,2,70,complete,true
01,2022-04-18,2022-04-25,2022-06-13,88,2,90,complete,true
01,2022-04-25,2022-05-02,2022-06-20,102,2,104,complete,true
01,2022-05-02,2022-05-09,2022-06-27,97,1,98,complete,true
01,2022-05-09,2022-05-16,2022-07-04,95,1,96,complete,true
01,2022-05-16,2022-05-23,2022-07-11,101,1,102,complete,true
01,2022-05-23,2022-05-30,2022-07-18,103,0,103,complete,true
01,2022-05-30,2022-06-06,2022-07-25,97,0,97,complete,true
01,2022-06-06,2022-06-13,2022-08-01,79,0,79,complete,true
01,2022-06-13,2022-06-20,2022-08-08,61,0,61,complete,true
01,2022-06-20,2022-06-27,2022-08-15,51,0,51,complete,true
01,2022-06-27,2022-07-04,2022-08-22,57,0,57,complete,true
01,2022-07-04,2022-07-11,2022-08-29,48,0,48,complete,true
01,2022-07-11,2022-07-18,2022-09-05,44,0,44,complete,true
01,2022-07-18,2022-07-25,2022-09-12,34,0,34,complete,true
01,2022-07-25,2022-08-01,2022-09-19,41,0,41,complete,true
01,2022-08-01,2022-08-08,2022-09-26,41,0,41,complete,true
01,2022-08-08,2022-08-15,2022-10-03,36,0,36,complete,true
01,2022-08-15,2022-08-22,2022-10-10,32,0,32,complete,true
01,2022-08-22,2022-08-29,2022-10-17,28,0,28,complete,true
01,2022-08-29,2022-09-05,2022-10-24,28,1,29,complete,true
01,2022-09-05,2022-09-12,2022-10-31,23,1,24,complete,true
01,2022-09-12,2022-09-19,2022-11-07,34,1,35,complete,true
01,2022-09-19,2022-09-26,2022-11-14,25,1,26,complete,true
01,2022-09-26,2022-10-03,2022-11-21,26,1,27,complete,true
01,2022-10-03,2022-10-10,2022-11-28,27,1,28,complete,true
01,2022-10-10,2022-10-17,2022-12-05,29,1,30,complete,true
01,2022-10-17,2022-10-24,2022-12-12,25,1,26,complete,true
01,2022-10-24,2022-10-31,2022-12-19,24,0,24,complete,true
01,2022-10-31,2022-11-07,2022-12-26,23,0,23,complete,true
01,2022-11-07,2022-11-14,2023-01-02,16,0,16,complete,true
01,2022-11-14,2022-11-21,2023-01-09,14,0,14,complete,true
01,2022-11-21,2022-11-28,2023-01-16,17,0,17,complete,true
01,2022-11-28,2022-12-05,2023-01-23,16,0,16,complete,true
01,2022-12-05,2022-12-12,2023-01-30,13,0,13,complete,true
01,2022-12-12,2022-12-19,2023-02-06,12,0,12,complete,true
01,2022-12-19,2022-12-26,2023-02-13,19,0,19,complete,true
01,2022-12-26,2023-01-02,2023-02-20,18,0,18,complete,true
01,2023-01-02,2023-01-09,2023-02-27,13,0,13,complete,true
01,2023-01-09,2023-01-16,2023-03-06,14,0,14,complete,true
01,2023-01-16,2023-01-23,2023-03-13,10,0,10,complete,true
01,2023-01-23,2023-01-30,2023-03-20,17,0,17,complete,true
01,2023-01-30,2023-02-06,2023-03-27,20,0,20,complete,true
01,2023-02-06,2023-02-13,2023-04-03,21,0,21,complete,true
01,2023-02-13,2023-02-20,2023-04-10,14,0,14,complete,true
01,2023-02-20,2023-02-27,2023-04-17,15,0,15,complete,true
01,2023-02-27,2023-03-06,2023-04-24,17,0,17,complete,true
01,2023-03-06,2023-03-13,2023-05-01,18,0,18,complete,true
01,2023-03-13,2023-03-20,2023-05-08,22,0,22,complete,true
01,2023-03-20,2023-03-27,2023-05-15,22,0,22,complete,true
01,2023-03-27,2023-04-03,2023-05-22,19,0,19,complete,true
01,2023-04-03,2023-04-10,2023-05-29,22,0,22,complete,true
01,2023-04-10,2023-04-17,2023-06-05,25,0,25,complete,true
01,2023-04-17,2023-04-24,2023-06-12,28,1,29,complete,true
01,2023-04-24,2023-05-01,2023-06-19,30,1,31,complete,true
01,2023-05-01,2023-05-08,2023-06-26,33,1,34,complete,true
01,2023-05-08,2023-05-15,2023-07-03,31,1,32,complete,true
01,2023-05-15,2023-05-22,2023-07-10,29,1,30,complete,true
01,2023-05-22,2023-05-29,2023-07-17,36,1,37,complete,true
01,2023-05-29,2023-06-05,2023-07-24,35,1,36,complete,true
01,2023-06-05,2023-06-12,2023-07-31,34,1,35,complete,true
01,2023-06-12,2023-06-19,2023-08-07,32,0,32,complete,true
01,2023-06-19,2023-06-26,2023-08-14,30,0,30,complete,true
01,2023-06-26,2023-07-03,2023-08-21,26,0,26,complete,true
01,2023-07-03,2023-07-10,2023-08-28,26,0,26,complete,true
01,2023-07-10,2023-07-17,2023-09-04,24,0,24,complete,true
01,2023-07-17,2023-07-24,2023-09-11,18,0,18,complete,true
01,2023-07-24,2023-07-31,2023-09-18,16,0,16,complete,true
01,2023-07-31,2023-08-07,2023-09-25,14,0,14,complete,true
01,2023-08-07,2023-08-14,2023-10-02,13,0,13,complete,true
01,2023-08-14,2023-08-21,2023-10-09,12,0,12,complete,true
01,2023-08-21,2023-08-28,2023-10-16,11,0,11,complete,true
01,2023-08-28,2023-09-04,2023-10-23,9,0,9,complete,true
01,2023-09-04,2023-09-11,2023-10-30,6,0,6,complete,true
01,2023-09-11,2023-09-18,2023-11-06,5,0,5,complete,true
01,2023-09-18,2023-09-25,2023-11-13,5,0,5,complete,true
01,2023-09-25,2023-10-02,2023-11-20,5,0,5,complete,true
01,2023-10-02,2023-10-09,2023-11-27,5,0,5,complete,true
01,2023-10-09,2023-10-16,2023-12-04,5,0,5,complete,true
01,2023-10-16,2023-10-23,2023-12-11,5,0,5,complete,true
01,2023-10-23,2023-10-30,2023-12-18,4,0,4,complete,true
01,2023-10-30,2023-11-06,2023-12-25,5,0,5,complete,true
01,2023-11-06,2023-11-13,2024-01-01,5,0,5,complete,true
01,2023-11-13,2023-11-20,2024-01-08,5,0,5,complete,true
01,2023-11-20,2023-11-27,2024-01-15,4,0,4,complete,true
01,2023-11-27,2023-12-04,2024-01-22,3,0,3,complete,true
01,2023-12-04,2023-12-11,2024-01-29,2,0,2,complete,true
01,2023-12-11,2023-12-18,2024-02-05,2,0,2,complete,true
01,2023-12-18,2023-12-25,2024-02-12,2,0,2,complete,true
01,2023-12-25,2024-01-01,2024-02-19,2,0,2,complete,true
01,2024-01-01,2024-01-08,2024-02-26,3,0,3,complete,true
01,2024-01-08,2024-01-15,2024-03-04,2,0,2,complete,true
01,2024-01-15,2024-01-22,2024-03-11,2,0,2,complete,true
01,2024-01-22,2024-01-29,2024-03-18,4,0,4,complete,true
01,2024-01-29,2024-02-05,2024-03-25,6,1,7,complete,true
01,2024-02-05,2024-02-12,2024-04-01,7,1,8,complete,true
01,2024-02-12,2024-02-19,2024-04-08,9,1,10,complete,true
01,2024-02-19,2024-02-26,2024-04-15,10,1,11,complete,true
01,2024-02-26,2024-03-04,2024-04-22,11,1,12,complete,true
01,2024-03-04,2024-03-11,2024-04-29,13,1,14,complete,true
01,2024-03-11,2024-03-18,2024-05-06,15,1,16,complete,true
01,2024-03-18,2024-03-25,2024-05-13,15,1,16,complete,true
01,2024-03-25,2024-04-01,2024-05-20,20,0,20,complete,true
01,2024-04-01,2024-04-08,2024-05-27,21,0,21,complete,true
01,2024-04-08,2024-04-15,2024-06-03,24,1,25,complete,true
01,2024-04-15,2024-04-22,2024-06-10,29,1,30,complete,true
01,2024-04-22,2024-04-29,2024-06-17,30,1,31,complete,true
01,2024-04-29,2024-05-06,2024-06-24,37,1,38,complete,true
01,2024-05-06,2024-05-13,2024-07-01,42,2,44,complete,true
01,2024-05-13,2024-05-20,2024-07-08,47,2,49,complete,true
01,2024-05-20,2024-05-27,2024-07-15,43,2,45,complete,true
01,2024-05-27,2024-06-03,2024-07-22,43,2,45,complete,true
01,2024-06-03,2024-06-10,2024-07-29,41,1,42,complete,true
01,2024-06-10,2024-06-17,2024-08-05,37,1,38,complete,true
01,2024-06-17,2024-06-24,2024-08-12,36,1,37,complete,true
01,2024-06-24,2024-07-01,2024-08-19,28,1,29,complete,true
01,2024-07-01,2024-07-08,2024-08-26,26,0,26,complete,true
01,2024-07-08,2024-07-15,2024-09-02,19,0,19,complete,true
01,2024-07-15,2024-07-22,2024-09-09,18,0,18,complete,true
01,2024-07-22,2024-07-29,2024-09-16,16,0,16,complete,true
01,2024-07-29,2024-08-05,2024-09-23,14,0,14,complete,true
01,2024-08-05,2024-08-12,2024-09-30,11,0,11,complete,true
01,2024-08-12,2024-08-19,2024-10-07,9,0,9,complete,true
01,2024-08-19,2024-08-26,2024-10-14,8,0,8,complete,true
01,2024-08-26,2024-09-02,2024-10-21,5,0,5,complete,true
01,2024-09-02,2024-09-09,2024-10-28,6,0,6,complete,true
01,2024-09-09,2024-09-16,2024-11-04,6,0,6,complete,true
01,2024-09-16,2024-09-23,2024-11-11,7,0,7,complete,true
01,2024-09-23,2024-09-30,2024-11-18,9,0,9,complete,true
01,2024-09-30,2024-10-07,2024-11-25,10,0,10,complete,true
01,2024-10-07,2024-10-14,2024-12-02,10,0,10,complete,true
01,2024-10-14,2024-10-21,2024-12-09,10,0,10,complete,true
01,2024-10-21,2024-10-28,2024-12-16,8,0,8,complete,true
01,2024-10-28,2024-11-04,2024-12-23,7,0,7,complete,true
01,2024-11-04,2024-11-11,2024-12-30,5,0,5,complete,true
01,2024-11-11,2024-11-18,2025-01-06,4,0,4,complete,true
01,2024-11-18,2024-11-25,2025-01-13,1,0,1,complete,true
01,2024-11-25,2024-12-02,2025-01-20,0,0,0,complete,true
01,2024-12-02,2024-12-09,2025-01-27,1,0,1,complete,true
01,2024-12-09,2024-12-16,2025-02-03,1,0,1,complete,true
01,2024-12-16,2024-12-23,2025-02-10,2,0,2,complete,true
01,2024-12-23,2024-12-30,2025-02-17,2,0,2,complete,true
01,2024-12-30,2025-01-06,2025-02-24,2,0,2,complete,true
01,2025-01-06,2025-01-13,2025-03-03,5,0,5,complete,true
01,2025-01-13,2025-01-20,2025-03-10,5,0,5,complete,true
01,2025-01-20,2025-01-27,2025-03-17,5,0,5,complete,true
01,2025-01-27,2025-02-03,2025-03-24,5,0,5,complete,true
01,2025-02-03,2025-02-10,2025-03-31,7,0,7,complete,true
01,2025-02-10,2025-02-17,2025-04-07,7,0,7,complete,true
01,2025-02-17,2025-02-24,2025-04-14,9,0,9,complete,true
01,2025-02-24,2025-03-03,2025-04-21,11,0,11,complete,true
01,2025-03-03,2025-03-10,2025-04-28,8,0,8,complete,true
01,2025-03-10,2025-03-17,2025-05-05,10,0,10,complete,true
01,2025-03-17,2025-03-24,2025-05-12,11,0,11,complete,true
01,2025-03-24,2025-03-31,2025-05-19,16,0,16,complete,true
01,2025-03-31,2025-04-07,2025-05-26,24,0,24,complete,true
01,2025-04-07,2025-04-14,2025-06-02,26,0,26,complete,true
01,2025-04-14,2025-04-21,2025-06-09,31,0,31,complete,true
01,2025-04-21,2025-04-28,2025-06-16,33,0,33,complete,true
01,2025-04-28,2025-05-05,2025-06-23,39,0,39,complete,true
01,2025-05-05,2025-05-12,2025-06-30,45,2,47,complete,true
01,2025-05-12,2025-05-19,2025-07-07,54,2,56,complete,true
01,2025-05-19,2025-05-26,2025-07-14,67,2,69,complete,true
01,2025-05-26,2025-06-02,2025-07-21,65,2,67,complete,true
01,2025-06-02,2025-06-09,2025-07-28,71,2,73,complete,true
01,2025-06-09,2025-06-16,2025-08-04,76,2,78,complete,true
01,2025-06-16,2025-06-23,2025-08-11,81,2,83,complete,true
01,2025-06-23,2025-06-30,2025-08-18,89,2,91,complete,true
01,2025-06-30,2025-07-07,2025-08-25,91,0,91,complete,true
01,2025-07-07,2025-07-14,2025-09-01,85,0,85,complete,true
01,2025-07-14,2025-07-21,2025-09-08,71,0,71,complete,true
01,2025-07-21,2025-07-28,2025-09-15,69,0,69,complete,true
01,2025-07-28,2025-08-04,2025-09-22,68,0,68,complete,true
01,2025-08-04,2025-08-11,2025-09-29,64,0,64,complete,true
01,2025-08-11,2025-08-18,2025-10-06,63,0,63,complete,true
01,2025-08-18,2025-08-25,2025-10-13,55,0,55,complete,true
01,2025-08-25,2025-09-01,2025-10-20,55,0,55,complete,true
01,2025-09-01,2025-09-08,2025-10-27,53,0,53,complete,true
01,2025-09-08,2025-09-15,2025-11-03,56,0,56,complete,true
01,2025-09-15,2025-09-22,2025-11-10,56,0,56,complete,true
01,2025-09-22,2025-09-29,2025-11-17,50,0,50,complete,true
01,2025-09-29,2025-10-06,2025-11-24,42,0,42,complete,true
01,2025-10-06,2025-10-13,2025-12-01,38,0,38,complete,true
01,2025-10-13,2025-10-20,2025-12-08,35,0,35,complete,true
01,2025-10-20,2025-10-27,2025-12-15,30,0,30,complete,true
01,2025-10-27,2025-11-03,2025-12-22,33,0,33,complete,true
01,2025-11-03,2025-11-10,2025-12-29,,,,incomplete_future_window,false
01,2025-11-10,2025-11-17,2026-01-05,,,,incomplete_future_window,false
01,2025-11-17,2025-11-24,2026-01-12,,,,incomplete_future_window,false
01,2025-11-24,2025-12-01,2026-01-19,,,,incomplete_future_window,false
01,2025-12-01,2025-12-08,2026-01-26,,,,incomplete_future_window,false
01,2025-12-08,2025-12-15,2026-02-02,,,,incomplete_future_window,false
01,2025-12-15,2025-12-22,2026-02-09,,,,incomplete_future_window,false
01,2025-12-22,2025-12-29,2026-02-16,,,,incomplete_future_window,false
02,2014-12-29,2015-01-05,2015-02-23,15,0,15,complete,true
02,2015-01-05,2015-01-12,2015-03-02,15,0,15,complete,true
02,2015-01-12,2015-01-19,2015-03-09,16,0,16,complete,true
02,2015-01-19,2015-01-26,2015-03-16,17,0,17,complete,true
02,2015-01-26,2015-02-02,2015-03-23,19,0,19,complete,true
02,2015-02-02,2015-02-09,2015-03-30,19,0,19,complete,true
02,2015-02-09,2015-02-16,2015-04-06,24,0,24,complete,true
02,2015-02-16,2015-02-23,2015-04-13,27,0,27,complete,true
02,2015-02-23,2015-03-02,2015-04-20,34,0,34,complete,true
02,2015-03-02,2015-03-09,2015-04-27,44,0,44,complete,true
02,2015-03-09,2015-03-16,2015-05-04,60,0,60,complete,true
02,2015-03-16,2015-03-23,2015-05-11,70,0,70,complete,true
02,2015-03-23,2015-03-30,2015-05-18,85,0,85,complete,true
02,2015-03-30,2015-04-06,2015-05-25,109,0,109,complete,true
02,2015-04-06,2015-04-13,2015-06-01,131,0,131,complete,true
02,2015-04-13,2015-04-20,2015-06-08,167,1,168,complete,true
02,2015-04-20,2015-04-27,2015-06-15,186,2,188,complete,true
02,2015-04-27,2015-05-04,2015-06-22,202,2,204,complete,true
02,2015-05-04,2015-05-11,2015-06-29,205,3,208,complete,true
02,2015-05-11,2015-05-18,2015-07-06,217,4,221,complete,true
02,2015-05-18,2015-05-25,2015-07-13,222,6,228,complete,true
02,2015-05-25,2015-06-01,2015-07-20,210,6,216,complete,true
02,2015-06-01,2015-06-08,2015-07-27,198,6,204,complete,true
02,2015-06-08,2015-06-15,2015-08-03,178,5,183,complete,true
02,2015-06-15,2015-06-22,2015-08-10,170,4,174,complete,true
02,2015-06-22,2015-06-29,2015-08-17,156,4,160,complete,true
02,2015-06-29,2015-07-06,2015-08-24,145,3,148,complete,true
02,2015-07-06,2015-07-13,2015-08-31,131,2,133,complete,true
02,2015-07-13,2015-07-20,2015-09-07,115,0,115,complete,true
02,2015-07-20,2015-07-27,2015-09-14,107,0,107,complete,true
02,2015-07-27,2015-08-03,2015-09-21,97,0,97,complete,true
02,2015-08-03,2015-08-10,2015-09-28,82,1,83,complete,true
02,2015-08-10,2015-08-17,2015-10-05,70,1,71,complete,true
02,2015-08-17,2015-08-24,2015-10-12,63,1,64,complete,true
02,2015-08-24,2015-08-31,2015-10-19,59,1,60,complete,true
02,2015-08-31,2015-09-07,2015-10-26,54,2,56,complete,true
02,2015-09-07,2015-09-14,2015-11-02,54,2,56,complete,true
02,2015-09-14,2015-09-21,2015-11-09,49,2,51,complete,true
02,2015-09-21,2015-09-28,2015-11-16,48,2,50,complete,true
02,2015-09-28,2015-10-05,2015-11-23,48,1,49,complete,true
02,2015-10-05,2015-10-12,2015-11-30,49,1,50,complete,true
02,2015-10-12,2015-10-19,2015-12-07,46,1,47,complete,true
02,2015-10-19,2015-10-26,2015-12-14,43,1,44,complete,true
02,2015-10-26,2015-11-02,2015-12-21,39,0,39,complete,true
02,2015-11-02,2015-11-09,2015-12-28,34,0,34,complete,true
02,2015-11-09,2015-11-16,2016-01-04,30,0,30,complete,true
02,2015-11-16,2015-11-23,2016-01-11,27,0,27,complete,true
02,2015-11-23,2015-11-30,2016-01-18,23,0,23,complete,true
02,2015-11-30,2015-12-07,2016-01-25,17,0,17,complete,true
02,2015-12-07,2015-12-14,2016-02-01,15,0,15,complete,true
02,2015-12-14,2015-12-21,2016-02-08,14,0,14,complete,true
02,2015-12-21,2015-12-28,2016-02-15,13,0,13,complete,true
02,2015-12-28,2016-01-04,2016-02-22,12,0,12,complete,true
02,2016-01-04,2016-01-11,2016-02-29,17,0,17,complete,true
02,2016-01-11,2016-01-18,2016-03-07,17,0,17,complete,true
02,2016-01-18,2016-01-25,2016-03-14,18,0,18,complete,true
02,2016-01-25,2016-02-01,2016-03-21,17,0,17,complete,true
02,2016-02-01,2016-02-08,2016-03-28,20,0,20,complete,true
02,2016-02-08,2016-02-15,2016-04-04,20,0,20,complete,true
02,2016-02-15,2016-02-22,2016-04-11,23,0,23,complete,true
02,2016-02-22,2016-02-29,2016-04-18,29,0,29,complete,true
02,2016-02-29,2016-03-07,2016-04-25,32,0,32,complete,true
02,2016-03-07,2016-03-14,2016-05-02,39,0,39,complete,true
02,2016-03-14,2016-03-21,2016-05-09,48,0,48,complete,true
02,2016-03-21,2016-03-28,2016-05-16,62,1,63,complete,true
02,2016-03-28,2016-04-04,2016-05-23,74,3,77,complete,true
02,2016-04-04,2016-04-11,2016-05-30,90,3,93,complete,true
02,2016-04-11,2016-04-18,2016-06-06,120,3,123,complete,true
02,2016-04-18,2016-04-25,2016-06-13,135,3,138,complete,true
02,2016-04-25,2016-05-02,2016-06-20,157,4,161,complete,true
02,2016-05-02,2016-05-09,2016-06-27,180,5,185,complete,true
02,2016-05-09,2016-05-16,2016-07-04,218,6,224,complete,true
02,2016-05-16,2016-05-23,2016-07-11,226,5,231,complete,true
02,2016-05-23,2016-05-30,2016-07-18,232,3,235,complete,true
02,2016-05-30,2016-06-06,2016-07-25,231,6,237,complete,true
02,2016-06-06,2016-06-13,2016-08-01,213,6,219,complete,true
02,2016-06-13,2016-06-20,2016-08-08,201,6,207,complete,true
02,2016-06-20,2016-06-27,2016-08-15,178,6,184,complete,true
02,2016-06-27,2016-07-04,2016-08-22,158,5,163,complete,true
02,2016-07-04,2016-07-11,2016-08-29,114,4,118,complete,true
02,2016-07-11,2016-07-18,2016-09-05,108,4,112,complete,true
02,2016-07-18,2016-07-25,2016-09-12,95,4,99,complete,true
02,2016-07-25,2016-08-01,2016-09-19,95,2,97,complete,true
02,2016-08-01,2016-08-08,2016-09-26,90,3,93,complete,true
02,2016-08-08,2016-08-15,2016-10-03,87,3,90,complete,true
02,2016-08-15,2016-08-22,2016-10-10,84,2,86,complete,true
02,2016-08-22,2016-08-29,2016-10-17,77,3,80,complete,true
02,2016-08-29,2016-09-05,2016-10-24,75,3,78,complete,true
02,2016-09-05,2016-09-12,2016-10-31,65,3,68,complete,true
02,2016-09-12,2016-09-19,2016-11-07,65,3,68,complete,true
02,2016-09-19,2016-09-26,2016-11-14,50,2,52,complete,true
02,2016-09-26,2016-10-03,2016-11-21,42,1,43,complete,true
02,2016-10-03,2016-10-10,2016-11-28,37,1,38,complete,true
02,2016-10-10,2016-10-17,2016-12-05,37,1,38,complete,true
02,2016-10-17,2016-10-24,2016-12-12,36,0,36,complete,true
02,2016-10-24,2016-10-31,2016-12-19,35,0,35,complete,true
02,2016-10-31,2016-11-07,2016-12-26,30,0,30,complete,true
02,2016-11-07,2016-11-14,2017-01-02,24,0,24,complete,true
02,2016-11-14,2016-11-21,2017-01-09,25,0,25,complete,true
02,2016-11-21,2016-11-28,2017-01-16,25,0,25,complete,true
02,2016-11-28,2016-12-05,2017-01-23,25,0,25,complete,true
02,2016-12-05,2016-12-12,2017-01-30,23,0,23,complete,true
02,2016-12-12,2016-12-19,2017-02-06,20,0,20,complete,true
02,2016-12-19,2016-12-26,2017-02-13,20,0,20,complete,true
02,2016-12-26,2017-01-02,2017-02-20,20,0,20,complete,true
02,2017-01-02,2017-01-09,2017-02-27,21,0,21,complete,true
02,2017-01-09,2017-01-16,2017-03-06,18,0,18,complete,true
02,2017-01-16,2017-01-23,2017-03-13,18,0,18,complete,true
02,2017-01-23,2017-01-30,2017-03-20,18,0,18,complete,true
02,2017-01-30,2017-02-06,2017-03-27,22,0,22,complete,true
02,2017-02-06,2017-02-13,2017-04-03,27,0,27,complete,true
02,2017-02-13,2017-02-20,2017-04-10,37,0,37,complete,true
02,2017-02-20,2017-02-27,2017-04-17,40,1,41,complete,true
02,2017-02-27,2017-03-06,2017-04-24,42,2,44,complete,true
02,2017-03-06,2017-03-13,2017-05-01,44,3,47,complete,true
02,2017-03-13,2017-03-20,2017-05-08,57,4,61,complete,true
02,2017-03-20,2017-03-27,2017-05-15,70,4,74,complete,true
02,2017-03-27,2017-04-03,2017-05-22,82,4,86,complete,true
02,2017-04-03,2017-04-10,2017-05-29,102,4,106,complete,true
02,2017-04-10,2017-04-17,2017-06-05,120,4,124,complete,true
02,2017-04-17,2017-04-24,2017-06-12,148,3,151,complete,true
02,2017-04-24,2017-05-01,2017-06-19,174,3,177,complete,true
02,2017-05-01,2017-05-08,2017-06-26,215,2,217,complete,true
02,2017-05-08,2017-05-15,2017-07-03,232,2,234,complete,true
02,2017-05-15,2017-05-22,2017-07-10,243,3,246,complete,true
02,2017-05-22,2017-05-29,2017-07-17,258,4,262,complete,true
02,2017-05-29,2017-06-05,2017-07-24,253,4,257,complete,true
02,2017-06-05,2017-06-12,2017-07-31,246,4,250,complete,true
02,2017-06-12,2017-06-19,2017-08-07,236,5,241,complete,true
02,2017-06-19,2017-06-26,2017-08-14,218,5,223,complete,true
02,2017-06-26,2017-07-03,2017-08-21,187,5,192,complete,true
02,2017-07-03,2017-07-10,2017-08-28,165,4,169,complete,true
02,2017-07-10,2017-07-17,2017-09-04,151,3,154,complete,true
02,2017-07-17,2017-07-24,2017-09-11,129,2,131,complete,true
02,2017-07-24,2017-07-31,2017-09-18,123,2,125,complete,true
02,2017-07-31,2017-08-07,2017-09-25,113,2,115,complete,true
02,2017-08-07,2017-08-14,2017-10-02,99,1,100,complete,true
02,2017-08-14,2017-08-21,2017-10-09,99,0,99,complete,true
02,2017-08-21,2017-08-28,2017-10-16,98,0,98,complete,true
02,2017-08-28,2017-09-04,2017-10-23,91,0,91,complete,true
02,2017-09-04,2017-09-11,2017-10-30,83,0,83,complete,true
02,2017-09-11,2017-09-18,2017-11-06,80,0,80,complete,true
02,2017-09-18,2017-09-25,2017-11-13,72,0,72,complete,true
02,2017-09-25,2017-10-02,2017-11-20,69,0,69,complete,true
02,2017-10-02,2017-10-09,2017-11-27,70,1,71,complete,true
02,2017-10-09,2017-10-16,2017-12-04,60,2,62,complete,true
02,2017-10-16,2017-10-23,2017-12-11,52,2,54,complete,true
02,2017-10-23,2017-10-30,2017-12-18,50,2,52,complete,true
02,2017-10-30,2017-11-06,2017-12-25,49,2,51,complete,true
02,2017-11-06,2017-11-13,2018-01-01,41,2,43,complete,true
02,2017-11-13,2017-11-20,2018-01-08,40,2,42,complete,true
02,2017-11-20,2017-11-27,2018-01-15,43,2,45,complete,true
02,2017-11-27,2017-12-04,2018-01-22,36,1,37,complete,true
02,2017-12-04,2017-12-11,2018-01-29,38,0,38,complete,true
02,2017-12-11,2017-12-18,2018-02-05,33,0,33,complete,true
02,2017-12-18,2017-12-25,2018-02-12,32,0,32,complete,true
02,2017-12-25,2018-01-01,2018-02-19,31,0,31,complete,true
02,2018-01-01,2018-01-08,2018-02-26,33,0,33,complete,true
02,2018-01-08,2018-01-15,2018-03-05,29,0,29,complete,true
02,2018-01-15,2018-01-22,2018-03-12,17,0,17,complete,true
02,2018-01-22,2018-01-29,2018-03-19,17,0,17,complete,true
02,2018-01-29,2018-02-05,2018-03-26,16,0,16,complete,true
02,2018-02-05,2018-02-12,2018-04-02,18,0,18,complete,true
02,2018-02-12,2018-02-19,2018-04-09,26,0,26,complete,true
02,2018-02-19,2018-02-26,2018-04-16,34,0,34,complete,true
02,2018-02-26,2018-03-05,2018-04-23,44,0,44,complete,true
02,2018-03-05,2018-03-12,2018-04-30,58,1,59,complete,true
02,2018-03-12,2018-03-19,2018-05-07,94,1,95,complete,true
02,2018-03-19,2018-03-26,2018-05-14,124,2,126,complete,true
02,2018-03-26,2018-04-02,2018-05-21,163,2,165,complete,true
02,2018-04-02,2018-04-09,2018-05-28,211,2,213,complete,true
02,2018-04-09,2018-04-16,2018-06-04,261,3,264,complete,true
02,2018-04-16,2018-04-23,2018-06-11,319,5,324,complete,true
02,2018-04-23,2018-04-30,2018-06-18,354,5,359,complete,true
02,2018-04-30,2018-05-07,2018-06-25,375,7,382,complete,true
02,2018-05-07,2018-05-14,2018-07-02,380,7,387,complete,true
02,2018-05-14,2018-05-21,2018-07-09,386,6,392,complete,true
02,2018-05-21,2018-05-28,2018-07-16,395,9,404,complete,true
02,2018-05-28,2018-06-04,2018-07-23,380,10,390,complete,true
02,2018-06-04,2018-06-11,2018-07-30,366,10,376,complete,true
02,2018-06-11,2018-06-18,2018-08-06,327,9,336,complete,true
02,2018-06-18,2018-06-25,2018-08-13,302,9,311,complete,true
02,2018-06-25,2018-07-02,2018-08-20,293,6,299,complete,true
02,2018-07-02,2018-07-09,2018-08-27,265,6,271,complete,true
02,2018-07-09,2018-07-16,2018-09-03,238,6,244,complete,true
02,2018-07-16,2018-07-23,2018-09-10,199,3,202,complete,true
02,2018-07-23,2018-07-30,2018-09-17,178,2,180,complete,true
02,2018-07-30,2018-08-06,2018-09-24,150,1,151,complete,true
02,2018-08-06,2018-08-13,2018-10-01,127,0,127,complete,true
02,2018-08-13,2018-08-20,2018-10-08,122,1,123,complete,true
02,2018-08-20,2018-08-27,2018-10-15,111,1,112,complete,true
02,2018-08-27,2018-09-03,2018-10-22,108,1,109,complete,true
02,2018-09-03,2018-09-10,2018-10-29,97,1,98,complete,true
02,2018-09-10,2018-09-17,2018-11-05,87,2,89,complete,true
02,2018-09-17,2018-09-24,2018-11-12,81,2,83,complete,true
02,2018-09-24,2018-10-01,2018-11-19,70,2,72,complete,true
02,2018-10-01,2018-10-08,2018-11-26,68,2,70,complete,true
02,2018-10-08,2018-10-15,2018-12-03,58,1,59,complete,true
02,2018-10-15,2018-10-22,2018-12-10,41,1,42,complete,true
02,2018-10-22,2018-10-29,2018-12-17,39,1,40,complete,true
02,2018-10-29,2018-11-05,2018-12-24,39,1,40,complete,true
02,2018-11-05,2018-11-12,2018-12-31,36,0,36,complete,true
02,2018-11-12,2018-11-19,2019-01-07,29,0,29,complete,true
02,2018-11-19,2018-11-26,2019-01-14,29,0,29,complete,true
02,2018-11-26,2018-12-03,2019-01-21,27,0,27,complete,true
02,2018-12-03,2018-12-10,2019-01-28,21,0,21,complete,true
02,2018-12-10,2018-12-17,2019-02-04,23,0,23,complete,true
02,2018-12-17,2018-12-24,2019-02-11,15,0,15,complete,true
02,2018-12-24,2018-12-31,2019-02-18,16,0,16,complete,true
02,2018-12-31,2019-01-07,2019-02-25,16,0,16,complete,true
02,2019-01-07,2019-01-14,2019-03-04,16,0,16,complete,true
02,2019-01-14,2019-01-21,2019-03-11,12,0,12,complete,true
02,2019-01-21,2019-01-28,2019-03-18,11,0,11,complete,true
02,2019-01-28,2019-02-04,2019-03-25,16,0,16,complete,true
02,2019-02-04,2019-02-11,2019-04-01,21,0,21,complete,true
02,2019-02-11,2019-02-18,2019-04-08,27,0,27,complete,true
02,2019-02-18,2019-02-25,2019-04-15,34,0,34,complete,true
02,2019-02-25,2019-03-04,2019-04-22,39,0,39,complete,true
02,2019-03-04,2019-03-11,2019-04-29,46,1,47,complete,true
02,2019-03-11,2019-03-18,2019-05-06,60,2,62,complete,true
02,2019-03-18,2019-03-25,2019-05-13,76,2,78,complete,true
02,2019-03-25,2019-04-01,2019-05-20,81,2,83,complete,true
02,2019-04-01,2019-04-08,2019-05-27,94,2,96,complete,true
02,2019-04-08,2019-04-15,2019-06-03,110,2,112,complete,true
02,2019-04-15,2019-04-22,2019-06-10,130,2,132,complete,true
02,2019-04-22,2019-04-29,2019-06-17,163,3,166,complete,true
02,2019-04-29,2019-05-06,2019-06-24,183,3,186,complete,true
02,2019-05-06,2019-05-13,2019-07-01,205,5,210,complete,true
02,2019-05-13,2019-05-20,2019-07-08,220,6,226,complete,true
02,2019-05-20,2019-05-27,2019-07-15,238,6,244,complete,true
02,2019-05-27,2019-06-03,2019-07-22,234,6,240,complete,true
02,2019-06-03,2019-06-10,2019-07-29,231,6,237,complete,true
02,2019-06-10,2019-06-17,2019-08-05,224,7,231,complete,true
02,2019-06-17,2019-06-24,2019-08-12,202,6,208,complete,true
02,2019-06-24,2019-07-01,2019-08-19,185,5,190,complete,true
02,2019-07-01,2019-07-08,2019-08-26,160,2,162,complete,true
02,2019-07-08,2019-07-15,2019-09-02,133,1,134,complete,true
02,2019-07-15,2019-07-22,2019-09-09,114,1,115,complete,true
02,2019-07-22,2019-07-29,2019-09-16,101,1,102,complete,true
02,2019-07-29,2019-08-05,2019-09-23,90,1,91,complete,true
02,2019-08-05,2019-08-12,2019-09-30,73,0,73,complete,true
02,2019-08-12,2019-08-19,2019-10-07,61,0,61,complete,true
02,2019-08-19,2019-08-26,2019-10-14,54,0,54,complete,true
02,2019-08-26,2019-09-02,2019-10-21,44,0,44,complete,true
02,2019-09-02,2019-09-09,2019-10-28,48,0,48,complete,true
02,2019-09-09,2019-09-16,2019-11-04,47,0,47,complete,true
02,2019-09-16,2019-09-23,2019-11-11,48,0,48,complete,true
02,2019-09-23,2019-09-30,2019-11-18,46,0,46,complete,true
02,2019-09-30,2019-10-07,2019-11-25,48,0,48,complete,true
02,2019-10-07,2019-10-14,2019-12-02,48,0,48,complete,true
02,2019-10-14,2019-10-21,2019-12-09,44,0,44,complete,true
02,2019-10-21,2019-10-28,2019-12-16,45,0,45,complete,true
02,2019-10-28,2019-11-04,2019-12-23,36,0,36,complete,true
02,2019-11-04,2019-11-11,2019-12-30,28,0,28,complete,true
02,2019-11-11,2019-11-18,2020-01-06,26,0,26,complete,true
02,2019-11-18,2019-11-25,2020-01-13,22,0,22,complete,true
02,2019-11-25,2019-12-02,2020-01-20,17,0,17,complete,true
02,2019-12-02,2019-12-09,2020-01-27,15,0,15,complete,true
02,2019-12-09,2019-12-16,2020-02-03,21,0,21,complete,true
02,2019-12-16,2019-12-23,2020-02-10,19,0,19,complete,true
02,2019-12-23,2019-12-30,2020-02-17,18,0,18,complete,true
02,2019-12-30,2020-01-06,2020-02-24,18,0,18,complete,true
02,2020-01-06,2020-01-13,2020-03-02,20,0,20,complete,true
02,2020-01-13,2020-01-20,2020-03-09,23,0,23,complete,true
02,2020-01-20,2020-01-27,2020-03-16,23,0,23,complete,true
02,2020-01-27,2020-02-03,2020-03-23,22,0,22,complete,true
02,2020-02-03,2020-02-10,2020-03-30,21,0,21,complete,true
02,2020-02-10,2020-02-17,2020-04-06,27,0,27,complete,true
02,2020-02-17,2020-02-24,2020-04-13,34,1,35,complete,true
02,2020-02-24,2020-03-02,2020-04-20,44,1,45,complete,true
02,2020-03-02,2020-03-09,2020-04-27,48,1,49,complete,true
02,2020-03-09,2020-03-16,2020-05-04,53,1,54,complete,true
02,2020-03-16,2020-03-23,2020-05-11,78,1,79,complete,true
02,2020-03-23,2020-03-30,2020-05-18,103,2,105,complete,true
02,2020-03-30,2020-04-06,2020-05-25,131,3,134,complete,true
02,2020-04-06,2020-04-13,2020-06-01,164,4,168,complete,true
02,2020-04-13,2020-04-20,2020-06-08,200,5,205,complete,true
02,2020-04-20,2020-04-27,2020-06-15,230,6,236,complete,true
02,2020-04-27,2020-05-04,2020-06-22,265,6,271,complete,true
02,2020-05-04,2020-05-11,2020-06-29,307,7,314,complete,true
02,2020-05-11,2020-05-18,2020-07-06,315,9,324,complete,true
02,2020-05-18,2020-05-25,2020-07-13,315,8,323,complete,true
02,2020-05-25,2020-06-01,2020-07-20,311,8,319,complete,true
02,2020-06-01,2020-06-08,2020-07-27,311,7,318,complete,true
02,2020-06-08,2020-06-15,2020-08-03,295,5,300,complete,true
02,2020-06-15,2020-06-22,2020-08-10,285,4,289,complete,true
02,2020-06-22,2020-06-29,2020-08-17,264,4,268,complete,true
02,2020-06-29,2020-07-06,2020-08-24,231,3,234,complete,true
02,2020-07-06,2020-07-13,2020-08-31,212,1,213,complete,true
02,2020-07-13,2020-07-20,2020-09-07,202,1,203,complete,true
02,2020-07-20,2020-07-27,2020-09-14,187,0,187,complete,true
02,2020-07-27,2020-08-03,2020-09-21,155,0,155,complete,true
02,2020-08-03,2020-08-10,2020-09-28,133,0,133,complete,true
02,2020-08-10,2020-08-17,2020-10-05,109,0,109,complete,true
02,2020-08-17,2020-08-24,2020-10-12,94,0,94,complete,true
02,2020-08-24,2020-08-31,2020-10-19,79,0,79,complete,true
02,2020-08-31,2020-09-07,2020-10-26,66,0,66,complete,true
02,2020-09-07,2020-09-14,2020-11-02,58,0,58,complete,true
02,2020-09-14,2020-09-21,2020-11-09,49,0,49,complete,true
02,2020-09-21,2020-09-28,2020-11-16,47,0,47,complete,true
02,2020-09-28,2020-10-05,2020-11-23,45,0,45,complete,true
02,2020-10-05,2020-10-12,2020-11-30,43,0,43,complete,true
02,2020-10-12,2020-10-19,2020-12-07,40,0,40,complete,true
02,2020-10-19,2020-10-26,2020-12-14,38,0,38,complete,true
02,2020-10-26,2020-11-02,2020-12-21,36,0,36,complete,true
02,2020-11-02,2020-11-09,2020-12-28,27,0,27,complete,true
02,2020-11-09,2020-11-16,2021-01-04,24,0,24,complete,true
02,2020-11-16,2020-11-23,2021-01-11,20,0,20,complete,true
02,2020-11-23,2020-11-30,2021-01-18,17,0,17,complete,true
02,2020-11-30,2020-12-07,2021-01-25,13,0,13,complete,true
02,2020-12-07,2020-12-14,2021-02-01,10,0,10,complete,true
02,2020-12-14,2020-12-21,2021-02-08,8,0,8,complete,true
02,2020-12-21,2020-12-28,2021-02-15,9,0,9,complete,true
02,2020-12-28,2021-01-04,2021-02-22,12,0,12,complete,true
02,2021-01-04,2021-01-11,2021-03-01,10,0,10,complete,true
02,2021-01-11,2021-01-18,2021-03-08,7,0,7,complete,true
02,2021-01-18,2021-01-25,2021-03-15,11,0,11,complete,true
02,2021-01-25,2021-02-01,2021-03-22,15,0,15,complete,true
02,2021-02-01,2021-02-08,2021-03-29,17,0,17,complete,true
02,2021-02-08,2021-02-15,2021-04-05,20,0,20,complete,true
02,2021-02-15,2021-02-22,2021-04-12,23,0,23,complete,true
02,2021-02-22,2021-03-01,2021-04-19,22,1,23,complete,true
02,2021-03-01,2021-03-08,2021-04-26,31,2,33,complete,true
02,2021-03-08,2021-03-15,2021-05-03,40,3,43,complete,true
02,2021-03-15,2021-03-22,2021-05-10,48,5,53,complete,true
02,2021-03-22,2021-03-29,2021-05-17,51,5,56,complete,true
02,2021-03-29,2021-04-05,2021-05-24,58,5,63,complete,true
02,2021-04-05,2021-04-12,2021-05-31,72,6,78,complete,true
02,2021-04-12,2021-04-19,2021-06-07,82,6,88,complete,true
02,2021-04-19,2021-04-26,2021-06-14,92,5,97,complete,true
02,2021-04-26,2021-05-03,2021-06-21,101,4,105,complete,true
02,2021-05-03,2021-05-10,2021-06-28,109,3,112,complete,true
02,2021-05-10,2021-05-17,2021-07-05,107,1,108,complete,true
02,2021-05-17,2021-05-24,2021-07-12,116,1,117,complete,true
02,2021-05-24,2021-05-31,2021-07-19,118,1,119,complete,true
02,2021-05-31,2021-06-07,2021-07-26,109,0,109,complete,true
02,2021-06-07,2021-06-14,2021-08-02,104,1,105,complete,true
02,2021-06-14,2021-06-21,2021-08-09,102,2,104,complete,true
02,2021-06-21,2021-06-28,2021-08-16,94,2,96,complete,true
02,2021-06-28,2021-07-05,2021-08-23,84,2,86,complete,true
02,2021-07-05,2021-07-12,2021-08-30,80,2,82,complete,true
02,2021-07-12,2021-07-19,2021-09-06,65,2,67,complete,true
02,2021-07-19,2021-07-26,2021-09-13,57,2,59,complete,true
02,2021-07-26,2021-08-02,2021-09-20,55,2,57,complete,true
02,2021-08-02,2021-08-09,2021-09-27,47,1,48,complete,true
02,2021-08-09,2021-08-16,2021-10-04,42,1,43,complete,true
02,2021-08-16,2021-08-23,2021-10-11,35,1,36,complete,true
02,2021-08-23,2021-08-30,2021-10-18,33,1,34,complete,true
02,2021-08-30,2021-09-06,2021-10-25,31,1,32,complete,true
02,2021-09-06,2021-09-13,2021-11-01,33,2,35,complete,true
02,2021-09-13,2021-09-20,2021-11-08,29,2,31,complete,true
02,2021-09-20,2021-09-27,2021-11-15,25,2,27,complete,true
02,2021-09-27,2021-10-04,2021-11-22,25,2,27,complete,true
02,2021-10-04,2021-10-11,2021-11-29,21,1,22,complete,true
02,2021-10-11,2021-10-18,2021-12-06,21,1,22,complete,true
02,2021-10-18,2021-10-25,2021-12-13,17,1,18,complete,true
02,2021-10-25,2021-11-01,2021-12-20,13,1,14,complete,true
02,2021-11-01,2021-11-08,2021-12-27,11,0,11,complete,true
02,2021-11-08,2021-11-15,2022-01-03,11,0,11,complete,true
02,2021-11-15,2021-11-22,2022-01-10,11,0,11,complete,true
02,2021-11-22,2021-11-29,2022-01-17,12,0,12,complete,true
02,2021-11-29,2021-12-06,2022-01-24,12,0,12,complete,true
02,2021-12-06,2021-12-13,2022-01-31,9,0,9,complete,true
02,2021-12-13,2021-12-20,2022-02-07,9,0,9,complete,true
02,2021-12-20,2021-12-27,2022-02-14,13,0,13,complete,true
02,2021-12-27,2022-01-03,2022-02-21,13,0,13,complete,true
02,2022-01-03,2022-01-10,2022-02-28,17,0,17,complete,true
02,2022-01-10,2022-01-17,2022-03-07,17,0,17,complete,true
02,2022-01-17,2022-01-24,2022-03-14,16,0,16,complete,true
02,2022-01-24,2022-01-31,2022-03-21,18,0,18,complete,true
02,2022-01-31,2022-02-07,2022-03-28,21,0,21,complete,true
02,2022-02-07,2022-02-14,2022-04-04,26,0,26,complete,true
02,2022-02-14,2022-02-21,2022-04-11,27,0,27,complete,true
02,2022-02-21,2022-02-28,2022-04-18,28,0,28,complete,true
02,2022-02-28,2022-03-07,2022-04-25,31,0,31,complete,true
02,2022-03-07,2022-03-14,2022-05-02,37,1,38,complete,true
02,2022-03-14,2022-03-21,2022-05-09,48,1,49,complete,true
02,2022-03-21,2022-03-28,2022-05-16,57,1,58,complete,true
02,2022-03-28,2022-04-04,2022-05-23,60,1,61,complete,true
02,2022-04-04,2022-04-11,2022-05-30,76,1,77,complete,true
02,2022-04-11,2022-04-18,2022-06-06,95,1,96,complete,true
02,2022-04-18,2022-04-25,2022-06-13,110,2,112,complete,true
02,2022-04-25,2022-05-02,2022-06-20,117,3,120,complete,true
02,2022-05-02,2022-05-09,2022-06-27,126,2,128,complete,true
02,2022-05-09,2022-05-16,2022-07-04,132,3,135,complete,true
02,2022-05-16,2022-05-23,2022-07-11,134,3,137,complete,true
02,2022-05-23,2022-05-30,2022-07-18,145,4,149,complete,true
02,2022-05-30,2022-06-06,2022-07-25,138,4,142,complete,true
02,2022-06-06,2022-06-13,2022-08-01,129,4,133,complete,true
02,2022-06-13,2022-06-20,2022-08-08,116,3,119,complete,true
02,2022-06-20,2022-06-27,2022-08-15,105,2,107,complete,true
02,2022-06-27,2022-07-04,2022-08-22,96,3,99,complete,true
02,2022-07-04,2022-07-11,2022-08-29,80,2,82,complete,true
02,2022-07-11,2022-07-18,2022-09-05,71,2,73,complete,true
02,2022-07-18,2022-07-25,2022-09-12,60,1,61,complete,true
02,2022-07-25,2022-08-01,2022-09-19,54,2,56,complete,true
02,2022-08-01,2022-08-08,2022-09-26,41,2,43,complete,true
02,2022-08-08,2022-08-15,2022-10-03,40,2,42,complete,true
02,2022-08-15,2022-08-22,2022-10-10,39,2,41,complete,true
02,2022-08-22,2022-08-29,2022-10-17,31,1,32,complete,true
02,2022-08-29,2022-09-05,2022-10-24,30,1,31,complete,true
02,2022-09-05,2022-09-12,2022-10-31,27,1,28,complete,true
02,2022-09-12,2022-09-19,2022-11-07,28,1,29,complete,true
02,2022-09-19,2022-09-26,2022-11-14,22,1,23,complete,true
02,2022-09-26,2022-10-03,2022-11-21,22,1,23,complete,true
02,2022-10-03,2022-10-10,2022-11-28,20,1,21,complete,true
02,2022-10-10,2022-10-17,2022-12-05,21,1,22,complete,true
02,2022-10-17,2022-10-24,2022-12-12,21,1,22,complete,true
02,2022-10-24,2022-10-31,2022-12-19,19,1,20,complete,true
02,2022-10-31,2022-11-07,2022-12-26,18,1,19,complete,true
02,2022-11-07,2022-11-14,2023-01-02,12,1,13,complete,true
02,2022-11-14,2022-11-21,2023-01-09,10,0,10,complete,true
02,2022-11-21,2022-11-28,2023-01-16,12,0,12,complete,true
02,2022-11-28,2022-12-05,2023-01-23,11,0,11,complete,true
02,2022-12-05,2022-12-12,2023-01-30,10,0,10,complete,true
02,2022-12-12,2022-12-19,2023-02-06,12,0,12,complete,true
02,2022-12-19,2022-12-26,2023-02-13,13,0,13,complete,true
02,2022-12-26,2023-01-02,2023-02-20,13,0,13,complete,true
02,2023-01-02,2023-01-09,2023-02-27,13,0,13,complete,true
02,2023-01-09,2023-01-16,2023-03-06,13,0,13,complete,true
02,2023-01-16,2023-01-23,2023-03-13,10,0,10,complete,true
02,2023-01-23,2023-01-30,2023-03-20,18,0,18,complete,true
02,2023-01-30,2023-02-06,2023-03-27,17,0,17,complete,true
02,2023-02-06,2023-02-13,2023-04-03,17,0,17,complete,true
02,2023-02-13,2023-02-20,2023-04-10,23,0,23,complete,true
02,2023-02-20,2023-02-27,2023-04-17,25,0,25,complete,true
02,2023-02-27,2023-03-06,2023-04-24,30,0,30,complete,true
02,2023-03-06,2023-03-13,2023-05-01,34,0,34,complete,true
02,2023-03-13,2023-03-20,2023-05-08,39,0,39,complete,true
02,2023-03-20,2023-03-27,2023-05-15,38,0,38,complete,true
02,2023-03-27,2023-04-03,2023-05-22,45,1,46,complete,true
02,2023-04-03,2023-04-10,2023-05-29,62,1,63,complete,true
02,2023-04-10,2023-04-17,2023-06-05,62,1,63,complete,true
02,2023-04-17,2023-04-24,2023-06-12,66,1,67,complete,true
02,2023-04-24,2023-05-01,2023-06-19,74,1,75,complete,true
02,2023-05-01,2023-05-08,2023-06-26,82,2,84,complete,true
02,2023-05-08,2023-05-15,2023-07-03,84,2,86,complete,true
02,2023-05-15,2023-05-22,2023-07-10,84,2,86,complete,true
02,2023-05-22,2023-05-29,2023-07-17,87,2,89,complete,true
02,2023-05-29,2023-06-05,2023-07-24,75,3,78,complete,true
02,2023-06-05,2023-06-12,2023-07-31,76,3,79,complete,true
02,2023-06-12,2023-06-19,2023-08-07,75,3,78,complete,true
02,2023-06-19,2023-06-26,2023-08-14,64,5,69,complete,true
02,2023-06-26,2023-07-03,2023-08-21,58,4,62,complete,true
02,2023-07-03,2023-07-10,2023-08-28,55,4,59,complete,true
02,2023-07-10,2023-07-17,2023-09-04,52,4,56,complete,true
02,2023-07-17,2023-07-24,2023-09-11,44,3,47,complete,true
02,2023-07-24,2023-07-31,2023-09-18,39,2,41,complete,true
02,2023-07-31,2023-08-07,2023-09-25,36,2,38,complete,true
02,2023-08-07,2023-08-14,2023-10-02,36,2,38,complete,true
02,2023-08-14,2023-08-21,2023-10-09,34,0,34,complete,true
02,2023-08-21,2023-08-28,2023-10-16,35,0,35,complete,true
02,2023-08-28,2023-09-04,2023-10-23,33,0,33,complete,true
02,2023-09-04,2023-09-11,2023-10-30,31,0,31,complete,true
02,2023-09-11,2023-09-18,2023-11-06,29,0,29,complete,true
02,2023-09-18,2023-09-25,2023-11-13,29,0,29,complete,true
02,2023-09-25,2023-10-02,2023-11-20,24,0,24,complete,true
02,2023-10-02,2023-10-09,2023-11-27,20,0,20,complete,true
02,2023-10-09,2023-10-16,2023-12-04,22,0,22,complete,true
02,2023-10-16,2023-10-23,2023-12-11,16,0,16,complete,true
02,2023-10-23,2023-10-30,2023-12-18,14,0,14,complete,true
02,2023-10-30,2023-11-06,2023-12-25,11,0,11,complete,true
02,2023-11-06,2023-11-13,2024-01-01,11,1,12,complete,true
02,2023-11-13,2023-11-20,2024-01-08,11,1,12,complete,true
02,2023-11-20,2023-11-27,2024-01-15,13,1,14,complete,true
02,2023-11-27,2023-12-04,2024-01-22,11,1,12,complete,true
02,2023-12-04,2023-12-11,2024-01-29,10,1,11,complete,true
02,2023-12-11,2023-12-18,2024-02-05,11,1,12,complete,true
02,2023-12-18,2023-12-25,2024-02-12,10,1,11,complete,true
02,2023-12-25,2024-01-01,2024-02-19,10,1,11,complete,true
02,2024-01-01,2024-01-08,2024-02-26,9,0,9,complete,true
02,2024-01-08,2024-01-15,2024-03-04,7,0,7,complete,true
02,2024-01-15,2024-01-22,2024-03-11,6,0,6,complete,true
02,2024-01-22,2024-01-29,2024-03-18,8,0,8,complete,true
02,2024-01-29,2024-02-05,2024-03-25,8,0,8,complete,true
02,2024-02-05,2024-02-12,2024-04-01,11,0,11,complete,true
02,2024-02-12,2024-02-19,2024-04-08,14,0,14,complete,true
02,2024-02-19,2024-02-26,2024-04-15,20,0,20,complete,true
02,2024-02-26,2024-03-04,2024-04-22,25,0,25,complete,true
02,2024-03-04,2024-03-11,2024-04-29,27,0,27,complete,true
02,2024-03-11,2024-03-18,2024-05-06,35,0,35,complete,true
02,2024-03-18,2024-03-25,2024-05-13,45,0,45,complete,true
02,2024-03-25,2024-04-01,2024-05-20,60,0,60,complete,true
02,2024-04-01,2024-04-08,2024-05-27,69,0,69,complete,true
02,2024-04-08,2024-04-15,2024-06-03,87,1,88,complete,true
02,2024-04-15,2024-04-22,2024-06-10,103,2,105,complete,true
02,2024-04-22,2024-04-29,2024-06-17,122,2,124,complete,true
02,2024-04-29,2024-05-06,2024-06-24,133,3,136,complete,true
02,2024-05-06,2024-05-13,2024-07-01,150,4,154,complete,true
02,2024-05-13,2024-05-20,2024-07-08,157,4,161,complete,true
02,2024-05-20,2024-05-27,2024-07-15,165,4,169,complete,true
02,2024-05-27,2024-06-03,2024-07-22,162,5,167,complete,true
02,2024-06-03,2024-06-10,2024-07-29,158,6,164,complete,true
02,2024-06-10,2024-06-17,2024-08-05,146,5,151,complete,true
02,2024-06-17,2024-06-24,2024-08-12,132,5,137,complete,true
02,2024-06-24,2024-07-01,2024-08-19,133,5,138,complete,true
02,2024-07-01,2024-07-08,2024-08-26,109,4,113,complete,true
02,2024-07-08,2024-07-15,2024-09-02,100,4,104,complete,true
02,2024-07-15,2024-07-22,2024-09-09,82,4,86,complete,true
02,2024-07-22,2024-07-29,2024-09-16,73,3,76,complete,true
02,2024-07-29,2024-08-05,2024-09-23,57,1,58,complete,true
02,2024-08-05,2024-08-12,2024-09-30,50,1,51,complete,true
02,2024-08-12,2024-08-19,2024-10-07,42,1,43,complete,true
02,2024-08-19,2024-08-26,2024-10-14,30,0,30,complete,true
02,2024-08-26,2024-09-02,2024-10-21,32,0,32,complete,true
02,2024-09-02,2024-09-09,2024-10-28,24,0,24,complete,true
02,2024-09-09,2024-09-16,2024-11-04,20,1,21,complete,true
02,2024-09-16,2024-09-23,2024-11-11,19,1,20,complete,true
02,2024-09-23,2024-09-30,2024-11-18,18,1,19,complete,true
02,2024-09-30,2024-10-07,2024-11-25,15,1,16,complete,true
02,2024-10-07,2024-10-14,2024-12-02,16,1,17,complete,true
02,2024-10-14,2024-10-21,2024-12-09,14,1,15,complete,true
02,2024-10-21,2024-10-28,2024-12-16,11,1,12,complete,true
02,2024-10-28,2024-11-04,2024-12-23,10,1,11,complete,true
02,2024-11-04,2024-11-11,2024-12-30,7,0,7,complete,true
02,2024-11-11,2024-11-18,2025-01-06,5,0,5,complete,true
02,2024-11-18,2024-11-25,2025-01-13,6,0,6,complete,true
02,2024-11-25,2024-12-02,2025-01-20,7,0,7,complete,true
02,2024-12-02,2024-12-09,2025-01-27,5,0,5,complete,true
02,2024-12-09,2024-12-16,2025-02-03,8,0,8,complete,true
02,2024-12-16,2024-12-23,2025-02-10,8,0,8,complete,true
02,2024-12-23,2024-12-30,2025-02-17,8,0,8,complete,true
02,2024-12-30,2025-01-06,2025-02-24,11,0,11,complete,true
02,2025-01-06,2025-01-13,2025-03-03,15,0,15,complete,true
02,2025-01-13,2025-01-20,2025-03-10,14,0,14,complete,true
02,2025-01-20,2025-01-27,2025-03-17,20,0,20,complete,true
02,2025-01-27,2025-02-03,2025-03-24,20,0,20,complete,true
02,2025-02-03,2025-02-10,2025-03-31,22,0,22,complete,true
02,2025-02-10,2025-02-17,2025-04-07,25,0,25,complete,true
02,2025-02-17,2025-02-24,2025-04-14,26,0,26,complete,true
02,2025-02-24,2025-03-03,2025-04-21,27,0,27,complete,true
02,2025-03-03,2025-03-10,2025-04-28,32,0,32,complete,true
02,2025-03-10,2025-03-17,2025-05-05,37,0,37,complete,true
02,2025-03-17,2025-03-24,2025-05-12,39,0,39,complete,true
02,2025-03-24,2025-03-31,2025-05-19,46,0,46,complete,true
02,2025-03-31,2025-04-07,2025-05-26,54,0,54,complete,true
02,2025-04-07,2025-04-14,2025-06-02,69,0,69,complete,true
02,2025-04-14,2025-04-21,2025-06-09,88,0,88,complete,true
02,2025-04-21,2025-04-28,2025-06-16,107,1,108,complete,true
02,2025-04-28,2025-05-05,2025-06-23,120,1,121,complete,true
02,2025-05-05,2025-05-12,2025-06-30,138,1,139,complete,true
02,2025-05-12,2025-05-19,2025-07-07,162,1,163,complete,true
02,2025-05-19,2025-05-26,2025-07-14,178,1,179,complete,true
02,2025-05-26,2025-06-02,2025-07-21,191,1,192,complete,true
02,2025-06-02,2025-06-09,2025-07-28,192,2,194,complete,true
02,2025-06-09,2025-06-16,2025-08-04,185,2,187,complete,true
02,2025-06-16,2025-06-23,2025-08-11,172,1,173,complete,true
02,2025-06-23,2025-06-30,2025-08-18,167,1,168,complete,true
02,2025-06-30,2025-07-07,2025-08-25,157,1,158,complete,true
02,2025-07-07,2025-07-14,2025-09-01,145,1,146,complete,true
02,2025-07-14,2025-07-21,2025-09-08,132,1,133,complete,true
02,2025-07-21,2025-07-28,2025-09-15,122,1,123,complete,true
02,2025-07-28,2025-08-04,2025-09-22,109,0,109,complete,true
02,2025-08-04,2025-08-11,2025-09-29,102,0,102,complete,true
02,2025-08-11,2025-08-18,2025-10-06,107,0,107,complete,true
02,2025-08-18,2025-08-25,2025-10-13,105,0,105,complete,true
02,2025-08-25,2025-09-01,2025-10-20,96,1,97,complete,true
02,2025-09-01,2025-09-08,2025-10-27,87,1,88,complete,true
02,2025-09-08,2025-09-15,2025-11-03,90,1,91,complete,true
02,2025-09-15,2025-09-22,2025-11-10,83,1,84,complete,true
02,2025-09-22,2025-09-29,2025-11-17,87,1,88,complete,true
02,2025-09-29,2025-10-06,2025-11-24,84,1,85,complete,true
02,2025-10-06,2025-10-13,2025-12-01,72,1,73,complete,true
02,2025-10-13,2025-10-20,2025-12-08,61,1,62,complete,true
02,2025-10-20,2025-10-27,2025-12-15,66,0,66,complete,true
02,2025-10-27,2025-11-03,2025-12-22,58,0,58,complete,true
02,2025-11-03,2025-11-10,2025-12-29,,,,incomplete_future_window,false
02,2025-11-10,2025-11-17,2026-01-05,,,,incomplete_future_window,false
02,2025-11-17,2025-11-24,2026-01-12,,,,incomplete_future_window,false
02,2025-11-24,2025-12-01,2026-01-19,,,,incomplete_future_window,false
02,2025-12-01,2025-12-08,2026-01-26,,,,incomplete_future_window,false
02,2025-12-08,2025-12-15,2026-02-02,,,,incomplete_future_window,false
02,2025-12-15,2025-12-22,2026-02-09,,,,incomplete_future_window,false
02,2025-12-22,2025-12-29,2026-02-16,,,,incomplete_future_window,false
03,2014-12-29,2015-01-05,2015-02-23,1,0,1,complete,true
03,2015-01-05,2015-01-12,2015-03-02,1,0,1,complete,true
03,2015-01-12,2015-01-19,2015-03-09,1,0,1,complete,true
03,2015-01-19,2015-01-26,2015-03-16,1,0,1,complete,true
03,2015-01-26,2015-02-02,2015-03-23,1,0,1,complete,true
03,2015-02-02,2015-02-09,2015-03-30,1,0,1,complete,true
03,2015-02-09,2015-02-16,2015-04-06,1,0,1,complete,true
03,2015-02-16,2015-02-23,2015-04-13,1,0,1,complete,true
03,2015-02-23,2015-03-02,2015-04-20,3,0,3,complete,true
03,2015-03-02,2015-03-09,2015-04-27,5,0,5,complete,true
03,2015-03-09,2015-03-16,2015-05-04,11,0,11,complete,true
03,2015-03-16,2015-03-23,2015-05-11,13,0,13,complete,true
03,2015-03-23,2015-03-30,2015-05-18,14,0,14,complete,true
03,2015-03-30,2015-04-06,2015-05-25,15,0,15,complete,true
03,2015-04-06,2015-04-13,2015-06-01,17,0,17,complete,true
03,2015-04-13,2015-04-20,2015-06-08,24,0,24,complete,true
03,2015-04-20,2015-04-27,2015-06-15,26,1,27,complete,true
03,2015-04-27,2015-05-04,2015-06-22,29,1,30,complete,true
03,2015-05-04,2015-05-11,2015-06-29,31,1,32,complete,true
03,2015-05-11,2015-05-18,2015-07-06,38,2,40,complete,true
03,2015-05-18,2015-05-25,2015-07-13,44,3,47,complete,true
03,2015-05-25,2015-06-01,2015-07-20,51,3,54,complete,true
03,2015-06-01,2015-06-08,2015-07-27,55,3,58,complete,true
03,2015-06-08,2015-06-15,2015-08-03,55,3,58,complete,true
03,2015-06-15,2015-06-22,2015-08-10,59,3,62,complete,true
03,2015-06-22,2015-06-29,2015-08-17,56,4,60,complete,true
03,2015-06-29,2015-07-06,2015-08-24,50,4,54,complete,true
03,2015-07-06,2015-07-13,2015-08-31,46,3,49,complete,true
03,2015-07-13,2015-07-20,2015-09-07,40,2,42,complete,true
03,2015-07-20,2015-07-27,2015-09-14,34,2,36,complete,true
03,2015-07-27,2015-08-03,2015-09-21,30,2,32,complete,true
03,2015-08-03,2015-08-10,2015-09-28,23,2,25,complete,true
03,2015-08-10,2015-08-17,2015-10-05,17,1,18,complete,true
03,2015-08-17,2015-08-24,2015-10-12,15,0,15,complete,true
03,2015-08-24,2015-08-31,2015-10-19,15,0,15,complete,true
03,2015-08-31,2015-09-07,2015-10-26,11,0,11,complete,true
03,2015-09-07,2015-09-14,2015-11-02,10,1,11,complete,true
03,2015-09-14,2015-09-21,2015-11-09,8,1,9,complete,true
03,2015-09-21,2015-09-28,2015-11-16,7,1,8,complete,true
03,2015-09-28,2015-10-05,2015-11-23,9,1,10,complete,true
03,2015-10-05,2015-10-12,2015-11-30,8,1,9,complete,true
03,2015-10-12,2015-10-19,2015-12-07,8,1,9,complete,true
03,2015-10-19,2015-10-26,2015-12-14,8,1,9,complete,true
03,2015-10-26,2015-11-02,2015-12-21,7,1,8,complete,true
03,2015-11-02,2015-11-09,2015-12-28,8,0,8,complete,true
03,2015-11-09,2015-11-16,2016-01-04,8,0,8,complete,true
03,2015-11-16,2015-11-23,2016-01-11,8,0,8,complete,true
03,2015-11-23,2015-11-30,2016-01-18,6,0,6,complete,true
03,2015-11-30,2015-12-07,2016-01-25,5,0,5,complete,true
03,2015-12-07,2015-12-14,2016-02-01,5,0,5,complete,true
03,2015-12-14,2015-12-21,2016-02-08,3,0,3,complete,true
03,2015-12-21,2015-12-28,2016-02-15,3,0,3,complete,true
03,2015-12-28,2016-01-04,2016-02-22,1,0,1,complete,true
03,2016-01-04,2016-01-11,2016-02-29,1,0,1,complete,true
03,2016-01-11,2016-01-18,2016-03-07,0,0,0,complete,true
03,2016-01-18,2016-01-25,2016-03-14,1,0,1,complete,true
03,2016-01-25,2016-02-01,2016-03-21,1,0,1,complete,true
03,2016-02-01,2016-02-08,2016-03-28,2,0,2,complete,true
03,2016-02-08,2016-02-15,2016-04-04,2,0,2,complete,true
03,2016-02-15,2016-02-22,2016-04-11,2,0,2,complete,true
03,2016-02-22,2016-02-29,2016-04-18,5,0,5,complete,true
03,2016-02-29,2016-03-07,2016-04-25,8,0,8,complete,true
03,2016-03-07,2016-03-14,2016-05-02,9,0,9,complete,true
03,2016-03-14,2016-03-21,2016-05-09,11,0,11,complete,true
03,2016-03-21,2016-03-28,2016-05-16,14,0,14,complete,true
03,2016-03-28,2016-04-04,2016-05-23,14,0,14,complete,true
03,2016-04-04,2016-04-11,2016-05-30,18,1,19,complete,true
03,2016-04-11,2016-04-18,2016-06-06,27,1,28,complete,true
03,2016-04-18,2016-04-25,2016-06-13,32,2,34,complete,true
03,2016-04-25,2016-05-02,2016-06-20,35,3,38,complete,true
03,2016-05-02,2016-05-09,2016-06-27,42,4,46,complete,true
03,2016-05-09,2016-05-16,2016-07-04,52,4,56,complete,true
03,2016-05-16,2016-05-23,2016-07-11,61,5,66,complete,true
03,2016-05-23,2016-05-30,2016-07-18,73,8,81,complete,true
03,2016-05-30,2016-06-06,2016-07-25,75,7,82,complete,true
03,2016-06-06,2016-06-13,2016-08-01,69,8,77,complete,true
03,2016-06-13,2016-06-20,2016-08-08,65,7,72,complete,true
03,2016-06-20,2016-06-27,2016-08-15,66,8,74,complete,true
03,2016-06-27,2016-07-04,2016-08-22,62,7,69,complete,true
03,2016-07-04,2016-07-11,2016-08-29,52,8,60,complete,true
03,2016-07-11,2016-07-18,2016-09-05,42,7,49,complete,true
03,2016-07-18,2016-07-25,2016-09-12,32,5,37,complete,true
03,2016-07-25,2016-08-01,2016-09-19,29,5,34,complete,true
03,2016-08-01,2016-08-08,2016-09-26,28,4,32,complete,true
03,2016-08-08,2016-08-15,2016-10-03,24,4,28,complete,true
03,2016-08-15,2016-08-22,2016-10-10,19,2,21,complete,true
03,2016-08-22,2016-08-29,2016-10-17,15,2,17,complete,true
03,2016-08-29,2016-09-05,2016-10-24,12,1,13,complete,true
03,2016-09-05,2016-09-12,2016-10-31,11,1,12,complete,true
03,2016-09-12,2016-09-19,2016-11-07,13,0,13,complete,true
03,2016-09-19,2016-09-26,2016-11-14,11,0,11,complete,true
03,2016-09-26,2016-10-03,2016-11-21,10,0,10,complete,true
03,2016-10-03,2016-10-10,2016-11-28,12,0,12,complete,true
03,2016-10-10,2016-10-17,2016-12-05,10,0,10,complete,true
03,2016-10-17,2016-10-24,2016-12-12,10,0,10,complete,true
03,2016-10-24,2016-10-31,2016-12-19,12,0,12,complete,true
03,2016-10-31,2016-11-07,2016-12-26,11,0,11,complete,true
03,2016-11-07,2016-11-14,2017-01-02,6,0,6,complete,true
03,2016-11-14,2016-11-21,2017-01-09,5,0,5,complete,true
03,2016-11-21,2016-11-28,2017-01-16,4,0,4,complete,true
03,2016-11-28,2016-12-05,2017-01-23,2,0,2,complete,true
03,2016-12-05,2016-12-12,2017-01-30,3,0,3,complete,true
03,2016-12-12,2016-12-19,2017-02-06,3,0,3,complete,true
03,2016-12-19,2016-12-26,2017-02-13,1,0,1,complete,true
03,2016-12-26,2017-01-02,2017-02-20,1,0,1,complete,true
03,2017-01-02,2017-01-09,2017-02-27,1,0,1,complete,true
03,2017-01-09,2017-01-16,2017-03-06,2,0,2,complete,true
03,2017-01-16,2017-01-23,2017-03-13,2,0,2,complete,true
03,2017-01-23,2017-01-30,2017-03-20,3,0,3,complete,true
03,2017-01-30,2017-02-06,2017-03-27,2,0,2,complete,true
03,2017-02-06,2017-02-13,2017-04-03,6,0,6,complete,true
03,2017-02-13,2017-02-20,2017-04-10,6,0,6,complete,true
03,2017-02-20,2017-02-27,2017-04-17,8,0,8,complete,true
03,2017-02-27,2017-03-06,2017-04-24,9,0,9,complete,true
03,2017-03-06,2017-03-13,2017-05-01,10,0,10,complete,true
03,2017-03-13,2017-03-20,2017-05-08,14,0,14,complete,true
03,2017-03-20,2017-03-27,2017-05-15,14,0,14,complete,true
03,2017-03-27,2017-04-03,2017-05-22,19,0,19,complete,true
03,2017-04-03,2017-04-10,2017-05-29,22,0,22,complete,true
03,2017-04-10,2017-04-17,2017-06-05,30,0,30,complete,true
03,2017-04-17,2017-04-24,2017-06-12,42,2,44,complete,true
03,2017-04-24,2017-05-01,2017-06-19,48,2,50,complete,true
03,2017-05-01,2017-05-08,2017-06-26,52,3,55,complete,true
03,2017-05-08,2017-05-15,2017-07-03,60,4,64,complete,true
03,2017-05-15,2017-05-22,2017-07-10,71,4,75,complete,true
03,2017-05-22,2017-05-29,2017-07-17,80,8,88,complete,true
03,2017-05-29,2017-06-05,2017-07-24,79,8,87,complete,true
03,2017-06-05,2017-06-12,2017-07-31,74,10,84,complete,true
03,2017-06-12,2017-06-19,2017-08-07,65,10,75,complete,true
03,2017-06-19,2017-06-26,2017-08-14,68,10,78,complete,true
03,2017-06-26,2017-07-03,2017-08-21,68,9,77,complete,true
03,2017-07-03,2017-07-10,2017-08-28,58,8,66,complete,true
03,2017-07-10,2017-07-17,2017-09-04,50,8,58,complete,true
03,2017-07-17,2017-07-24,2017-09-11,37,4,41,complete,true
03,2017-07-24,2017-07-31,2017-09-18,33,5,38,complete,true
03,2017-07-31,2017-08-07,2017-09-25,32,3,35,complete,true
03,2017-08-07,2017-08-14,2017-10-02,30,1,31,complete,true
03,2017-08-14,2017-08-21,2017-10-09,21,1,22,complete,true
03,2017-08-21,2017-08-28,2017-10-16,17,1,18,complete,true
03,2017-08-28,2017-09-04,2017-10-23,17,1,18,complete,true
03,2017-09-04,2017-09-11,2017-10-30,14,1,15,complete,true
03,2017-09-11,2017-09-18,2017-11-06,14,1,15,complete,true
03,2017-09-18,2017-09-25,2017-11-13,16,0,16,complete,true
03,2017-09-25,2017-10-02,2017-11-20,18,0,18,complete,true
03,2017-10-02,2017-10-09,2017-11-27,18,0,18,complete,true
03,2017-10-09,2017-10-16,2017-12-04,18,0,18,complete,true
03,2017-10-16,2017-10-23,2017-12-11,17,0,17,complete,true
03,2017-10-23,2017-10-30,2017-12-18,16,0,16,complete,true
03,2017-10-30,2017-11-06,2017-12-25,17,0,17,complete,true
03,2017-11-06,2017-11-13,2018-01-01,17,0,17,complete,true
03,2017-11-13,2017-11-20,2018-01-08,13,0,13,complete,true
03,2017-11-20,2017-11-27,2018-01-15,11,0,11,complete,true
03,2017-11-27,2017-12-04,2018-01-22,8,0,8,complete,true
03,2017-12-04,2017-12-11,2018-01-29,8,0,8,complete,true
03,2017-12-11,2017-12-18,2018-02-05,7,0,7,complete,true
03,2017-12-18,2017-12-25,2018-02-12,6,0,6,complete,true
03,2017-12-25,2018-01-01,2018-02-19,4,0,4,complete,true
03,2018-01-01,2018-01-08,2018-02-26,3,0,3,complete,true
03,2018-01-08,2018-01-15,2018-03-05,3,0,3,complete,true
03,2018-01-15,2018-01-22,2018-03-12,1,0,1,complete,true
03,2018-01-22,2018-01-29,2018-03-19,2,0,2,complete,true
03,2018-01-29,2018-02-05,2018-03-26,1,0,1,complete,true
03,2018-02-05,2018-02-12,2018-04-02,1,0,1,complete,true
03,2018-02-12,2018-02-19,2018-04-09,2,0,2,complete,true
03,2018-02-19,2018-02-26,2018-04-16,3,0,3,complete,true
03,2018-02-26,2018-03-05,2018-04-23,4,1,5,complete,true
03,2018-03-05,2018-03-12,2018-04-30,11,1,12,complete,true
03,2018-03-12,2018-03-19,2018-05-07,15,1,16,complete,true
03,2018-03-19,2018-03-26,2018-05-14,21,1,22,complete,true
03,2018-03-26,2018-04-02,2018-05-21,28,2,30,complete,true
03,2018-04-02,2018-04-09,2018-05-28,39,2,41,complete,true
03,2018-04-09,2018-04-16,2018-06-04,50,2,52,complete,true
03,2018-04-16,2018-04-23,2018-06-11,66,2,68,complete,true
03,2018-04-23,2018-04-30,2018-06-18,82,1,83,complete,true
03,2018-04-30,2018-05-07,2018-06-25,89,1,90,complete,true
03,2018-05-07,2018-05-14,2018-07-02,106,4,110,complete,true
03,2018-05-14,2018-05-21,2018-07-09,118,5,123,complete,true
03,2018-05-21,2018-05-28,2018-07-16,132,4,136,complete,true
03,2018-05-28,2018-06-04,2018-07-23,138,5,143,complete,true
03,2018-06-04,2018-06-11,2018-07-30,142,5,147,complete,true
03,2018-06-11,2018-06-18,2018-08-06,143,5,148,complete,true
03,2018-06-18,2018-06-25,2018-08-13,146,5,151,complete,true
03,2018-06-25,2018-07-02,2018-08-20,140,5,145,complete,true
03,2018-07-02,2018-07-09,2018-08-27,125,2,127,complete,true
03,2018-07-09,2018-07-16,2018-09-03,113,1,114,complete,true
03,2018-07-16,2018-07-23,2018-09-10,98,1,99,complete,true
03,2018-07-23,2018-07-30,2018-09-17,88,0,88,complete,true
03,2018-07-30,2018-08-06,2018-09-24,82,1,83,complete,true
03,2018-08-06,2018-08-13,2018-10-01,68,1,69,complete,true
03,2018-08-13,2018-08-20,2018-10-08,50,3,53,complete,true
03,2018-08-20,2018-08-27,2018-10-15,47,3,50,complete,true
03,2018-08-27,2018-09-03,2018-10-22,43,3,46,complete,true
03,2018-09-03,2018-09-10,2018-10-29,37,3,40,complete,true
03,2018-09-10,2018-09-17,2018-11-05,34,3,37,complete,true
03,2018-09-17,2018-09-24,2018-11-12,29,3,32,complete,true
03,2018-09-24,2018-10-01,2018-11-19,20,2,22,complete,true
03,2018-10-01,2018-10-08,2018-11-26,17,2,19,complete,true
03,2018-10-08,2018-10-15,2018-12-03,15,0,15,complete,true
03,2018-10-15,2018-10-22,2018-12-10,10,0,10,complete,true
03,2018-10-22,2018-10-29,2018-12-17,8,0,8,complete,true
03,2018-10-29,2018-11-05,2018-12-24,7,0,7,complete,true
03,2018-11-05,2018-11-12,2018-12-31,4,0,4,complete,true
03,2018-11-12,2018-11-19,2019-01-07,2,0,2,complete,true
03,2018-11-19,2018-11-26,2019-01-14,1,0,1,complete,true
03,2018-11-26,2018-12-03,2019-01-21,2,0,2,complete,true
03,2018-12-03,2018-12-10,2019-01-28,5,0,5,complete,true
03,2018-12-10,2018-12-17,2019-02-04,5,0,5,complete,true
03,2018-12-17,2018-12-24,2019-02-11,5,0,5,complete,true
03,2018-12-24,2018-12-31,2019-02-18,5,0,5,complete,true
03,2018-12-31,2019-01-07,2019-02-25,5,0,5,complete,true
03,2019-01-07,2019-01-14,2019-03-04,5,0,5,complete,true
03,2019-01-14,2019-01-21,2019-03-11,6,0,6,complete,true
03,2019-01-21,2019-01-28,2019-03-18,4,0,4,complete,true
03,2019-01-28,2019-02-04,2019-03-25,1,0,1,complete,true
03,2019-02-04,2019-02-11,2019-04-01,2,0,2,complete,true
03,2019-02-11,2019-02-18,2019-04-08,3,0,3,complete,true
03,2019-02-18,2019-02-25,2019-04-15,4,0,4,complete,true
03,2019-02-25,2019-03-04,2019-04-22,4,0,4,complete,true
03,2019-03-04,2019-03-11,2019-04-29,6,1,7,complete,true
03,2019-03-11,2019-03-18,2019-05-06,5,1,6,complete,true
03,2019-03-18,2019-03-25,2019-05-13,6,1,7,complete,true
03,2019-03-25,2019-04-01,2019-05-20,9,1,10,complete,true
03,2019-04-01,2019-04-08,2019-05-27,9,2,11,complete,true
03,2019-04-08,2019-04-15,2019-06-03,11,2,13,complete,true
03,2019-04-15,2019-04-22,2019-06-10,15,2,17,complete,true
03,2019-04-22,2019-04-29,2019-06-17,17,2,19,complete,true
03,2019-04-29,2019-05-06,2019-06-24,23,1,24,complete,true
03,2019-05-06,2019-05-13,2019-07-01,33,1,34,complete,true
03,2019-05-13,2019-05-20,2019-07-08,38,2,40,complete,true
03,2019-05-20,2019-05-27,2019-07-15,38,3,41,complete,true
03,2019-05-27,2019-06-03,2019-07-22,43,3,46,complete,true
03,2019-06-03,2019-06-10,2019-07-29,44,4,48,complete,true
03,2019-06-10,2019-06-17,2019-08-05,42,5,47,complete,true
03,2019-06-17,2019-06-24,2019-08-12,45,5,50,complete,true
03,2019-06-24,2019-07-01,2019-08-19,45,5,50,complete,true
03,2019-07-01,2019-07-08,2019-08-26,43,5,48,complete,true
03,2019-07-08,2019-07-15,2019-09-02,38,4,42,complete,true
03,2019-07-15,2019-07-22,2019-09-09,37,3,40,complete,true
03,2019-07-22,2019-07-29,2019-09-16,34,2,36,complete,true
03,2019-07-29,2019-08-05,2019-09-23,32,1,33,complete,true
03,2019-08-05,2019-08-12,2019-09-30,31,1,32,complete,true
03,2019-08-12,2019-08-19,2019-10-07,29,1,30,complete,true
03,2019-08-19,2019-08-26,2019-10-14,23,1,24,complete,true
03,2019-08-26,2019-09-02,2019-10-21,18,1,19,complete,true
03,2019-09-02,2019-09-09,2019-10-28,17,1,18,complete,true
03,2019-09-09,2019-09-16,2019-11-04,17,1,18,complete,true
03,2019-09-16,2019-09-23,2019-11-11,15,1,16,complete,true
03,2019-09-23,2019-09-30,2019-11-18,13,1,14,complete,true
03,2019-09-30,2019-10-07,2019-11-25,13,0,13,complete,true
03,2019-10-07,2019-10-14,2019-12-02,11,0,11,complete,true
03,2019-10-14,2019-10-21,2019-12-09,11,0,11,complete,true
03,2019-10-21,2019-10-28,2019-12-16,8,0,8,complete,true
03,2019-10-28,2019-11-04,2019-12-23,8,0,8,complete,true
03,2019-11-04,2019-11-11,2019-12-30,7,0,7,complete,true
03,2019-11-11,2019-11-18,2020-01-06,8,0,8,complete,true
03,2019-11-18,2019-11-25,2020-01-13,8,0,8,complete,true
03,2019-11-25,2019-12-02,2020-01-20,7,0,7,complete,true
03,2019-12-02,2019-12-09,2020-01-27,6,0,6,complete,true
03,2019-12-09,2019-12-16,2020-02-03,6,0,6,complete,true
03,2019-12-16,2019-12-23,2020-02-10,7,0,7,complete,true
03,2019-12-23,2019-12-30,2020-02-17,8,0,8,complete,true
03,2019-12-30,2020-01-06,2020-02-24,7,0,7,complete,true
03,2020-01-06,2020-01-13,2020-03-02,6,0,6,complete,true
03,2020-01-13,2020-01-20,2020-03-09,6,0,6,complete,true
03,2020-01-20,2020-01-27,2020-03-16,5,0,5,complete,true
03,2020-01-27,2020-02-03,2020-03-23,6,0,6,complete,true
03,2020-02-03,2020-02-10,2020-03-30,5,0,5,complete,true
03,2020-02-10,2020-02-17,2020-04-06,8,0,8,complete,true
03,2020-02-17,2020-02-24,2020-04-13,8,0,8,complete,true
03,2020-02-24,2020-03-02,2020-04-20,10,0,10,complete,true
03,2020-03-02,2020-03-09,2020-04-27,14,0,14,complete,true
03,2020-03-09,2020-03-16,2020-05-04,16,0,16,complete,true
03,2020-03-16,2020-03-23,2020-05-11,25,1,26,complete,true
03,2020-03-23,2020-03-30,2020-05-18,31,1,32,complete,true
03,2020-03-30,2020-04-06,2020-05-25,42,3,45,complete,true
03,2020-04-06,2020-04-13,2020-06-01,57,4,61,complete,true
03,2020-04-13,2020-04-20,2020-06-08,81,6,87,complete,true
03,2020-04-20,2020-04-27,2020-06-15,105,6,111,complete,true
03,2020-04-27,2020-05-04,2020-06-22,126,7,133,complete,true
03,2020-05-04,2020-05-11,2020-06-29,142,8,150,complete,true
03,2020-05-11,2020-05-18,2020-07-06,155,8,163,complete,true
03,2020-05-18,2020-05-25,2020-07-13,173,9,182,complete,true
03,2020-05-25,2020-06-01,2020-07-20,187,9,196,complete,true
03,2020-06-01,2020-06-08,2020-07-27,204,10,214,complete,true
03,2020-06-08,2020-06-15,2020-08-03,214,11,225,complete,true
03,2020-06-15,2020-06-22,2020-08-10,213,15,228,complete,true
03,2020-06-22,2020-06-29,2020-08-17,204,17,221,complete,true
03,2020-06-29,2020-07-06,2020-08-24,196,16,212,complete,true
03,2020-07-06,2020-07-13,2020-08-31,182,16,198,complete,true
03,2020-07-13,2020-07-20,2020-09-07,175,16,191,complete,true
03,2020-07-20,2020-07-27,2020-09-14,155,14,169,complete,true
03,2020-07-27,2020-08-03,2020-09-21,126,12,138,complete,true
03,2020-08-03,2020-08-10,2020-09-28,102,9,111,complete,true
03,2020-08-10,2020-08-17,2020-10-05,83,5,88,complete,true
03,2020-08-17,2020-08-24,2020-10-12,70,2,72,complete,true
03,2020-08-24,2020-08-31,2020-10-19,66,2,68,complete,true
03,2020-08-31,2020-09-07,2020-10-26,62,1,63,complete,true
03,2020-09-07,2020-09-14,2020-11-02,48,0,48,complete,true
03,2020-09-14,2020-09-21,2020-11-09,46,0,46,complete,true
03,2020-09-21,2020-09-28,2020-11-16,41,0,41,complete,true
03,2020-09-28,2020-10-05,2020-11-23,32,0,32,complete,true
03,2020-10-05,2020-10-12,2020-11-30,26,0,26,complete,true
03,2020-10-12,2020-10-19,2020-12-07,25,0,25,complete,true
03,2020-10-19,2020-10-26,2020-12-14,19,0,19,complete,true
03,2020-10-26,2020-11-02,2020-12-21,15,0,15,complete,true
03,2020-11-02,2020-11-09,2020-12-28,12,0,12,complete,true
03,2020-11-09,2020-11-16,2021-01-04,11,0,11,complete,true
03,2020-11-16,2020-11-23,2021-01-11,10,0,10,complete,true
03,2020-11-23,2020-11-30,2021-01-18,8,0,8,complete,true
03,2020-11-30,2020-12-07,2021-01-25,8,0,8,complete,true
03,2020-12-07,2020-12-14,2021-02-01,5,0,5,complete,true
03,2020-12-14,2020-12-21,2021-02-08,5,0,5,complete,true
03,2020-12-21,2020-12-28,2021-02-15,6,0,6,complete,true
03,2020-12-28,2021-01-04,2021-02-22,5,0,5,complete,true
03,2021-01-04,2021-01-11,2021-03-01,2,0,2,complete,true
03,2021-01-11,2021-01-18,2021-03-08,1,0,1,complete,true
03,2021-01-18,2021-01-25,2021-03-15,1,0,1,complete,true
03,2021-01-25,2021-02-01,2021-03-22,1,0,1,complete,true
03,2021-02-01,2021-02-08,2021-03-29,3,0,3,complete,true
03,2021-02-08,2021-02-15,2021-04-05,3,0,3,complete,true
03,2021-02-15,2021-02-22,2021-04-12,2,0,2,complete,true
03,2021-02-22,2021-03-01,2021-04-19,3,0,3,complete,true
03,2021-03-01,2021-03-08,2021-04-26,4,0,4,complete,true
03,2021-03-08,2021-03-15,2021-05-03,8,0,8,complete,true
03,2021-03-15,2021-03-22,2021-05-10,10,0,10,complete,true
03,2021-03-22,2021-03-29,2021-05-17,11,0,11,complete,true
03,2021-03-29,2021-04-05,2021-05-24,13,0,13,complete,true
03,2021-04-05,2021-04-12,2021-05-31,15,0,15,complete,true
03,2021-04-12,2021-04-19,2021-06-07,22,0,22,complete,true
03,2021-04-19,2021-04-26,2021-06-14,24,0,24,complete,true
03,2021-04-26,2021-05-03,2021-06-21,30,0,30,complete,true
03,2021-05-03,2021-05-10,2021-06-28,29,1,30,complete,true
03,2021-05-10,2021-05-17,2021-07-05,31,2,33,complete,true
03,2021-05-17,2021-05-24,2021-07-12,36,2,38,complete,true
03,2021-05-24,2021-05-31,2021-07-19,39,2,41,complete,true
03,2021-05-31,2021-06-07,2021-07-26,40,4,44,complete,true
03,2021-06-07,2021-06-14,2021-08-02,39,4,43,complete,true
03,2021-06-14,2021-06-21,2021-08-09,42,4,46,complete,true
03,2021-06-21,2021-06-28,2021-08-16,38,4,42,complete,true
03,2021-06-28,2021-07-05,2021-08-23,41,3,44,complete,true
03,2021-07-05,2021-07-12,2021-08-30,38,2,40,complete,true
03,2021-07-12,2021-07-19,2021-09-06,36,2,38,complete,true
03,2021-07-19,2021-07-26,2021-09-13,30,2,32,complete,true
03,2021-07-26,2021-08-02,2021-09-20,27,0,27,complete,true
03,2021-08-02,2021-08-09,2021-09-27,23,0,23,complete,true
03,2021-08-09,2021-08-16,2021-10-04,17,0,17,complete,true
03,2021-08-16,2021-08-23,2021-10-11,17,0,17,complete,true
03,2021-08-23,2021-08-30,2021-10-18,13,0,13,complete,true
03,2021-08-30,2021-09-06,2021-10-25,13,0,13,complete,true
03,2021-09-06,2021-09-13,2021-11-01,10,0,10,complete,true
03,2021-09-13,2021-09-20,2021-11-08,9,0,9,complete,true
03,2021-09-20,2021-09-27,2021-11-15,10,0,10,complete,true
03,2021-09-27,2021-10-04,2021-11-22,9,0,9,complete,true
03,2021-10-04,2021-10-11,2021-11-29,9,0,9,complete,true
03,2021-10-11,2021-10-18,2021-12-06,6,0,6,complete,true
03,2021-10-18,2021-10-25,2021-12-13,6,0,6,complete,true
03,2021-10-25,2021-11-01,2021-12-20,6,0,6,complete,true
03,2021-11-01,2021-11-08,2021-12-27,5,0,5,complete,true
03,2021-11-08,2021-11-15,2022-01-03,5,0,5,complete,true
03,2021-11-15,2021-11-22,2022-01-10,4,0,4,complete,true
03,2021-11-22,2021-11-29,2022-01-17,3,0,3,complete,true
03,2021-11-29,2021-12-06,2022-01-24,4,0,4,complete,true
03,2021-12-06,2021-12-13,2022-01-31,4,0,4,complete,true
03,2021-12-13,2021-12-20,2022-02-07,2,0,2,complete,true
03,2021-12-20,2021-12-27,2022-02-14,2,0,2,complete,true
03,2021-12-27,2022-01-03,2022-02-21,2,0,2,complete,true
03,2022-01-03,2022-01-10,2022-02-28,2,0,2,complete,true
03,2022-01-10,2022-01-17,2022-03-07,2,0,2,complete,true
03,2022-01-17,2022-01-24,2022-03-14,3,0,3,complete,true
03,2022-01-24,2022-01-31,2022-03-21,2,0,2,complete,true
03,2022-01-31,2022-02-07,2022-03-28,2,0,2,complete,true
03,2022-02-07,2022-02-14,2022-04-04,3,0,3,complete,true
03,2022-02-14,2022-02-21,2022-04-11,4,0,4,complete,true
03,2022-02-21,2022-02-28,2022-04-18,5,0,5,complete,true
03,2022-02-28,2022-03-07,2022-04-25,8,0,8,complete,true
03,2022-03-07,2022-03-14,2022-05-02,10,0,10,complete,true
03,2022-03-14,2022-03-21,2022-05-09,14,0,14,complete,true
03,2022-03-21,2022-03-28,2022-05-16,18,1,19,complete,true
03,2022-03-28,2022-04-04,2022-05-23,22,1,23,complete,true
03,2022-04-04,2022-04-11,2022-05-30,25,1,26,complete,true
03,2022-04-11,2022-04-18,2022-06-06,31,3,34,complete,true
03,2022-04-18,2022-04-25,2022-06-13,43,3,46,complete,true
03,2022-04-25,2022-05-02,2022-06-20,53,4,57,complete,true
03,2022-05-02,2022-05-09,2022-06-27,59,5,64,complete,true
03,2022-05-09,2022-05-16,2022-07-04,61,6,67,complete,true
03,2022-05-16,2022-05-23,2022-07-11,69,8,77,complete,true
03,2022-05-23,2022-05-30,2022-07-18,78,8,86,complete,true
03,2022-05-30,2022-06-06,2022-07-25,91,9,100,complete,true
03,2022-06-06,2022-06-13,2022-08-01,99,7,106,complete,true
03,2022-06-13,2022-06-20,2022-08-08,94,8,102,complete,true
03,2022-06-20,2022-06-27,2022-08-15,87,7,94,complete,true
03,2022-06-27,2022-07-04,2022-08-22,84,6,90,complete,true
03,2022-07-04,2022-07-11,2022-08-29,83,6,89,complete,true
03,2022-07-11,2022-07-18,2022-09-05,77,3,80,complete,true
03,2022-07-18,2022-07-25,2022-09-12,70,3,73,complete,true
03,2022-07-25,2022-08-01,2022-09-19,57,2,59,complete,true
03,2022-08-01,2022-08-08,2022-09-26,42,2,44,complete,true
03,2022-08-08,2022-08-15,2022-10-03,40,1,41,complete,true
03,2022-08-15,2022-08-22,2022-10-10,38,1,39,complete,true
03,2022-08-22,2022-08-29,2022-10-17,36,1,37,complete,true
03,2022-08-29,2022-09-05,2022-10-24,33,0,33,complete,true
03,2022-09-05,2022-09-12,2022-10-31,29,0,29,complete,true
03,2022-09-12,2022-09-19,2022-11-07,26,0,26,complete,true
03,2022-09-19,2022-09-26,2022-11-14,23,0,23,complete,true
03,2022-09-26,2022-10-03,2022-11-21,24,0,24,complete,true
03,2022-10-03,2022-10-10,2022-11-28,20,0,20,complete,true
03,2022-10-10,2022-10-17,2022-12-05,16,0,16,complete,true
03,2022-10-17,2022-10-24,2022-12-12,15,0,15,complete,true
03,2022-10-24,2022-10-31,2022-12-19,12,0,12,complete,true
03,2022-10-31,2022-11-07,2022-12-26,10,1,11,complete,true
03,2022-11-07,2022-11-14,2023-01-02,8,1,9,complete,true
03,2022-11-14,2022-11-21,2023-01-09,7,1,8,complete,true
03,2022-11-21,2022-11-28,2023-01-16,6,1,7,complete,true
03,2022-11-28,2022-12-05,2023-01-23,5,1,6,complete,true
03,2022-12-05,2022-12-12,2023-01-30,7,1,8,complete,true
03,2022-12-12,2022-12-19,2023-02-06,7,1,8,complete,true
03,2022-12-19,2022-12-26,2023-02-13,7,1,8,complete,true
03,2022-12-26,2023-01-02,2023-02-20,8,0,8,complete,true
03,2023-01-02,2023-01-09,2023-02-27,7,0,7,complete,true
03,2023-01-09,2023-01-16,2023-03-06,7,0,7,complete,true
03,2023-01-16,2023-01-23,2023-03-13,6,0,6,complete,true
03,2023-01-23,2023-01-30,2023-03-20,5,0,5,complete,true
03,2023-01-30,2023-02-06,2023-03-27,4,0,4,complete,true
03,2023-02-06,2023-02-13,2023-04-03,2,0,2,complete,true
03,2023-02-13,2023-02-20,2023-04-10,5,0,5,complete,true
03,2023-02-20,2023-02-27,2023-04-17,5,0,5,complete,true
03,2023-02-27,2023-03-06,2023-04-24,8,0,8,complete,true
03,2023-03-06,2023-03-13,2023-05-01,11,0,11,complete,true
03,2023-03-13,2023-03-20,2023-05-08,11,0,11,complete,true
03,2023-03-20,2023-03-27,2023-05-15,12,0,12,complete,true
03,2023-03-27,2023-04-03,2023-05-22,11,0,11,complete,true
03,2023-04-03,2023-04-10,2023-05-29,15,0,15,complete,true
03,2023-04-10,2023-04-17,2023-06-05,14,0,14,complete,true
03,2023-04-17,2023-04-24,2023-06-12,18,0,18,complete,true
03,2023-04-24,2023-05-01,2023-06-19,25,0,25,complete,true
03,2023-05-01,2023-05-08,2023-06-26,28,0,28,complete,true
03,2023-05-08,2023-05-15,2023-07-03,31,1,32,complete,true
03,2023-05-15,2023-05-22,2023-07-10,36,1,37,complete,true
03,2023-05-22,2023-05-29,2023-07-17,40,1,41,complete,true
03,2023-05-29,2023-06-05,2023-07-24,40,2,42,complete,true
03,2023-06-05,2023-06-12,2023-07-31,41,2,43,complete,true
03,2023-06-12,2023-06-19,2023-08-07,39,2,41,complete,true
03,2023-06-19,2023-06-26,2023-08-14,33,2,35,complete,true
03,2023-06-26,2023-07-03,2023-08-21,34,3,37,complete,true
03,2023-07-03,2023-07-10,2023-08-28,32,2,34,complete,true
03,2023-07-10,2023-07-17,2023-09-04,28,3,31,complete,true
03,2023-07-17,2023-07-24,2023-09-11,24,3,27,complete,true
03,2023-07-24,2023-07-31,2023-09-18,21,2,23,complete,true
03,2023-07-31,2023-08-07,2023-09-25,18,2,20,complete,true
03,2023-08-07,2023-08-14,2023-10-02,15,2,17,complete,true
03,2023-08-14,2023-08-21,2023-10-09,13,2,15,complete,true
03,2023-08-21,2023-08-28,2023-10-16,6,1,7,complete,true
03,2023-08-28,2023-09-04,2023-10-23,7,1,8,complete,true
03,2023-09-04,2023-09-11,2023-10-30,6,0,6,complete,true
03,2023-09-11,2023-09-18,2023-11-06,8,0,8,complete,true
03,2023-09-18,2023-09-25,2023-11-13,9,0,9,complete,true
03,2023-09-25,2023-10-02,2023-11-20,12,0,12,complete,true
03,2023-10-02,2023-10-09,2023-11-27,14,0,14,complete,true
03,2023-10-09,2023-10-16,2023-12-04,12,0,12,complete,true
03,2023-10-16,2023-10-23,2023-12-11,13,0,13,complete,true
03,2023-10-23,2023-10-30,2023-12-18,12,0,12,complete,true
03,2023-10-30,2023-11-06,2023-12-25,11,0,11,complete,true
03,2023-11-06,2023-11-13,2024-01-01,10,0,10,complete,true
03,2023-11-13,2023-11-20,2024-01-08,8,0,8,complete,true
03,2023-11-20,2023-11-27,2024-01-15,5,0,5,complete,true
03,2023-11-27,2023-12-04,2024-01-22,4,0,4,complete,true
03,2023-12-04,2023-12-11,2024-01-29,4,0,4,complete,true
03,2023-12-11,2023-12-18,2024-02-05,3,0,3,complete,true
03,2023-12-18,2023-12-25,2024-02-12,2,0,2,complete,true
03,2023-12-25,2024-01-01,2024-02-19,2,0,2,complete,true
03,2024-01-01,2024-01-08,2024-02-26,1,0,1,complete,true
03,2024-01-08,2024-01-15,2024-03-04,1,0,1,complete,true
03,2024-01-15,2024-01-22,2024-03-11,2,0,2,complete,true
03,2024-01-22,2024-01-29,2024-03-18,1,1,2,complete,true
03,2024-01-29,2024-02-05,2024-03-25,2,1,3,complete,true
03,2024-02-05,2024-02-12,2024-04-01,2,1,3,complete,true
03,2024-02-12,2024-02-19,2024-04-08,6,1,7,complete,true
03,2024-02-19,2024-02-26,2024-04-15,11,1,12,complete,true
03,2024-02-26,2024-03-04,2024-04-22,12,2,14,complete,true
03,2024-03-04,2024-03-11,2024-04-29,14,2,16,complete,true
03,2024-03-11,2024-03-18,2024-05-06,15,2,17,complete,true
03,2024-03-18,2024-03-25,2024-05-13,22,1,23,complete,true
03,2024-03-25,2024-04-01,2024-05-20,25,1,26,complete,true
03,2024-04-01,2024-04-08,2024-05-27,30,1,31,complete,true
03,2024-04-08,2024-04-15,2024-06-03,33,1,34,complete,true
03,2024-04-15,2024-04-22,2024-06-10,33,1,34,complete,true
03,2024-04-22,2024-04-29,2024-06-17,41,0,41,complete,true
03,2024-04-29,2024-05-06,2024-06-24,49,0,49,complete,true
03,2024-05-06,2024-05-13,2024-07-01,55,0,55,complete,true
03,2024-05-13,2024-05-20,2024-07-08,57,0,57,complete,true
03,2024-05-20,2024-05-27,2024-07-15,58,2,60,complete,true
03,2024-05-27,2024-06-03,2024-07-22,60,2,62,complete,true
03,2024-06-03,2024-06-10,2024-07-29,57,2,59,complete,true
03,2024-06-10,2024-06-17,2024-08-05,55,2,57,complete,true
03,2024-06-17,2024-06-24,2024-08-12,52,2,54,complete,true
03,2024-06-24,2024-07-01,2024-08-19,45,2,47,complete,true
03,2024-07-01,2024-07-08,2024-08-26,41,2,43,complete,true
03,2024-07-08,2024-07-15,2024-09-02,32,2,34,complete,true
03,2024-07-15,2024-07-22,2024-09-09,30,0,30,complete,true
03,2024-07-22,2024-07-29,2024-09-16,25,0,25,complete,true
03,2024-07-29,2024-08-05,2024-09-23,23,0,23,complete,true
03,2024-08-05,2024-08-12,2024-09-30,21,0,21,complete,true
03,2024-08-12,2024-08-19,2024-10-07,15,0,15,complete,true
03,2024-08-19,2024-08-26,2024-10-14,13,0,13,complete,true
03,2024-08-26,2024-09-02,2024-10-21,10,0,10,complete,true
03,2024-09-02,2024-09-09,2024-10-28,12,0,12,complete,true
03,2024-09-09,2024-09-16,2024-11-04,12,0,12,complete,true
03,2024-09-16,2024-09-23,2024-11-11,11,0,11,complete,true
03,2024-09-23,2024-09-30,2024-11-18,9,0,9,complete,true
03,2024-09-30,2024-10-07,2024-11-25,8,0,8,complete,true
03,2024-10-07,2024-10-14,2024-12-02,9,0,9,complete,true
03,2024-10-14,2024-10-21,2024-12-09,8,0,8,complete,true
03,2024-10-21,2024-10-28,2024-12-16,7,0,7,complete,true
03,2024-10-28,2024-11-04,2024-12-23,6,0,6,complete,true
03,2024-11-04,2024-11-11,2024-12-30,3,0,3,complete,true
03,2024-11-11,2024-11-18,2025-01-06,4,0,4,complete,true
03,2024-11-18,2024-11-25,2025-01-13,8,0,8,complete,true
03,2024-11-25,2024-12-02,2025-01-20,9,0,9,complete,true
03,2024-12-02,2024-12-09,2025-01-27,8,0,8,complete,true
03,2024-12-09,2024-12-16,2025-02-03,9,0,9,complete,true
03,2024-12-16,2024-12-23,2025-02-10,9,0,9,complete,true
03,2024-12-23,2024-12-30,2025-02-17,8,0,8,complete,true
03,2024-12-30,2025-01-06,2025-02-24,8,0,8,complete,true
03,2025-01-06,2025-01-13,2025-03-03,6,0,6,complete,true
03,2025-01-13,2025-01-20,2025-03-10,2,0,2,complete,true
03,2025-01-20,2025-01-27,2025-03-17,1,0,1,complete,true
03,2025-01-27,2025-02-03,2025-03-24,1,0,1,complete,true
03,2025-02-03,2025-02-10,2025-03-31,0,0,0,complete,true
03,2025-02-10,2025-02-17,2025-04-07,0,0,0,complete,true
03,2025-02-17,2025-02-24,2025-04-14,0,0,0,complete,true
03,2025-02-24,2025-03-03,2025-04-21,1,0,1,complete,true
03,2025-03-03,2025-03-10,2025-04-28,5,0,5,complete,true
03,2025-03-10,2025-03-17,2025-05-05,9,0,9,complete,true
03,2025-03-17,2025-03-24,2025-05-12,13,0,13,complete,true
03,2025-03-24,2025-03-31,2025-05-19,17,1,18,complete,true
03,2025-03-31,2025-04-07,2025-05-26,18,1,19,complete,true
03,2025-04-07,2025-04-14,2025-06-02,20,1,21,complete,true
03,2025-04-14,2025-04-21,2025-06-09,26,2,28,complete,true
03,2025-04-21,2025-04-28,2025-06-16,28,2,30,complete,true
03,2025-04-28,2025-05-05,2025-06-23,24,2,26,complete,true
03,2025-05-05,2025-05-12,2025-06-30,23,3,26,complete,true
03,2025-05-12,2025-05-19,2025-07-07,22,3,25,complete,true
03,2025-05-19,2025-05-26,2025-07-14,21,2,23,complete,true
03,2025-05-26,2025-06-02,2025-07-21,33,2,35,complete,true
03,2025-06-02,2025-06-09,2025-07-28,46,3,49,complete,true
03,2025-06-09,2025-06-16,2025-08-04,52,2,54,complete,true
03,2025-06-16,2025-06-23,2025-08-11,58,2,60,complete,true
03,2025-06-23,2025-06-30,2025-08-18,68,2,70,complete,true
03,2025-06-30,2025-07-07,2025-08-25,72,1,73,complete,true
03,2025-07-07,2025-07-14,2025-09-01,81,1,82,complete,true
03,2025-07-14,2025-07-21,2025-09-08,84,2,86,complete,true
03,2025-07-21,2025-07-28,2025-09-15,86,2,88,complete,true
03,2025-07-28,2025-08-04,2025-09-22,76,1,77,complete,true
03,2025-08-04,2025-08-11,2025-09-29,76,1,77,complete,true
03,2025-08-11,2025-08-18,2025-10-06,73,1,74,complete,true
03,2025-08-18,2025-08-25,2025-10-13,72,1,73,complete,true
03,2025-08-25,2025-09-01,2025-10-20,65,1,66,complete,true
03,2025-09-01,2025-09-08,2025-10-27,56,2,58,complete,true
03,2025-09-08,2025-09-15,2025-11-03,54,1,55,complete,true
03,2025-09-15,2025-09-22,2025-11-10,43,1,44,complete,true
03,2025-09-22,2025-09-29,2025-11-17,42,1,43,complete,true
03,2025-09-29,2025-10-06,2025-11-24,33,1,34,complete,true
03,2025-10-06,2025-10-13,2025-12-01,32,1,33,complete,true
03,2025-10-13,2025-10-20,2025-12-08,25,1,26,complete,true
03,2025-10-20,2025-10-27,2025-12-15,25,1,26,complete,true
03,2025-10-27,2025-11-03,2025-12-22,23,0,23,complete,true
03,2025-11-03,2025-11-10,2025-12-29,,,,incomplete_future_window,false
03,2025-11-10,2025-11-17,2026-01-05,,,,incomplete_future_window,false
03,2025-11-17,2025-11-24,2026-01-12,,,,incomplete_future_window,false
03,2025-11-24,2025-12-01,2026-01-19,,,,incomplete_future_window,false
03,2025-12-01,2025-12-08,2026-01-26,,,,incomplete_future_window,false
03,2025-12-08,2025-12-15,2026-02-02,,,,incomplete_future_window,false
03,2025-12-15,2025-12-22,2026-02-09,,,,incomplete_future_window,false
03,2025-12-22,2025-12-29,2026-02-16,,,,incomplete_future_window,false
04,2014-12-29,2015-01-05,2015-02-23,20,0,20,complete,true
04,2015-01-05,2015-01-12,2015-03-02,18,0,18,complete,true
04,2015-01-12,2015-01-19,2015-03-09,16,0,16,complete,true
04,2015-01-19,2015-01-26,2015-03-16,18,0,18,complete,true
04,2015-01-26,2015-02-02,2015-03-23,22,0,22,complete,true
04,2015-02-02,2015-02-09,2015-03-30,22,0,22,complete,true
04,2015-02-09,2015-02-16,2015-04-06,26,0,26,complete,true
04,2015-02-16,2015-02-23,2015-04-13,30,0,30,complete,true
04,2015-02-23,2015-03-02,2015-04-20,36,0,36,complete,true
04,2015-03-02,2015-03-09,2015-04-27,43,0,43,complete,true
04,2015-03-09,2015-03-16,2015-05-04,56,0,56,complete,true
04,2015-03-16,2015-03-23,2015-05-11,65,0,65,complete,true
04,2015-03-23,2015-03-30,2015-05-18,74,0,74,complete,true
04,2015-03-30,2015-04-06,2015-05-25,88,0,88,complete,true
04,2015-04-06,2015-04-13,2015-06-01,106,0,106,complete,true
04,2015-04-13,2015-04-20,2015-06-08,127,0,127,complete,true
04,2015-04-20,2015-04-27,2015-06-15,135,0,135,complete,true
04,2015-04-27,2015-05-04,2015-06-22,148,2,150,complete,true
04,2015-05-04,2015-05-11,2015-06-29,163,3,166,complete,true
04,2015-05-11,2015-05-18,2015-07-06,172,3,175,complete,true
04,2015-05-18,2015-05-25,2015-07-13,181,4,185,complete,true
04,2015-05-25,2015-06-01,2015-07-20,181,4,185,complete,true
04,2015-06-01,2015-06-08,2015-07-27,180,5,185,complete,true
04,2015-06-08,2015-06-15,2015-08-03,161,5,166,complete,true
04,2015-06-15,2015-06-22,2015-08-10,154,5,159,complete,true
04,2015-06-22,2015-06-29,2015-08-17,139,3,142,complete,true
04,2015-06-29,2015-07-06,2015-08-24,117,2,119,complete,true
04,2015-07-06,2015-07-13,2015-08-31,109,3,112,complete,true
04,2015-07-13,2015-07-20,2015-09-07,91,2,93,complete,true
04,2015-07-20,2015-07-27,2015-09-14,78,2,80,complete,true
04,2015-07-27,2015-08-03,2015-09-21,58,2,60,complete,true
04,2015-08-03,2015-08-10,2015-09-28,56,2,58,complete,true
04,2015-08-10,2015-08-17,2015-10-05,46,2,48,complete,true
04,2015-08-17,2015-08-24,2015-10-12,44,3,47,complete,true
04,2015-08-24,2015-08-31,2015-10-19,37,3,40,complete,true
04,2015-08-31,2015-09-07,2015-10-26,28,2,30,complete,true
04,2015-09-07,2015-09-14,2015-11-02,28,2,30,complete,true
04,2015-09-14,2015-09-21,2015-11-09,28,2,30,complete,true
04,2015-09-21,2015-09-28,2015-11-16,31,1,32,complete,true
04,2015-09-28,2015-10-05,2015-11-23,29,1,30,complete,true
04,2015-10-05,2015-10-12,2015-11-30,33,1,34,complete,true
04,2015-10-12,2015-10-19,2015-12-07,31,0,31,complete,true
04,2015-10-19,2015-10-26,2015-12-14,33,0,33,complete,true
04,2015-10-26,2015-11-02,2015-12-21,30,0,30,complete,true
04,2015-11-02,2015-11-09,2015-12-28,26,0,26,complete,true
04,2015-11-09,2015-11-16,2016-01-04,26,0,26,complete,true
04,2015-11-16,2015-11-23,2016-01-11,23,0,23,complete,true
04,2015-11-23,2015-11-30,2016-01-18,22,0,22,complete,true
04,2015-11-30,2015-12-07,2016-01-25,16,0,16,complete,true
04,2015-12-07,2015-12-14,2016-02-01,15,0,15,complete,true
04,2015-12-14,2015-12-21,2016-02-08,15,0,15,complete,true
04,2015-12-21,2015-12-28,2016-02-15,15,0,15,complete,true
04,2015-12-28,2016-01-04,2016-02-22,13,0,13,complete,true
04,2016-01-04,2016-01-11,2016-02-29,12,0,12,complete,true
04,2016-01-11,2016-01-18,2016-03-07,11,0,11,complete,true
04,2016-01-18,2016-01-25,2016-03-14,11,0,11,complete,true
04,2016-01-25,2016-02-01,2016-03-21,11,0,11,complete,true
04,2016-02-01,2016-02-08,2016-03-28,18,0,18,complete,true
04,2016-02-08,2016-02-15,2016-04-04,20,0,20,complete,true
04,2016-02-15,2016-02-22,2016-04-11,30,1,31,complete,true
04,2016-02-22,2016-02-29,2016-04-18,40,1,41,complete,true
04,2016-02-29,2016-03-07,2016-04-25,46,1,47,complete,true
04,2016-03-07,2016-03-14,2016-05-02,48,1,49,complete,true
04,2016-03-14,2016-03-21,2016-05-09,61,2,63,complete,true
04,2016-03-21,2016-03-28,2016-05-16,72,2,74,complete,true
04,2016-03-28,2016-04-04,2016-05-23,76,2,78,complete,true
04,2016-04-04,2016-04-11,2016-05-30,90,2,92,complete,true
04,2016-04-11,2016-04-18,2016-06-06,96,1,97,complete,true
04,2016-04-18,2016-04-25,2016-06-13,113,1,114,complete,true
04,2016-04-25,2016-05-02,2016-06-20,127,1,128,complete,true
04,2016-05-02,2016-05-09,2016-06-27,141,1,142,complete,true
04,2016-05-09,2016-05-16,2016-07-04,148,0,148,complete,true
04,2016-05-16,2016-05-23,2016-07-11,156,0,156,complete,true
04,2016-05-23,2016-05-30,2016-07-18,154,0,154,complete,true
04,2016-05-30,2016-06-06,2016-07-25,152,2,154,complete,true
04,2016-06-06,2016-06-13,2016-08-01,150,2,152,complete,true
04,2016-06-13,2016-06-20,2016-08-08,134,2,136,complete,true
04,2016-06-20,2016-06-27,2016-08-15,124,2,126,complete,true
04,2016-06-27,2016-07-04,2016-08-22,117,2,119,complete,true
04,2016-07-04,2016-07-11,2016-08-29,99,2,101,complete,true
04,2016-07-11,2016-07-18,2016-09-05,86,2,88,complete,true
04,2016-07-18,2016-07-25,2016-09-12,86,2,88,complete,true
04,2016-07-25,2016-08-01,2016-09-19,77,0,77,complete,true
04,2016-08-01,2016-08-08,2016-09-26,67,1,68,complete,true
04,2016-08-08,2016-08-15,2016-10-03,61,1,62,complete,true
04,2016-08-15,2016-08-22,2016-10-10,55,1,56,complete,true
04,2016-08-22,2016-08-29,2016-10-17,46,1,47,complete,true
04,2016-08-29,2016-09-05,2016-10-24,47,1,48,complete,true
04,2016-09-05,2016-09-12,2016-10-31,45,1,46,complete,true
04,2016-09-12,2016-09-19,2016-11-07,37,1,38,complete,true
04,2016-09-19,2016-09-26,2016-11-14,35,1,36,complete,true
04,2016-09-26,2016-10-03,2016-11-21,37,0,37,complete,true
04,2016-10-03,2016-10-10,2016-11-28,38,0,38,complete,true
04,2016-10-10,2016-10-17,2016-12-05,33,0,33,complete,true
04,2016-10-17,2016-10-24,2016-12-12,32,0,32,complete,true
04,2016-10-24,2016-10-31,2016-12-19,28,0,28,complete,true
04,2016-10-31,2016-11-07,2016-12-26,25,0,25,complete,true
04,2016-11-07,2016-11-14,2017-01-02,24,0,24,complete,true
04,2016-11-14,2016-11-21,2017-01-09,19,0,19,complete,true
04,2016-11-21,2016-11-28,2017-01-16,14,0,14,complete,true
04,2016-11-28,2016-12-05,2017-01-23,9,0,9,complete,true
04,2016-12-05,2016-12-12,2017-01-30,10,0,10,complete,true
04,2016-12-12,2016-12-19,2017-02-06,9,0,9,complete,true
04,2016-12-19,2016-12-26,2017-02-13,10,0,10,complete,true
04,2016-12-26,2017-01-02,2017-02-20,9,0,9,complete,true
04,2017-01-02,2017-01-09,2017-02-27,9,0,9,complete,true
04,2017-01-09,2017-01-16,2017-03-06,10,0,10,complete,true
04,2017-01-16,2017-01-23,2017-03-13,11,0,11,complete,true
04,2017-01-23,2017-01-30,2017-03-20,17,0,17,complete,true
04,2017-01-30,2017-02-06,2017-03-27,20,0,20,complete,true
04,2017-02-06,2017-02-13,2017-04-03,25,0,25,complete,true
04,2017-02-13,2017-02-20,2017-04-10,33,0,33,complete,true
04,2017-02-20,2017-02-27,2017-04-17,33,0,33,complete,true
04,2017-02-27,2017-03-06,2017-04-24,40,0,40,complete,true
04,2017-03-06,2017-03-13,2017-05-01,43,0,43,complete,true
04,2017-03-13,2017-03-20,2017-05-08,48,1,49,complete,true
04,2017-03-20,2017-03-27,2017-05-15,46,1,47,complete,true
04,2017-03-27,2017-04-03,2017-05-22,58,1,59,complete,true
04,2017-04-03,2017-04-10,2017-05-29,72,1,73,complete,true
04,2017-04-10,2017-04-17,2017-06-05,81,1,82,complete,true
04,2017-04-17,2017-04-24,2017-06-12,102,1,103,complete,true
04,2017-04-24,2017-05-01,2017-06-19,115,1,116,complete,true
04,2017-05-01,2017-05-08,2017-06-26,139,1,140,complete,true
04,2017-05-08,2017-05-15,2017-07-03,151,0,151,complete,true
04,2017-05-15,2017-05-22,2017-07-10,164,0,164,complete,true
04,2017-05-22,2017-05-29,2017-07-17,167,0,167,complete,true
04,2017-05-29,2017-06-05,2017-07-24,163,0,163,complete,true
04,2017-06-05,2017-06-12,2017-07-31,162,1,163,complete,true
04,2017-06-12,2017-06-19,2017-08-07,152,2,154,complete,true
04,2017-06-19,2017-06-26,2017-08-14,138,4,142,complete,true
04,2017-06-26,2017-07-03,2017-08-21,117,4,121,complete,true
04,2017-07-03,2017-07-10,2017-08-28,103,4,107,complete,true
04,2017-07-10,2017-07-17,2017-09-04,89,4,93,complete,true
04,2017-07-17,2017-07-24,2017-09-11,74,5,79,complete,true
04,2017-07-24,2017-07-31,2017-09-18,66,5,71,complete,true
04,2017-07-31,2017-08-07,2017-09-25,53,4,57,complete,true
04,2017-08-07,2017-08-14,2017-10-02,48,3,51,complete,true
04,2017-08-14,2017-08-21,2017-10-09,53,1,54,complete,true
04,2017-08-21,2017-08-28,2017-10-16,56,1,57,complete,true
04,2017-08-28,2017-09-04,2017-10-23,63,1,64,complete,true
04,2017-09-04,2017-09-11,2017-10-30,67,2,69,complete,true
04,2017-09-11,2017-09-18,2017-11-06,64,1,65,complete,true
04,2017-09-18,2017-09-25,2017-11-13,62,1,63,complete,true
04,2017-09-25,2017-10-02,2017-11-20,65,1,66,complete,true
04,2017-10-02,2017-10-09,2017-11-27,62,1,63,complete,true
04,2017-10-09,2017-10-16,2017-12-04,54,1,55,complete,true
04,2017-10-16,2017-10-23,2017-12-11,45,2,47,complete,true
04,2017-10-23,2017-10-30,2017-12-18,34,2,36,complete,true
04,2017-10-30,2017-11-06,2017-12-25,28,1,29,complete,true
04,2017-11-06,2017-11-13,2018-01-01,31,1,32,complete,true
04,2017-11-13,2017-11-20,2018-01-08,30,1,31,complete,true
04,2017-11-20,2017-11-27,2018-01-15,22,1,23,complete,true
04,2017-11-27,2017-12-04,2018-01-22,23,1,24,complete,true
04,2017-12-04,2017-12-11,2018-01-29,22,1,23,complete,true
04,2017-12-11,2017-12-18,2018-02-05,22,0,22,complete,true
04,2017-12-18,2017-12-25,2018-02-12,20,0,20,complete,true
04,2017-12-25,2018-01-01,2018-02-19,22,0,22,complete,true
04,2018-01-01,2018-01-08,2018-02-26,16,0,16,complete,true
04,2018-01-08,2018-01-15,2018-03-05,16,0,16,complete,true
04,2018-01-15,2018-01-22,2018-03-12,17,0,17,complete,true
04,2018-01-22,2018-01-29,2018-03-19,17,0,17,complete,true
04,2018-01-29,2018-02-05,2018-03-26,16,0,16,complete,true
04,2018-02-05,2018-02-12,2018-04-02,19,0,19,complete,true
04,2018-02-12,2018-02-19,2018-04-09,23,0,23,complete,true
04,2018-02-19,2018-02-26,2018-04-16,24,0,24,complete,true
04,2018-02-26,2018-03-05,2018-04-23,32,0,32,complete,true
04,2018-03-05,2018-03-12,2018-04-30,40,0,40,complete,true
04,2018-03-12,2018-03-19,2018-05-07,60,0,60,complete,true
04,2018-03-19,2018-03-26,2018-05-14,75,0,75,complete,true
04,2018-03-26,2018-04-02,2018-05-21,92,0,92,complete,true
04,2018-04-02,2018-04-09,2018-05-28,120,0,120,complete,true
04,2018-04-09,2018-04-16,2018-06-04,149,0,149,complete,true
04,2018-04-16,2018-04-23,2018-06-11,168,0,168,complete,true
04,2018-04-23,2018-04-30,2018-06-18,212,1,213,complete,true
04,2018-04-30,2018-05-07,2018-06-25,242,5,247,complete,true
04,2018-05-07,2018-05-14,2018-07-02,266,5,271,complete,true
04,2018-05-14,2018-05-21,2018-07-09,287,6,293,complete,true
04,2018-05-21,2018-05-28,2018-07-16,313,9,322,complete,true
04,2018-05-28,2018-06-04,2018-07-23,311,9,320,complete,true
04,2018-06-04,2018-06-11,2018-07-30,315,10,325,complete,true
04,2018-06-11,2018-06-18,2018-08-06,322,10,332,complete,true
04,2018-06-18,2018-06-25,2018-08-13,289,11,300,complete,true
04,2018-06-25,2018-07-02,2018-08-20,275,7,282,complete,true
04,2018-07-02,2018-07-09,2018-08-27,243,7,250,complete,true
04,2018-07-09,2018-07-16,2018-09-03,218,6,224,complete,true
04,2018-07-16,2018-07-23,2018-09-10,177,3,180,complete,true
04,2018-07-23,2018-07-30,2018-09-17,163,3,166,complete,true
04,2018-07-30,2018-08-06,2018-09-24,130,2,132,complete,true
04,2018-08-06,2018-08-13,2018-10-01,110,2,112,complete,true
04,2018-08-13,2018-08-20,2018-10-08,100,0,100,complete,true
04,2018-08-20,2018-08-27,2018-10-15,79,0,79,complete,true
04,2018-08-27,2018-09-03,2018-10-22,73,0,73,complete,true
04,2018-09-03,2018-09-10,2018-10-29,66,0,66,complete,true
04,2018-09-10,2018-09-17,2018-11-05,68,0,68,complete,true
04,2018-09-17,2018-09-24,2018-11-12,60,0,60,complete,true
04,2018-09-24,2018-10-01,2018-11-19,59,0,59,complete,true
04,2018-10-01,2018-10-08,2018-11-26,51,0,51,complete,true
04,2018-10-08,2018-10-15,2018-12-03,42,1,43,complete,true
04,2018-10-15,2018-10-22,2018-12-10,37,1,38,complete,true
04,2018-10-22,2018-10-29,2018-12-17,34,1,35,complete,true
04,2018-10-29,2018-11-05,2018-12-24,27,1,28,complete,true
04,2018-11-05,2018-11-12,2018-12-31,22,1,23,complete,true
04,2018-11-12,2018-11-19,2019-01-07,18,1,19,complete,true
04,2018-11-19,2018-11-26,2019-01-14,16,1,17,complete,true
04,2018-11-26,2018-12-03,2019-01-21,15,1,16,complete,true
04,2018-12-03,2018-12-10,2019-01-28,17,0,17,complete,true
04,2018-12-10,2018-12-17,2019-02-04,15,0,15,complete,true
04,2018-12-17,2018-12-24,2019-02-11,13,0,13,complete,true
04,2018-12-24,2018-12-31,2019-02-18,15,0,15,complete,true
04,2018-12-31,2019-01-07,2019-02-25,15,0,15,complete,true
04,2019-01-07,2019-01-14,2019-03-04,13,0,13,complete,true
04,2019-01-14,2019-01-21,2019-03-11,12,0,12,complete,true
04,2019-01-21,2019-01-28,2019-03-18,14,0,14,complete,true
04,2019-01-28,2019-02-04,2019-03-25,16,0,16,complete,true
04,2019-02-04,2019-02-11,2019-04-01,20,0,20,complete,true
04,2019-02-11,2019-02-18,2019-04-08,24,0,24,complete,true
04,2019-02-18,2019-02-25,2019-04-15,26,0,26,complete,true
04,2019-02-25,2019-03-04,2019-04-22,30,0,30,complete,true
04,2019-03-04,2019-03-11,2019-04-29,34,0,34,complete,true
04,2019-03-11,2019-03-18,2019-05-06,39,0,39,complete,true
04,2019-03-18,2019-03-25,2019-05-13,44,0,44,complete,true
04,2019-03-25,2019-04-01,2019-05-20,49,1,50,complete,true
04,2019-04-01,2019-04-08,2019-05-27,61,1,62,complete,true
04,2019-04-08,2019-04-15,2019-06-03,70,1,71,complete,true
04,2019-04-15,2019-04-22,2019-06-10,75,3,78,complete,true
04,2019-04-22,2019-04-29,2019-06-17,94,3,97,complete,true
04,2019-04-29,2019-05-06,2019-06-24,107,3,110,complete,true
04,2019-05-06,2019-05-13,2019-07-01,120,4,124,complete,true
04,2019-05-13,2019-05-20,2019-07-08,121,4,125,complete,true
04,2019-05-20,2019-05-27,2019-07-15,121,3,124,complete,true
04,2019-05-27,2019-06-03,2019-07-22,115,3,118,complete,true
04,2019-06-03,2019-06-10,2019-07-29,110,3,113,complete,true
04,2019-06-10,2019-06-17,2019-08-05,113,2,115,complete,true
04,2019-06-17,2019-06-24,2019-08-12,100,2,102,complete,true
04,2019-06-24,2019-07-01,2019-08-19,97,2,99,complete,true
04,2019-07-01,2019-07-08,2019-08-26,85,1,86,complete,true
04,2019-07-08,2019-07-15,2019-09-02,84,1,85,complete,true
04,2019-07-15,2019-07-22,2019-09-09,77,1,78,complete,true
04,2019-07-22,2019-07-29,2019-09-16,71,1,72,complete,true
04,2019-07-29,2019-08-05,2019-09-23,65,1,66,complete,true
04,2019-08-05,2019-08-12,2019-09-30,62,2,64,complete,true
04,2019-08-12,2019-08-19,2019-10-07,56,2,58,complete,true
04,2019-08-19,2019-08-26,2019-10-14,44,3,47,complete,true
04,2019-08-26,2019-09-02,2019-10-21,41,3,44,complete,true
04,2019-09-02,2019-09-09,2019-10-28,38,3,41,complete,true
04,2019-09-09,2019-09-16,2019-11-04,41,4,45,complete,true
04,2019-09-16,2019-09-23,2019-11-11,42,4,46,complete,true
04,2019-09-23,2019-09-30,2019-11-18,40,4,44,complete,true
04,2019-09-30,2019-10-07,2019-11-25,31,2,33,complete,true
04,2019-10-07,2019-10-14,2019-12-02,29,2,31,complete,true
04,2019-10-14,2019-10-21,2019-12-09,26,1,27,complete,true
04,2019-10-21,2019-10-28,2019-12-16,25,1,26,complete,true
04,2019-10-28,2019-11-04,2019-12-23,21,1,22,complete,true
04,2019-11-04,2019-11-11,2019-12-30,17,1,18,complete,true
04,2019-11-11,2019-11-18,2020-01-06,16,1,17,complete,true
04,2019-11-18,2019-11-25,2020-01-13,18,1,19,complete,true
04,2019-11-25,2019-12-02,2020-01-20,19,1,20,complete,true
04,2019-12-02,2019-12-09,2020-01-27,17,1,18,complete,true
04,2019-12-09,2019-12-16,2020-02-03,23,1,24,complete,true
04,2019-12-16,2019-12-23,2020-02-10,23,1,24,complete,true
04,2019-12-23,2019-12-30,2020-02-17,23,1,24,complete,true
04,2019-12-30,2020-01-06,2020-02-24,29,0,29,complete,true
04,2020-01-06,2020-01-13,2020-03-02,26,0,26,complete,true
04,2020-01-13,2020-01-20,2020-03-09,24,0,24,complete,true
04,2020-01-20,2020-01-27,2020-03-16,26,0,26,complete,true
04,2020-01-27,2020-02-03,2020-03-23,28,0,28,complete,true
04,2020-02-03,2020-02-10,2020-03-30,24,0,24,complete,true
04,2020-02-10,2020-02-17,2020-04-06,28,0,28,complete,true
04,2020-02-17,2020-02-24,2020-04-13,34,0,34,complete,true
04,2020-02-24,2020-03-02,2020-04-20,36,0,36,complete,true
04,2020-03-02,2020-03-09,2020-04-27,41,0,41,complete,true
04,2020-03-09,2020-03-16,2020-05-04,48,0,48,complete,true
04,2020-03-16,2020-03-23,2020-05-11,59,0,59,complete,true
04,2020-03-23,2020-03-30,2020-05-18,84,0,84,complete,true
04,2020-03-30,2020-04-06,2020-05-25,93,0,93,complete,true
04,2020-04-06,2020-04-13,2020-06-01,107,2,109,complete,true
04,2020-04-13,2020-04-20,2020-06-08,139,2,141,complete,true
04,2020-04-20,2020-04-27,2020-06-15,172,3,175,complete,true
04,2020-04-27,2020-05-04,2020-06-22,192,4,196,complete,true
04,2020-05-04,2020-05-11,2020-06-29,220,4,224,complete,true
04,2020-05-11,2020-05-18,2020-07-06,239,7,246,complete,true
04,2020-05-18,2020-05-25,2020-07-13,240,7,247,complete,true
04,2020-05-25,2020-06-01,2020-07-20,262,7,269,complete,true
04,2020-06-01,2020-06-08,2020-07-27,273,6,279,complete,true
04,2020-06-08,2020-06-15,2020-08-03,261,6,267,complete,true
04,2020-06-15,2020-06-22,2020-08-10,246,5,251,complete,true
04,2020-06-22,2020-06-29,2020-08-17,245,4,249,complete,true
04,2020-06-29,2020-07-06,2020-08-24,232,4,236,complete,true
04,2020-07-06,2020-07-13,2020-08-31,212,1,213,complete,true
04,2020-07-13,2020-07-20,2020-09-07,191,2,193,complete,true
04,2020-07-20,2020-07-27,2020-09-14,167,2,169,complete,true
04,2020-07-27,2020-08-03,2020-09-21,140,2,142,complete,true
04,2020-08-03,2020-08-10,2020-09-28,118,2,120,complete,true
04,2020-08-10,2020-08-17,2020-10-05,105,3,108,complete,true
04,2020-08-17,2020-08-24,2020-10-12,85,3,88,complete,true
04,2020-08-24,2020-08-31,2020-10-19,68,3,71,complete,true
04,2020-08-31,2020-09-07,2020-10-26,60,3,63,complete,true
04,2020-09-07,2020-09-14,2020-11-02,60,2,62,complete,true
04,2020-09-14,2020-09-21,2020-11-09,57,2,59,complete,true
04,2020-09-21,2020-09-28,2020-11-16,57,1,58,complete,true
04,2020-09-28,2020-10-05,2020-11-23,52,1,53,complete,true
04,2020-10-05,2020-10-12,2020-11-30,42,0,42,complete,true
04,2020-10-12,2020-10-19,2020-12-07,38,0,38,complete,true
04,2020-10-19,2020-10-26,2020-12-14,33,0,33,complete,true
04,2020-10-26,2020-11-02,2020-12-21,28,0,28,complete,true
04,2020-11-02,2020-11-09,2020-12-28,20,0,20,complete,true
04,2020-11-09,2020-11-16,2021-01-04,18,0,18,complete,true
04,2020-11-16,2020-11-23,2021-01-11,15,0,15,complete,true
04,2020-11-23,2020-11-30,2021-01-18,17,0,17,complete,true
04,2020-11-30,2020-12-07,2021-01-25,14,0,14,complete,true
04,2020-12-07,2020-12-14,2021-02-01,14,0,14,complete,true
04,2020-12-14,2020-12-21,2021-02-08,14,0,14,complete,true
04,2020-12-21,2020-12-28,2021-02-15,16,0,16,complete,true
04,2020-12-28,2021-01-04,2021-02-22,17,0,17,complete,true
04,2021-01-04,2021-01-11,2021-03-01,12,0,12,complete,true
04,2021-01-11,2021-01-18,2021-03-08,15,0,15,complete,true
04,2021-01-18,2021-01-25,2021-03-15,12,0,12,complete,true
04,2021-01-25,2021-02-01,2021-03-22,14,1,15,complete,true
04,2021-02-01,2021-02-08,2021-03-29,15,1,16,complete,true
04,2021-02-08,2021-02-15,2021-04-05,15,1,16,complete,true
04,2021-02-15,2021-02-22,2021-04-12,13,1,14,complete,true
04,2021-02-22,2021-03-01,2021-04-19,13,1,14,complete,true
04,2021-03-01,2021-03-08,2021-04-26,14,1,15,complete,true
04,2021-03-08,2021-03-15,2021-05-03,14,1,15,complete,true
04,2021-03-15,2021-03-22,2021-05-10,18,1,19,complete,true
04,2021-03-22,2021-03-29,2021-05-17,16,0,16,complete,true
04,2021-03-29,2021-04-05,2021-05-24,18,0,18,complete,true
04,2021-04-05,2021-04-12,2021-05-31,22,0,22,complete,true
04,2021-04-12,2021-04-19,2021-06-07,29,0,29,complete,true
04,2021-04-19,2021-04-26,2021-06-14,37,1,38,complete,true
04,2021-04-26,2021-05-03,2021-06-21,39,1,40,complete,true
04,2021-05-03,2021-05-10,2021-06-28,46,2,48,complete,true
04,2021-05-10,2021-05-17,2021-07-05,47,2,49,complete,true
04,2021-05-17,2021-05-24,2021-07-12,51,2,53,complete,true
04,2021-05-24,2021-05-31,2021-07-19,53,2,55,complete,true
04,2021-05-31,2021-06-07,2021-07-26,48,2,50,complete,true
04,2021-06-07,2021-06-14,2021-08-02,41,2,43,complete,true
04,2021-06-14,2021-06-21,2021-08-09,37,3,40,complete,true
04,2021-06-21,2021-06-28,2021-08-16,38,3,41,complete,true
04,2021-06-28,2021-07-05,2021-08-23,28,2,30,complete,true
04,2021-07-05,2021-07-12,2021-08-30,30,2,32,complete,true
04,2021-07-12,2021-07-19,2021-09-06,30,2,32,complete,true
04,2021-07-19,2021-07-26,2021-09-13,29,2,31,complete,true
04,2021-07-26,2021-08-02,2021-09-20,28,2,30,complete,true
04,2021-08-02,2021-08-09,2021-09-27,32,2,34,complete,true
04,2021-08-09,2021-08-16,2021-10-04,33,0,33,complete,true
04,2021-08-16,2021-08-23,2021-10-11,31,0,31,complete,true
04,2021-08-23,2021-08-30,2021-10-18,32,0,32,complete,true
04,2021-08-30,2021-09-06,2021-10-25,29,0,29,complete,true
04,2021-09-06,2021-09-13,2021-11-01,27,0,27,complete,true
04,2021-09-13,2021-09-20,2021-11-08,25,0,25,complete,true
04,2021-09-20,2021-09-27,2021-11-15,26,0,26,complete,true
04,2021-09-27,2021-10-04,2021-11-22,22,0,22,complete,true
04,2021-10-04,2021-10-11,2021-11-29,20,0,20,complete,true
04,2021-10-11,2021-10-18,2021-12-06,19,0,19,complete,true
04,2021-10-18,2021-10-25,2021-12-13,19,0,19,complete,true
04,2021-10-25,2021-11-01,2021-12-20,15,0,15,complete,true
04,2021-11-01,2021-11-08,2021-12-27,12,0,12,complete,true
04,2021-11-08,2021-11-15,2022-01-03,13,0,13,complete,true
04,2021-11-15,2021-11-22,2022-01-10,14,0,14,complete,true
04,2021-11-22,2021-11-29,2022-01-17,14,0,14,complete,true
04,2021-11-29,2021-12-06,2022-01-24,10,0,10,complete,true
04,2021-12-06,2021-12-13,2022-01-31,9,0,9,complete,true
04,2021-12-13,2021-12-20,2022-02-07,7,0,7,complete,true
04,2021-12-20,2021-12-27,2022-02-14,7,0,7,complete,true
04,2021-12-27,2022-01-03,2022-02-21,7,0,7,complete,true
04,2022-01-03,2022-01-10,2022-02-28,3,0,3,complete,true
04,2022-01-10,2022-01-17,2022-03-07,1,0,1,complete,true
04,2022-01-17,2022-01-24,2022-03-14,0,0,0,complete,true
04,2022-01-24,2022-01-31,2022-03-21,2,0,2,complete,true
04,2022-01-31,2022-02-07,2022-03-28,6,0,6,complete,true
04,2022-02-07,2022-02-14,2022-04-04,6,0,6,complete,true
04,2022-02-14,2022-02-21,2022-04-11,6,0,6,complete,true
04,2022-02-21,2022-02-28,2022-04-18,9,0,9,complete,true
04,2022-02-28,2022-03-07,2022-04-25,10,0,10,complete,true
04,2022-03-07,2022-03-14,2022-05-02,13,0,13,complete,true
04,2022-03-14,2022-03-21,2022-05-09,20,0,20,complete,true
04,2022-03-21,2022-03-28,2022-05-16,21,0,21,complete,true
04,2022-03-28,2022-04-04,2022-05-23,21,0,21,complete,true
04,2022-04-04,2022-04-11,2022-05-30,28,0,28,complete,true
04,2022-04-11,2022-04-18,2022-06-06,37,1,38,complete,true
04,2022-04-18,2022-04-25,2022-06-13,44,1,45,complete,true
04,2022-04-25,2022-05-02,2022-06-20,55,2,57,complete,true
04,2022-05-02,2022-05-09,2022-06-27,59,2,61,complete,true
04,2022-05-09,2022-05-16,2022-07-04,62,5,67,complete,true
04,2022-05-16,2022-05-23,2022-07-11,74,6,80,complete,true
04,2022-05-23,2022-05-30,2022-07-18,75,6,81,complete,true
04,2022-05-30,2022-06-06,2022-07-25,70,7,77,complete,true
04,2022-06-06,2022-06-13,2022-08-01,70,7,77,complete,true
04,2022-06-13,2022-06-20,2022-08-08,63,7,70,complete,true
04,2022-06-20,2022-06-27,2022-08-15,57,7,64,complete,true
04,2022-06-27,2022-07-04,2022-08-22,56,7,63,complete,true
04,2022-07-04,2022-07-11,2022-08-29,51,4,55,complete,true
04,2022-07-11,2022-07-18,2022-09-05,37,3,40,complete,true
04,2022-07-18,2022-07-25,2022-09-12,34,3,37,complete,true
04,2022-07-25,2022-08-01,2022-09-19,34,2,36,complete,true
04,2022-08-01,2022-08-08,2022-09-26,28,1,29,complete,true
04,2022-08-08,2022-08-15,2022-10-03,28,1,29,complete,true
04,2022-08-15,2022-08-22,2022-10-10,26,0,26,complete,true
04,2022-08-22,2022-08-29,2022-10-17,22,0,22,complete,true
04,2022-08-29,2022-09-05,2022-10-24,18,0,18,complete,true
04,2022-09-05,2022-09-12,2022-10-31,19,0,19,complete,true
04,2022-09-12,2022-09-19,2022-11-07,18,0,18,complete,true
04,2022-09-19,2022-09-26,2022-11-14,21,0,21,complete,true
04,2022-09-26,2022-10-03,2022-11-21,22,0,22,complete,true
04,2022-10-03,2022-10-10,2022-11-28,21,0,21,complete,true
04,2022-10-10,2022-10-17,2022-12-05,17,0,17,complete,true
04,2022-10-17,2022-10-24,2022-12-12,17,0,17,complete,true
04,2022-10-24,2022-10-31,2022-12-19,17,0,17,complete,true
04,2022-10-31,2022-11-07,2022-12-26,15,0,15,complete,true
04,2022-11-07,2022-11-14,2023-01-02,17,0,17,complete,true
04,2022-11-14,2022-11-21,2023-01-09,16,0,16,complete,true
04,2022-11-21,2022-11-28,2023-01-16,13,0,13,complete,true
04,2022-11-28,2022-12-05,2023-01-23,11,0,11,complete,true
04,2022-12-05,2022-12-12,2023-01-30,11,0,11,complete,true
04,2022-12-12,2022-12-19,2023-02-06,9,0,9,complete,true
04,2022-12-19,2022-12-26,2023-02-13,8,0,8,complete,true
04,2022-12-26,2023-01-02,2023-02-20,8,0,8,complete,true
04,2023-01-02,2023-01-09,2023-02-27,6,0,6,complete,true
04,2023-01-09,2023-01-16,2023-03-06,3,0,3,complete,true
04,2023-01-16,2023-01-23,2023-03-13,3,0,3,complete,true
04,2023-01-23,2023-01-30,2023-03-20,3,0,3,complete,true
04,2023-01-30,2023-02-06,2023-03-27,5,0,5,complete,true
04,2023-02-06,2023-02-13,2023-04-03,6,0,6,complete,true
04,2023-02-13,2023-02-20,2023-04-10,8,0,8,complete,true
04,2023-02-20,2023-02-27,2023-04-17,10,0,10,complete,true
04,2023-02-27,2023-03-06,2023-04-24,10,0,10,complete,true
04,2023-03-06,2023-03-13,2023-05-01,9,0,9,complete,true
04,2023-03-13,2023-03-20,2023-05-08,13,0,13,complete,true
04,2023-03-20,2023-03-27,2023-05-15,16,0,16,complete,true
04,2023-03-27,2023-04-03,2023-05-22,22,0,22,complete,true
04,2023-04-03,2023-04-10,2023-05-29,24,2,26,complete,true
04,2023-04-10,2023-04-17,2023-06-05,26,2,28,complete,true
04,2023-04-17,2023-04-24,2023-06-12,28,2,30,complete,true
04,2023-04-24,2023-05-01,2023-06-19,36,2,38,complete,true
04,2023-05-01,2023-05-08,2023-06-26,41,2,43,complete,true
04,2023-05-08,2023-05-15,2023-07-03,42,2,44,complete,true
04,2023-05-15,2023-05-22,2023-07-10,47,2,49,complete,true
04,2023-05-22,2023-05-29,2023-07-17,44,2,46,complete,true
04,2023-05-29,2023-06-05,2023-07-24,47,1,48,complete,true
04,2023-06-05,2023-06-12,2023-07-31,46,1,47,complete,true
04,2023-06-12,2023-06-19,2023-08-07,49,1,50,complete,true
04,2023-06-19,2023-06-26,2023-08-14,45,1,46,complete,true
04,2023-06-26,2023-07-03,2023-08-21,41,1,42,complete,true
04,2023-07-03,2023-07-10,2023-08-28,39,1,40,complete,true
04,2023-07-10,2023-07-17,2023-09-04,33,2,35,complete,true
04,2023-07-17,2023-07-24,2023-09-11,30,2,32,complete,true
04,2023-07-24,2023-07-31,2023-09-18,26,1,27,complete,true
04,2023-07-31,2023-08-07,2023-09-25,24,1,25,complete,true
04,2023-08-07,2023-08-14,2023-10-02,17,1,18,complete,true
04,2023-08-14,2023-08-21,2023-10-09,12,1,13,complete,true
04,2023-08-21,2023-08-28,2023-10-16,14,1,15,complete,true
04,2023-08-28,2023-09-04,2023-10-23,11,1,12,complete,true
04,2023-09-04,2023-09-11,2023-10-30,11,0,11,complete,true
04,2023-09-11,2023-09-18,2023-11-06,10,0,10,complete,true
04,2023-09-18,2023-09-25,2023-11-13,9,0,9,complete,true
04,2023-09-25,2023-10-02,2023-11-20,10,1,11,complete,true
04,2023-10-02,2023-10-09,2023-11-27,10,1,11,complete,true
04,2023-10-09,2023-10-16,2023-12-04,11,1,12,complete,true
04,2023-10-16,2023-10-23,2023-12-11,8,1,9,complete,true
04,2023-10-23,2023-10-30,2023-12-18,7,1,8,complete,true
04,2023-10-30,2023-11-06,2023-12-25,5,1,6,complete,true
04,2023-11-06,2023-11-13,2024-01-01,5,1,6,complete,true
04,2023-11-13,2023-11-20,2024-01-08,4,1,5,complete,true
04,2023-11-20,2023-11-27,2024-01-15,2,0,2,complete,true
04,2023-11-27,2023-12-04,2024-01-22,2,0,2,complete,true
04,2023-12-04,2023-12-11,2024-01-29,2,0,2,complete,true
04,2023-12-11,2023-12-18,2024-02-05,2,0,2,complete,true
04,2023-12-18,2023-12-25,2024-02-12,2,0,2,complete,true
04,2023-12-25,2024-01-01,2024-02-19,2,0,2,complete,true
04,2024-01-01,2024-01-08,2024-02-26,1,0,1,complete,true
04,2024-01-08,2024-01-15,2024-03-04,4,0,4,complete,true
04,2024-01-15,2024-01-22,2024-03-11,4,0,4,complete,true
04,2024-01-22,2024-01-29,2024-03-18,4,0,4,complete,true
04,2024-01-29,2024-02-05,2024-03-25,3,0,3,complete,true
04,2024-02-05,2024-02-12,2024-04-01,6,0,6,complete,true
04,2024-02-12,2024-02-19,2024-04-08,9,0,9,complete,true
04,2024-02-19,2024-02-26,2024-04-15,10,0,10,complete,true
04,2024-02-26,2024-03-04,2024-04-22,14,0,14,complete,true
04,2024-03-04,2024-03-11,2024-04-29,13,0,13,complete,true
04,2024-03-11,2024-03-18,2024-05-06,19,0,19,complete,true
04,2024-03-18,2024-03-25,2024-05-13,22,0,22,complete,true
04,2024-03-25,2024-04-01,2024-05-20,25,0,25,complete,true
04,2024-04-01,2024-04-08,2024-05-27,31,0,31,complete,true
04,2024-04-08,2024-04-15,2024-06-03,35,0,35,complete,true
04,2024-04-15,2024-04-22,2024-06-10,45,0,45,complete,true
04,2024-04-22,2024-04-29,2024-06-17,50,1,51,complete,true
04,2024-04-29,2024-05-06,2024-06-24,51,1,52,complete,true
04,2024-05-06,2024-05-13,2024-07-01,50,1,51,complete,true
04,2024-05-13,2024-05-20,2024-07-08,51,2,53,complete,true
04,2024-05-20,2024-05-27,2024-07-15,53,2,55,complete,true
04,2024-05-27,2024-06-03,2024-07-22,47,2,49,complete,true
04,2024-06-03,2024-06-10,2024-07-29,44,2,46,complete,true
04,2024-06-10,2024-06-17,2024-08-05,37,2,39,complete,true
04,2024-06-17,2024-06-24,2024-08-12,30,1,31,complete,true
04,2024-06-24,2024-07-01,2024-08-19,29,1,30,complete,true
04,2024-07-01,2024-07-08,2024-08-26,26,1,27,complete,true
04,2024-07-08,2024-07-15,2024-09-02,24,0,24,complete,true
04,2024-07-15,2024-07-22,2024-09-09,20,0,20,complete,true
04,2024-07-22,2024-07-29,2024-09-16,18,0,18,complete,true
04,2024-07-29,2024-08-05,2024-09-23,15,0,15,complete,true
04,2024-08-05,2024-08-12,2024-09-30,13,0,13,complete,true
04,2024-08-12,2024-08-19,2024-10-07,13,0,13,complete,true
04,2024-08-19,2024-08-26,2024-10-14,13,0,13,complete,true
04,2024-08-26,2024-09-02,2024-10-21,11,0,11,complete,true
04,2024-09-02,2024-09-09,2024-10-28,11,0,11,complete,true
04,2024-09-09,2024-09-16,2024-11-04,14,0,14,complete,true
04,2024-09-16,2024-09-23,2024-11-11,13,0,13,complete,true
04,2024-09-23,2024-09-30,2024-11-18,12,0,12,complete,true
04,2024-09-30,2024-10-07,2024-11-25,12,0,12,complete,true
04,2024-10-07,2024-10-14,2024-12-02,12,0,12,complete,true
04,2024-10-14,2024-10-21,2024-12-09,11,0,11,complete,true
04,2024-10-21,2024-10-28,2024-12-16,12,0,12,complete,true
04,2024-10-28,2024-11-04,2024-12-23,11,0,11,complete,true
04,2024-11-04,2024-11-11,2024-12-30,12,0,12,complete,true
04,2024-11-11,2024-11-18,2025-01-06,13,0,13,complete,true
04,2024-11-18,2024-11-25,2025-01-13,14,0,14,complete,true
04,2024-11-25,2024-12-02,2025-01-20,13,0,13,complete,true
04,2024-12-02,2024-12-09,2025-01-27,11,0,11,complete,true
04,2024-12-09,2024-12-16,2025-02-03,12,0,12,complete,true
04,2024-12-16,2024-12-23,2025-02-10,11,0,11,complete,true
04,2024-12-23,2024-12-30,2025-02-17,11,0,11,complete,true
04,2024-12-30,2025-01-06,2025-02-24,6,0,6,complete,true
04,2025-01-06,2025-01-13,2025-03-03,5,0,5,complete,true
04,2025-01-13,2025-01-20,2025-03-10,6,0,6,complete,true
04,2025-01-20,2025-01-27,2025-03-17,8,0,8,complete,true
04,2025-01-27,2025-02-03,2025-03-24,8,0,8,complete,true
04,2025-02-03,2025-02-10,2025-03-31,7,0,7,complete,true
04,2025-02-10,2025-02-17,2025-04-07,8,0,8,complete,true
04,2025-02-17,2025-02-24,2025-04-14,8,0,8,complete,true
04,2025-02-24,2025-03-03,2025-04-21,13,0,13,complete,true
04,2025-03-03,2025-03-10,2025-04-28,14,0,14,complete,true
04,2025-03-10,2025-03-17,2025-05-05,17,0,17,complete,true
04,2025-03-17,2025-03-24,2025-05-12,18,0,18,complete,true
04,2025-03-24,2025-03-31,2025-05-19,29,0,29,complete,true
04,2025-03-31,2025-04-07,2025-05-26,35,0,35,complete,true
04,2025-04-07,2025-04-14,2025-06-02,41,0,41,complete,true
04,2025-04-14,2025-04-21,2025-06-09,47,0,47,complete,true
04,2025-04-21,2025-04-28,2025-06-16,59,0,59,complete,true
04,2025-04-28,2025-05-05,2025-06-23,83,0,83,complete,true
04,2025-05-05,2025-05-12,2025-06-30,95,0,95,complete,true
04,2025-05-12,2025-05-19,2025-07-07,113,0,113,complete,true
04,2025-05-19,2025-05-26,2025-07-14,132,0,132,complete,true
04,2025-05-26,2025-06-02,2025-07-21,144,0,144,complete,true
04,2025-06-02,2025-06-09,2025-07-28,156,0,156,complete,true
04,2025-06-09,2025-06-16,2025-08-04,174,0,174,complete,true
04,2025-06-16,2025-06-23,2025-08-11,174,0,174,complete,true
04,2025-06-23,2025-06-30,2025-08-18,164,0,164,complete,true
04,2025-06-30,2025-07-07,2025-08-25,171,0,171,complete,true
04,2025-07-07,2025-07-14,2025-09-01,168,0,168,complete,true
04,2025-07-14,2025-07-21,2025-09-08,149,0,149,complete,true
04,2025-07-21,2025-07-28,2025-09-15,141,0,141,complete,true
04,2025-07-28,2025-08-04,2025-09-22,130,0,130,complete,true
04,2025-08-04,2025-08-11,2025-09-29,110,0,110,complete,true
04,2025-08-11,2025-08-18,2025-10-06,106,0,106,complete,true
04,2025-08-18,2025-08-25,2025-10-13,101,2,103,complete,true
04,2025-08-25,2025-09-01,2025-10-20,88,2,90,complete,true
04,2025-09-01,2025-09-08,2025-10-27,78,2,80,complete,true
04,2025-09-08,2025-09-15,2025-11-03,79,2,81,complete,true
04,2025-09-15,2025-09-22,2025-11-10,80,2,82,complete,true
04,2025-09-22,2025-09-29,2025-11-17,76,2,78,complete,true
04,2025-09-29,2025-10-06,2025-11-24,78,2,80,complete,true
04,2025-10-06,2025-10-13,2025-12-01,70,2,72,complete,true
04,2025-10-13,2025-10-20,2025-12-08,66,0,66,complete,true
04,2025-10-20,2025-10-27,2025-12-15,60,0,60,complete,true
04,2025-10-27,2025-11-03,2025-12-22,52,0,52,complete,true
04,2025-11-03,2025-11-10,2025-12-29,,,,incomplete_future_window,false
04,2025-11-10,2025-11-17,2026-01-05,,,,incomplete_future_window,false
04,2025-11-17,2025-11-24,2026-01-12,,,,incomplete_future_window,false
04,2025-11-24,2025-12-01,2026-01-19,,,,incomplete_future_window,false
04,2025-12-01,2025-12-08,2026-01-26,,,,incomplete_future_window,false
04,2025-12-08,2025-12-15,2026-02-02,,,,incomplete_future_window,false
04,2025-12-15,2025-12-22,2026-02-09,,,,incomplete_future_window,false
04,2025-12-22,2025-12-29,2026-02-16,,,,incomplete_future_window,false
05,2014-12-29,2015-01-05,2015-02-23,4,0,4,complete,true
05,2015-01-05,2015-01-12,2015-03-02,4,0,4,complete,true
05,2015-01-12,2015-01-19,2015-03-09,4,0,4,complete,true
05,2015-01-19,2015-01-26,2015-03-16,4,0,4,complete,true
05,2015-01-26,2015-02-02,2015-03-23,3,0,3,complete,true
05,2015-02-02,2015-02-09,2015-03-30,2,0,2,complete,true
05,2015-02-09,2015-02-16,2015-04-06,3,0,3,complete,true
05,2015-02-16,2015-02-23,2015-04-13,5,1,6,complete,true
05,2015-02-23,2015-03-02,2015-04-20,5,1,6,complete,true
05,2015-03-02,2015-03-09,2015-04-27,6,1,7,complete,true
05,2015-03-09,2015-03-16,2015-05-04,12,1,13,complete,true
05,2015-03-16,2015-03-23,2015-05-11,15,1,16,complete,true
05,2015-03-23,2015-03-30,2015-05-18,20,1,21,complete,true
05,2015-03-30,2015-04-06,2015-05-25,23,1,24,complete,true
05,2015-04-06,2015-04-13,2015-06-01,26,1,27,complete,true
05,2015-04-13,2015-04-20,2015-06-08,28,1,29,complete,true
05,2015-04-20,2015-04-27,2015-06-15,34,1,35,complete,true
05,2015-04-27,2015-05-04,2015-06-22,39,1,40,complete,true
05,2015-05-04,2015-05-11,2015-06-29,40,1,41,complete,true
05,2015-05-11,2015-05-18,2015-07-06,41,2,43,complete,true
05,2015-05-18,2015-05-25,2015-07-13,38,2,40,complete,true
05,2015-05-25,2015-06-01,2015-07-20,38,2,40,complete,true
05,2015-06-01,2015-06-08,2015-07-27,36,2,38,complete,true
05,2015-06-08,2015-06-15,2015-08-03,34,1,35,complete,true
05,2015-06-15,2015-06-22,2015-08-10,30,1,31,complete,true
05,2015-06-22,2015-06-29,2015-08-17,27,1,28,complete,true
05,2015-06-29,2015-07-06,2015-08-24,22,1,23,complete,true
05,2015-07-06,2015-07-13,2015-08-31,20,0,20,complete,true
05,2015-07-13,2015-07-20,2015-09-07,20,0,20,complete,true
05,2015-07-20,2015-07-27,2015-09-14,18,0,18,complete,true
05,2015-07-27,2015-08-03,2015-09-21,16,0,16,complete,true
05,2015-08-03,2015-08-10,2015-09-28,14,0,14,complete,true
05,2015-08-10,2015-08-17,2015-10-05,11,0,11,complete,true
05,2015-08-17,2015-08-24,2015-10-12,8,0,8,complete,true
05,2015-08-24,2015-08-31,2015-10-19,6,0,6,complete,true
05,2015-08-31,2015-09-07,2015-10-26,3,0,3,complete,true
05,2015-09-07,2015-09-14,2015-11-02,5,0,5,complete,true
05,2015-09-14,2015-09-21,2015-11-09,7,0,7,complete,true
05,2015-09-21,2015-09-28,2015-11-16,7,0,7,complete,true
05,2015-09-28,2015-10-05,2015-11-23,7,0,7,complete,true
05,2015-10-05,2015-10-12,2015-11-30,8,0,8,complete,true
05,2015-10-12,2015-10-19,2015-12-07,8,0,8,complete,true
05,2015-10-19,2015-10-26,2015-12-14,8,0,8,complete,true
05,2015-10-26,2015-11-02,2015-12-21,9,0,9,complete,true
05,2015-11-02,2015-11-09,2015-12-28,5,0,5,complete,true
05,2015-11-09,2015-11-16,2016-01-04,2,0,2,complete,true
05,2015-11-16,2015-11-23,2016-01-11,2,0,2,complete,true
05,2015-11-23,2015-11-30,2016-01-18,2,0,2,complete,true
05,2015-11-30,2015-12-07,2016-01-25,1,0,1,complete,true
05,2015-12-07,2015-12-14,2016-02-01,1,0,1,complete,true
05,2015-12-14,2015-12-21,2016-02-08,1,0,1,complete,true
05,2015-12-21,2015-12-28,2016-02-15,0,0,0,complete,true
05,2015-12-28,2016-01-04,2016-02-22,0,0,0,complete,true
05,2016-01-04,2016-01-11,2016-02-29,1,0,1,complete,true
05,2016-01-11,2016-01-18,2016-03-07,2,0,2,complete,true
05,2016-01-18,2016-01-25,2016-03-14,2,0,2,complete,true
05,2016-01-25,2016-02-01,2016-03-21,3,0,3,complete,true
05,2016-02-01,2016-02-08,2016-03-28,3,0,3,complete,true
05,2016-02-08,2016-02-15,2016-04-04,4,0,4,complete,true
05,2016-02-15,2016-02-22,2016-04-11,4,0,4,complete,true
05,2016-02-22,2016-02-29,2016-04-18,8,0,8,complete,true
05,2016-02-29,2016-03-07,2016-04-25,8,0,8,complete,true
05,2016-03-07,2016-03-14,2016-05-02,11,0,11,complete,true
05,2016-03-14,2016-03-21,2016-05-09,13,0,13,complete,true
05,2016-03-21,2016-03-28,2016-05-16,13,0,13,complete,true
05,2016-03-28,2016-04-04,2016-05-23,16,0,16,complete,true
05,2016-04-04,2016-04-11,2016-05-30,18,0,18,complete,true
05,2016-04-11,2016-04-18,2016-06-06,19,0,19,complete,true
05,2016-04-18,2016-04-25,2016-06-13,19,0,19,complete,true
05,2016-04-25,2016-05-02,2016-06-20,22,0,22,complete,true
05,2016-05-02,2016-05-09,2016-06-27,27,0,27,complete,true
05,2016-05-09,2016-05-16,2016-07-04,33,0,33,complete,true
05,2016-05-16,2016-05-23,2016-07-11,37,0,37,complete,true
05,2016-05-23,2016-05-30,2016-07-18,37,0,37,complete,true
05,2016-05-30,2016-06-06,2016-07-25,40,0,40,complete,true
05,2016-06-06,2016-06-13,2016-08-01,49,0,49,complete,true
05,2016-06-13,2016-06-20,2016-08-08,48,0,48,complete,true
05,2016-06-20,2016-06-27,2016-08-15,45,0,45,complete,true
05,2016-06-27,2016-07-04,2016-08-22,38,0,38,complete,true
05,2016-07-04,2016-07-11,2016-08-29,30,0,30,complete,true
05,2016-07-11,2016-07-18,2016-09-05,25,0,25,complete,true
05,2016-07-18,2016-07-25,2016-09-12,24,0,24,complete,true
05,2016-07-25,2016-08-01,2016-09-19,19,0,19,complete,true
05,2016-08-01,2016-08-08,2016-09-26,12,0,12,complete,true
05,2016-08-08,2016-08-15,2016-10-03,11,0,11,complete,true
05,2016-08-15,2016-08-22,2016-10-10,12,0,12,complete,true
05,2016-08-22,2016-08-29,2016-10-17,11,0,11,complete,true
05,2016-08-29,2016-09-05,2016-10-24,12,0,12,complete,true
05,2016-09-05,2016-09-12,2016-10-31,13,0,13,complete,true
05,2016-09-12,2016-09-19,2016-11-07,11,0,11,complete,true
05,2016-09-19,2016-09-26,2016-11-14,11,0,11,complete,true
05,2016-09-26,2016-10-03,2016-11-21,9,0,9,complete,true
05,2016-10-03,2016-10-10,2016-11-28,9,0,9,complete,true
05,2016-10-10,2016-10-17,2016-12-05,9,0,9,complete,true
05,2016-10-17,2016-10-24,2016-12-12,8,0,8,complete,true
05,2016-10-24,2016-10-31,2016-12-19,7,0,7,complete,true
05,2016-10-31,2016-11-07,2016-12-26,7,0,7,complete,true
05,2016-11-07,2016-11-14,2017-01-02,7,0,7,complete,true
05,2016-11-14,2016-11-21,2017-01-09,6,0,6,complete,true
05,2016-11-21,2016-11-28,2017-01-16,5,0,5,complete,true
05,2016-11-28,2016-12-05,2017-01-23,4,0,4,complete,true
05,2016-12-05,2016-12-12,2017-01-30,2,0,2,complete,true
05,2016-12-12,2016-12-19,2017-02-06,3,0,3,complete,true
05,2016-12-19,2016-12-26,2017-02-13,3,0,3,complete,true
05,2016-12-26,2017-01-02,2017-02-20,3,0,3,complete,true
05,2017-01-02,2017-01-09,2017-02-27,4,0,4,complete,true
05,2017-01-09,2017-01-16,2017-03-06,4,0,4,complete,true
05,2017-01-16,2017-01-23,2017-03-13,4,0,4,complete,true
05,2017-01-23,2017-01-30,2017-03-20,4,0,4,complete,true
05,2017-01-30,2017-02-06,2017-03-27,5,0,5,complete,true
05,2017-02-06,2017-02-13,2017-04-03,5,0,5,complete,true
05,2017-02-13,2017-02-20,2017-04-10,6,0,6,complete,true
05,2017-02-20,2017-02-27,2017-04-17,7,0,7,complete,true
05,2017-02-27,2017-03-06,2017-04-24,7,0,7,complete,true
05,2017-03-06,2017-03-13,2017-05-01,7,0,7,complete,true
05,2017-03-13,2017-03-20,2017-05-08,8,0,8,complete,true
05,2017-03-20,2017-03-27,2017-05-15,11,0,11,complete,true
05,2017-03-27,2017-04-03,2017-05-22,15,0,15,complete,true
05,2017-04-03,2017-04-10,2017-05-29,16,0,16,complete,true
05,2017-04-10,2017-04-17,2017-06-05,18,0,18,complete,true
05,2017-04-17,2017-04-24,2017-06-12,22,0,22,complete,true
05,2017-04-24,2017-05-01,2017-06-19,27,0,27,complete,true
05,2017-05-01,2017-05-08,2017-06-26,29,0,29,complete,true
05,2017-05-08,2017-05-15,2017-07-03,31,0,31,complete,true
05,2017-05-15,2017-05-22,2017-07-10,33,0,33,complete,true
05,2017-05-22,2017-05-29,2017-07-17,32,0,32,complete,true
05,2017-05-29,2017-06-05,2017-07-24,34,0,34,complete,true
05,2017-06-05,2017-06-12,2017-07-31,34,0,34,complete,true
05,2017-06-12,2017-06-19,2017-08-07,28,0,28,complete,true
05,2017-06-19,2017-06-26,2017-08-14,27,0,27,complete,true
05,2017-06-26,2017-07-03,2017-08-21,27,0,27,complete,true
05,2017-07-03,2017-07-10,2017-08-28,27,0,27,complete,true
05,2017-07-10,2017-07-17,2017-09-04,21,0,21,complete,true
05,2017-07-17,2017-07-24,2017-09-11,18,0,18,complete,true
05,2017-07-24,2017-07-31,2017-09-18,16,0,16,complete,true
05,2017-07-31,2017-08-07,2017-09-25,16,0,16,complete,true
05,2017-08-07,2017-08-14,2017-10-02,17,0,17,complete,true
05,2017-08-14,2017-08-21,2017-10-09,16,0,16,complete,true
05,2017-08-21,2017-08-28,2017-10-16,18,0,18,complete,true
05,2017-08-28,2017-09-04,2017-10-23,21,0,21,complete,true
05,2017-09-04,2017-09-11,2017-10-30,21,0,21,complete,true
05,2017-09-11,2017-09-18,2017-11-06,22,0,22,complete,true
05,2017-09-18,2017-09-25,2017-11-13,22,0,22,complete,true
05,2017-09-25,2017-10-02,2017-11-20,23,0,23,complete,true
05,2017-10-02,2017-10-09,2017-11-27,23,0,23,complete,true
05,2017-10-09,2017-10-16,2017-12-04,22,0,22,complete,true
05,2017-10-16,2017-10-23,2017-12-11,20,0,20,complete,true
05,2017-10-23,2017-10-30,2017-12-18,16,0,16,complete,true
05,2017-10-30,2017-11-06,2017-12-25,16,0,16,complete,true
05,2017-11-06,2017-11-13,2018-01-01,14,0,14,complete,true
05,2017-11-13,2017-11-20,2018-01-08,13,0,13,complete,true
05,2017-11-20,2017-11-27,2018-01-15,12,0,12,complete,true
05,2017-11-27,2017-12-04,2018-01-22,11,0,11,complete,true
05,2017-12-04,2017-12-11,2018-01-29,8,0,8,complete,true
05,2017-12-11,2017-12-18,2018-02-05,7,0,7,complete,true
05,2017-12-18,2017-12-25,2018-02-12,7,0,7,complete,true
05,2017-12-25,2018-01-01,2018-02-19,8,0,8,complete,true
05,2018-01-01,2018-01-08,2018-02-26,8,0,8,complete,true
05,2018-01-08,2018-01-15,2018-03-05,7,0,7,complete,true
05,2018-01-15,2018-01-22,2018-03-12,5,0,5,complete,true
05,2018-01-22,2018-01-29,2018-03-19,5,0,5,complete,true
05,2018-01-29,2018-02-05,2018-03-26,5,0,5,complete,true
05,2018-02-05,2018-02-12,2018-04-02,6,0,6,complete,true
05,2018-02-12,2018-02-19,2018-04-09,6,0,6,complete,true
05,2018-02-19,2018-02-26,2018-04-16,6,0,6,complete,true
05,2018-02-26,2018-03-05,2018-04-23,10,0,10,complete,true
05,2018-03-05,2018-03-12,2018-04-30,11,0,11,complete,true
05,2018-03-12,2018-03-19,2018-05-07,15,0,15,complete,true
05,2018-03-19,2018-03-26,2018-05-14,21,0,21,complete,true
05,2018-03-26,2018-04-02,2018-05-21,26,0,26,complete,true
05,2018-04-02,2018-04-09,2018-05-28,37,0,37,complete,true
05,2018-04-09,2018-04-16,2018-06-04,50,0,50,complete,true
05,2018-04-16,2018-04-23,2018-06-11,66,0,66,complete,true
05,2018-04-23,2018-04-30,2018-06-18,73,0,73,complete,true
05,2018-04-30,2018-05-07,2018-06-25,86,0,86,complete,true
05,2018-05-07,2018-05-14,2018-07-02,92,1,93,complete,true
05,2018-05-14,2018-05-21,2018-07-09,94,1,95,complete,true
05,2018-05-21,2018-05-28,2018-07-16,104,1,105,complete,true
05,2018-05-28,2018-06-04,2018-07-23,104,1,105,complete,true
05,2018-06-04,2018-06-11,2018-07-30,105,1,106,complete,true
05,2018-06-11,2018-06-18,2018-08-06,95,1,96,complete,true
05,2018-06-18,2018-06-25,2018-08-13,86,1,87,complete,true
05,2018-06-25,2018-07-02,2018-08-20,75,1,76,complete,true
05,2018-07-02,2018-07-09,2018-08-27,66,0,66,complete,true
05,2018-07-09,2018-07-16,2018-09-03,60,0,60,complete,true
05,2018-07-16,2018-07-23,2018-09-10,47,0,47,complete,true
05,2018-07-23,2018-07-30,2018-09-17,37,0,37,complete,true
05,2018-07-30,2018-08-06,2018-09-24,22,0,22,complete,true
05,2018-08-06,2018-08-13,2018-10-01,17,0,17,complete,true
05,2018-08-13,2018-08-20,2018-10-08,17,0,17,complete,true
05,2018-08-20,2018-08-27,2018-10-15,15,0,15,complete,true
05,2018-08-27,2018-09-03,2018-10-22,15,0,15,complete,true
05,2018-09-03,2018-09-10,2018-10-29,15,0,15,complete,true
05,2018-09-10,2018-09-17,2018-11-05,15,0,15,complete,true
05,2018-09-17,2018-09-24,2018-11-12,12,0,12,complete,true
05,2018-09-24,2018-10-01,2018-11-19,11,0,11,complete,true
05,2018-10-01,2018-10-08,2018-11-26,11,0,11,complete,true
05,2018-10-08,2018-10-15,2018-12-03,9,0,9,complete,true
05,2018-10-15,2018-10-22,2018-12-10,8,0,8,complete,true
05,2018-10-22,2018-10-29,2018-12-17,7,0,7,complete,true
05,2018-10-29,2018-11-05,2018-12-24,5,0,5,complete,true
05,2018-11-05,2018-11-12,2018-12-31,3,0,3,complete,true
05,2018-11-12,2018-11-19,2019-01-07,4,0,4,complete,true
05,2018-11-19,2018-11-26,2019-01-14,5,0,5,complete,true
05,2018-11-26,2018-12-03,2019-01-21,3,0,3,complete,true
05,2018-12-03,2018-12-10,2019-01-28,3,0,3,complete,true
05,2018-12-10,2018-12-17,2019-02-04,4,0,4,complete,true
05,2018-12-17,2018-12-24,2019-02-11,3,0,3,complete,true
05,2018-12-24,2018-12-31,2019-02-18,3,0,3,complete,true
05,2018-12-31,2019-01-07,2019-02-25,3,0,3,complete,true
05,2019-01-07,2019-01-14,2019-03-04,2,0,2,complete,true
05,2019-01-14,2019-01-21,2019-03-11,1,0,1,complete,true
05,2019-01-21,2019-01-28,2019-03-18,1,0,1,complete,true
05,2019-01-28,2019-02-04,2019-03-25,1,0,1,complete,true
05,2019-02-04,2019-02-11,2019-04-01,1,0,1,complete,true
05,2019-02-11,2019-02-18,2019-04-08,2,0,2,complete,true
05,2019-02-18,2019-02-25,2019-04-15,4,0,4,complete,true
05,2019-02-25,2019-03-04,2019-04-22,5,0,5,complete,true
05,2019-03-04,2019-03-11,2019-04-29,5,0,5,complete,true
05,2019-03-11,2019-03-18,2019-05-06,6,0,6,complete,true
05,2019-03-18,2019-03-25,2019-05-13,7,0,7,complete,true
05,2019-03-25,2019-04-01,2019-05-20,10,0,10,complete,true
05,2019-04-01,2019-04-08,2019-05-27,12,0,12,complete,true
05,2019-04-08,2019-04-15,2019-06-03,14,0,14,complete,true
05,2019-04-15,2019-04-22,2019-06-10,15,0,15,complete,true
05,2019-04-22,2019-04-29,2019-06-17,18,0,18,complete,true
05,2019-04-29,2019-05-06,2019-06-24,26,0,26,complete,true
05,2019-05-06,2019-05-13,2019-07-01,29,1,30,complete,true
05,2019-05-13,2019-05-20,2019-07-08,32,1,33,complete,true
05,2019-05-20,2019-05-27,2019-07-15,29,1,30,complete,true
05,2019-05-27,2019-06-03,2019-07-22,26,1,27,complete,true
05,2019-06-03,2019-06-10,2019-07-29,29,1,30,complete,true
05,2019-06-10,2019-06-17,2019-08-05,28,1,29,complete,true
05,2019-06-17,2019-06-24,2019-08-12,24,1,25,complete,true
05,2019-06-24,2019-07-01,2019-08-19,17,1,18,complete,true
05,2019-07-01,2019-07-08,2019-08-26,14,0,14,complete,true
05,2019-07-08,2019-07-15,2019-09-02,12,0,12,complete,true
05,2019-07-15,2019-07-22,2019-09-09,14,0,14,complete,true
05,2019-07-22,2019-07-29,2019-09-16,15,0,15,complete,true
05,2019-07-29,2019-08-05,2019-09-23,11,0,11,complete,true
05,2019-08-05,2019-08-12,2019-09-30,10,0,10,complete,true
05,2019-08-12,2019-08-19,2019-10-07,12,0,12,complete,true
05,2019-08-19,2019-08-26,2019-10-14,11,0,11,complete,true
05,2019-08-26,2019-09-02,2019-10-21,11,0,11,complete,true
05,2019-09-02,2019-09-09,2019-10-28,10,0,10,complete,true
05,2019-09-09,2019-09-16,2019-11-04,8,0,8,complete,true
05,2019-09-16,2019-09-23,2019-11-11,9,0,9,complete,true
05,2019-09-23,2019-09-30,2019-11-18,8,0,8,complete,true
05,2019-09-30,2019-10-07,2019-11-25,8,0,8,complete,true
05,2019-10-07,2019-10-14,2019-12-02,7,0,7,complete,true
05,2019-10-14,2019-10-21,2019-12-09,7,0,7,complete,true
05,2019-10-21,2019-10-28,2019-12-16,8,0,8,complete,true
05,2019-10-28,2019-11-04,2019-12-23,7,0,7,complete,true
05,2019-11-04,2019-11-11,2019-12-30,7,0,7,complete,true
05,2019-11-11,2019-11-18,2020-01-06,5,0,5,complete,true
05,2019-11-18,2019-11-25,2020-01-13,4,0,4,complete,true
05,2019-11-25,2019-12-02,2020-01-20,3,0,3,complete,true
05,2019-12-02,2019-12-09,2020-01-27,4,0,4,complete,true
05,2019-12-09,2019-12-16,2020-02-03,4,0,4,complete,true
05,2019-12-16,2019-12-23,2020-02-10,2,0,2,complete,true
05,2019-12-23,2019-12-30,2020-02-17,2,0,2,complete,true
05,2019-12-30,2020-01-06,2020-02-24,3,0,3,complete,true
05,2020-01-06,2020-01-13,2020-03-02,3,0,3,complete,true
05,2020-01-13,2020-01-20,2020-03-09,3,0,3,complete,true
05,2020-01-20,2020-01-27,2020-03-16,5,0,5,complete,true
05,2020-01-27,2020-02-03,2020-03-23,4,0,4,complete,true
05,2020-02-03,2020-02-10,2020-03-30,4,0,4,complete,true
05,2020-02-10,2020-02-17,2020-04-06,8,0,8,complete,true
05,2020-02-17,2020-02-24,2020-04-13,8,0,8,complete,true
05,2020-02-24,2020-03-02,2020-04-20,15,0,15,complete,true
05,2020-03-02,2020-03-09,2020-04-27,16,0,16,complete,true
05,2020-03-09,2020-03-16,2020-05-04,21,0,21,complete,true
05,2020-03-16,2020-03-23,2020-05-11,25,0,25,complete,true
05,2020-03-23,2020-03-30,2020-05-18,29,0,29,complete,true
05,2020-03-30,2020-04-06,2020-05-25,39,0,39,complete,true
05,2020-04-06,2020-04-13,2020-06-01,43,0,43,complete,true
05,2020-04-13,2020-04-20,2020-06-08,52,0,52,complete,true
05,2020-04-20,2020-04-27,2020-06-15,56,1,57,complete,true
05,2020-04-27,2020-05-04,2020-06-22,71,1,72,complete,true
05,2020-05-04,2020-05-11,2020-06-29,75,2,77,complete,true
05,2020-05-11,2020-05-18,2020-07-06,74,2,76,complete,true
05,2020-05-18,2020-05-25,2020-07-13,83,2,85,complete,true
05,2020-05-25,2020-06-01,2020-07-20,82,2,84,complete,true
05,2020-06-01,2020-06-08,2020-07-27,87,2,89,complete,true
05,2020-06-08,2020-06-15,2020-08-03,86,2,88,complete,true
05,2020-06-15,2020-06-22,2020-08-10,83,1,84,complete,true
05,2020-06-22,2020-06-29,2020-08-17,68,1,69,complete,true
05,2020-06-29,2020-07-06,2020-08-24,60,0,60,complete,true
05,2020-07-06,2020-07-13,2020-08-31,60,0,60,complete,true
05,2020-07-13,2020-07-20,2020-09-07,50,0,50,complete,true
05,2020-07-20,2020-07-27,2020-09-14,43,0,43,complete,true
05,2020-07-27,2020-08-03,2020-09-21,32,0,32,complete,true
05,2020-08-03,2020-08-10,2020-09-28,25,0,25,complete,true
05,2020-08-10,2020-08-17,2020-10-05,19,0,19,complete,true
05,2020-08-17,2020-08-24,2020-10-12,19,0,19,complete,true
05,2020-08-24,2020-08-31,2020-10-19,20,0,20,complete,true
05,2020-08-31,2020-09-07,2020-10-26,15,0,15,complete,true
05,2020-09-07,2020-09-14,2020-11-02,11,0,11,complete,true
05,2020-09-14,2020-09-21,2020-11-09,9,0,9,complete,true
05,2020-09-21,2020-09-28,2020-11-16,7,0,7,complete,true
05,2020-09-28,2020-10-05,2020-11-23,7,0,7,complete,true
05,2020-10-05,2020-10-12,2020-11-30,4,0,4,complete,true
05,2020-10-12,2020-10-19,2020-12-07,4,0,4,complete,true
05,2020-10-19,2020-10-26,2020-12-14,2,0,2,complete,true
05,2020-10-26,2020-11-02,2020-12-21,2,0,2,complete,true
05,2020-11-02,2020-11-09,2020-12-28,2,0,2,complete,true
05,2020-11-09,2020-11-16,2021-01-04,4,0,4,complete,true
05,2020-11-16,2020-11-23,2021-01-11,4,0,4,complete,true
05,2020-11-23,2020-11-30,2021-01-18,4,0,4,complete,true
05,2020-11-30,2020-12-07,2021-01-25,5,0,5,complete,true
05,2020-12-07,2020-12-14,2021-02-01,4,0,4,complete,true
05,2020-12-14,2020-12-21,2021-02-08,4,0,4,complete,true
05,2020-12-21,2020-12-28,2021-02-15,4,0,4,complete,true
05,2020-12-28,2021-01-04,2021-02-22,4,0,4,complete,true
05,2021-01-04,2021-01-11,2021-03-01,2,0,2,complete,true
05,2021-01-11,2021-01-18,2021-03-08,2,0,2,complete,true
05,2021-01-18,2021-01-25,2021-03-15,2,0,2,complete,true
05,2021-01-25,2021-02-01,2021-03-22,3,1,4,complete,true
05,2021-02-01,2021-02-08,2021-03-29,4,1,5,complete,true
05,2021-02-08,2021-02-15,2021-04-05,4,1,5,complete,true
05,2021-02-15,2021-02-22,2021-04-12,5,1,6,complete,true
05,2021-02-22,2021-03-01,2021-04-19,5,1,6,complete,true
05,2021-03-01,2021-03-08,2021-04-26,5,1,6,complete,true
05,2021-03-08,2021-03-15,2021-05-03,5,1,6,complete,true
05,2021-03-15,2021-03-22,2021-05-10,7,1,8,complete,true
05,2021-03-22,2021-03-29,2021-05-17,6,0,6,complete,true
05,2021-03-29,2021-04-05,2021-05-24,7,0,7,complete,true
05,2021-04-05,2021-04-12,2021-05-31,7,0,7,complete,true
05,2021-04-12,2021-04-19,2021-06-07,6,0,6,complete,true
05,2021-04-19,2021-04-26,2021-06-14,7,0,7,complete,true
05,2021-04-26,2021-05-03,2021-06-21,7,0,7,complete,true
05,2021-05-03,2021-05-10,2021-06-28,8,0,8,complete,true
05,2021-05-10,2021-05-17,2021-07-05,9,0,9,complete,true
05,2021-05-17,2021-05-24,2021-07-12,11,0,11,complete,true
05,2021-05-24,2021-05-31,2021-07-19,9,0,9,complete,true
05,2021-05-31,2021-06-07,2021-07-26,9,0,9,complete,true
05,2021-06-07,2021-06-14,2021-08-02,14,0,14,complete,true
05,2021-06-14,2021-06-21,2021-08-09,13,0,13,complete,true
05,2021-06-21,2021-06-28,2021-08-16,13,0,13,complete,true
05,2021-06-28,2021-07-05,2021-08-23,14,0,14,complete,true
05,2021-07-05,2021-07-12,2021-08-30,11,0,11,complete,true
05,2021-07-12,2021-07-19,2021-09-06,9,0,9,complete,true
05,2021-07-19,2021-07-26,2021-09-13,9,0,9,complete,true
05,2021-07-26,2021-08-02,2021-09-20,9,0,9,complete,true
05,2021-08-02,2021-08-09,2021-09-27,4,0,4,complete,true
05,2021-08-09,2021-08-16,2021-10-04,4,1,5,complete,true
05,2021-08-16,2021-08-23,2021-10-11,4,1,5,complete,true
05,2021-08-23,2021-08-30,2021-10-18,2,1,3,complete,true
05,2021-08-30,2021-09-06,2021-10-25,1,1,2,complete,true
05,2021-09-06,2021-09-13,2021-11-01,1,1,2,complete,true
05,2021-09-13,2021-09-20,2021-11-08,1,1,2,complete,true
05,2021-09-20,2021-09-27,2021-11-15,2,1,3,complete,true
05,2021-09-27,2021-10-04,2021-11-22,2,1,3,complete,true
05,2021-10-04,2021-10-11,2021-11-29,2,0,2,complete,true
05,2021-10-11,2021-10-18,2021-12-06,2,0,2,complete,true
05,2021-10-18,2021-10-25,2021-12-13,3,0,3,complete,true
05,2021-10-25,2021-11-01,2021-12-20,3,0,3,complete,true
05,2021-11-01,2021-11-08,2021-12-27,2,0,2,complete,true
05,2021-11-08,2021-11-15,2022-01-03,2,0,2,complete,true
05,2021-11-15,2021-11-22,2022-01-10,1,0,1,complete,true
05,2021-11-22,2021-11-29,2022-01-17,2,0,2,complete,true
05,2021-11-29,2021-12-06,2022-01-24,2,0,2,complete,true
05,2021-12-06,2021-12-13,2022-01-31,2,0,2,complete,true
05,2021-12-13,2021-12-20,2022-02-07,1,0,1,complete,true
05,2021-12-20,2021-12-27,2022-02-14,1,0,1,complete,true
05,2021-12-27,2022-01-03,2022-02-21,1,0,1,complete,true
05,2022-01-03,2022-01-10,2022-02-28,2,0,2,complete,true
05,2022-01-10,2022-01-17,2022-03-07,2,0,2,complete,true
05,2022-01-17,2022-01-24,2022-03-14,1,0,1,complete,true
05,2022-01-24,2022-01-31,2022-03-21,2,0,2,complete,true
05,2022-01-31,2022-02-07,2022-03-28,2,0,2,complete,true
05,2022-02-07,2022-02-14,2022-04-04,2,0,2,complete,true
05,2022-02-14,2022-02-21,2022-04-11,2,0,2,complete,true
05,2022-02-21,2022-02-28,2022-04-18,3,0,3,complete,true
05,2022-02-28,2022-03-07,2022-04-25,2,0,2,complete,true
05,2022-03-07,2022-03-14,2022-05-02,2,0,2,complete,true
05,2022-03-14,2022-03-21,2022-05-09,4,0,4,complete,true
05,2022-03-21,2022-03-28,2022-05-16,3,0,3,complete,true
05,2022-03-28,2022-04-04,2022-05-23,5,1,6,complete,true
05,2022-04-04,2022-04-11,2022-05-30,7,1,8,complete,true
05,2022-04-11,2022-04-18,2022-06-06,8,1,9,complete,true
05,2022-04-18,2022-04-25,2022-06-13,10,1,11,complete,true
05,2022-04-25,2022-05-02,2022-06-20,11,2,13,complete,true
05,2022-05-02,2022-05-09,2022-06-27,14,2,16,complete,true
05,2022-05-09,2022-05-16,2022-07-04,13,2,15,complete,true
05,2022-05-16,2022-05-23,2022-07-11,14,2,16,complete,true
05,2022-05-23,2022-05-30,2022-07-18,13,1,14,complete,true
05,2022-05-30,2022-06-06,2022-07-25,13,1,14,complete,true
05,2022-06-06,2022-06-13,2022-08-01,13,1,14,complete,true
05,2022-06-13,2022-06-20,2022-08-08,10,1,11,complete,true
05,2022-06-20,2022-06-27,2022-08-15,9,0,9,complete,true
05,2022-06-27,2022-07-04,2022-08-22,7,0,7,complete,true
05,2022-07-04,2022-07-11,2022-08-29,7,0,7,complete,true
05,2022-07-11,2022-07-18,2022-09-05,7,0,7,complete,true
05,2022-07-18,2022-07-25,2022-09-12,6,0,6,complete,true
05,2022-07-25,2022-08-01,2022-09-19,4,0,4,complete,true
05,2022-08-01,2022-08-08,2022-09-26,3,0,3,complete,true
05,2022-08-08,2022-08-15,2022-10-03,3,0,3,complete,true
05,2022-08-15,2022-08-22,2022-10-10,3,0,3,complete,true
05,2022-08-22,2022-08-29,2022-10-17,2,0,2,complete,true
05,2022-08-29,2022-09-05,2022-10-24,5,0,5,complete,true
05,2022-09-05,2022-09-12,2022-10-31,5,0,5,complete,true
05,2022-09-12,2022-09-19,2022-11-07,5,0,5,complete,true
05,2022-09-19,2022-09-26,2022-11-14,5,0,5,complete,true
05,2022-09-26,2022-10-03,2022-11-21,5,0,5,complete,true
05,2022-10-03,2022-10-10,2022-11-28,5,0,5,complete,true
05,2022-10-10,2022-10-17,2022-12-05,5,0,5,complete,true
05,2022-10-17,2022-10-24,2022-12-12,5,0,5,complete,true
05,2022-10-24,2022-10-31,2022-12-19,1,0,1,complete,true
05,2022-10-31,2022-11-07,2022-12-26,0,0,0,complete,true
05,2022-11-07,2022-11-14,2023-01-02,0,0,0,complete,true
05,2022-11-14,2022-11-21,2023-01-09,0,0,0,complete,true
05,2022-11-21,2022-11-28,2023-01-16,0,0,0,complete,true
05,2022-11-28,2022-12-05,2023-01-23,2,0,2,complete,true
05,2022-12-05,2022-12-12,2023-01-30,2,0,2,complete,true
05,2022-12-12,2022-12-19,2023-02-06,2,0,2,complete,true
05,2022-12-19,2022-12-26,2023-02-13,2,0,2,complete,true
05,2022-12-26,2023-01-02,2023-02-20,2,0,2,complete,true
05,2023-01-02,2023-01-09,2023-02-27,2,0,2,complete,true
05,2023-01-09,2023-01-16,2023-03-06,2,0,2,complete,true
05,2023-01-16,2023-01-23,2023-03-13,2,0,2,complete,true
05,2023-01-23,2023-01-30,2023-03-20,0,0,0,complete,true
05,2023-01-30,2023-02-06,2023-03-27,0,0,0,complete,true
05,2023-02-06,2023-02-13,2023-04-03,0,0,0,complete,true
05,2023-02-13,2023-02-20,2023-04-10,0,0,0,complete,true
05,2023-02-20,2023-02-27,2023-04-17,0,0,0,complete,true
05,2023-02-27,2023-03-06,2023-04-24,0,0,0,complete,true
05,2023-03-06,2023-03-13,2023-05-01,1,0,1,complete,true
05,2023-03-13,2023-03-20,2023-05-08,2,0,2,complete,true
05,2023-03-20,2023-03-27,2023-05-15,2,0,2,complete,true
05,2023-03-27,2023-04-03,2023-05-22,3,0,3,complete,true
05,2023-04-03,2023-04-10,2023-05-29,8,0,8,complete,true
05,2023-04-10,2023-04-17,2023-06-05,8,0,8,complete,true
05,2023-04-17,2023-04-24,2023-06-12,8,0,8,complete,true
05,2023-04-24,2023-05-01,2023-06-19,10,0,10,complete,true
05,2023-05-01,2023-05-08,2023-06-26,11,0,11,complete,true
05,2023-05-08,2023-05-15,2023-07-03,12,0,12,complete,true
05,2023-05-15,2023-05-22,2023-07-10,12,0,12,complete,true
05,2023-05-22,2023-05-29,2023-07-17,12,0,12,complete,true
05,2023-05-29,2023-06-05,2023-07-24,8,0,8,complete,true
05,2023-06-05,2023-06-12,2023-07-31,8,0,8,complete,true
05,2023-06-12,2023-06-19,2023-08-07,8,0,8,complete,true
05,2023-06-19,2023-06-26,2023-08-14,8,0,8,complete,true
05,2023-06-26,2023-07-03,2023-08-21,6,0,6,complete,true
05,2023-07-03,2023-07-10,2023-08-28,4,0,4,complete,true
05,2023-07-10,2023-07-17,2023-09-04,6,0,6,complete,true
05,2023-07-17,2023-07-24,2023-09-11,6,0,6,complete,true
05,2023-07-24,2023-07-31,2023-09-18,5,0,5,complete,true
05,2023-07-31,2023-08-07,2023-09-25,5,0,5,complete,true
05,2023-08-07,2023-08-14,2023-10-02,5,0,5,complete,true
05,2023-08-14,2023-08-21,2023-10-09,3,0,3,complete,true
05,2023-08-21,2023-08-28,2023-10-16,4,0,4,complete,true
05,2023-08-28,2023-09-04,2023-10-23,4,0,4,complete,true
05,2023-09-04,2023-09-11,2023-10-30,3,0,3,complete,true
05,2023-09-11,2023-09-18,2023-11-06,2,0,2,complete,true
05,2023-09-18,2023-09-25,2023-11-13,2,0,2,complete,true
05,2023-09-25,2023-10-02,2023-11-20,3,0,3,complete,true
05,2023-10-02,2023-10-09,2023-11-27,3,0,3,complete,true
05,2023-10-09,2023-10-16,2023-12-04,3,0,3,complete,true
05,2023-10-16,2023-10-23,2023-12-11,2,0,2,complete,true
05,2023-10-23,2023-10-30,2023-12-18,2,0,2,complete,true
05,2023-10-30,2023-11-06,2023-12-25,1,0,1,complete,true
05,2023-11-06,2023-11-13,2024-01-01,3,0,3,complete,true
05,2023-11-13,2023-11-20,2024-01-08,3,0,3,complete,true
05,2023-11-20,2023-11-27,2024-01-15,2,0,2,complete,true
05,2023-11-27,2023-12-04,2024-01-22,2,0,2,complete,true
05,2023-12-04,2023-12-11,2024-01-29,2,0,2,complete,true
05,2023-12-11,2023-12-18,2024-02-05,2,0,2,complete,true
05,2023-12-18,2023-12-25,2024-02-12,2,0,2,complete,true
05,2023-12-25,2024-01-01,2024-02-19,2,0,2,complete,true
05,2024-01-01,2024-01-08,2024-02-26,0,0,0,complete,true
05,2024-01-08,2024-01-15,2024-03-04,0,0,0,complete,true
05,2024-01-15,2024-01-22,2024-03-11,0,0,0,complete,true
05,2024-01-22,2024-01-29,2024-03-18,4,0,4,complete,true
05,2024-01-29,2024-02-05,2024-03-25,5,0,5,complete,true
05,2024-02-05,2024-02-12,2024-04-01,5,0,5,complete,true
05,2024-02-12,2024-02-19,2024-04-08,5,0,5,complete,true
05,2024-02-19,2024-02-26,2024-04-15,7,0,7,complete,true
05,2024-02-26,2024-03-04,2024-04-22,8,0,8,complete,true
05,2024-03-04,2024-03-11,2024-04-29,9,0,9,complete,true
05,2024-03-11,2024-03-18,2024-05-06,9,0,9,complete,true
05,2024-03-18,2024-03-25,2024-05-13,6,1,7,complete,true
05,2024-03-25,2024-04-01,2024-05-20,6,1,7,complete,true
05,2024-04-01,2024-04-08,2024-05-27,9,2,11,complete,true
05,2024-04-08,2024-04-15,2024-06-03,11,2,13,complete,true
05,2024-04-15,2024-04-22,2024-06-10,13,2,15,complete,true
05,2024-04-22,2024-04-29,2024-06-17,13,2,15,complete,true
05,2024-04-29,2024-05-06,2024-06-24,13,2,15,complete,true
05,2024-05-06,2024-05-13,2024-07-01,17,2,19,complete,true
05,2024-05-13,2024-05-20,2024-07-08,17,1,18,complete,true
05,2024-05-20,2024-05-27,2024-07-15,18,1,19,complete,true
05,2024-05-27,2024-06-03,2024-07-22,18,0,18,complete,true
05,2024-06-03,2024-06-10,2024-07-29,16,0,16,complete,true
05,2024-06-10,2024-06-17,2024-08-05,12,0,12,complete,true
05,2024-06-17,2024-06-24,2024-08-12,11,0,11,complete,true
05,2024-06-24,2024-07-01,2024-08-19,11,0,11,complete,true
05,2024-07-01,2024-07-08,2024-08-26,8,0,8,complete,true
05,2024-07-08,2024-07-15,2024-09-02,7,0,7,complete,true
05,2024-07-15,2024-07-22,2024-09-09,6,0,6,complete,true
05,2024-07-22,2024-07-29,2024-09-16,3,0,3,complete,true
05,2024-07-29,2024-08-05,2024-09-23,3,0,3,complete,true
05,2024-08-05,2024-08-12,2024-09-30,4,0,4,complete,true
05,2024-08-12,2024-08-19,2024-10-07,4,0,4,complete,true
05,2024-08-19,2024-08-26,2024-10-14,4,0,4,complete,true
05,2024-08-26,2024-09-02,2024-10-21,5,0,5,complete,true
05,2024-09-02,2024-09-09,2024-10-28,6,0,6,complete,true
05,2024-09-09,2024-09-16,2024-11-04,5,0,5,complete,true
05,2024-09-16,2024-09-23,2024-11-11,7,0,7,complete,true
05,2024-09-23,2024-09-30,2024-11-18,8,0,8,complete,true
05,2024-09-30,2024-10-07,2024-11-25,8,0,8,complete,true
05,2024-10-07,2024-10-14,2024-12-02,9,0,9,complete,true
05,2024-10-14,2024-10-21,2024-12-09,8,0,8,complete,true
05,2024-10-21,2024-10-28,2024-12-16,6,0,6,complete,true
05,2024-10-28,2024-11-04,2024-12-23,5,0,5,complete,true
05,2024-11-04,2024-11-11,2024-12-30,5,0,5,complete,true
05,2024-11-11,2024-11-18,2025-01-06,3,0,3,complete,true
05,2024-11-18,2024-11-25,2025-01-13,2,0,2,complete,true
05,2024-11-25,2024-12-02,2025-01-20,3,0,3,complete,true
05,2024-12-02,2024-12-09,2025-01-27,2,0,2,complete,true
05,2024-12-09,2024-12-16,2025-02-03,2,0,2,complete,true
05,2024-12-16,2024-12-23,2025-02-10,2,0,2,complete,true
05,2024-12-23,2024-12-30,2025-02-17,3,0,3,complete,true
05,2024-12-30,2025-01-06,2025-02-24,3,0,3,complete,true
05,2025-01-06,2025-01-13,2025-03-03,3,0,3,complete,true
05,2025-01-13,2025-01-20,2025-03-10,4,0,4,complete,true
05,2025-01-20,2025-01-27,2025-03-17,3,0,3,complete,true
05,2025-01-27,2025-02-03,2025-03-24,4,0,4,complete,true
05,2025-02-03,2025-02-10,2025-03-31,6,0,6,complete,true
05,2025-02-10,2025-02-17,2025-04-07,7,0,7,complete,true
05,2025-02-17,2025-02-24,2025-04-14,6,0,6,complete,true
05,2025-02-24,2025-03-03,2025-04-21,7,0,7,complete,true
05,2025-03-03,2025-03-10,2025-04-28,8,0,8,complete,true
05,2025-03-10,2025-03-17,2025-05-05,10,0,10,complete,true
05,2025-03-17,2025-03-24,2025-05-12,10,0,10,complete,true
05,2025-03-24,2025-03-31,2025-05-19,14,0,14,complete,true
05,2025-03-31,2025-04-07,2025-05-26,19,0,19,complete,true
05,2025-04-07,2025-04-14,2025-06-02,29,0,29,complete,true
05,2025-04-14,2025-04-21,2025-06-09,37,0,37,complete,true
05,2025-04-21,2025-04-28,2025-06-16,41,0,41,complete,true
05,2025-04-28,2025-05-05,2025-06-23,46,0,46,complete,true
05,2025-05-05,2025-05-12,2025-06-30,52,0,52,complete,true
05,2025-05-12,2025-05-19,2025-07-07,53,0,53,complete,true
05,2025-05-19,2025-05-26,2025-07-14,52,0,52,complete,true
05,2025-05-26,2025-06-02,2025-07-21,54,0,54,complete,true
05,2025-06-02,2025-06-09,2025-07-28,46,0,46,complete,true
05,2025-06-09,2025-06-16,2025-08-04,43,0,43,complete,true
05,2025-06-16,2025-06-23,2025-08-11,46,0,46,complete,true
05,2025-06-23,2025-06-30,2025-08-18,43,0,43,complete,true
05,2025-06-30,2025-07-07,2025-08-25,40,0,40,complete,true
05,2025-07-07,2025-07-14,2025-09-01,41,0,41,complete,true
05,2025-07-14,2025-07-21,2025-09-08,41,0,41,complete,true
05,2025-07-21,2025-07-28,2025-09-15,36,0,36,complete,true
05,2025-07-28,2025-08-04,2025-09-22,33,0,33,complete,true
05,2025-08-04,2025-08-11,2025-09-29,31,0,31,complete,true
05,2025-08-11,2025-08-18,2025-10-06,25,0,25,complete,true
05,2025-08-18,2025-08-25,2025-10-13,24,0,24,complete,true
05,2025-08-25,2025-09-01,2025-10-20,21,0,21,complete,true
05,2025-09-01,2025-09-08,2025-10-27,20,0,20,complete,true
05,2025-09-08,2025-09-15,2025-11-03,18,0,18,complete,true
05,2025-09-15,2025-09-22,2025-11-10,14,0,14,complete,true
05,2025-09-22,2025-09-29,2025-11-17,16,0,16,complete,true
05,2025-09-29,2025-10-06,2025-11-24,15,0,15,complete,true
05,2025-10-06,2025-10-13,2025-12-01,17,0,17,complete,true
05,2025-10-13,2025-10-20,2025-12-08,15,0,15,complete,true
05,2025-10-20,2025-10-27,2025-12-15,13,0,13,complete,true
05,2025-10-27,2025-11-03,2025-12-22,12,0,12,complete,true
05,2025-11-03,2025-11-10,2025-12-29,,,,incomplete_future_window,false
05,2025-11-10,2025-11-17,2026-01-05,,,,incomplete_future_window,false
05,2025-11-17,2025-11-24,2026-01-12,,,,incomplete_future_window,false
05,2025-11-24,2025-12-01,2026-01-19,,,,incomplete_future_window,false
05,2025-12-01,2025-12-08,2026-01-26,,,,incomplete_future_window,false
05,2025-12-08,2025-12-15,2026-02-02,,,,incomplete_future_window,false
05,2025-12-15,2025-12-22,2026-02-09,,,,incomplete_future_window,false
05,2025-12-22,2025-12-29,2026-02-16,,,,incomplete_future_window,false
06,2014-12-29,2015-01-05,2015-02-23,8,0,8,complete,true
06,2015-01-05,2015-01-12,2015-03-02,9,0,9,complete,true
06,2015-01-12,2015-01-19,2015-03-09,7,0,7,complete,true
06,2015-01-19,2015-01-26,2015-03-16,7,0,7,complete,true
06,2015-01-26,2015-02-02,2015-03-23,8,0,8,complete,true
06,2015-02-02,2015-02-09,2015-03-30,10,0,10,complete,true
06,2015-02-09,2015-02-16,2015-04-06,14,0,14,complete,true
06,2015-02-16,2015-02-23,2015-04-13,14,0,14,complete,true
06,2015-02-23,2015-03-02,2015-04-20,13,0,13,complete,true
06,2015-03-02,2015-03-09,2015-04-27,13,0,13,complete,true
06,2015-03-09,2015-03-16,2015-05-04,15,0,15,complete,true
06,2015-03-16,2015-03-23,2015-05-11,21,0,21,complete,true
06,2015-03-23,2015-03-30,2015-05-18,26,0,26,complete,true
06,2015-03-30,2015-04-06,2015-05-25,31,0,31,complete,true
06,2015-04-06,2015-04-13,2015-06-01,41,0,41,complete,true
06,2015-04-13,2015-04-20,2015-06-08,47,0,47,complete,true
06,2015-04-20,2015-04-27,2015-06-15,59,0,59,complete,true
06,2015-04-27,2015-05-04,2015-06-22,70,0,70,complete,true
06,2015-05-04,2015-05-11,2015-06-29,74,0,74,complete,true
06,2015-05-11,2015-05-18,2015-07-06,73,0,73,complete,true
06,2015-05-18,2015-05-25,2015-07-13,78,0,78,complete,true
06,2015-05-25,2015-06-01,2015-07-20,82,0,82,complete,true
06,2015-06-01,2015-06-08,2015-07-27,75,0,75,complete,true
06,2015-06-08,2015-06-15,2015-08-03,72,0,72,complete,true
06,2015-06-15,2015-06-22,2015-08-10,65,0,65,complete,true
06,2015-06-22,2015-06-29,2015-08-17,55,0,55,complete,true
06,2015-06-29,2015-07-06,2015-08-24,50,0,50,complete,true
06,2015-07-06,2015-07-13,2015-08-31,50,0,50,complete,true
06,2015-07-13,2015-07-20,2015-09-07,39,0,39,complete,true
06,2015-07-20,2015-07-27,2015-09-14,29,0,29,complete,true
06,2015-07-27,2015-08-03,2015-09-21,25,0,25,complete,true
06,2015-08-03,2015-08-10,2015-09-28,22,0,22,complete,true
06,2015-08-10,2015-08-17,2015-10-05,18,0,18,complete,true
06,2015-08-17,2015-08-24,2015-10-12,19,0,19,complete,true
06,2015-08-24,2015-08-31,2015-10-19,19,0,19,complete,true
06,2015-08-31,2015-09-07,2015-10-26,14,0,14,complete,true
06,2015-09-07,2015-09-14,2015-11-02,13,0,13,complete,true
06,2015-09-14,2015-09-21,2015-11-09,12,0,12,complete,true
06,2015-09-21,2015-09-28,2015-11-16,9,0,9,complete,true
06,2015-09-28,2015-10-05,2015-11-23,10,0,10,complete,true
06,2015-10-05,2015-10-12,2015-11-30,8,0,8,complete,true
06,2015-10-12,2015-10-19,2015-12-07,5,0,5,complete,true
06,2015-10-19,2015-10-26,2015-12-14,4,0,4,complete,true
06,2015-10-26,2015-11-02,2015-12-21,4,0,4,complete,true
06,2015-11-02,2015-11-09,2015-12-28,3,0,3,complete,true
06,2015-11-09,2015-11-16,2016-01-04,5,0,5,complete,true
06,2015-11-16,2015-11-23,2016-01-11,5,0,5,complete,true
06,2015-11-23,2015-11-30,2016-01-18,3,0,3,complete,true
06,2015-11-30,2015-12-07,2016-01-25,3,0,3,complete,true
06,2015-12-07,2015-12-14,2016-02-01,2,0,2,complete,true
06,2015-12-14,2015-12-21,2016-02-08,2,0,2,complete,true
06,2015-12-21,2015-12-28,2016-02-15,4,0,4,complete,true
06,2015-12-28,2016-01-04,2016-02-22,5,0,5,complete,true
06,2016-01-04,2016-01-11,2016-02-29,4,0,4,complete,true
06,2016-01-11,2016-01-18,2016-03-07,7,0,7,complete,true
06,2016-01-18,2016-01-25,2016-03-14,8,0,8,complete,true
06,2016-01-25,2016-02-01,2016-03-21,9,0,9,complete,true
06,2016-02-01,2016-02-08,2016-03-28,9,0,9,complete,true
06,2016-02-08,2016-02-15,2016-04-04,11,0,11,complete,true
06,2016-02-15,2016-02-22,2016-04-11,10,0,10,complete,true
06,2016-02-22,2016-02-29,2016-04-18,12,0,12,complete,true
06,2016-02-29,2016-03-07,2016-04-25,13,0,13,complete,true
06,2016-03-07,2016-03-14,2016-05-02,15,0,15,complete,true
06,2016-03-14,2016-03-21,2016-05-09,18,0,18,complete,true
06,2016-03-21,2016-03-28,2016-05-16,18,0,18,complete,true
06,2016-03-28,2016-04-04,2016-05-23,23,0,23,complete,true
06,2016-04-04,2016-04-11,2016-05-30,25,0,25,complete,true
06,2016-04-11,2016-04-18,2016-06-06,32,0,32,complete,true
06,2016-04-18,2016-04-25,2016-06-13,38,0,38,complete,true
06,2016-04-25,2016-05-02,2016-06-20,47,1,48,complete,true
06,2016-05-02,2016-05-09,2016-06-27,45,1,46,complete,true
06,2016-05-09,2016-05-16,2016-07-04,42,1,43,complete,true
06,2016-05-16,2016-05-23,2016-07-11,50,1,51,complete,true
06,2016-05-23,2016-05-30,2016-07-18,52,1,53,complete,true
06,2016-05-30,2016-06-06,2016-07-25,49,1,50,complete,true
06,2016-06-06,2016-06-13,2016-08-01,44,1,45,complete,true
06,2016-06-13,2016-06-20,2016-08-08,38,1,39,complete,true
06,2016-06-20,2016-06-27,2016-08-15,29,0,29,complete,true
06,2016-06-27,2016-07-04,2016-08-22,28,0,28,complete,true
06,2016-07-04,2016-07-11,2016-08-29,28,0,28,complete,true
06,2016-07-11,2016-07-18,2016-09-05,19,0,19,complete,true
06,2016-07-18,2016-07-25,2016-09-12,17,0,17,complete,true
06,2016-07-25,2016-08-01,2016-09-19,17,0,17,complete,true
06,2016-08-01,2016-08-08,2016-09-26,14,0,14,complete,true
06,2016-08-08,2016-08-15,2016-10-03,12,0,12,complete,true
06,2016-08-15,2016-08-22,2016-10-10,11,0,11,complete,true
06,2016-08-22,2016-08-29,2016-10-17,10,0,10,complete,true
06,2016-08-29,2016-09-05,2016-10-24,9,0,9,complete,true
06,2016-09-05,2016-09-12,2016-10-31,10,0,10,complete,true
06,2016-09-12,2016-09-19,2016-11-07,6,0,6,complete,true
06,2016-09-19,2016-09-26,2016-11-14,5,0,5,complete,true
06,2016-09-26,2016-10-03,2016-11-21,6,0,6,complete,true
06,2016-10-03,2016-10-10,2016-11-28,6,0,6,complete,true
06,2016-10-10,2016-10-17,2016-12-05,5,0,5,complete,true
06,2016-10-17,2016-10-24,2016-12-12,4,0,4,complete,true
06,2016-10-24,2016-10-31,2016-12-19,4,0,4,complete,true
06,2016-10-31,2016-11-07,2016-12-26,3,0,3,complete,true
06,2016-11-07,2016-11-14,2017-01-02,3,0,3,complete,true
06,2016-11-14,2016-11-21,2017-01-09,3,0,3,complete,true
06,2016-11-21,2016-11-28,2017-01-16,2,0,2,complete,true
06,2016-11-28,2016-12-05,2017-01-23,1,0,1,complete,true
06,2016-12-05,2016-12-12,2017-01-30,2,0,2,complete,true
06,2016-12-12,2016-12-19,2017-02-06,2,0,2,complete,true
06,2016-12-19,2016-12-26,2017-02-13,2,0,2,complete,true
06,2016-12-26,2017-01-02,2017-02-20,2,0,2,complete,true
06,2017-01-02,2017-01-09,2017-02-27,1,0,1,complete,true
06,2017-01-09,2017-01-16,2017-03-06,1,0,1,complete,true
06,2017-01-16,2017-01-23,2017-03-13,1,0,1,complete,true
06,2017-01-23,2017-01-30,2017-03-20,2,0,2,complete,true
06,2017-01-30,2017-02-06,2017-03-27,1,0,1,complete,true
06,2017-02-06,2017-02-13,2017-04-03,2,0,2,complete,true
06,2017-02-13,2017-02-20,2017-04-10,5,0,5,complete,true
06,2017-02-20,2017-02-27,2017-04-17,6,0,6,complete,true
06,2017-02-27,2017-03-06,2017-04-24,8,0,8,complete,true
06,2017-03-06,2017-03-13,2017-05-01,9,0,9,complete,true
06,2017-03-13,2017-03-20,2017-05-08,12,0,12,complete,true
06,2017-03-20,2017-03-27,2017-05-15,18,0,18,complete,true
06,2017-03-27,2017-04-03,2017-05-22,27,0,27,complete,true
06,2017-04-03,2017-04-10,2017-05-29,31,0,31,complete,true
06,2017-04-10,2017-04-17,2017-06-05,39,0,39,complete,true
06,2017-04-17,2017-04-24,2017-06-12,41,0,41,complete,true
06,2017-04-24,2017-05-01,2017-06-19,46,0,46,complete,true
06,2017-05-01,2017-05-08,2017-06-26,49,0,49,complete,true
06,2017-05-08,2017-05-15,2017-07-03,50,0,50,complete,true
06,2017-05-15,2017-05-22,2017-07-10,47,1,48,complete,true
06,2017-05-22,2017-05-29,2017-07-17,45,1,46,complete,true
06,2017-05-29,2017-06-05,2017-07-24,41,1,42,complete,true
06,2017-06-05,2017-06-12,2017-07-31,31,1,32,complete,true
06,2017-06-12,2017-06-19,2017-08-07,32,1,33,complete,true
06,2017-06-19,2017-06-26,2017-08-14,26,1,27,complete,true
06,2017-06-26,2017-07-03,2017-08-21,22,1,23,complete,true
06,2017-07-03,2017-07-10,2017-08-28,18,2,20,complete,true
06,2017-07-10,2017-07-17,2017-09-04,15,1,16,complete,true
06,2017-07-17,2017-07-24,2017-09-11,8,1,9,complete,true
06,2017-07-24,2017-07-31,2017-09-18,7,1,8,complete,true
06,2017-07-31,2017-08-07,2017-09-25,9,1,10,complete,true
06,2017-08-07,2017-08-14,2017-10-02,5,1,6,complete,true
06,2017-08-14,2017-08-21,2017-10-09,5,1,6,complete,true
06,2017-08-21,2017-08-28,2017-10-16,8,1,9,complete,true
06,2017-08-28,2017-09-04,2017-10-23,10,0,10,complete,true
06,2017-09-04,2017-09-11,2017-10-30,10,0,10,complete,true
06,2017-09-11,2017-09-18,2017-11-06,10,0,10,complete,true
06,2017-09-18,2017-09-25,2017-11-13,12,0,12,complete,true
06,2017-09-25,2017-10-02,2017-11-20,10,0,10,complete,true
06,2017-10-02,2017-10-09,2017-11-27,10,0,10,complete,true
06,2017-10-09,2017-10-16,2017-12-04,10,0,10,complete,true
06,2017-10-16,2017-10-23,2017-12-11,7,0,7,complete,true
06,2017-10-23,2017-10-30,2017-12-18,5,0,5,complete,true
06,2017-10-30,2017-11-06,2017-12-25,4,0,4,complete,true
06,2017-11-06,2017-11-13,2018-01-01,6,0,6,complete,true
06,2017-11-13,2017-11-20,2018-01-08,4,0,4,complete,true
06,2017-11-20,2017-11-27,2018-01-15,4,0,4,complete,true
06,2017-11-27,2017-12-04,2018-01-22,6,0,6,complete,true
06,2017-12-04,2017-12-11,2018-01-29,5,0,5,complete,true
06,2017-12-11,2017-12-18,2018-02-05,6,0,6,complete,true
06,2017-12-18,2017-12-25,2018-02-12,6,0,6,complete,true
06,2017-12-25,2018-01-01,2018-02-19,6,0,6,complete,true
06,2018-01-01,2018-01-08,2018-02-26,4,0,4,complete,true
06,2018-01-08,2018-01-15,2018-03-05,5,0,5,complete,true
06,2018-01-15,2018-01-22,2018-03-12,5,0,5,complete,true
06,2018-01-22,2018-01-29,2018-03-19,3,0,3,complete,true
06,2018-01-29,2018-02-05,2018-03-26,3,0,3,complete,true
06,2018-02-05,2018-02-12,2018-04-02,2,0,2,complete,true
06,2018-02-12,2018-02-19,2018-04-09,4,0,4,complete,true
06,2018-02-19,2018-02-26,2018-04-16,4,0,4,complete,true
06,2018-02-26,2018-03-05,2018-04-23,5,0,5,complete,true
06,2018-03-05,2018-03-12,2018-04-30,7,0,7,complete,true
06,2018-03-12,2018-03-19,2018-05-07,11,0,11,complete,true
06,2018-03-19,2018-03-26,2018-05-14,16,0,16,complete,true
06,2018-03-26,2018-04-02,2018-05-21,24,0,24,complete,true
06,2018-04-02,2018-04-09,2018-05-28,32,0,32,complete,true
06,2018-04-09,2018-04-16,2018-06-04,47,0,47,complete,true
06,2018-04-16,2018-04-23,2018-06-11,65,0,65,complete,true
06,2018-04-23,2018-04-30,2018-06-18,76,0,76,complete,true
06,2018-04-30,2018-05-07,2018-06-25,81,0,81,complete,true
06,2018-05-07,2018-05-14,2018-07-02,82,0,82,complete,true
06,2018-05-14,2018-05-21,2018-07-09,85,0,85,complete,true
06,2018-05-21,2018-05-28,2018-07-16,91,0,91,complete,true
06,2018-05-28,2018-06-04,2018-07-23,84,0,84,complete,true
06,2018-06-04,2018-06-11,2018-07-30,72,0,72,complete,true
06,2018-06-11,2018-06-18,2018-08-06,61,0,61,complete,true
06,2018-06-18,2018-06-25,2018-08-13,59,0,59,complete,true
06,2018-06-25,2018-07-02,2018-08-20,53,0,53,complete,true
06,2018-07-02,2018-07-09,2018-08-27,47,0,47,complete,true
06,2018-07-09,2018-07-16,2018-09-03,43,0,43,complete,true
06,2018-07-16,2018-07-23,2018-09-10,30,0,30,complete,true
06,2018-07-23,2018-07-30,2018-09-17,30,0,30,complete,true
06,2018-07-30,2018-08-06,2018-09-24,25,0,25,complete,true
06,2018-08-06,2018-08-13,2018-10-01,22,0,22,complete,true
06,2018-08-13,2018-08-20,2018-10-08,16,0,16,complete,true
06,2018-08-20,2018-08-27,2018-10-15,14,0,14,complete,true
06,2018-08-27,2018-09-03,2018-10-22,15,0,15,complete,true
06,2018-09-03,2018-09-10,2018-10-29,11,0,11,complete,true
06,2018-09-10,2018-09-17,2018-11-05,11,0,11,complete,true
06,2018-09-17,2018-09-24,2018-11-12,11,0,11,complete,true
06,2018-09-24,2018-10-01,2018-11-19,11,0,11,complete,true
06,2018-10-01,2018-10-08,2018-11-26,8,0,8,complete,true
06,2018-10-08,2018-10-15,2018-12-03,4,0,4,complete,true
06,2018-10-15,2018-10-22,2018-12-10,6,0,6,complete,true
06,2018-10-22,2018-10-29,2018-12-17,5,0,5,complete,true
06,2018-10-29,2018-11-05,2018-12-24,5,0,5,complete,true
06,2018-11-05,2018-11-12,2018-12-31,4,0,4,complete,true
06,2018-11-12,2018-11-19,2019-01-07,4,0,4,complete,true
06,2018-11-19,2018-11-26,2019-01-14,4,0,4,complete,true
06,2018-11-26,2018-12-03,2019-01-21,4,0,4,complete,true
06,2018-12-03,2018-12-10,2019-01-28,4,0,4,complete,true
06,2018-12-10,2018-12-17,2019-02-04,2,0,2,complete,true
06,2018-12-17,2018-12-24,2019-02-11,2,0,2,complete,true
06,2018-12-24,2018-12-31,2019-02-18,2,0,2,complete,true
06,2018-12-31,2019-01-07,2019-02-25,2,0,2,complete,true
06,2019-01-07,2019-01-14,2019-03-04,2,0,2,complete,true
06,2019-01-14,2019-01-21,2019-03-11,3,0,3,complete,true
06,2019-01-21,2019-01-28,2019-03-18,2,0,2,complete,true
06,2019-01-28,2019-02-04,2019-03-25,2,0,2,complete,true
06,2019-02-04,2019-02-11,2019-04-01,4,0,4,complete,true
06,2019-02-11,2019-02-18,2019-04-08,7,0,7,complete,true
06,2019-02-18,2019-02-25,2019-04-15,8,0,8,complete,true
06,2019-02-25,2019-03-04,2019-04-22,8,0,8,complete,true
06,2019-03-04,2019-03-11,2019-04-29,10,0,10,complete,true
06,2019-03-11,2019-03-18,2019-05-06,14,0,14,complete,true
06,2019-03-18,2019-03-25,2019-05-13,18,0,18,complete,true
06,2019-03-25,2019-04-01,2019-05-20,21,0,21,complete,true
06,2019-04-01,2019-04-08,2019-05-27,20,0,20,complete,true
06,2019-04-08,2019-04-15,2019-06-03,19,0,19,complete,true
06,2019-04-15,2019-04-22,2019-06-10,21,0,21,complete,true
06,2019-04-22,2019-04-29,2019-06-17,24,0,24,complete,true
06,2019-04-29,2019-05-06,2019-06-24,24,1,25,complete,true
06,2019-05-06,2019-05-13,2019-07-01,22,1,23,complete,true
06,2019-05-13,2019-05-20,2019-07-08,20,1,21,complete,true
06,2019-05-20,2019-05-27,2019-07-15,20,1,21,complete,true
06,2019-05-27,2019-06-03,2019-07-22,21,1,22,complete,true
06,2019-06-03,2019-06-10,2019-07-29,21,1,22,complete,true
06,2019-06-10,2019-06-17,2019-08-05,23,1,24,complete,true
06,2019-06-17,2019-06-24,2019-08-12,23,1,24,complete,true
06,2019-06-24,2019-07-01,2019-08-19,23,0,23,complete,true
06,2019-07-01,2019-07-08,2019-08-26,23,0,23,complete,true
06,2019-07-08,2019-07-15,2019-09-02,22,0,22,complete,true
06,2019-07-15,2019-07-22,2019-09-09,19,0,19,complete,true
06,2019-07-22,2019-07-29,2019-09-16,18,0,18,complete,true
06,2019-07-29,2019-08-05,2019-09-23,18,0,18,complete,true
06,2019-08-05,2019-08-12,2019-09-30,14,0,14,complete,true
06,2019-08-12,2019-08-19,2019-10-07,13,0,13,complete,true
06,2019-08-19,2019-08-26,2019-10-14,10,0,10,complete,true
06,2019-08-26,2019-09-02,2019-10-21,8,0,8,complete,true
06,2019-09-02,2019-09-09,2019-10-28,8,0,8,complete,true
06,2019-09-09,2019-09-16,2019-11-04,11,0,11,complete,true
06,2019-09-16,2019-09-23,2019-11-11,13,0,13,complete,true
06,2019-09-23,2019-09-30,2019-11-18,11,0,11,complete,true
06,2019-09-30,2019-10-07,2019-11-25,10,0,10,complete,true
06,2019-10-07,2019-10-14,2019-12-02,8,0,8,complete,true
06,2019-10-14,2019-10-21,2019-12-09,10,0,10,complete,true
06,2019-10-21,2019-10-28,2019-12-16,9,0,9,complete,true
06,2019-10-28,2019-11-04,2019-12-23,8,0,8,complete,true
06,2019-11-04,2019-11-11,2019-12-30,5,0,5,complete,true
06,2019-11-11,2019-11-18,2020-01-06,2,0,2,complete,true
06,2019-11-18,2019-11-25,2020-01-13,2,0,2,complete,true
06,2019-11-25,2019-12-02,2020-01-20,3,0,3,complete,true
06,2019-12-02,2019-12-09,2020-01-27,3,0,3,complete,true
06,2019-12-09,2019-12-16,2020-02-03,1,0,1,complete,true
06,2019-12-16,2019-12-23,2020-02-10,1,0,1,complete,true
06,2019-12-23,2019-12-30,2020-02-17,1,0,1,complete,true
06,2019-12-30,2020-01-06,2020-02-24,1,0,1,complete,true
06,2020-01-06,2020-01-13,2020-03-02,2,0,2,complete,true
06,2020-01-13,2020-01-20,2020-03-09,3,0,3,complete,true
06,2020-01-20,2020-01-27,2020-03-16,2,0,2,complete,true
06,2020-01-27,2020-02-03,2020-03-23,2,0,2,complete,true
06,2020-02-03,2020-02-10,2020-03-30,3,0,3,complete,true
06,2020-02-10,2020-02-17,2020-04-06,3,0,3,complete,true
06,2020-02-17,2020-02-24,2020-04-13,7,0,7,complete,true
06,2020-02-24,2020-03-02,2020-04-20,9,0,9,complete,true
06,2020-03-02,2020-03-09,2020-04-27,10,0,10,complete,true
06,2020-03-09,2020-03-16,2020-05-04,14,0,14,complete,true
06,2020-03-16,2020-03-23,2020-05-11,17,0,17,complete,true
06,2020-03-23,2020-03-30,2020-05-18,20,0,20,complete,true
06,2020-03-30,2020-04-06,2020-05-25,25,0,25,complete,true
06,2020-04-06,2020-04-13,2020-06-01,31,0,31,complete,true
06,2020-04-13,2020-04-20,2020-06-08,36,0,36,complete,true
06,2020-04-20,2020-04-27,2020-06-15,40,0,40,complete,true
06,2020-04-27,2020-05-04,2020-06-22,44,0,44,complete,true
06,2020-05-04,2020-05-11,2020-06-29,45,0,45,complete,true
06,2020-05-11,2020-05-18,2020-07-06,46,0,46,complete,true
06,2020-05-18,2020-05-25,2020-07-13,48,0,48,complete,true
06,2020-05-25,2020-06-01,2020-07-20,51,0,51,complete,true
06,2020-06-01,2020-06-08,2020-07-27,52,0,52,complete,true
06,2020-06-08,2020-06-15,2020-08-03,45,0,45,complete,true
06,2020-06-15,2020-06-22,2020-08-10,45,0,45,complete,true
06,2020-06-22,2020-06-29,2020-08-17,42,0,42,complete,true
06,2020-06-29,2020-07-06,2020-08-24,37,0,37,complete,true
06,2020-07-06,2020-07-13,2020-08-31,34,0,34,complete,true
06,2020-07-13,2020-07-20,2020-09-07,30,0,30,complete,true
06,2020-07-20,2020-07-27,2020-09-14,22,0,22,complete,true
06,2020-07-27,2020-08-03,2020-09-21,15,0,15,complete,true
06,2020-08-03,2020-08-10,2020-09-28,15,0,15,complete,true
06,2020-08-10,2020-08-17,2020-10-05,9,0,9,complete,true
06,2020-08-17,2020-08-24,2020-10-12,8,0,8,complete,true
06,2020-08-24,2020-08-31,2020-10-19,9,0,9,complete,true
06,2020-08-31,2020-09-07,2020-10-26,9,0,9,complete,true
06,2020-09-07,2020-09-14,2020-11-02,8,0,8,complete,true
06,2020-09-14,2020-09-21,2020-11-09,8,0,8,complete,true
06,2020-09-21,2020-09-28,2020-11-16,8,0,8,complete,true
06,2020-09-28,2020-10-05,2020-11-23,6,0,6,complete,true
06,2020-10-05,2020-10-12,2020-11-30,7,0,7,complete,true
06,2020-10-12,2020-10-19,2020-12-07,5,0,5,complete,true
06,2020-10-19,2020-10-26,2020-12-14,3,0,3,complete,true
06,2020-10-26,2020-11-02,2020-12-21,2,0,2,complete,true
06,2020-11-02,2020-11-09,2020-12-28,2,0,2,complete,true
06,2020-11-09,2020-11-16,2021-01-04,2,0,2,complete,true
06,2020-11-16,2020-11-23,2021-01-11,3,0,3,complete,true
06,2020-11-23,2020-11-30,2021-01-18,3,0,3,complete,true
06,2020-11-30,2020-12-07,2021-01-25,2,0,2,complete,true
06,2020-12-07,2020-12-14,2021-02-01,2,0,2,complete,true
06,2020-12-14,2020-12-21,2021-02-08,2,0,2,complete,true
06,2020-12-21,2020-12-28,2021-02-15,2,0,2,complete,true
06,2020-12-28,2021-01-04,2021-02-22,3,0,3,complete,true
06,2021-01-04,2021-01-11,2021-03-01,2,0,2,complete,true
06,2021-01-11,2021-01-18,2021-03-08,1,0,1,complete,true
06,2021-01-18,2021-01-25,2021-03-15,2,0,2,complete,true
06,2021-01-25,2021-02-01,2021-03-22,3,0,3,complete,true
06,2021-02-01,2021-02-08,2021-03-29,4,0,4,complete,true
06,2021-02-08,2021-02-15,2021-04-05,4,0,4,complete,true
06,2021-02-15,2021-02-22,2021-04-12,5,0,5,complete,true
06,2021-02-22,2021-03-01,2021-04-19,4,0,4,complete,true
06,2021-03-01,2021-03-08,2021-04-26,4,0,4,complete,true
06,2021-03-08,2021-03-15,2021-05-03,4,0,4,complete,true
06,2021-03-15,2021-03-22,2021-05-10,5,0,5,complete,true
06,2021-03-22,2021-03-29,2021-05-17,7,0,7,complete,true
06,2021-03-29,2021-04-05,2021-05-24,8,0,8,complete,true
06,2021-04-05,2021-04-12,2021-05-31,12,0,12,complete,true
06,2021-04-12,2021-04-19,2021-06-07,14,0,14,complete,true
06,2021-04-19,2021-04-26,2021-06-14,19,0,19,complete,true
06,2021-04-26,2021-05-03,2021-06-21,20,0,20,complete,true
06,2021-05-03,2021-05-10,2021-06-28,21,0,21,complete,true
06,2021-05-10,2021-05-17,2021-07-05,20,0,20,complete,true
06,2021-05-17,2021-05-24,2021-07-12,18,1,19,complete,true
06,2021-05-24,2021-05-31,2021-07-19,18,1,19,complete,true
06,2021-05-31,2021-06-07,2021-07-26,15,1,16,complete,true
06,2021-06-07,2021-06-14,2021-08-02,13,1,14,complete,true
06,2021-06-14,2021-06-21,2021-08-09,11,1,12,complete,true
06,2021-06-21,2021-06-28,2021-08-16,10,1,11,complete,true
06,2021-06-28,2021-07-05,2021-08-23,9,1,10,complete,true
06,2021-07-05,2021-07-12,2021-08-30,8,1,9,complete,true
06,2021-07-12,2021-07-19,2021-09-06,10,0,10,complete,true
06,2021-07-19,2021-07-26,2021-09-13,8,0,8,complete,true
06,2021-07-26,2021-08-02,2021-09-20,7,0,7,complete,true
06,2021-08-02,2021-08-09,2021-09-27,6,0,6,complete,true
06,2021-08-09,2021-08-16,2021-10-04,5,0,5,complete,true
06,2021-08-16,2021-08-23,2021-10-11,7,0,7,complete,true
06,2021-08-23,2021-08-30,2021-10-18,7,0,7,complete,true
06,2021-08-30,2021-09-06,2021-10-25,8,0,8,complete,true
06,2021-09-06,2021-09-13,2021-11-01,5,0,5,complete,true
06,2021-09-13,2021-09-20,2021-11-08,5,0,5,complete,true
06,2021-09-20,2021-09-27,2021-11-15,5,0,5,complete,true
06,2021-09-27,2021-10-04,2021-11-22,5,0,5,complete,true
06,2021-10-04,2021-10-11,2021-11-29,4,0,4,complete,true
06,2021-10-11,2021-10-18,2021-12-06,3,0,3,complete,true
06,2021-10-18,2021-10-25,2021-12-13,3,0,3,complete,true
06,2021-10-25,2021-11-01,2021-12-20,5,0,5,complete,true
06,2021-11-01,2021-11-08,2021-12-27,5,0,5,complete,true
06,2021-11-08,2021-11-15,2022-01-03,6,0,6,complete,true
06,2021-11-15,2021-11-22,2022-01-10,6,0,6,complete,true
06,2021-11-22,2021-11-29,2022-01-17,6,0,6,complete,true
06,2021-11-29,2021-12-06,2022-01-24,5,0,5,complete,true
06,2021-12-06,2021-12-13,2022-01-31,4,0,4,complete,true
06,2021-12-13,2021-12-20,2022-02-07,5,0,5,complete,true
06,2021-12-20,2021-12-27,2022-02-14,2,0,2,complete,true
06,2021-12-27,2022-01-03,2022-02-21,2,0,2,complete,true
06,2022-01-03,2022-01-10,2022-02-28,1,0,1,complete,true
06,2022-01-10,2022-01-17,2022-03-07,1,0,1,complete,true
06,2022-01-17,2022-01-24,2022-03-14,1,0,1,complete,true
06,2022-01-24,2022-01-31,2022-03-21,1,0,1,complete,true
06,2022-01-31,2022-02-07,2022-03-28,2,0,2,complete,true
06,2022-02-07,2022-02-14,2022-04-04,1,0,1,complete,true
06,2022-02-14,2022-02-21,2022-04-11,2,0,2,complete,true
06,2022-02-21,2022-02-28,2022-04-18,3,0,3,complete,true
06,2022-02-28,2022-03-07,2022-04-25,4,0,4,complete,true
06,2022-03-07,2022-03-14,2022-05-02,5,0,5,complete,true
06,2022-03-14,2022-03-21,2022-05-09,9,0,9,complete,true
06,2022-03-21,2022-03-28,2022-05-16,12,0,12,complete,true
06,2022-03-28,2022-04-04,2022-05-23,15,0,15,complete,true
06,2022-04-04,2022-04-11,2022-05-30,19,0,19,complete,true
06,2022-04-11,2022-04-18,2022-06-06,21,0,21,complete,true
06,2022-04-18,2022-04-25,2022-06-13,23,0,23,complete,true
06,2022-04-25,2022-05-02,2022-06-20,23,0,23,complete,true
06,2022-05-02,2022-05-09,2022-06-27,27,0,27,complete,true
06,2022-05-09,2022-05-16,2022-07-04,24,0,24,complete,true
06,2022-05-16,2022-05-23,2022-07-11,24,0,24,complete,true
06,2022-05-23,2022-05-30,2022-07-18,24,0,24,complete,true
06,2022-05-30,2022-06-06,2022-07-25,22,0,22,complete,true
06,2022-06-06,2022-06-13,2022-08-01,19,0,19,complete,true
06,2022-06-13,2022-06-20,2022-08-08,18,0,18,complete,true
06,2022-06-20,2022-06-27,2022-08-15,19,0,19,complete,true
06,2022-06-27,2022-07-04,2022-08-22,14,0,14,complete,true
06,2022-07-04,2022-07-11,2022-08-29,14,0,14,complete,true
06,2022-07-11,2022-07-18,2022-09-05,11,0,11,complete,true
06,2022-07-18,2022-07-25,2022-09-12,7,0,7,complete,true
06,2022-07-25,2022-08-01,2022-09-19,6,0,6,complete,true
06,2022-08-01,2022-08-08,2022-09-26,7,0,7,complete,true
06,2022-08-08,2022-08-15,2022-10-03,5,0,5,complete,true
06,2022-08-15,2022-08-22,2022-10-10,4,0,4,complete,true
06,2022-08-22,2022-08-29,2022-10-17,4,0,4,complete,true
06,2022-08-29,2022-09-05,2022-10-24,3,0,3,complete,true
06,2022-09-05,2022-09-12,2022-10-31,4,0,4,complete,true
06,2022-09-12,2022-09-19,2022-11-07,5,0,5,complete,true
06,2022-09-19,2022-09-26,2022-11-14,5,0,5,complete,true
06,2022-09-26,2022-10-03,2022-11-21,4,0,4,complete,true
06,2022-10-03,2022-10-10,2022-11-28,5,0,5,complete,true
06,2022-10-10,2022-10-17,2022-12-05,6,0,6,complete,true
06,2022-10-17,2022-10-24,2022-12-12,7,0,7,complete,true
06,2022-10-24,2022-10-31,2022-12-19,7,0,7,complete,true
06,2022-10-31,2022-11-07,2022-12-26,6,0,6,complete,true
06,2022-11-07,2022-11-14,2023-01-02,5,0,5,complete,true
06,2022-11-14,2022-11-21,2023-01-09,5,0,5,complete,true
06,2022-11-21,2022-11-28,2023-01-16,5,0,5,complete,true
06,2022-11-28,2022-12-05,2023-01-23,4,0,4,complete,true
06,2022-12-05,2022-12-12,2023-01-30,2,0,2,complete,true
06,2022-12-12,2022-12-19,2023-02-06,1,0,1,complete,true
06,2022-12-19,2022-12-26,2023-02-13,1,0,1,complete,true
06,2022-12-26,2023-01-02,2023-02-20,1,0,1,complete,true
06,2023-01-02,2023-01-09,2023-02-27,1,0,1,complete,true
06,2023-01-09,2023-01-16,2023-03-06,0,0,0,complete,true
06,2023-01-16,2023-01-23,2023-03-13,0,0,0,complete,true
06,2023-01-23,2023-01-30,2023-03-20,0,0,0,complete,true
06,2023-01-30,2023-02-06,2023-03-27,0,0,0,complete,true
06,2023-02-06,2023-02-13,2023-04-03,0,0,0,complete,true
06,2023-02-13,2023-02-20,2023-04-10,1,0,1,complete,true
06,2023-02-20,2023-02-27,2023-04-17,1,0,1,complete,true
06,2023-02-27,2023-03-06,2023-04-24,1,0,1,complete,true
06,2023-03-06,2023-03-13,2023-05-01,3,0,3,complete,true
06,2023-03-13,2023-03-20,2023-05-08,3,0,3,complete,true
06,2023-03-20,2023-03-27,2023-05-15,3,0,3,complete,true
06,2023-03-27,2023-04-03,2023-05-22,4,0,4,complete,true
06,2023-04-03,2023-04-10,2023-05-29,5,0,5,complete,true
06,2023-04-10,2023-04-17,2023-06-05,8,0,8,complete,true
06,2023-04-17,2023-04-24,2023-06-12,10,0,10,complete,true
06,2023-04-24,2023-05-01,2023-06-19,15,0,15,complete,true
06,2023-05-01,2023-05-08,2023-06-26,15,0,15,complete,true
06,2023-05-08,2023-05-15,2023-07-03,17,0,17,complete,true
06,2023-05-15,2023-05-22,2023-07-10,19,0,19,complete,true
06,2023-05-22,2023-05-29,2023-07-17,20,0,20,complete,true
06,2023-05-29,2023-06-05,2023-07-24,21,0,21,complete,true
06,2023-06-05,2023-06-12,2023-07-31,20,0,20,complete,true
06,2023-06-12,2023-06-19,2023-08-07,19,0,19,complete,true
06,2023-06-19,2023-06-26,2023-08-14,14,0,14,complete,true
06,2023-06-26,2023-07-03,2023-08-21,12,0,12,complete,true
06,2023-07-03,2023-07-10,2023-08-28,11,0,11,complete,true
06,2023-07-10,2023-07-17,2023-09-04,9,0,9,complete,true
06,2023-07-17,2023-07-24,2023-09-11,8,0,8,complete,true
06,2023-07-24,2023-07-31,2023-09-18,6,0,6,complete,true
06,2023-07-31,2023-08-07,2023-09-25,3,0,3,complete,true
06,2023-08-07,2023-08-14,2023-10-02,2,0,2,complete,true
06,2023-08-14,2023-08-21,2023-10-09,2,0,2,complete,true
06,2023-08-21,2023-08-28,2023-10-16,2,0,2,complete,true
06,2023-08-28,2023-09-04,2023-10-23,1,0,1,complete,true
06,2023-09-04,2023-09-11,2023-10-30,2,0,2,complete,true
06,2023-09-11,2023-09-18,2023-11-06,1,0,1,complete,true
06,2023-09-18,2023-09-25,2023-11-13,2,0,2,complete,true
06,2023-09-25,2023-10-02,2023-11-20,2,0,2,complete,true
06,2023-10-02,2023-10-09,2023-11-27,4,0,4,complete,true
06,2023-10-09,2023-10-16,2023-12-04,5,0,5,complete,true
06,2023-10-16,2023-10-23,2023-12-11,5,0,5,complete,true
06,2023-10-23,2023-10-30,2023-12-18,5,0,5,complete,true
06,2023-10-30,2023-11-06,2023-12-25,4,0,4,complete,true
06,2023-11-06,2023-11-13,2024-01-01,4,0,4,complete,true
06,2023-11-13,2023-11-20,2024-01-08,3,0,3,complete,true
06,2023-11-20,2023-11-27,2024-01-15,3,0,3,complete,true
06,2023-11-27,2023-12-04,2024-01-22,1,0,1,complete,true
06,2023-12-04,2023-12-11,2024-01-29,0,0,0,complete,true
06,2023-12-11,2023-12-18,2024-02-05,0,0,0,complete,true
06,2023-12-18,2023-12-25,2024-02-12,0,0,0,complete,true
06,2023-12-25,2024-01-01,2024-02-19,0,0,0,complete,true
06,2024-01-01,2024-01-08,2024-02-26,0,0,0,complete,true
06,2024-01-08,2024-01-15,2024-03-04,0,0,0,complete,true
06,2024-01-15,2024-01-22,2024-03-11,0,0,0,complete,true
06,2024-01-22,2024-01-29,2024-03-18,0,0,0,complete,true
06,2024-01-29,2024-02-05,2024-03-25,2,0,2,complete,true
06,2024-02-05,2024-02-12,2024-04-01,2,0,2,complete,true
06,2024-02-12,2024-02-19,2024-04-08,4,0,4,complete,true
06,2024-02-19,2024-02-26,2024-04-15,4,0,4,complete,true
06,2024-02-26,2024-03-04,2024-04-22,5,0,5,complete,true
06,2024-03-04,2024-03-11,2024-04-29,8,0,8,complete,true
06,2024-03-11,2024-03-18,2024-05-06,13,0,13,complete,true
06,2024-03-18,2024-03-25,2024-05-13,15,0,15,complete,true
06,2024-03-25,2024-04-01,2024-05-20,13,0,13,complete,true
06,2024-04-01,2024-04-08,2024-05-27,19,0,19,complete,true
06,2024-04-08,2024-04-15,2024-06-03,18,0,18,complete,true
06,2024-04-15,2024-04-22,2024-06-10,25,0,25,complete,true
06,2024-04-22,2024-04-29,2024-06-17,29,0,29,complete,true
06,2024-04-29,2024-05-06,2024-06-24,28,0,28,complete,true
06,2024-05-06,2024-05-13,2024-07-01,27,0,27,complete,true
06,2024-05-13,2024-05-20,2024-07-08,27,0,27,complete,true
06,2024-05-20,2024-05-27,2024-07-15,29,0,29,complete,true
06,2024-05-27,2024-06-03,2024-07-22,26,0,26,complete,true
06,2024-06-03,2024-06-10,2024-07-29,26,0,26,complete,true
06,2024-06-10,2024-06-17,2024-08-05,21,0,21,complete,true
06,2024-06-17,2024-06-24,2024-08-12,17,0,17,complete,true
06,2024-06-24,2024-07-01,2024-08-19,16,0,16,complete,true
06,2024-07-01,2024-07-08,2024-08-26,12,0,12,complete,true
06,2024-07-08,2024-07-15,2024-09-02,10,0,10,complete,true
06,2024-07-15,2024-07-22,2024-09-09,9,0,9,complete,true
06,2024-07-22,2024-07-29,2024-09-16,6,0,6,complete,true
06,2024-07-29,2024-08-05,2024-09-23,5,0,5,complete,true
06,2024-08-05,2024-08-12,2024-09-30,4,1,5,complete,true
06,2024-08-12,2024-08-19,2024-10-07,3,1,4,complete,true
06,2024-08-19,2024-08-26,2024-10-14,3,1,4,complete,true
06,2024-08-26,2024-09-02,2024-10-21,4,1,5,complete,true
06,2024-09-02,2024-09-09,2024-10-28,6,1,7,complete,true
06,2024-09-09,2024-09-16,2024-11-04,5,1,6,complete,true
06,2024-09-16,2024-09-23,2024-11-11,8,1,9,complete,true
06,2024-09-23,2024-09-30,2024-11-18,8,1,9,complete,true
06,2024-09-30,2024-10-07,2024-11-25,7,0,7,complete,true
06,2024-10-07,2024-10-14,2024-12-02,7,0,7,complete,true
06,2024-10-14,2024-10-21,2024-12-09,7,0,7,complete,true
06,2024-10-21,2024-10-28,2024-12-16,7,0,7,complete,true
06,2024-10-28,2024-11-04,2024-12-23,5,0,5,complete,true
06,2024-11-04,2024-11-11,2024-12-30,5,0,5,complete,true
06,2024-11-11,2024-11-18,2025-01-06,3,0,3,complete,true
06,2024-11-18,2024-11-25,2025-01-13,3,0,3,complete,true
06,2024-11-25,2024-12-02,2025-01-20,3,0,3,complete,true
06,2024-12-02,2024-12-09,2025-01-27,3,0,3,complete,true
06,2024-12-09,2024-12-16,2025-02-03,2,0,2,complete,true
06,2024-12-16,2024-12-23,2025-02-10,1,0,1,complete,true
06,2024-12-23,2024-12-30,2025-02-17,2,0,2,complete,true
06,2024-12-30,2025-01-06,2025-02-24,2,0,2,complete,true
06,2025-01-06,2025-01-13,2025-03-03,1,0,1,complete,true
06,2025-01-13,2025-01-20,2025-03-10,1,0,1,complete,true
06,2025-01-20,2025-01-27,2025-03-17,1,0,1,complete,true
06,2025-01-27,2025-02-03,2025-03-24,1,0,1,complete,true
06,2025-02-03,2025-02-10,2025-03-31,1,0,1,complete,true
06,2025-02-10,2025-02-17,2025-04-07,1,1,2,complete,true
06,2025-02-17,2025-02-24,2025-04-14,1,1,2,complete,true
06,2025-02-24,2025-03-03,2025-04-21,4,1,5,complete,true
06,2025-03-03,2025-03-10,2025-04-28,5,1,6,complete,true
06,2025-03-10,2025-03-17,2025-05-05,7,1,8,complete,true
06,2025-03-17,2025-03-24,2025-05-12,10,1,11,complete,true
06,2025-03-24,2025-03-31,2025-05-19,13,1,14,complete,true
06,2025-03-31,2025-04-07,2025-05-26,14,1,15,complete,true
06,2025-04-07,2025-04-14,2025-06-02,21,0,21,complete,true
06,2025-04-14,2025-04-21,2025-06-09,22,0,22,complete,true
06,2025-04-21,2025-04-28,2025-06-16,23,0,23,complete,true
06,2025-04-28,2025-05-05,2025-06-23,26,0,26,complete,true
06,2025-05-05,2025-05-12,2025-06-30,35,0,35,complete,true
06,2025-05-12,2025-05-19,2025-07-07,43,0,43,complete,true
06,2025-05-19,2025-05-26,2025-07-14,45,0,45,complete,true
06,2025-05-26,2025-06-02,2025-07-21,46,0,46,complete,true
06,2025-06-02,2025-06-09,2025-07-28,44,0,44,complete,true
06,2025-06-09,2025-06-16,2025-08-04,47,0,47,complete,true
06,2025-06-16,2025-06-23,2025-08-11,46,0,46,complete,true
06,2025-06-23,2025-06-30,2025-08-18,42,0,42,complete,true
06,2025-06-30,2025-07-07,2025-08-25,32,0,32,complete,true
06,2025-07-07,2025-07-14,2025-09-01,25,0,25,complete,true
06,2025-07-14,2025-07-21,2025-09-08,20,0,20,complete,true
06,2025-07-21,2025-07-28,2025-09-15,23,0,23,complete,true
06,2025-07-28,2025-08-04,2025-09-22,20,0,20,complete,true
06,2025-08-04,2025-08-11,2025-09-29,17,0,17,complete,true
06,2025-08-11,2025-08-18,2025-10-06,17,0,17,complete,true
06,2025-08-18,2025-08-25,2025-10-13,20,0,20,complete,true
06,2025-08-25,2025-09-01,2025-10-20,22,0,22,complete,true
06,2025-09-01,2025-09-08,2025-10-27,24,0,24,complete,true
06,2025-09-08,2025-09-15,2025-11-03,26,0,26,complete,true
06,2025-09-15,2025-09-22,2025-11-10,27,0,27,complete,true
06,2025-09-22,2025-09-29,2025-11-17,28,0,28,complete,true
06,2025-09-29,2025-10-06,2025-11-24,26,0,26,complete,true
06,2025-10-06,2025-10-13,2025-12-01,26,0,26,complete,true
06,2025-10-13,2025-10-20,2025-12-08,23,0,23,complete,true
06,2025-10-20,2025-10-27,2025-12-15,21,0,21,complete,true
06,2025-10-27,2025-11-03,2025-12-22,16,0,16,complete,true
06,2025-11-03,2025-11-10,2025-12-29,,,,incomplete_future_window,false
06,2025-11-10,2025-11-17,2026-01-05,,,,incomplete_future_window,false
06,2025-11-17,2025-11-24,2026-01-12,,,,incomplete_future_window,false
06,2025-11-24,2025-12-01,2026-01-19,,,,incomplete_future_window,false
06,2025-12-01,2025-12-08,2026-01-26,,,,incomplete_future_window,false
06,2025-12-08,2025-12-15,2026-02-02,,,,incomplete_future_window,false
06,2025-12-15,2025-12-22,2026-02-09,,,,incomplete_future_window,false
06,2025-12-22,2025-12-29,2026-02-16,,,,incomplete_future_window,false
07,2014-12-29,2015-01-05,2015-02-23,6,0,6,complete,true
07,2015-01-05,2015-01-12,2015-03-02,7,0,7,complete,true
07,2015-01-12,2015-01-19,2015-03-09,9,0,9,complete,true
07,2015-01-19,2015-01-26,2015-03-16,10,0,10,complete,true
07,2015-01-26,2015-02-02,2015-03-23,11,0,11,complete,true
07,2015-02-02,2015-02-09,2015-03-30,10,0,10,complete,true
07,2015-02-09,2015-02-16,2015-04-06,15,0,15,complete,true
07,2015-02-16,2015-02-23,2015-04-13,15,0,15,complete,true
07,2015-02-23,2015-03-02,2015-04-20,20,0,20,complete,true
07,2015-03-02,2015-03-09,2015-04-27,24,0,24,complete,true
07,2015-03-09,2015-03-16,2015-05-04,25,0,25,complete,true
07,2015-03-16,2015-03-23,2015-05-11,39,0,39,complete,true
07,2015-03-23,2015-03-30,2015-05-18,48,0,48,complete,true
07,2015-03-30,2015-04-06,2015-05-25,62,0,62,complete,true
07,2015-04-06,2015-04-13,2015-06-01,75,0,75,complete,true
07,2015-04-13,2015-04-20,2015-06-08,91,1,92,complete,true
07,2015-04-20,2015-04-27,2015-06-15,98,1,99,complete,true
07,2015-04-27,2015-05-04,2015-06-22,108,1,109,complete,true
07,2015-05-04,2015-05-11,2015-06-29,116,1,117,complete,true
07,2015-05-11,2015-05-18,2015-07-06,116,2,118,complete,true
07,2015-05-18,2015-05-25,2015-07-13,119,3,122,complete,true
07,2015-05-25,2015-06-01,2015-07-20,115,3,118,complete,true
07,2015-06-01,2015-06-08,2015-07-27,108,3,111,complete,true
07,2015-06-08,2015-06-15,2015-08-03,104,3,107,complete,true
07,2015-06-15,2015-06-22,2015-08-10,101,3,104,complete,true
07,2015-06-22,2015-06-29,2015-08-17,94,3,97,complete,true
07,2015-06-29,2015-07-06,2015-08-24,89,3,92,complete,true
07,2015-07-06,2015-07-13,2015-08-31,79,2,81,complete,true
07,2015-07-13,2015-07-20,2015-09-07,67,1,68,complete,true
07,2015-07-20,2015-07-27,2015-09-14,61,2,63,complete,true
07,2015-07-27,2015-08-03,2015-09-21,53,2,55,complete,true
07,2015-08-03,2015-08-10,2015-09-28,42,1,43,complete,true
07,2015-08-10,2015-08-17,2015-10-05,32,1,33,complete,true
07,2015-08-17,2015-08-24,2015-10-12,28,1,29,complete,true
07,2015-08-24,2015-08-31,2015-10-19,24,1,25,complete,true
07,2015-08-31,2015-09-07,2015-10-26,19,1,20,complete,true
07,2015-09-07,2015-09-14,2015-11-02,21,2,23,complete,true
07,2015-09-14,2015-09-21,2015-11-09,17,1,18,complete,true
07,2015-09-21,2015-09-28,2015-11-16,19,1,20,complete,true
07,2015-09-28,2015-10-05,2015-11-23,20,1,21,complete,true
07,2015-10-05,2015-10-12,2015-11-30,21,1,22,complete,true
07,2015-10-12,2015-10-19,2015-12-07,19,1,20,complete,true
07,2015-10-19,2015-10-26,2015-12-14,19,1,20,complete,true
07,2015-10-26,2015-11-02,2015-12-21,19,1,20,complete,true
07,2015-11-02,2015-11-09,2015-12-28,16,0,16,complete,true
07,2015-11-09,2015-11-16,2016-01-04,17,0,17,complete,true
07,2015-11-16,2015-11-23,2016-01-11,14,0,14,complete,true
07,2015-11-23,2015-11-30,2016-01-18,12,0,12,complete,true
07,2015-11-30,2015-12-07,2016-01-25,12,0,12,complete,true
07,2015-12-07,2015-12-14,2016-02-01,11,0,11,complete,true
07,2015-12-14,2015-12-21,2016-02-08,10,0,10,complete,true
07,2015-12-21,2015-12-28,2016-02-15,9,0,9,complete,true
07,2015-12-28,2016-01-04,2016-02-22,12,0,12,complete,true
07,2016-01-04,2016-01-11,2016-02-29,10,0,10,complete,true
07,2016-01-11,2016-01-18,2016-03-07,8,0,8,complete,true
07,2016-01-18,2016-01-25,2016-03-14,8,0,8,complete,true
07,2016-01-25,2016-02-01,2016-03-21,10,0,10,complete,true
07,2016-02-01,2016-02-08,2016-03-28,12,0,12,complete,true
07,2016-02-08,2016-02-15,2016-04-04,13,0,13,complete,true
07,2016-02-15,2016-02-22,2016-04-11,18,0,18,complete,true
07,2016-02-22,2016-02-29,2016-04-18,19,0,19,complete,true
07,2016-02-29,2016-03-07,2016-04-25,23,0,23,complete,true
07,2016-03-07,2016-03-14,2016-05-02,35,0,35,complete,true
07,2016-03-14,2016-03-21,2016-05-09,43,0,43,complete,true
07,2016-03-21,2016-03-28,2016-05-16,44,0,44,complete,true
07,2016-03-28,2016-04-04,2016-05-23,57,0,57,complete,true
07,2016-04-04,2016-04-11,2016-05-30,65,0,65,complete,true
07,2016-04-11,2016-04-18,2016-06-06,80,0,80,complete,true
07,2016-04-18,2016-04-25,2016-06-13,93,0,93,complete,true
07,2016-04-25,2016-05-02,2016-06-20,118,0,118,complete,true
07,2016-05-02,2016-05-09,2016-06-27,128,0,128,complete,true
07,2016-05-09,2016-05-16,2016-07-04,135,1,136,complete,true
07,2016-05-16,2016-05-23,2016-07-11,153,1,154,complete,true
07,2016-05-23,2016-05-30,2016-07-18,145,4,149,complete,true
07,2016-05-30,2016-06-06,2016-07-25,155,4,159,complete,true
07,2016-06-06,2016-06-13,2016-08-01,151,4,155,complete,true
07,2016-06-13,2016-06-20,2016-08-08,143,4,147,complete,true
07,2016-06-20,2016-06-27,2016-08-15,129,4,133,complete,true
07,2016-06-27,2016-07-04,2016-08-22,120,4,124,complete,true
07,2016-07-04,2016-07-11,2016-08-29,113,3,116,complete,true
07,2016-07-11,2016-07-18,2016-09-05,97,3,100,complete,true
07,2016-07-18,2016-07-25,2016-09-12,96,0,96,complete,true
07,2016-07-25,2016-08-01,2016-09-19,80,0,80,complete,true
07,2016-08-01,2016-08-08,2016-09-26,64,0,64,complete,true
07,2016-08-08,2016-08-15,2016-10-03,56,0,56,complete,true
07,2016-08-15,2016-08-22,2016-10-10,46,0,46,complete,true
07,2016-08-22,2016-08-29,2016-10-17,36,0,36,complete,true
07,2016-08-29,2016-09-05,2016-10-24,28,0,28,complete,true
07,2016-09-05,2016-09-12,2016-10-31,26,0,26,complete,true
07,2016-09-12,2016-09-19,2016-11-07,26,0,26,complete,true
07,2016-09-19,2016-09-26,2016-11-14,26,0,26,complete,true
07,2016-09-26,2016-10-03,2016-11-21,29,0,29,complete,true
07,2016-10-03,2016-10-10,2016-11-28,30,0,30,complete,true
07,2016-10-10,2016-10-17,2016-12-05,25,0,25,complete,true
07,2016-10-17,2016-10-24,2016-12-12,23,0,23,complete,true
07,2016-10-24,2016-10-31,2016-12-19,22,0,22,complete,true
07,2016-10-31,2016-11-07,2016-12-26,19,0,19,complete,true
07,2016-11-07,2016-11-14,2017-01-02,12,0,12,complete,true
07,2016-11-14,2016-11-21,2017-01-09,8,0,8,complete,true
07,2016-11-21,2016-11-28,2017-01-16,5,0,5,complete,true
07,2016-11-28,2016-12-05,2017-01-23,2,0,2,complete,true
07,2016-12-05,2016-12-12,2017-01-30,2,0,2,complete,true
07,2016-12-12,2016-12-19,2017-02-06,1,0,1,complete,true
07,2016-12-19,2016-12-26,2017-02-13,1,0,1,complete,true
07,2016-12-26,2017-01-02,2017-02-20,1,0,1,complete,true
07,2017-01-02,2017-01-09,2017-02-27,1,0,1,complete,true
07,2017-01-09,2017-01-16,2017-03-06,1,0,1,complete,true
07,2017-01-16,2017-01-23,2017-03-13,1,0,1,complete,true
07,2017-01-23,2017-01-30,2017-03-20,3,0,3,complete,true
07,2017-01-30,2017-02-06,2017-03-27,7,0,7,complete,true
07,2017-02-06,2017-02-13,2017-04-03,7,0,7,complete,true
07,2017-02-13,2017-02-20,2017-04-10,9,0,9,complete,true
07,2017-02-20,2017-02-27,2017-04-17,12,0,12,complete,true
07,2017-02-27,2017-03-06,2017-04-24,15,0,15,complete,true
07,2017-03-06,2017-03-13,2017-05-01,19,0,19,complete,true
07,2017-03-13,2017-03-20,2017-05-08,25,0,25,complete,true
07,2017-03-20,2017-03-27,2017-05-15,32,0,32,complete,true
07,2017-03-27,2017-04-03,2017-05-22,49,0,49,complete,true
07,2017-04-03,2017-04-10,2017-05-29,64,0,64,complete,true
07,2017-04-10,2017-04-17,2017-06-05,76,0,76,complete,true
07,2017-04-17,2017-04-24,2017-06-12,87,0,87,complete,true
07,2017-04-24,2017-05-01,2017-06-19,101,0,101,complete,true
07,2017-05-01,2017-05-08,2017-06-26,107,0,107,complete,true
07,2017-05-08,2017-05-15,2017-07-03,121,0,121,complete,true
07,2017-05-15,2017-05-22,2017-07-10,126,2,128,complete,true
07,2017-05-22,2017-05-29,2017-07-17,123,2,125,complete,true
07,2017-05-29,2017-06-05,2017-07-24,119,2,121,complete,true
07,2017-06-05,2017-06-12,2017-07-31,114,2,116,complete,true
07,2017-06-12,2017-06-19,2017-08-07,103,2,105,complete,true
07,2017-06-19,2017-06-26,2017-08-14,93,2,95,complete,true
07,2017-06-26,2017-07-03,2017-08-21,88,3,91,complete,true
07,2017-07-03,2017-07-10,2017-08-28,73,3,76,complete,true
07,2017-07-10,2017-07-17,2017-09-04,62,1,63,complete,true
07,2017-07-17,2017-07-24,2017-09-11,45,1,46,complete,true
07,2017-07-24,2017-07-31,2017-09-18,37,1,38,complete,true
07,2017-07-31,2017-08-07,2017-09-25,31,1,32,complete,true
07,2017-08-07,2017-08-14,2017-10-02,28,1,29,complete,true
07,2017-08-14,2017-08-21,2017-10-09,31,1,32,complete,true
07,2017-08-21,2017-08-28,2017-10-16,33,0,33,complete,true
07,2017-08-28,2017-09-04,2017-10-23,34,0,34,complete,true
07,2017-09-04,2017-09-11,2017-10-30,40,0,40,complete,true
07,2017-09-11,2017-09-18,2017-11-06,45,0,45,complete,true
07,2017-09-18,2017-09-25,2017-11-13,46,0,46,complete,true
07,2017-09-25,2017-10-02,2017-11-20,50,0,50,complete,true
07,2017-10-02,2017-10-09,2017-11-27,55,0,55,complete,true
07,2017-10-09,2017-10-16,2017-12-04,51,0,51,complete,true
07,2017-10-16,2017-10-23,2017-12-11,46,0,46,complete,true
07,2017-10-23,2017-10-30,2017-12-18,41,0,41,complete,true
07,2017-10-30,2017-11-06,2017-12-25,32,0,32,complete,true
07,2017-11-06,2017-11-13,2018-01-01,28,0,28,complete,true
07,2017-11-13,2017-11-20,2018-01-08,25,0,25,complete,true
07,2017-11-20,2017-11-27,2018-01-15,19,0,19,complete,true
07,2017-11-27,2017-12-04,2018-01-22,14,0,14,complete,true
07,2017-12-04,2017-12-11,2018-01-29,10,0,10,complete,true
07,2017-12-11,2017-12-18,2018-02-05,8,0,8,complete,true
07,2017-12-18,2017-12-25,2018-02-12,9,0,9,complete,true
07,2017-12-25,2018-01-01,2018-02-19,9,0,9,complete,true
07,2018-01-01,2018-01-08,2018-02-26,8,0,8,complete,true
07,2018-01-08,2018-01-15,2018-03-05,7,0,7,complete,true
07,2018-01-15,2018-01-22,2018-03-12,6,0,6,complete,true
07,2018-01-22,2018-01-29,2018-03-19,5,0,5,complete,true
07,2018-01-29,2018-02-05,2018-03-26,4,0,4,complete,true
07,2018-02-05,2018-02-12,2018-04-02,7,0,7,complete,true
07,2018-02-12,2018-02-19,2018-04-09,8,0,8,complete,true
07,2018-02-19,2018-02-26,2018-04-16,12,0,12,complete,true
07,2018-02-26,2018-03-05,2018-04-23,16,0,16,complete,true
07,2018-03-05,2018-03-12,2018-04-30,27,0,27,complete,true
07,2018-03-12,2018-03-19,2018-05-07,42,0,42,complete,true
07,2018-03-19,2018-03-26,2018-05-14,59,0,59,complete,true
07,2018-03-26,2018-04-02,2018-05-21,77,1,78,complete,true
07,2018-04-02,2018-04-09,2018-05-28,102,1,103,complete,true
07,2018-04-09,2018-04-16,2018-06-04,135,2,137,complete,true
07,2018-04-16,2018-04-23,2018-06-11,162,2,164,complete,true
07,2018-04-23,2018-04-30,2018-06-18,204,2,206,complete,true
07,2018-04-30,2018-05-07,2018-06-25,222,2,224,complete,true
07,2018-05-07,2018-05-14,2018-07-02,241,4,245,complete,true
07,2018-05-14,2018-05-21,2018-07-09,260,5,265,complete,true
07,2018-05-21,2018-05-28,2018-07-16,278,6,284,complete,true
07,2018-05-28,2018-06-04,2018-07-23,282,6,288,complete,true
07,2018-06-04,2018-06-11,2018-07-30,259,6,265,complete,true
07,2018-06-11,2018-06-18,2018-08-06,243,6,249,complete,true
07,2018-06-18,2018-06-25,2018-08-13,210,6,216,complete,true
07,2018-06-25,2018-07-02,2018-08-20,203,7,210,complete,true
07,2018-07-02,2018-07-09,2018-08-27,181,5,186,complete,true
07,2018-07-09,2018-07-16,2018-09-03,162,4,166,complete,true
07,2018-07-16,2018-07-23,2018-09-10,131,2,133,complete,true
07,2018-07-23,2018-07-30,2018-09-17,109,2,111,complete,true
07,2018-07-30,2018-08-06,2018-09-24,105,1,106,complete,true
07,2018-08-06,2018-08-13,2018-10-01,97,1,98,complete,true
07,2018-08-13,2018-08-20,2018-10-08,90,1,91,complete,true
07,2018-08-20,2018-08-27,2018-10-15,75,0,75,complete,true
07,2018-08-27,2018-09-03,2018-10-22,72,0,72,complete,true
07,2018-09-03,2018-09-10,2018-10-29,57,0,57,complete,true
07,2018-09-10,2018-09-17,2018-11-05,58,0,58,complete,true
07,2018-09-17,2018-09-24,2018-11-12,53,0,53,complete,true
07,2018-09-24,2018-10-01,2018-11-19,46,0,46,complete,true
07,2018-10-01,2018-10-08,2018-11-26,41,0,41,complete,true
07,2018-10-08,2018-10-15,2018-12-03,36,0,36,complete,true
07,2018-10-15,2018-10-22,2018-12-10,31,0,31,complete,true
07,2018-10-22,2018-10-29,2018-12-17,24,0,24,complete,true
07,2018-10-29,2018-11-05,2018-12-24,24,0,24,complete,true
07,2018-11-05,2018-11-12,2018-12-31,20,0,20,complete,true
07,2018-11-12,2018-11-19,2019-01-07,16,0,16,complete,true
07,2018-11-19,2018-11-26,2019-01-14,15,0,15,complete,true
07,2018-11-26,2018-12-03,2019-01-21,14,0,14,complete,true
07,2018-12-03,2018-12-10,2019-01-28,15,0,15,complete,true
07,2018-12-10,2018-12-17,2019-02-04,15,0,15,complete,true
07,2018-12-17,2018-12-24,2019-02-11,15,0,15,complete,true
07,2018-12-24,2018-12-31,2019-02-18,13,0,13,complete,true
07,2018-12-31,2019-01-07,2019-02-25,10,0,10,complete,true
07,2019-01-07,2019-01-14,2019-03-04,9,0,9,complete,true
07,2019-01-14,2019-01-21,2019-03-11,8,0,8,complete,true
07,2019-01-21,2019-01-28,2019-03-18,8,0,8,complete,true
07,2019-01-28,2019-02-04,2019-03-25,9,0,9,complete,true
07,2019-02-04,2019-02-11,2019-04-01,8,0,8,complete,true
07,2019-02-11,2019-02-18,2019-04-08,8,0,8,complete,true
07,2019-02-18,2019-02-25,2019-04-15,11,0,11,complete,true
07,2019-02-25,2019-03-04,2019-04-22,15,0,15,complete,true
07,2019-03-04,2019-03-11,2019-04-29,22,1,23,complete,true
07,2019-03-11,2019-03-18,2019-05-06,28,1,29,complete,true
07,2019-03-18,2019-03-25,2019-05-13,31,1,32,complete,true
07,2019-03-25,2019-04-01,2019-05-20,31,1,32,complete,true
07,2019-04-01,2019-04-08,2019-05-27,35,1,36,complete,true
07,2019-04-08,2019-04-15,2019-06-03,46,1,47,complete,true
07,2019-04-15,2019-04-22,2019-06-10,50,1,51,complete,true
07,2019-04-22,2019-04-29,2019-06-17,58,3,61,complete,true
07,2019-04-29,2019-05-06,2019-06-24,57,2,59,complete,true
07,2019-05-06,2019-05-13,2019-07-01,62,4,66,complete,true
07,2019-05-13,2019-05-20,2019-07-08,64,4,68,complete,true
07,2019-05-20,2019-05-27,2019-07-15,64,4,68,complete,true
07,2019-05-27,2019-06-03,2019-07-22,71,4,75,complete,true
07,2019-06-03,2019-06-10,2019-07-29,71,4,75,complete,true
07,2019-06-10,2019-06-17,2019-08-05,69,4,73,complete,true
07,2019-06-17,2019-06-24,2019-08-12,58,2,60,complete,true
07,2019-06-24,2019-07-01,2019-08-19,55,2,57,complete,true
07,2019-07-01,2019-07-08,2019-08-26,52,0,52,complete,true
07,2019-07-08,2019-07-15,2019-09-02,52,0,52,complete,true
07,2019-07-15,2019-07-22,2019-09-09,52,0,52,complete,true
07,2019-07-22,2019-07-29,2019-09-16,45,0,45,complete,true
07,2019-07-29,2019-08-05,2019-09-23,32,0,32,complete,true
07,2019-08-05,2019-08-12,2019-09-30,28,0,28,complete,true
07,2019-08-12,2019-08-19,2019-10-07,29,0,29,complete,true
07,2019-08-19,2019-08-26,2019-10-14,27,0,27,complete,true
07,2019-08-26,2019-09-02,2019-10-21,23,2,25,complete,true
07,2019-09-02,2019-09-09,2019-10-28,22,2,24,complete,true
07,2019-09-09,2019-09-16,2019-11-04,23,2,25,complete,true
07,2019-09-16,2019-09-23,2019-11-11,20,3,23,complete,true
07,2019-09-23,2019-09-30,2019-11-18,23,3,26,complete,true
07,2019-09-30,2019-10-07,2019-11-25,23,3,26,complete,true
07,2019-10-07,2019-10-14,2019-12-02,24,3,27,complete,true
07,2019-10-14,2019-10-21,2019-12-09,24,3,27,complete,true
07,2019-10-21,2019-10-28,2019-12-16,22,1,23,complete,true
07,2019-10-28,2019-11-04,2019-12-23,17,1,18,complete,true
07,2019-11-04,2019-11-11,2019-12-30,12,1,13,complete,true
07,2019-11-11,2019-11-18,2020-01-06,10,0,10,complete,true
07,2019-11-18,2019-11-25,2020-01-13,10,0,10,complete,true
07,2019-11-25,2019-12-02,2020-01-20,11,0,11,complete,true
07,2019-12-02,2019-12-09,2020-01-27,9,0,9,complete,true
07,2019-12-09,2019-12-16,2020-02-03,8,0,8,complete,true
07,2019-12-16,2019-12-23,2020-02-10,6,0,6,complete,true
07,2019-12-23,2019-12-30,2020-02-17,6,0,6,complete,true
07,2019-12-30,2020-01-06,2020-02-24,7,0,7,complete,true
07,2020-01-06,2020-01-13,2020-03-02,8,0,8,complete,true
07,2020-01-13,2020-01-20,2020-03-09,8,0,8,complete,true
07,2020-01-20,2020-01-27,2020-03-16,10,0,10,complete,true
07,2020-01-27,2020-02-03,2020-03-23,11,0,11,complete,true
07,2020-02-03,2020-02-10,2020-03-30,16,0,16,complete,true
07,2020-02-10,2020-02-17,2020-04-06,22,0,22,complete,true
07,2020-02-17,2020-02-24,2020-04-13,26,0,26,complete,true
07,2020-02-24,2020-03-02,2020-04-20,33,0,33,complete,true
07,2020-03-02,2020-03-09,2020-04-27,40,0,40,complete,true
07,2020-03-09,2020-03-16,2020-05-04,54,0,54,complete,true
07,2020-03-16,2020-03-23,2020-05-11,64,0,64,complete,true
07,2020-03-23,2020-03-30,2020-05-18,85,0,85,complete,true
07,2020-03-30,2020-04-06,2020-05-25,97,0,97,complete,true
07,2020-04-06,2020-04-13,2020-06-01,122,0,122,complete,true
07,2020-04-13,2020-04-20,2020-06-08,156,1,157,complete,true
07,2020-04-20,2020-04-27,2020-06-15,174,2,176,complete,true
07,2020-04-27,2020-05-04,2020-06-22,193,2,195,complete,true
07,2020-05-04,2020-05-11,2020-06-29,210,7,217,complete,true
07,2020-05-11,2020-05-18,2020-07-06,216,8,224,complete,true
07,2020-05-18,2020-05-25,2020-07-13,217,11,228,complete,true
07,2020-05-25,2020-06-01,2020-07-20,225,13,238,complete,true
07,2020-06-01,2020-06-08,2020-07-27,215,14,229,complete,true
07,2020-06-08,2020-06-15,2020-08-03,202,13,215,complete,true
07,2020-06-15,2020-06-22,2020-08-10,199,12,211,complete,true
07,2020-06-22,2020-06-29,2020-08-17,180,12,192,complete,true
07,2020-06-29,2020-07-06,2020-08-24,156,7,163,complete,true
07,2020-07-06,2020-07-13,2020-08-31,145,6,151,complete,true
07,2020-07-13,2020-07-20,2020-09-07,131,3,134,complete,true
07,2020-07-20,2020-07-27,2020-09-14,107,1,108,complete,true
07,2020-07-27,2020-08-03,2020-09-21,92,0,92,complete,true
07,2020-08-03,2020-08-10,2020-09-28,71,1,72,complete,true
07,2020-08-10,2020-08-17,2020-10-05,53,1,54,complete,true
07,2020-08-17,2020-08-24,2020-10-12,51,1,52,complete,true
07,2020-08-24,2020-08-31,2020-10-19,47,2,49,complete,true
07,2020-08-31,2020-09-07,2020-10-26,39,2,41,complete,true
07,2020-09-07,2020-09-14,2020-11-02,32,2,34,complete,true
07,2020-09-14,2020-09-21,2020-11-09,37,2,39,complete,true
07,2020-09-21,2020-09-28,2020-11-16,35,2,37,complete,true
07,2020-09-28,2020-10-05,2020-11-23,32,1,33,complete,true
07,2020-10-05,2020-10-12,2020-11-30,29,1,30,complete,true
07,2020-10-12,2020-10-19,2020-12-07,24,1,25,complete,true
07,2020-10-19,2020-10-26,2020-12-14,20,0,20,complete,true
07,2020-10-26,2020-11-02,2020-12-21,20,0,20,complete,true
07,2020-11-02,2020-11-09,2020-12-28,17,0,17,complete,true
07,2020-11-09,2020-11-16,2021-01-04,13,0,13,complete,true
07,2020-11-16,2020-11-23,2021-01-11,9,0,9,complete,true
07,2020-11-23,2020-11-30,2021-01-18,8,0,8,complete,true
07,2020-11-30,2020-12-07,2021-01-25,6,0,6,complete,true
07,2020-12-07,2020-12-14,2021-02-01,9,0,9,complete,true
07,2020-12-14,2020-12-21,2021-02-08,7,0,7,complete,true
07,2020-12-21,2020-12-28,2021-02-15,6,0,6,complete,true
07,2020-12-28,2021-01-04,2021-02-22,9,0,9,complete,true
07,2021-01-04,2021-01-11,2021-03-01,7,0,7,complete,true
07,2021-01-11,2021-01-18,2021-03-08,9,0,9,complete,true
07,2021-01-18,2021-01-25,2021-03-15,12,0,12,complete,true
07,2021-01-25,2021-02-01,2021-03-22,14,0,14,complete,true
07,2021-02-01,2021-02-08,2021-03-29,13,0,13,complete,true
07,2021-02-08,2021-02-15,2021-04-05,15,0,15,complete,true
07,2021-02-15,2021-02-22,2021-04-12,19,0,19,complete,true
07,2021-02-22,2021-03-01,2021-04-19,18,0,18,complete,true
07,2021-03-01,2021-03-08,2021-04-26,21,0,21,complete,true
07,2021-03-08,2021-03-15,2021-05-03,22,0,22,complete,true
07,2021-03-15,2021-03-22,2021-05-10,25,0,25,complete,true
07,2021-03-22,2021-03-29,2021-05-17,30,0,30,complete,true
07,2021-03-29,2021-04-05,2021-05-24,37,0,37,complete,true
07,2021-04-05,2021-04-12,2021-05-31,45,0,45,complete,true
07,2021-04-12,2021-04-19,2021-06-07,51,0,51,complete,true
07,2021-04-19,2021-04-26,2021-06-14,61,0,61,complete,true
07,2021-04-26,2021-05-03,2021-06-21,69,0,69,complete,true
07,2021-05-03,2021-05-10,2021-06-28,74,0,74,complete,true
07,2021-05-10,2021-05-17,2021-07-05,84,0,84,complete,true
07,2021-05-17,2021-05-24,2021-07-12,81,0,81,complete,true
07,2021-05-24,2021-05-31,2021-07-19,82,0,82,complete,true
07,2021-05-31,2021-06-07,2021-07-26,83,0,83,complete,true
07,2021-06-07,2021-06-14,2021-08-02,85,0,85,complete,true
07,2021-06-14,2021-06-21,2021-08-09,80,0,80,complete,true
07,2021-06-21,2021-06-28,2021-08-16,73,0,73,complete,true
07,2021-06-28,2021-07-05,2021-08-23,69,0,69,complete,true
07,2021-07-05,2021-07-12,2021-08-30,56,0,56,complete,true
07,2021-07-12,2021-07-19,2021-09-06,53,0,53,complete,true
07,2021-07-19,2021-07-26,2021-09-13,44,0,44,complete,true
07,2021-07-26,2021-08-02,2021-09-20,36,0,36,complete,true
07,2021-08-02,2021-08-09,2021-09-27,25,0,25,complete,true
07,2021-08-09,2021-08-16,2021-10-04,20,1,21,complete,true
07,2021-08-16,2021-08-23,2021-10-11,16,1,17,complete,true
07,2021-08-23,2021-08-30,2021-10-18,14,1,15,complete,true
07,2021-08-30,2021-09-06,2021-10-25,12,1,13,complete,true
07,2021-09-06,2021-09-13,2021-11-01,12,1,13,complete,true
07,2021-09-13,2021-09-20,2021-11-08,11,1,12,complete,true
07,2021-09-20,2021-09-27,2021-11-15,11,1,12,complete,true
07,2021-09-27,2021-10-04,2021-11-22,10,1,11,complete,true
07,2021-10-04,2021-10-11,2021-11-29,8,0,8,complete,true
07,2021-10-11,2021-10-18,2021-12-06,10,0,10,complete,true
07,2021-10-18,2021-10-25,2021-12-13,9,0,9,complete,true
07,2021-10-25,2021-11-01,2021-12-20,9,0,9,complete,true
07,2021-11-01,2021-11-08,2021-12-27,8,0,8,complete,true
07,2021-11-08,2021-11-15,2022-01-03,9,0,9,complete,true
07,2021-11-15,2021-11-22,2022-01-10,7,0,7,complete,true
07,2021-11-22,2021-11-29,2022-01-17,7,0,7,complete,true
07,2021-11-29,2021-12-06,2022-01-24,8,0,8,complete,true
07,2021-12-06,2021-12-13,2022-01-31,6,0,6,complete,true
07,2021-12-13,2021-12-20,2022-02-07,5,0,5,complete,true
07,2021-12-20,2021-12-27,2022-02-14,4,0,4,complete,true
07,2021-12-27,2022-01-03,2022-02-21,4,0,4,complete,true
07,2022-01-03,2022-01-10,2022-02-28,3,0,3,complete,true
07,2022-01-10,2022-01-17,2022-03-07,5,0,5,complete,true
07,2022-01-17,2022-01-24,2022-03-14,6,0,6,complete,true
07,2022-01-24,2022-01-31,2022-03-21,5,0,5,complete,true
07,2022-01-31,2022-02-07,2022-03-28,5,1,6,complete,true
07,2022-02-07,2022-02-14,2022-04-04,8,1,9,complete,true
07,2022-02-14,2022-02-21,2022-04-11,9,1,10,complete,true
07,2022-02-21,2022-02-28,2022-04-18,11,2,13,complete,true
07,2022-02-28,2022-03-07,2022-04-25,11,2,13,complete,true
07,2022-03-07,2022-03-14,2022-05-02,9,2,11,complete,true
07,2022-03-14,2022-03-21,2022-05-09,14,3,17,complete,true
07,2022-03-21,2022-03-28,2022-05-16,20,3,23,complete,true
07,2022-03-28,2022-04-04,2022-05-23,35,2,37,complete,true
07,2022-04-04,2022-04-11,2022-05-30,42,2,44,complete,true
07,2022-04-11,2022-04-18,2022-06-06,50,3,53,complete,true
07,2022-04-18,2022-04-25,2022-06-13,62,2,64,complete,true
07,2022-04-25,2022-05-02,2022-06-20,76,2,78,complete,true
07,2022-05-02,2022-05-09,2022-06-27,88,2,90,complete,true
07,2022-05-09,2022-05-16,2022-07-04,93,1,94,complete,true
07,2022-05-16,2022-05-23,2022-07-11,91,1,92,complete,true
07,2022-05-23,2022-05-30,2022-07-18,84,2,86,complete,true
07,2022-05-30,2022-06-06,2022-07-25,85,2,87,complete,true
07,2022-06-06,2022-06-13,2022-08-01,81,1,82,complete,true
07,2022-06-13,2022-06-20,2022-08-08,73,2,75,complete,true
07,2022-06-20,2022-06-27,2022-08-15,67,2,69,complete,true
07,2022-06-27,2022-07-04,2022-08-22,60,2,62,complete,true
07,2022-07-04,2022-07-11,2022-08-29,53,2,55,complete,true
07,2022-07-11,2022-07-18,2022-09-05,54,2,56,complete,true
07,2022-07-18,2022-07-25,2022-09-12,48,1,49,complete,true
07,2022-07-25,2022-08-01,2022-09-19,39,2,41,complete,true
07,2022-08-01,2022-08-08,2022-09-26,35,3,38,complete,true
07,2022-08-08,2022-08-15,2022-10-03,30,2,32,complete,true
07,2022-08-15,2022-08-22,2022-10-10,21,2,23,complete,true
07,2022-08-22,2022-08-29,2022-10-17,18,2,20,complete,true
07,2022-08-29,2022-09-05,2022-10-24,17,2,19,complete,true
07,2022-09-05,2022-09-12,2022-10-31,17,2,19,complete,true
07,2022-09-12,2022-09-19,2022-11-07,20,2,22,complete,true
07,2022-09-19,2022-09-26,2022-11-14,19,1,20,complete,true
07,2022-09-26,2022-10-03,2022-11-21,19,0,19,complete,true
07,2022-10-03,2022-10-10,2022-11-28,21,0,21,complete,true
07,2022-10-10,2022-10-17,2022-12-05,21,0,21,complete,true
07,2022-10-17,2022-10-24,2022-12-12,19,0,19,complete,true
07,2022-10-24,2022-10-31,2022-12-19,16,0,16,complete,true
07,2022-10-31,2022-11-07,2022-12-26,12,0,12,complete,true
07,2022-11-07,2022-11-14,2023-01-02,8,0,8,complete,true
07,2022-11-14,2022-11-21,2023-01-09,8,0,8,complete,true
07,2022-11-21,2022-11-28,2023-01-16,7,0,7,complete,true
07,2022-11-28,2022-12-05,2023-01-23,5,0,5,complete,true
07,2022-12-05,2022-12-12,2023-01-30,6,0,6,complete,true
07,2022-12-12,2022-12-19,2023-02-06,5,0,5,complete,true
07,2022-12-19,2022-12-26,2023-02-13,6,0,6,complete,true
07,2022-12-26,2023-01-02,2023-02-20,7,0,7,complete,true
07,2023-01-02,2023-01-09,2023-02-27,6,0,6,complete,true
07,2023-01-09,2023-01-16,2023-03-06,6,0,6,complete,true
07,2023-01-16,2023-01-23,2023-03-13,8,0,8,complete,true
07,2023-01-23,2023-01-30,2023-03-20,8,0,8,complete,true
07,2023-01-30,2023-02-06,2023-03-27,9,0,9,complete,true
07,2023-02-06,2023-02-13,2023-04-03,10,0,10,complete,true
07,2023-02-13,2023-02-20,2023-04-10,10,0,10,complete,true
07,2023-02-20,2023-02-27,2023-04-17,10,0,10,complete,true
07,2023-02-27,2023-03-06,2023-04-24,11,0,11,complete,true
07,2023-03-06,2023-03-13,2023-05-01,15,0,15,complete,true
07,2023-03-13,2023-03-20,2023-05-08,18,0,18,complete,true
07,2023-03-20,2023-03-27,2023-05-15,20,0,20,complete,true
07,2023-03-27,2023-04-03,2023-05-22,24,0,24,complete,true
07,2023-04-03,2023-04-10,2023-05-29,27,0,27,complete,true
07,2023-04-10,2023-04-17,2023-06-05,32,0,32,complete,true
07,2023-04-17,2023-04-24,2023-06-12,36,1,37,complete,true
07,2023-04-24,2023-05-01,2023-06-19,42,2,44,complete,true
07,2023-05-01,2023-05-08,2023-06-26,42,2,44,complete,true
07,2023-05-08,2023-05-15,2023-07-03,39,3,42,complete,true
07,2023-05-15,2023-05-22,2023-07-10,42,3,45,complete,true
07,2023-05-22,2023-05-29,2023-07-17,41,3,44,complete,true
07,2023-05-29,2023-06-05,2023-07-24,41,3,44,complete,true
07,2023-06-05,2023-06-12,2023-07-31,41,3,44,complete,true
07,2023-06-12,2023-06-19,2023-08-07,35,2,37,complete,true
07,2023-06-19,2023-06-26,2023-08-14,35,2,37,complete,true
07,2023-06-26,2023-07-03,2023-08-21,38,3,41,complete,true
07,2023-07-03,2023-07-10,2023-08-28,39,2,41,complete,true
07,2023-07-10,2023-07-17,2023-09-04,34,2,36,complete,true
07,2023-07-17,2023-07-24,2023-09-11,30,2,32,complete,true
07,2023-07-24,2023-07-31,2023-09-18,31,2,33,complete,true
07,2023-07-31,2023-08-07,2023-09-25,28,2,30,complete,true
07,2023-08-07,2023-08-14,2023-10-02,30,2,32,complete,true
07,2023-08-14,2023-08-21,2023-10-09,24,1,25,complete,true
07,2023-08-21,2023-08-28,2023-10-16,16,1,17,complete,true
07,2023-08-28,2023-09-04,2023-10-23,13,1,14,complete,true
07,2023-09-04,2023-09-11,2023-10-30,13,1,14,complete,true
07,2023-09-11,2023-09-18,2023-11-06,13,1,14,complete,true
07,2023-09-18,2023-09-25,2023-11-13,10,1,11,complete,true
07,2023-09-25,2023-10-02,2023-11-20,9,1,10,complete,true
07,2023-10-02,2023-10-09,2023-11-27,9,1,10,complete,true
07,2023-10-09,2023-10-16,2023-12-04,8,1,9,complete,true
07,2023-10-16,2023-10-23,2023-12-11,9,0,9,complete,true
07,2023-10-23,2023-10-30,2023-12-18,9,0,9,complete,true
07,2023-10-30,2023-11-06,2023-12-25,8,0,8,complete,true
07,2023-11-06,2023-11-13,2024-01-01,7,0,7,complete,true
07,2023-11-13,2023-11-20,2024-01-08,5,0,5,complete,true
07,2023-11-20,2023-11-27,2024-01-15,3,0,3,complete,true
07,2023-11-27,2023-12-04,2024-01-22,2,0,2,complete,true
07,2023-12-04,2023-12-11,2024-01-29,2,1,3,complete,true
07,2023-12-11,2023-12-18,2024-02-05,1,1,2,complete,true
07,2023-12-18,2023-12-25,2024-02-12,1,1,2,complete,true
07,2023-12-25,2024-01-01,2024-02-19,1,1,2,complete,true
07,2024-01-01,2024-01-08,2024-02-26,3,1,4,complete,true
07,2024-01-08,2024-01-15,2024-03-04,6,1,7,complete,true
07,2024-01-15,2024-01-22,2024-03-11,6,1,7,complete,true
07,2024-01-22,2024-01-29,2024-03-18,6,1,7,complete,true
07,2024-01-29,2024-02-05,2024-03-25,7,0,7,complete,true
07,2024-02-05,2024-02-12,2024-04-01,14,0,14,complete,true
07,2024-02-12,2024-02-19,2024-04-08,17,0,17,complete,true
07,2024-02-19,2024-02-26,2024-04-15,29,0,29,complete,true
07,2024-02-26,2024-03-04,2024-04-22,32,0,32,complete,true
07,2024-03-04,2024-03-11,2024-04-29,34,0,34,complete,true
07,2024-03-11,2024-03-18,2024-05-06,44,0,44,complete,true
07,2024-03-18,2024-03-25,2024-05-13,50,0,50,complete,true
07,2024-03-25,2024-04-01,2024-05-20,61,0,61,complete,true
07,2024-04-01,2024-04-08,2024-05-27,61,0,61,complete,true
07,2024-04-08,2024-04-15,2024-06-03,76,0,76,complete,true
07,2024-04-15,2024-04-22,2024-06-10,76,0,76,complete,true
07,2024-04-22,2024-04-29,2024-06-17,85,0,85,complete,true
07,2024-04-29,2024-05-06,2024-06-24,90,0,90,complete,true
07,2024-05-06,2024-05-13,2024-07-01,87,1,88,complete,true
07,2024-05-13,2024-05-20,2024-07-08,96,1,97,complete,true
07,2024-05-20,2024-05-27,2024-07-15,91,1,92,complete,true
07,2024-05-27,2024-06-03,2024-07-22,87,1,88,complete,true
07,2024-06-03,2024-06-10,2024-07-29,73,1,74,complete,true
07,2024-06-10,2024-06-17,2024-08-05,66,1,67,complete,true
07,2024-06-17,2024-06-24,2024-08-12,52,1,53,complete,true
07,2024-06-24,2024-07-01,2024-08-19,46,1,47,complete,true
07,2024-07-01,2024-07-08,2024-08-26,44,0,44,complete,true
07,2024-07-08,2024-07-15,2024-09-02,33,0,33,complete,true
07,2024-07-15,2024-07-22,2024-09-09,27,0,27,complete,true
07,2024-07-22,2024-07-29,2024-09-16,27,0,27,complete,true
07,2024-07-29,2024-08-05,2024-09-23,25,0,25,complete,true
07,2024-08-05,2024-08-12,2024-09-30,21,0,21,complete,true
07,2024-08-12,2024-08-19,2024-10-07,26,0,26,complete,true
07,2024-08-19,2024-08-26,2024-10-14,25,0,25,complete,true
07,2024-08-26,2024-09-02,2024-10-21,24,0,24,complete,true
07,2024-09-02,2024-09-09,2024-10-28,21,0,21,complete,true
07,2024-09-09,2024-09-16,2024-11-04,22,0,22,complete,true
07,2024-09-16,2024-09-23,2024-11-11,25,0,25,complete,true
07,2024-09-23,2024-09-30,2024-11-18,25,0,25,complete,true
07,2024-09-30,2024-10-07,2024-11-25,25,0,25,complete,true
07,2024-10-07,2024-10-14,2024-12-02,22,0,22,complete,true
07,2024-10-14,2024-10-21,2024-12-09,21,0,21,complete,true
07,2024-10-21,2024-10-28,2024-12-16,17,0,17,complete,true
07,2024-10-28,2024-11-04,2024-12-23,16,0,16,complete,true
07,2024-11-04,2024-11-11,2024-12-30,14,0,14,complete,true
07,2024-11-11,2024-11-18,2025-01-06,11,0,11,complete,true
07,2024-11-18,2024-11-25,2025-01-13,11,0,11,complete,true
07,2024-11-25,2024-12-02,2025-01-20,11,0,11,complete,true
07,2024-12-02,2024-12-09,2025-01-27,9,0,9,complete,true
07,2024-12-09,2024-12-16,2025-02-03,8,0,8,complete,true
07,2024-12-16,2024-12-23,2025-02-10,8,0,8,complete,true
07,2024-12-23,2024-12-30,2025-02-17,7,0,7,complete,true
07,2024-12-30,2025-01-06,2025-02-24,8,0,8,complete,true
07,2025-01-06,2025-01-13,2025-03-03,5,0,5,complete,true
07,2025-01-13,2025-01-20,2025-03-10,5,0,5,complete,true
07,2025-01-20,2025-01-27,2025-03-17,6,1,7,complete,true
07,2025-01-27,2025-02-03,2025-03-24,8,1,9,complete,true
07,2025-02-03,2025-02-10,2025-03-31,8,1,9,complete,true
07,2025-02-10,2025-02-17,2025-04-07,10,1,11,complete,true
07,2025-02-17,2025-02-24,2025-04-14,12,2,14,complete,true
07,2025-02-24,2025-03-03,2025-04-21,14,2,16,complete,true
07,2025-03-03,2025-03-10,2025-04-28,18,2,20,complete,true
07,2025-03-10,2025-03-17,2025-05-05,29,4,33,complete,true
07,2025-03-17,2025-03-24,2025-05-12,31,3,34,complete,true
07,2025-03-24,2025-03-31,2025-05-19,38,3,41,complete,true
07,2025-03-31,2025-04-07,2025-05-26,42,4,46,complete,true
07,2025-04-07,2025-04-14,2025-06-02,55,4,59,complete,true
07,2025-04-14,2025-04-21,2025-06-09,65,4,69,complete,true
07,2025-04-21,2025-04-28,2025-06-16,81,4,85,complete,true
07,2025-04-28,2025-05-05,2025-06-23,87,5,92,complete,true
07,2025-05-05,2025-05-12,2025-06-30,90,3,93,complete,true
07,2025-05-12,2025-05-19,2025-07-07,106,3,109,complete,true
07,2025-05-19,2025-05-26,2025-07-14,114,4,118,complete,true
07,2025-05-26,2025-06-02,2025-07-21,128,4,132,complete,true
07,2025-06-02,2025-06-09,2025-07-28,132,4,136,complete,true
07,2025-06-09,2025-06-16,2025-08-04,132,3,135,complete,true
07,2025-06-16,2025-06-23,2025-08-11,131,3,134,complete,true
07,2025-06-23,2025-06-30,2025-08-18,147,2,149,complete,true
07,2025-06-30,2025-07-07,2025-08-25,146,2,148,complete,true
07,2025-07-07,2025-07-14,2025-09-01,135,2,137,complete,true
07,2025-07-14,2025-07-21,2025-09-08,129,1,130,complete,true
07,2025-07-21,2025-07-28,2025-09-15,122,0,122,complete,true
07,2025-07-28,2025-08-04,2025-09-22,117,0,117,complete,true
07,2025-08-04,2025-08-11,2025-09-29,113,0,113,complete,true
07,2025-08-11,2025-08-18,2025-10-06,105,0,105,complete,true
07,2025-08-18,2025-08-25,2025-10-13,89,0,89,complete,true
07,2025-08-25,2025-09-01,2025-10-20,81,0,81,complete,true
07,2025-09-01,2025-09-08,2025-10-27,76,1,77,complete,true
07,2025-09-08,2025-09-15,2025-11-03,74,1,75,complete,true
07,2025-09-15,2025-09-22,2025-11-10,73,1,74,complete,true
07,2025-09-22,2025-09-29,2025-11-17,65,1,66,complete,true
07,2025-09-29,2025-10-06,2025-11-24,64,1,65,complete,true
07,2025-10-06,2025-10-13,2025-12-01,58,1,59,complete,true
07,2025-10-13,2025-10-20,2025-12-08,51,1,52,complete,true
07,2025-10-20,2025-10-27,2025-12-15,47,1,48,complete,true
07,2025-10-27,2025-11-03,2025-12-22,44,0,44,complete,true
07,2025-11-03,2025-11-10,2025-12-29,,,,incomplete_future_window,false
07,2025-11-10,2025-11-17,2026-01-05,,,,incomplete_future_window,false
07,2025-11-17,2025-11-24,2026-01-12,,,,incomplete_future_window,false
07,2025-11-24,2025-12-01,2026-01-19,,,,incomplete_future_window,false
07,2025-12-01,2025-12-08,2026-01-26,,,,incomplete_future_window,false
07,2025-12-08,2025-12-15,2026-02-02,,,,incomplete_future_window,false
07,2025-12-15,2025-12-22,2026-02-09,,,,incomplete_future_window,false
07,2025-12-22,2025-12-29,2026-02-16,,,,incomplete_future_window,false
08,2014-12-29,2015-01-05,2015-02-23,30,0,30,complete,true
08,2015-01-05,2015-01-12,2015-03-02,30,0,30,complete,true
08,2015-01-12,2015-01-19,2015-03-09,29,0,29,complete,true
08,2015-01-19,2015-01-26,2015-03-16,25,0,25,complete,true
08,2015-01-26,2015-02-02,2015-03-23,24,0,24,complete,true
08,2015-02-02,2015-02-09,2015-03-30,22,0,22,complete,true
08,2015-02-09,2015-02-16,2015-04-06,18,0,18,complete,true
08,2015-02-16,2015-02-23,2015-04-13,22,0,22,complete,true
08,2015-02-23,2015-03-02,2015-04-20,28,0,28,complete,true
08,2015-03-02,2015-03-09,2015-04-27,34,0,34,complete,true
08,2015-03-09,2015-03-16,2015-05-04,49,0,49,complete,true
08,2015-03-16,2015-03-23,2015-05-11,74,0,74,complete,true
08,2015-03-23,2015-03-30,2015-05-18,95,3,98,complete,true
08,2015-03-30,2015-04-06,2015-05-25,114,3,117,complete,true
08,2015-04-06,2015-04-13,2015-06-01,152,5,157,complete,true
08,2015-04-13,2015-04-20,2015-06-08,182,7,189,complete,true
08,2015-04-20,2015-04-27,2015-06-15,222,7,229,complete,true
08,2015-04-27,2015-05-04,2015-06-22,247,8,255,complete,true
08,2015-05-04,2015-05-11,2015-06-29,295,9,304,complete,true
08,2015-05-11,2015-05-18,2015-07-06,302,11,313,complete,true
08,2015-05-18,2015-05-25,2015-07-13,313,9,322,complete,true
08,2015-05-25,2015-06-01,2015-07-20,327,10,337,complete,true
08,2015-06-01,2015-06-08,2015-07-27,320,8,328,complete,true
08,2015-06-08,2015-06-15,2015-08-03,314,7,321,complete,true
08,2015-06-15,2015-06-22,2015-08-10,288,7,295,complete,true
08,2015-06-22,2015-06-29,2015-08-17,264,6,270,complete,true
08,2015-06-29,2015-07-06,2015-08-24,213,5,218,complete,true
08,2015-07-06,2015-07-13,2015-08-31,199,3,202,complete,true
08,2015-07-13,2015-07-20,2015-09-07,179,3,182,complete,true
08,2015-07-20,2015-07-27,2015-09-14,153,2,155,complete,true
08,2015-07-27,2015-08-03,2015-09-21,129,2,131,complete,true
08,2015-08-03,2015-08-10,2015-09-28,108,1,109,complete,true
08,2015-08-10,2015-08-17,2015-10-05,93,2,95,complete,true
08,2015-08-17,2015-08-24,2015-10-12,87,2,89,complete,true
08,2015-08-24,2015-08-31,2015-10-19,75,2,77,complete,true
08,2015-08-31,2015-09-07,2015-10-26,63,3,66,complete,true
08,2015-09-07,2015-09-14,2015-11-02,62,2,64,complete,true
08,2015-09-14,2015-09-21,2015-11-09,59,2,61,complete,true
08,2015-09-21,2015-09-28,2015-11-16,58,2,60,complete,true
08,2015-09-28,2015-10-05,2015-11-23,54,2,56,complete,true
08,2015-10-05,2015-10-12,2015-11-30,56,1,57,complete,true
08,2015-10-12,2015-10-19,2015-12-07,55,2,57,complete,true
08,2015-10-19,2015-10-26,2015-12-14,54,2,56,complete,true
08,2015-10-26,2015-11-02,2015-12-21,49,1,50,complete,true
08,2015-11-02,2015-11-09,2015-12-28,38,1,39,complete,true
08,2015-11-09,2015-11-16,2016-01-04,33,1,34,complete,true
08,2015-11-16,2015-11-23,2016-01-11,30,1,31,complete,true
08,2015-11-23,2015-11-30,2016-01-18,28,1,29,complete,true
08,2015-11-30,2015-12-07,2016-01-25,24,1,25,complete,true
08,2015-12-07,2015-12-14,2016-02-01,24,0,24,complete,true
08,2015-12-14,2015-12-21,2016-02-08,21,0,21,complete,true
08,2015-12-21,2015-12-28,2016-02-15,22,0,22,complete,true
08,2015-12-28,2016-01-04,2016-02-22,21,0,21,complete,true
08,2016-01-04,2016-01-11,2016-02-29,21,0,21,complete,true
08,2016-01-11,2016-01-18,2016-03-07,18,0,18,complete,true
08,2016-01-18,2016-01-25,2016-03-14,16,0,16,complete,true
08,2016-01-25,2016-02-01,2016-03-21,14,0,14,complete,true
08,2016-02-01,2016-02-08,2016-03-28,20,0,20,complete,true
08,2016-02-08,2016-02-15,2016-04-04,30,0,30,complete,true
08,2016-02-15,2016-02-22,2016-04-11,33,0,33,complete,true
08,2016-02-22,2016-02-29,2016-04-18,42,0,42,complete,true
08,2016-02-29,2016-03-07,2016-04-25,58,0,58,complete,true
08,2016-03-07,2016-03-14,2016-05-02,80,0,80,complete,true
08,2016-03-14,2016-03-21,2016-05-09,100,0,100,complete,true
08,2016-03-21,2016-03-28,2016-05-16,122,0,122,complete,true
08,2016-03-28,2016-04-04,2016-05-23,119,0,119,complete,true
08,2016-04-04,2016-04-11,2016-05-30,145,2,147,complete,true
08,2016-04-11,2016-04-18,2016-06-06,176,3,179,complete,true
08,2016-04-18,2016-04-25,2016-06-13,211,6,217,complete,true
08,2016-04-25,2016-05-02,2016-06-20,249,8,257,complete,true
08,2016-05-02,2016-05-09,2016-06-27,281,12,293,complete,true
08,2016-05-09,2016-05-16,2016-07-04,316,15,331,complete,true
08,2016-05-16,2016-05-23,2016-07-11,327,18,345,complete,true
08,2016-05-23,2016-05-30,2016-07-18,382,19,401,complete,true
08,2016-05-30,2016-06-06,2016-07-25,395,18,413,complete,true
08,2016-06-06,2016-06-13,2016-08-01,405,17,422,complete,true
08,2016-06-13,2016-06-20,2016-08-08,393,15,408,complete,true
08,2016-06-20,2016-06-27,2016-08-15,368,13,381,complete,true
08,2016-06-27,2016-07-04,2016-08-22,338,9,347,complete,true
08,2016-07-04,2016-07-11,2016-08-29,307,6,313,complete,true
08,2016-07-11,2016-07-18,2016-09-05,293,3,296,complete,true
08,2016-07-18,2016-07-25,2016-09-12,252,2,254,complete,true
08,2016-07-25,2016-08-01,2016-09-19,220,1,221,complete,true
08,2016-08-01,2016-08-08,2016-09-26,187,2,189,complete,true
08,2016-08-08,2016-08-15,2016-10-03,165,1,166,complete,true
08,2016-08-15,2016-08-22,2016-10-10,145,1,146,complete,true
08,2016-08-22,2016-08-29,2016-10-17,129,1,130,complete,true
08,2016-08-29,2016-09-05,2016-10-24,119,1,120,complete,true
08,2016-09-05,2016-09-12,2016-10-31,104,1,105,complete,true
08,2016-09-12,2016-09-19,2016-11-07,91,2,93,complete,true
08,2016-09-19,2016-09-26,2016-11-14,84,3,87,complete,true
08,2016-09-26,2016-10-03,2016-11-21,75,2,77,complete,true
08,2016-10-03,2016-10-10,2016-11-28,67,2,69,complete,true
08,2016-10-10,2016-10-17,2016-12-05,63,2,65,complete,true
08,2016-10-17,2016-10-24,2016-12-12,56,2,58,complete,true
08,2016-10-24,2016-10-31,2016-12-19,46,2,48,complete,true
08,2016-10-31,2016-11-07,2016-12-26,43,2,45,complete,true
08,2016-11-07,2016-11-14,2017-01-02,38,1,39,complete,true
08,2016-11-14,2016-11-21,2017-01-09,32,0,32,complete,true
08,2016-11-21,2016-11-28,2017-01-16,31,0,31,complete,true
08,2016-11-28,2016-12-05,2017-01-23,29,0,29,complete,true
08,2016-12-05,2016-12-12,2017-01-30,24,0,24,complete,true
08,2016-12-12,2016-12-19,2017-02-06,25,0,25,complete,true
08,2016-12-19,2016-12-26,2017-02-13,22,0,22,complete,true
08,2016-12-26,2017-01-02,2017-02-20,21,0,21,complete,true
08,2017-01-02,2017-01-09,2017-02-27,21,1,22,complete,true
08,2017-01-09,2017-01-16,2017-03-06,19,1,20,complete,true
08,2017-01-16,2017-01-23,2017-03-13,21,1,22,complete,true
08,2017-01-23,2017-01-30,2017-03-20,25,1,26,complete,true
08,2017-01-30,2017-02-06,2017-03-27,28,1,29,complete,true
08,2017-02-06,2017-02-13,2017-04-03,45,1,46,complete,true
08,2017-02-13,2017-02-20,2017-04-10,55,1,56,complete,true
08,2017-02-20,2017-02-27,2017-04-17,71,2,73,complete,true
08,2017-02-27,2017-03-06,2017-04-24,84,2,86,complete,true
08,2017-03-06,2017-03-13,2017-05-01,96,3,99,complete,true
08,2017-03-13,2017-03-20,2017-05-08,121,3,124,complete,true
08,2017-03-20,2017-03-27,2017-05-15,155,5,160,complete,true
08,2017-03-27,2017-04-03,2017-05-22,185,7,192,complete,true
08,2017-04-03,2017-04-10,2017-05-29,213,8,221,complete,true
08,2017-04-10,2017-04-17,2017-06-05,249,8,257,complete,true
08,2017-04-17,2017-04-24,2017-06-12,272,9,281,complete,true
08,2017-04-24,2017-05-01,2017-06-19,315,9,324,complete,true
08,2017-05-01,2017-05-08,2017-06-26,344,8,352,complete,true
08,2017-05-08,2017-05-15,2017-07-03,366,8,374,complete,true
08,2017-05-15,2017-05-22,2017-07-10,387,10,397,complete,true
08,2017-05-22,2017-05-29,2017-07-17,406,10,416,complete,true
08,2017-05-29,2017-06-05,2017-07-24,395,9,404,complete,true
08,2017-06-05,2017-06-12,2017-07-31,381,10,391,complete,true
08,2017-06-12,2017-06-19,2017-08-07,377,8,385,complete,true
08,2017-06-19,2017-06-26,2017-08-14,335,8,343,complete,true
08,2017-06-26,2017-07-03,2017-08-21,307,8,315,complete,true
08,2017-07-03,2017-07-10,2017-08-28,268,8,276,complete,true
08,2017-07-10,2017-07-17,2017-09-04,229,4,233,complete,true
08,2017-07-17,2017-07-24,2017-09-11,186,2,188,complete,true
08,2017-07-24,2017-07-31,2017-09-18,166,2,168,complete,true
08,2017-07-31,2017-08-07,2017-09-25,140,2,142,complete,true
08,2017-08-07,2017-08-14,2017-10-02,117,2,119,complete,true
08,2017-08-14,2017-08-21,2017-10-09,115,2,117,complete,true
08,2017-08-21,2017-08-28,2017-10-16,123,4,127,complete,true
08,2017-08-28,2017-09-04,2017-10-23,143,5,148,complete,true
08,2017-09-04,2017-09-11,2017-10-30,141,5,146,complete,true
08,2017-09-11,2017-09-18,2017-11-06,142,5,147,complete,true
08,2017-09-18,2017-09-25,2017-11-13,148,5,153,complete,true
08,2017-09-25,2017-10-02,2017-11-20,163,6,169,complete,true
08,2017-10-02,2017-10-09,2017-11-27,161,7,168,complete,true
08,2017-10-09,2017-10-16,2017-12-04,171,6,177,complete,true
08,2017-10-16,2017-10-23,2017-12-11,154,4,158,complete,true
08,2017-10-23,2017-10-30,2017-12-18,123,3,126,complete,true
08,2017-10-30,2017-11-06,2017-12-25,106,3,109,complete,true
08,2017-11-06,2017-11-13,2018-01-01,100,3,103,complete,true
08,2017-11-13,2017-11-20,2018-01-08,84,3,87,complete,true
08,2017-11-20,2017-11-27,2018-01-15,64,1,65,complete,true
08,2017-11-27,2017-12-04,2018-01-22,54,0,54,complete,true
08,2017-12-04,2017-12-11,2018-01-29,35,0,35,complete,true
08,2017-12-11,2017-12-18,2018-02-05,37,0,37,complete,true
08,2017-12-18,2017-12-25,2018-02-12,38,0,38,complete,true
08,2017-12-25,2018-01-01,2018-02-19,35,0,35,complete,true
08,2018-01-01,2018-01-08,2018-02-26,33,0,33,complete,true
08,2018-01-08,2018-01-15,2018-03-05,30,0,30,complete,true
08,2018-01-15,2018-01-22,2018-03-12,30,0,30,complete,true
08,2018-01-22,2018-01-29,2018-03-19,32,0,32,complete,true
08,2018-01-29,2018-02-05,2018-03-26,33,0,33,complete,true
08,2018-02-05,2018-02-12,2018-04-02,33,0,33,complete,true
08,2018-02-12,2018-02-19,2018-04-09,40,0,40,complete,true
08,2018-02-19,2018-02-26,2018-04-16,54,0,54,complete,true
08,2018-02-26,2018-03-05,2018-04-23,84,0,84,complete,true
08,2018-03-05,2018-03-12,2018-04-30,108,2,110,complete,true
08,2018-03-12,2018-03-19,2018-05-07,138,4,142,complete,true
08,2018-03-19,2018-03-26,2018-05-14,181,4,185,complete,true
08,2018-03-26,2018-04-02,2018-05-21,234,5,239,complete,true
08,2018-04-02,2018-04-09,2018-05-28,321,6,327,complete,true
08,2018-04-09,2018-04-16,2018-06-04,410,8,418,complete,true
08,2018-04-16,2018-04-23,2018-06-11,508,12,520,complete,true
08,2018-04-23,2018-04-30,2018-06-18,583,17,600,complete,true
08,2018-04-30,2018-05-07,2018-06-25,640,19,659,complete,true
08,2018-05-07,2018-05-14,2018-07-02,734,21,755,complete,true
08,2018-05-14,2018-05-21,2018-07-09,786,23,809,complete,true
08,2018-05-21,2018-05-28,2018-07-16,830,27,857,complete,true
08,2018-05-28,2018-06-04,2018-07-23,835,28,863,complete,true
08,2018-06-04,2018-06-11,2018-07-30,807,27,834,complete,true
08,2018-06-11,2018-06-18,2018-08-06,773,24,797,complete,true
08,2018-06-18,2018-06-25,2018-08-13,734,19,753,complete,true
08,2018-06-25,2018-07-02,2018-08-20,701,17,718,complete,true
08,2018-07-02,2018-07-09,2018-08-27,612,13,625,complete,true
08,2018-07-09,2018-07-16,2018-09-03,548,11,559,complete,true
08,2018-07-16,2018-07-23,2018-09-10,483,6,489,complete,true
08,2018-07-23,2018-07-30,2018-09-17,424,4,428,complete,true
08,2018-07-30,2018-08-06,2018-09-24,375,3,378,complete,true
08,2018-08-06,2018-08-13,2018-10-01,326,4,330,complete,true
08,2018-08-13,2018-08-20,2018-10-08,289,6,295,complete,true
08,2018-08-20,2018-08-27,2018-10-15,261,4,265,complete,true
08,2018-08-27,2018-09-03,2018-10-22,248,6,254,complete,true
08,2018-09-03,2018-09-10,2018-10-29,225,7,232,complete,true
08,2018-09-10,2018-09-17,2018-11-05,210,7,217,complete,true
08,2018-09-17,2018-09-24,2018-11-12,186,7,193,complete,true
08,2018-09-24,2018-10-01,2018-11-19,183,7,190,complete,true
08,2018-10-01,2018-10-08,2018-11-26,164,5,169,complete,true
08,2018-10-08,2018-10-15,2018-12-03,137,3,140,complete,true
08,2018-10-15,2018-10-22,2018-12-10,119,3,122,complete,true
08,2018-10-22,2018-10-29,2018-12-17,104,1,105,complete,true
08,2018-10-29,2018-11-05,2018-12-24,96,0,96,complete,true
08,2018-11-05,2018-11-12,2018-12-31,77,0,77,complete,true
08,2018-11-12,2018-11-19,2019-01-07,62,0,62,complete,true
08,2018-11-19,2018-11-26,2019-01-14,49,0,49,complete,true
08,2018-11-26,2018-12-03,2019-01-21,48,0,48,complete,true
08,2018-12-03,2018-12-10,2019-01-28,47,0,47,complete,true
08,2018-12-10,2018-12-17,2019-02-04,42,0,42,complete,true
08,2018-12-17,2018-12-24,2019-02-11,40,0,40,complete,true
08,2018-12-24,2018-12-31,2019-02-18,43,1,44,complete,true
08,2018-12-31,2019-01-07,2019-02-25,42,1,43,complete,true
08,2019-01-07,2019-01-14,2019-03-04,46,1,47,complete,true
08,2019-01-14,2019-01-21,2019-03-11,44,1,45,complete,true
08,2019-01-21,2019-01-28,2019-03-18,37,1,38,complete,true
08,2019-01-28,2019-02-04,2019-03-25,35,1,36,complete,true
08,2019-02-04,2019-02-11,2019-04-01,43,1,44,complete,true
08,2019-02-11,2019-02-18,2019-04-08,52,2,54,complete,true
08,2019-02-18,2019-02-25,2019-04-15,56,2,58,complete,true
08,2019-02-25,2019-03-04,2019-04-22,68,3,71,complete,true
08,2019-03-04,2019-03-11,2019-04-29,77,4,81,complete,true
08,2019-03-11,2019-03-18,2019-05-06,90,4,94,complete,true
08,2019-03-18,2019-03-25,2019-05-13,106,5,111,complete,true
08,2019-03-25,2019-04-01,2019-05-20,132,5,137,complete,true
08,2019-04-01,2019-04-08,2019-05-27,153,5,158,complete,true
08,2019-04-08,2019-04-15,2019-06-03,170,4,174,complete,true
08,2019-04-15,2019-04-22,2019-06-10,213,5,218,complete,true
08,2019-04-22,2019-04-29,2019-06-17,243,7,250,complete,true
08,2019-04-29,2019-05-06,2019-06-24,271,9,280,complete,true
08,2019-05-06,2019-05-13,2019-07-01,299,11,310,complete,true
08,2019-05-13,2019-05-20,2019-07-08,322,10,332,complete,true
08,2019-05-20,2019-05-27,2019-07-15,324,13,337,complete,true
08,2019-05-27,2019-06-03,2019-07-22,331,14,345,complete,true
08,2019-06-03,2019-06-10,2019-07-29,326,14,340,complete,true
08,2019-06-10,2019-06-17,2019-08-05,300,12,312,complete,true
08,2019-06-17,2019-06-24,2019-08-12,276,10,286,complete,true
08,2019-06-24,2019-07-01,2019-08-19,261,7,268,complete,true
08,2019-07-01,2019-07-08,2019-08-26,235,6,241,complete,true
08,2019-07-08,2019-07-15,2019-09-02,223,7,230,complete,true
08,2019-07-15,2019-07-22,2019-09-09,203,4,207,complete,true
08,2019-07-22,2019-07-29,2019-09-16,173,3,176,complete,true
08,2019-07-29,2019-08-05,2019-09-23,157,3,160,complete,true
08,2019-08-05,2019-08-12,2019-09-30,145,4,149,complete,true
08,2019-08-12,2019-08-19,2019-10-07,133,3,136,complete,true
08,2019-08-19,2019-08-26,2019-10-14,122,5,127,complete,true
08,2019-08-26,2019-09-02,2019-10-21,125,5,130,complete,true
08,2019-09-02,2019-09-09,2019-10-28,114,6,120,complete,true
08,2019-09-09,2019-09-16,2019-11-04,123,8,131,complete,true
08,2019-09-16,2019-09-23,2019-11-11,131,9,140,complete,true
08,2019-09-23,2019-09-30,2019-11-18,133,9,142,complete,true
08,2019-09-30,2019-10-07,2019-11-25,127,8,135,complete,true
08,2019-10-07,2019-10-14,2019-12-02,124,9,133,complete,true
08,2019-10-14,2019-10-21,2019-12-09,116,7,123,complete,true
08,2019-10-21,2019-10-28,2019-12-16,96,6,102,complete,true
08,2019-10-28,2019-11-04,2019-12-23,84,4,88,complete,true
08,2019-11-04,2019-11-11,2019-12-30,71,2,73,complete,true
08,2019-11-11,2019-11-18,2020-01-06,60,1,61,complete,true
08,2019-11-18,2019-11-25,2020-01-13,54,1,55,complete,true
08,2019-11-25,2019-12-02,2020-01-20,47,1,48,complete,true
08,2019-12-02,2019-12-09,2020-01-27,41,0,41,complete,true
08,2019-12-09,2019-12-16,2020-02-03,35,0,35,complete,true
08,2019-12-16,2019-12-23,2020-02-10,34,0,34,complete,true
08,2019-12-23,2019-12-30,2020-02-17,32,0,32,complete,true
08,2019-12-30,2020-01-06,2020-02-24,30,0,30,complete,true
08,2020-01-06,2020-01-13,2020-03-02,28,0,28,complete,true
08,2020-01-13,2020-01-20,2020-03-09,21,0,21,complete,true
08,2020-01-20,2020-01-27,2020-03-16,25,0,25,complete,true
08,2020-01-27,2020-02-03,2020-03-23,29,0,29,complete,true
08,2020-02-03,2020-02-10,2020-03-30,38,0,38,complete,true
08,2020-02-10,2020-02-17,2020-04-06,58,0,58,complete,true
08,2020-02-17,2020-02-24,2020-04-13,83,0,83,complete,true
08,2020-02-24,2020-03-02,2020-04-20,115,0,115,complete,true
08,2020-03-02,2020-03-09,2020-04-27,144,0,144,complete,true
08,2020-03-09,2020-03-16,2020-05-04,195,2,197,complete,true
08,2020-03-16,2020-03-23,2020-05-11,252,2,254,complete,true
08,2020-03-23,2020-03-30,2020-05-18,348,3,351,complete,true
08,2020-03-30,2020-04-06,2020-05-25,423,7,430,complete,true
08,2020-04-06,2020-04-13,2020-06-01,505,8,513,complete,true
08,2020-04-13,2020-04-20,2020-06-08,599,11,610,complete,true
08,2020-04-20,2020-04-27,2020-06-15,702,14,716,complete,true
08,2020-04-27,2020-05-04,2020-06-22,773,15,788,complete,true
08,2020-05-04,2020-05-11,2020-06-29,861,15,876,complete,true
08,2020-05-11,2020-05-18,2020-07-06,899,20,919,complete,true
08,2020-05-18,2020-05-25,2020-07-13,887,20,907,complete,true
08,2020-05-25,2020-06-01,2020-07-20,870,20,890,complete,true
08,2020-06-01,2020-06-08,2020-07-27,842,21,863,complete,true
08,2020-06-08,2020-06-15,2020-08-03,780,24,804,complete,true
08,2020-06-15,2020-06-22,2020-08-10,698,22,720,complete,true
08,2020-06-22,2020-06-29,2020-08-17,655,21,676,complete,true
08,2020-06-29,2020-07-06,2020-08-24,553,19,572,complete,true
08,2020-07-06,2020-07-13,2020-08-31,491,16,507,complete,true
08,2020-07-13,2020-07-20,2020-09-07,436,15,451,complete,true
08,2020-07-20,2020-07-27,2020-09-14,395,11,406,complete,true
08,2020-07-27,2020-08-03,2020-09-21,340,9,349,complete,true
08,2020-08-03,2020-08-10,2020-09-28,298,3,301,complete,true
08,2020-08-10,2020-08-17,2020-10-05,256,2,258,complete,true
08,2020-08-17,2020-08-24,2020-10-12,211,2,213,complete,true
08,2020-08-24,2020-08-31,2020-10-19,180,2,182,complete,true
08,2020-08-31,2020-09-07,2020-10-26,149,0,149,complete,true
08,2020-09-07,2020-09-14,2020-11-02,129,0,129,complete,true
08,2020-09-14,2020-09-21,2020-11-09,114,0,114,complete,true
08,2020-09-21,2020-09-28,2020-11-16,103,0,103,complete,true
08,2020-09-28,2020-10-05,2020-11-23,95,0,95,complete,true
08,2020-10-05,2020-10-12,2020-11-30,89,0,89,complete,true
08,2020-10-12,2020-10-19,2020-12-07,84,0,84,complete,true
08,2020-10-19,2020-10-26,2020-12-14,81,0,81,complete,true
08,2020-10-26,2020-11-02,2020-12-21,76,0,76,complete,true
08,2020-11-02,2020-11-09,2020-12-28,70,0,70,complete,true
08,2020-11-09,2020-11-16,2021-01-04,64,0,64,complete,true
08,2020-11-16,2020-11-23,2021-01-11,60,0,60,complete,true
08,2020-11-23,2020-11-30,2021-01-18,56,0,56,complete,true
08,2020-11-30,2020-12-07,2021-01-25,49,0,49,complete,true
08,2020-12-07,2020-12-14,2021-02-01,41,0,41,complete,true
08,2020-12-14,2020-12-21,2021-02-08,40,0,40,complete,true
08,2020-12-21,2020-12-28,2021-02-15,39,0,39,complete,true
08,2020-12-28,2021-01-04,2021-02-22,32,0,32,complete,true
08,2021-01-04,2021-01-11,2021-03-01,27,0,27,complete,true
08,2021-01-11,2021-01-18,2021-03-08,26,0,26,complete,true
08,2021-01-18,2021-01-25,2021-03-15,28,0,28,complete,true
08,2021-01-25,2021-02-01,2021-03-22,27,1,28,complete,true
08,2021-02-01,2021-02-08,2021-03-29,32,1,33,complete,true
08,2021-02-08,2021-02-15,2021-04-05,32,1,33,complete,true
08,2021-02-15,2021-02-22,2021-04-12,39,2,41,complete,true
08,2021-02-22,2021-03-01,2021-04-19,51,2,53,complete,true
08,2021-03-01,2021-03-08,2021-04-26,63,2,65,complete,true
08,2021-03-08,2021-03-15,2021-05-03,81,2,83,complete,true
08,2021-03-15,2021-03-22,2021-05-10,88,2,90,complete,true
08,2021-03-22,2021-03-29,2021-05-17,103,1,104,complete,true
08,2021-03-29,2021-04-05,2021-05-24,125,1,126,complete,true
08,2021-04-05,2021-04-12,2021-05-31,157,1,158,complete,true
08,2021-04-12,2021-04-19,2021-06-07,192,0,192,complete,true
08,2021-04-19,2021-04-26,2021-06-14,229,1,230,complete,true
08,2021-04-26,2021-05-03,2021-06-21,248,1,249,complete,true
08,2021-05-03,2021-05-10,2021-06-28,269,3,272,complete,true
08,2021-05-10,2021-05-17,2021-07-05,283,3,286,complete,true
08,2021-05-17,2021-05-24,2021-07-12,297,3,300,complete,true
08,2021-05-24,2021-05-31,2021-07-19,300,4,304,complete,true
08,2021-05-31,2021-06-07,2021-07-26,302,4,306,complete,true
08,2021-06-07,2021-06-14,2021-08-02,285,4,289,complete,true
08,2021-06-14,2021-06-21,2021-08-09,264,3,267,complete,true
08,2021-06-21,2021-06-28,2021-08-16,250,3,253,complete,true
08,2021-06-28,2021-07-05,2021-08-23,212,1,213,complete,true
08,2021-07-05,2021-07-12,2021-08-30,193,1,194,complete,true
08,2021-07-12,2021-07-19,2021-09-06,167,1,168,complete,true
08,2021-07-19,2021-07-26,2021-09-13,146,0,146,complete,true
08,2021-07-26,2021-08-02,2021-09-20,122,0,122,complete,true
08,2021-08-02,2021-08-09,2021-09-27,106,0,106,complete,true
08,2021-08-09,2021-08-16,2021-10-04,89,3,92,complete,true
08,2021-08-16,2021-08-23,2021-10-11,76,4,80,complete,true
08,2021-08-23,2021-08-30,2021-10-18,79,4,83,complete,true
08,2021-08-30,2021-09-06,2021-10-25,77,5,82,complete,true
08,2021-09-06,2021-09-13,2021-11-01,84,5,89,complete,true
08,2021-09-13,2021-09-20,2021-11-08,77,7,84,complete,true
08,2021-09-20,2021-09-27,2021-11-15,76,7,83,complete,true
08,2021-09-27,2021-10-04,2021-11-22,70,8,78,complete,true
08,2021-10-04,2021-10-11,2021-11-29,63,6,69,complete,true
08,2021-10-11,2021-10-18,2021-12-06,64,5,69,complete,true
08,2021-10-18,2021-10-25,2021-12-13,61,5,66,complete,true
08,2021-10-25,2021-11-01,2021-12-20,57,4,61,complete,true
08,2021-11-01,2021-11-08,2021-12-27,47,4,51,complete,true
08,2021-11-08,2021-11-15,2022-01-03,46,2,48,complete,true
08,2021-11-15,2021-11-22,2022-01-10,35,2,37,complete,true
08,2021-11-22,2021-11-29,2022-01-17,29,1,30,complete,true
08,2021-11-29,2021-12-06,2022-01-24,27,0,27,complete,true
08,2021-12-06,2021-12-13,2022-01-31,20,0,20,complete,true
08,2021-12-13,2021-12-20,2022-02-07,16,0,16,complete,true
08,2021-12-20,2021-12-27,2022-02-14,13,0,13,complete,true
08,2021-12-27,2022-01-03,2022-02-21,16,0,16,complete,true
08,2022-01-03,2022-01-10,2022-02-28,16,0,16,complete,true
08,2022-01-10,2022-01-17,2022-03-07,14,0,14,complete,true
08,2022-01-17,2022-01-24,2022-03-14,17,0,17,complete,true
08,2022-01-24,2022-01-31,2022-03-21,18,0,18,complete,true
08,2022-01-31,2022-02-07,2022-03-28,21,0,21,complete,true
08,2022-02-07,2022-02-14,2022-04-04,26,1,27,complete,true
08,2022-02-14,2022-02-21,2022-04-11,32,1,33,complete,true
08,2022-02-21,2022-02-28,2022-04-18,31,1,32,complete,true
08,2022-02-28,2022-03-07,2022-04-25,44,1,45,complete,true
08,2022-03-07,2022-03-14,2022-05-02,67,2,69,complete,true
08,2022-03-14,2022-03-21,2022-05-09,93,2,95,complete,true
08,2022-03-21,2022-03-28,2022-05-16,134,2,136,complete,true
08,2022-03-28,2022-04-04,2022-05-23,173,2,175,complete,true
08,2022-04-04,2022-04-11,2022-05-30,209,1,210,complete,true
08,2022-04-11,2022-04-18,2022-06-06,227,1,228,complete,true
08,2022-04-18,2022-04-25,2022-06-13,261,4,265,complete,true
08,2022-04-25,2022-05-02,2022-06-20,323,8,331,complete,true
08,2022-05-02,2022-05-09,2022-06-27,375,9,384,complete,true
08,2022-05-09,2022-05-16,2022-07-04,416,10,426,complete,true
08,2022-05-16,2022-05-23,2022-07-11,436,16,452,complete,true
08,2022-05-23,2022-05-30,2022-07-18,441,18,459,complete,true
08,2022-05-30,2022-06-06,2022-07-25,424,22,446,complete,true
08,2022-06-06,2022-06-13,2022-08-01,429,24,453,complete,true
08,2022-06-13,2022-06-20,2022-08-08,418,23,441,complete,true
08,2022-06-20,2022-06-27,2022-08-15,355,20,375,complete,true
08,2022-06-27,2022-07-04,2022-08-22,293,19,312,complete,true
08,2022-07-04,2022-07-11,2022-08-29,236,20,256,complete,true
08,2022-07-11,2022-07-18,2022-09-05,181,14,195,complete,true
08,2022-07-18,2022-07-25,2022-09-12,145,12,157,complete,true
08,2022-07-25,2022-08-01,2022-09-19,133,9,142,complete,true
08,2022-08-01,2022-08-08,2022-09-26,110,7,117,complete,true
08,2022-08-08,2022-08-15,2022-10-03,97,5,102,complete,true
08,2022-08-15,2022-08-22,2022-10-10,99,4,103,complete,true
08,2022-08-22,2022-08-29,2022-10-17,109,3,112,complete,true
08,2022-08-29,2022-09-05,2022-10-24,114,2,116,complete,true
08,2022-09-05,2022-09-12,2022-10-31,115,3,118,complete,true
08,2022-09-12,2022-09-19,2022-11-07,125,3,128,complete,true
08,2022-09-19,2022-09-26,2022-11-14,132,3,135,complete,true
08,2022-09-26,2022-10-03,2022-11-21,131,3,134,complete,true
08,2022-10-03,2022-10-10,2022-11-28,125,3,128,complete,true
08,2022-10-10,2022-10-17,2022-12-05,114,4,118,complete,true
08,2022-10-17,2022-10-24,2022-12-12,97,4,101,complete,true
08,2022-10-24,2022-10-31,2022-12-19,88,3,91,complete,true
08,2022-10-31,2022-11-07,2022-12-26,83,2,85,complete,true
08,2022-11-07,2022-11-14,2023-01-02,67,3,70,complete,true
08,2022-11-14,2022-11-21,2023-01-09,51,2,53,complete,true
08,2022-11-21,2022-11-28,2023-01-16,52,2,54,complete,true
08,2022-11-28,2022-12-05,2023-01-23,49,2,51,complete,true
08,2022-12-05,2022-12-12,2023-01-30,44,1,45,complete,true
08,2022-12-12,2022-12-19,2023-02-06,41,1,42,complete,true
08,2022-12-19,2022-12-26,2023-02-13,36,1,37,complete,true
08,2022-12-26,2023-01-02,2023-02-20,34,1,35,complete,true
08,2023-01-02,2023-01-09,2023-02-27,31,0,31,complete,true
08,2023-01-09,2023-01-16,2023-03-06,28,0,28,complete,true
08,2023-01-16,2023-01-23,2023-03-13,23,0,23,complete,true
08,2023-01-23,2023-01-30,2023-03-20,29,0,29,complete,true
08,2023-01-30,2023-02-06,2023-03-27,31,0,31,complete,true
08,2023-02-06,2023-02-13,2023-04-03,41,0,41,complete,true
08,2023-02-13,2023-02-20,2023-04-10,50,0,50,complete,true
08,2023-02-20,2023-02-27,2023-04-17,62,0,62,complete,true
08,2023-02-27,2023-03-06,2023-04-24,79,0,79,complete,true
08,2023-03-06,2023-03-13,2023-05-01,95,0,95,complete,true
08,2023-03-13,2023-03-20,2023-05-08,115,0,115,complete,true
08,2023-03-20,2023-03-27,2023-05-15,129,0,129,complete,true
08,2023-03-27,2023-04-03,2023-05-22,162,1,163,complete,true
08,2023-04-03,2023-04-10,2023-05-29,192,1,193,complete,true
08,2023-04-10,2023-04-17,2023-06-05,215,1,216,complete,true
08,2023-04-17,2023-04-24,2023-06-12,223,3,226,complete,true
08,2023-04-24,2023-05-01,2023-06-19,255,3,258,complete,true
08,2023-05-01,2023-05-08,2023-06-26,268,4,272,complete,true
08,2023-05-08,2023-05-15,2023-07-03,282,6,288,complete,true
08,2023-05-15,2023-05-22,2023-07-10,308,11,319,complete,true
08,2023-05-22,2023-05-29,2023-07-17,312,10,322,complete,true
08,2023-05-29,2023-06-05,2023-07-24,284,10,294,complete,true
08,2023-06-05,2023-06-12,2023-07-31,272,13,285,complete,true
08,2023-06-12,2023-06-19,2023-08-07,266,11,277,complete,true
08,2023-06-19,2023-06-26,2023-08-14,240,11,251,complete,true
08,2023-06-26,2023-07-03,2023-08-21,237,10,247,complete,true
08,2023-07-03,2023-07-10,2023-08-28,216,8,224,complete,true
08,2023-07-10,2023-07-17,2023-09-04,188,3,191,complete,true
08,2023-07-17,2023-07-24,2023-09-11,157,4,161,complete,true
08,2023-07-24,2023-07-31,2023-09-18,154,4,158,complete,true
08,2023-07-31,2023-08-07,2023-09-25,149,1,150,complete,true
08,2023-08-07,2023-08-14,2023-10-02,146,1,147,complete,true
08,2023-08-14,2023-08-21,2023-10-09,129,2,131,complete,true
08,2023-08-21,2023-08-28,2023-10-16,112,2,114,complete,true
08,2023-08-28,2023-09-04,2023-10-23,115,2,117,complete,true
08,2023-09-04,2023-09-11,2023-10-30,101,4,105,complete,true
08,2023-09-11,2023-09-18,2023-11-06,100,3,103,complete,true
08,2023-09-18,2023-09-25,2023-11-13,97,3,100,complete,true
08,2023-09-25,2023-10-02,2023-11-20,87,3,90,complete,true
08,2023-10-02,2023-10-09,2023-11-27,82,3,85,complete,true
08,2023-10-09,2023-10-16,2023-12-04,74,2,76,complete,true
08,2023-10-16,2023-10-23,2023-12-11,65,3,68,complete,true
08,2023-10-23,2023-10-30,2023-12-18,48,3,51,complete,true
08,2023-10-30,2023-11-06,2023-12-25,41,1,42,complete,true
08,2023-11-06,2023-11-13,2024-01-01,41,1,42,complete,true
08,2023-11-13,2023-11-20,2024-01-08,36,1,37,complete,true
08,2023-11-20,2023-11-27,2024-01-15,33,1,34,complete,true
08,2023-11-27,2023-12-04,2024-01-22,32,1,33,complete,true
08,2023-12-04,2023-12-11,2024-01-29,35,1,36,complete,true
08,2023-12-11,2023-12-18,2024-02-05,36,0,36,complete,true
08,2023-12-18,2023-12-25,2024-02-12,36,0,36,complete,true
08,2023-12-25,2024-01-01,2024-02-19,37,0,37,complete,true
08,2024-01-01,2024-01-08,2024-02-26,36,0,36,complete,true
08,2024-01-08,2024-01-15,2024-03-04,37,0,37,complete,true
08,2024-01-15,2024-01-22,2024-03-11,41,1,42,complete,true
08,2024-01-22,2024-01-29,2024-03-18,40,2,42,complete,true
08,2024-01-29,2024-02-05,2024-03-25,45,2,47,complete,true
08,2024-02-05,2024-02-12,2024-04-01,54,2,56,complete,true
08,2024-02-12,2024-02-19,2024-04-08,78,2,80,complete,true
08,2024-02-19,2024-02-26,2024-04-15,98,3,101,complete,true
08,2024-02-26,2024-03-04,2024-04-22,108,3,111,complete,true
08,2024-03-04,2024-03-11,2024-04-29,127,6,133,complete,true
08,2024-03-11,2024-03-18,2024-05-06,141,6,147,complete,true
08,2024-03-18,2024-03-25,2024-05-13,167,8,175,complete,true
08,2024-03-25,2024-04-01,2024-05-20,201,10,211,complete,true
08,2024-04-01,2024-04-08,2024-05-27,238,10,248,complete,true
08,2024-04-08,2024-04-15,2024-06-03,250,13,263,complete,true
08,2024-04-15,2024-04-22,2024-06-10,274,15,289,complete,true
08,2024-04-22,2024-04-29,2024-06-17,311,16,327,complete,true
08,2024-04-29,2024-05-06,2024-06-24,337,13,350,complete,true
08,2024-05-06,2024-05-13,2024-07-01,371,14,385,complete,true
08,2024-05-13,2024-05-20,2024-07-08,394,14,408,complete,true
08,2024-05-20,2024-05-27,2024-07-15,387,12,399,complete,true
08,2024-05-27,2024-06-03,2024-07-22,383,12,395,complete,true
08,2024-06-03,2024-06-10,2024-07-29,382,9,391,complete,true
08,2024-06-10,2024-06-17,2024-08-05,362,6,368,complete,true
08,2024-06-17,2024-06-24,2024-08-12,330,5,335,complete,true
08,2024-06-24,2024-07-01,2024-08-19,288,5,293,complete,true
08,2024-07-01,2024-07-08,2024-08-26,252,4,256,complete,true
08,2024-07-08,2024-07-15,2024-09-02,211,1,212,complete,true
08,2024-07-15,2024-07-22,2024-09-09,191,1,192,complete,true
08,2024-07-22,2024-07-29,2024-09-16,153,1,154,complete,true
08,2024-07-29,2024-08-05,2024-09-23,123,1,124,complete,true
08,2024-08-05,2024-08-12,2024-09-30,113,2,115,complete,true
08,2024-08-12,2024-08-19,2024-10-07,107,3,110,complete,true
08,2024-08-19,2024-08-26,2024-10-14,106,6,112,complete,true
08,2024-08-26,2024-09-02,2024-10-21,99,5,104,complete,true
08,2024-09-02,2024-09-09,2024-10-28,97,6,103,complete,true
08,2024-09-09,2024-09-16,2024-11-04,98,6,104,complete,true
08,2024-09-16,2024-09-23,2024-11-11,106,6,112,complete,true
08,2024-09-23,2024-09-30,2024-11-18,118,7,125,complete,true
08,2024-09-30,2024-10-07,2024-11-25,109,6,115,complete,true
08,2024-10-07,2024-10-14,2024-12-02,103,5,108,complete,true
08,2024-10-14,2024-10-21,2024-12-09,101,2,103,complete,true
08,2024-10-21,2024-10-28,2024-12-16,94,2,96,complete,true
08,2024-10-28,2024-11-04,2024-12-23,86,1,87,complete,true
08,2024-11-04,2024-11-11,2024-12-30,71,1,72,complete,true
08,2024-11-11,2024-11-18,2025-01-06,65,1,66,complete,true
08,2024-11-18,2024-11-25,2025-01-13,56,0,56,complete,true
08,2024-11-25,2024-12-02,2025-01-20,56,0,56,complete,true
08,2024-12-02,2024-12-09,2025-01-27,49,0,49,complete,true
08,2024-12-09,2024-12-16,2025-02-03,49,0,49,complete,true
08,2024-12-16,2024-12-23,2025-02-10,46,0,46,complete,true
08,2024-12-23,2024-12-30,2025-02-17,45,0,45,complete,true
08,2024-12-30,2025-01-06,2025-02-24,47,0,47,complete,true
08,2025-01-06,2025-01-13,2025-03-03,42,0,42,complete,true
08,2025-01-13,2025-01-20,2025-03-10,39,0,39,complete,true
08,2025-01-20,2025-01-27,2025-03-17,36,0,36,complete,true
08,2025-01-27,2025-02-03,2025-03-24,37,0,37,complete,true
08,2025-02-03,2025-02-10,2025-03-31,41,0,41,complete,true
08,2025-02-10,2025-02-17,2025-04-07,48,0,48,complete,true
08,2025-02-17,2025-02-24,2025-04-14,61,0,61,complete,true
08,2025-02-24,2025-03-03,2025-04-21,78,1,79,complete,true
08,2025-03-03,2025-03-10,2025-04-28,93,1,94,complete,true
08,2025-03-10,2025-03-17,2025-05-05,125,3,128,complete,true
08,2025-03-17,2025-03-24,2025-05-12,161,3,164,complete,true
08,2025-03-24,2025-03-31,2025-05-19,206,4,210,complete,true
08,2025-03-31,2025-04-07,2025-05-26,240,6,246,complete,true
08,2025-04-07,2025-04-14,2025-06-02,285,7,292,complete,true
08,2025-04-14,2025-04-21,2025-06-09,348,7,355,complete,true
08,2025-04-21,2025-04-28,2025-06-16,396,9,405,complete,true
08,2025-04-28,2025-05-05,2025-06-23,432,11,443,complete,true
08,2025-05-05,2025-05-12,2025-06-30,464,11,475,complete,true
08,2025-05-12,2025-05-19,2025-07-07,504,11,515,complete,true
08,2025-05-19,2025-05-26,2025-07-14,513,13,526,complete,true
08,2025-05-26,2025-06-02,2025-07-21,545,12,557,complete,true
08,2025-06-02,2025-06-09,2025-07-28,548,12,560,complete,true
08,2025-06-09,2025-06-16,2025-08-04,510,13,523,complete,true
08,2025-06-16,2025-06-23,2025-08-11,509,11,520,complete,true
08,2025-06-23,2025-06-30,2025-08-18,500,9,509,complete,true
08,2025-06-30,2025-07-07,2025-08-25,471,10,481,complete,true
08,2025-07-07,2025-07-14,2025-09-01,434,10,444,complete,true
08,2025-07-14,2025-07-21,2025-09-08,409,7,416,complete,true
08,2025-07-21,2025-07-28,2025-09-15,365,7,372,complete,true
08,2025-07-28,2025-08-04,2025-09-22,327,6,333,complete,true
08,2025-08-04,2025-08-11,2025-09-29,303,5,308,complete,true
08,2025-08-11,2025-08-18,2025-10-06,257,5,262,complete,true
08,2025-08-18,2025-08-25,2025-10-13,239,5,244,complete,true
08,2025-08-25,2025-09-01,2025-10-20,215,2,217,complete,true
08,2025-09-01,2025-09-08,2025-10-27,196,2,198,complete,true
08,2025-09-08,2025-09-15,2025-11-03,186,3,189,complete,true
08,2025-09-15,2025-09-22,2025-11-10,183,2,185,complete,true
08,2025-09-22,2025-09-29,2025-11-17,172,2,174,complete,true
08,2025-09-29,2025-10-06,2025-11-24,167,2,169,complete,true
08,2025-10-06,2025-10-13,2025-12-01,156,1,157,complete,true
08,2025-10-13,2025-10-20,2025-12-08,139,1,140,complete,true
08,2025-10-20,2025-10-27,2025-12-15,132,1,133,complete,true
08,2025-10-27,2025-11-03,2025-12-22,116,1,117,complete,true
08,2025-11-03,2025-11-10,2025-12-29,,,,incomplete_future_window,false
08,2025-11-10,2025-11-17,2026-01-05,,,,incomplete_future_window,false
08,2025-11-17,2025-11-24,2026-01-12,,,,incomplete_future_window,false
08,2025-11-24,2025-12-01,2026-01-19,,,,incomplete_future_window,false
08,2025-12-01,2025-12-08,2026-01-26,,,,incomplete_future_window,false
08,2025-12-08,2025-12-15,2026-02-02,,,,incomplete_future_window,false
08,2025-12-15,2025-12-22,2026-02-09,,,,incomplete_future_window,false
08,2025-12-22,2025-12-29,2026-02-16,,,,incomplete_future_window,false
09,2014-12-29,2015-01-05,2015-02-23,27,1,28,complete,true
09,2015-01-05,2015-01-12,2015-03-02,21,0,21,complete,true
09,2015-01-12,2015-01-19,2015-03-09,19,0,19,complete,true
09,2015-01-19,2015-01-26,2015-03-16,19,0,19,complete,true
09,2015-01-26,2015-02-02,2015-03-23,18,0,18,complete,true
09,2015-02-02,2015-02-09,2015-03-30,16,0,16,complete,true
09,2015-02-09,2015-02-16,2015-04-06,15,0,15,complete,true
09,2015-02-16,2015-02-23,2015-04-13,17,0,17,complete,true
09,2015-02-23,2015-03-02,2015-04-20,23,0,23,complete,true
09,2015-03-02,2015-03-09,2015-04-27,29,0,29,complete,true
09,2015-03-09,2015-03-16,2015-05-04,29,0,29,complete,true
09,2015-03-16,2015-03-23,2015-05-11,36,0,36,complete,true
09,2015-03-23,2015-03-30,2015-05-18,46,0,46,complete,true
09,2015-03-30,2015-04-06,2015-05-25,61,0,61,complete,true
09,2015-04-06,2015-04-13,2015-06-01,73,2,75,complete,true
09,2015-04-13,2015-04-20,2015-06-08,91,2,93,complete,true
09,2015-04-20,2015-04-27,2015-06-15,110,2,112,complete,true
09,2015-04-27,2015-05-04,2015-06-22,121,4,125,complete,true
09,2015-05-04,2015-05-11,2015-06-29,147,5,152,complete,true
09,2015-05-11,2015-05-18,2015-07-06,170,5,175,complete,true
09,2015-05-18,2015-05-25,2015-07-13,190,5,195,complete,true
09,2015-05-25,2015-06-01,2015-07-20,193,6,199,complete,true
09,2015-06-01,2015-06-08,2015-07-27,196,4,200,complete,true
09,2015-06-08,2015-06-15,2015-08-03,187,4,191,complete,true
09,2015-06-15,2015-06-22,2015-08-10,179,4,183,complete,true
09,2015-06-22,2015-06-29,2015-08-17,174,2,176,complete,true
09,2015-06-29,2015-07-06,2015-08-24,164,1,165,complete,true
09,2015-07-06,2015-07-13,2015-08-31,143,2,145,complete,true
09,2015-07-13,2015-07-20,2015-09-07,121,2,123,complete,true
09,2015-07-20,2015-07-27,2015-09-14,111,1,112,complete,true
09,2015-07-27,2015-08-03,2015-09-21,106,1,107,complete,true
09,2015-08-03,2015-08-10,2015-09-28,103,2,105,complete,true
09,2015-08-10,2015-08-17,2015-10-05,91,2,93,complete,true
09,2015-08-17,2015-08-24,2015-10-12,85,2,87,complete,true
09,2015-08-24,2015-08-31,2015-10-19,70,2,72,complete,true
09,2015-08-31,2015-09-07,2015-10-26,63,1,64,complete,true
09,2015-09-07,2015-09-14,2015-11-02,55,1,56,complete,true
09,2015-09-14,2015-09-21,2015-11-09,50,1,51,complete,true
09,2015-09-21,2015-09-28,2015-11-16,43,1,44,complete,true
09,2015-09-28,2015-10-05,2015-11-23,40,0,40,complete,true
09,2015-10-05,2015-10-12,2015-11-30,39,0,39,complete,true
09,2015-10-12,2015-10-19,2015-12-07,35,0,35,complete,true
09,2015-10-19,2015-10-26,2015-12-14,36,0,36,complete,true
09,2015-10-26,2015-11-02,2015-12-21,31,0,31,complete,true
09,2015-11-02,2015-11-09,2015-12-28,32,0,32,complete,true
09,2015-11-09,2015-11-16,2016-01-04,33,0,33,complete,true
09,2015-11-16,2015-11-23,2016-01-11,30,0,30,complete,true
09,2015-11-23,2015-11-30,2016-01-18,26,0,26,complete,true
09,2015-11-30,2015-12-07,2016-01-25,23,0,23,complete,true
09,2015-12-07,2015-12-14,2016-02-01,22,0,22,complete,true
09,2015-12-14,2015-12-21,2016-02-08,22,0,22,complete,true
09,2015-12-21,2015-12-28,2016-02-15,25,0,25,complete,true
09,2015-12-28,2016-01-04,2016-02-22,24,0,24,complete,true
09,2016-01-04,2016-01-11,2016-02-29,21,1,22,complete,true
09,2016-01-11,2016-01-18,2016-03-07,23,1,24,complete,true
09,2016-01-18,2016-01-25,2016-03-14,24,1,25,complete,true
09,2016-01-25,2016-02-01,2016-03-21,23,1,24,complete,true
09,2016-02-01,2016-02-08,2016-03-28,23,1,24,complete,true
09,2016-02-08,2016-02-15,2016-04-04,20,1,21,complete,true
09,2016-02-15,2016-02-22,2016-04-11,22,1,23,complete,true
09,2016-02-22,2016-02-29,2016-04-18,28,1,29,complete,true
09,2016-02-29,2016-03-07,2016-04-25,29,0,29,complete,true
09,2016-03-07,2016-03-14,2016-05-02,35,0,35,complete,true
09,2016-03-14,2016-03-21,2016-05-09,45,0,45,complete,true
09,2016-03-21,2016-03-28,2016-05-16,50,0,50,complete,true
09,2016-03-28,2016-04-04,2016-05-23,64,0,64,complete,true
09,2016-04-04,2016-04-11,2016-05-30,77,0,77,complete,true
09,2016-04-11,2016-04-18,2016-06-06,98,0,98,complete,true
09,2016-04-18,2016-04-25,2016-06-13,121,1,122,complete,true
09,2016-04-25,2016-05-02,2016-06-20,147,2,149,complete,true
09,2016-05-02,2016-05-09,2016-06-27,173,3,176,complete,true
09,2016-05-09,2016-05-16,2016-07-04,201,5,206,complete,true
09,2016-05-16,2016-05-23,2016-07-11,235,6,241,complete,true
09,2016-05-23,2016-05-30,2016-07-18,246,6,252,complete,true
09,2016-05-30,2016-06-06,2016-07-25,259,6,265,complete,true
09,2016-06-06,2016-06-13,2016-08-01,249,6,255,complete,true
09,2016-06-13,2016-06-20,2016-08-08,241,5,246,complete,true
09,2016-06-20,2016-06-27,2016-08-15,234,4,238,complete,true
09,2016-06-27,2016-07-04,2016-08-22,216,5,221,complete,true
09,2016-07-04,2016-07-11,2016-08-29,193,4,197,complete,true
09,2016-07-11,2016-07-18,2016-09-05,173,3,176,complete,true
09,2016-07-18,2016-07-25,2016-09-12,161,3,164,complete,true
09,2016-07-25,2016-08-01,2016-09-19,146,3,149,complete,true
09,2016-08-01,2016-08-08,2016-09-26,138,3,141,complete,true
09,2016-08-08,2016-08-15,2016-10-03,121,3,124,complete,true
09,2016-08-15,2016-08-22,2016-10-10,107,3,110,complete,true
09,2016-08-22,2016-08-29,2016-10-17,96,1,97,complete,true
09,2016-08-29,2016-09-05,2016-10-24,82,0,82,complete,true
09,2016-09-05,2016-09-12,2016-10-31,62,0,62,complete,true
09,2016-09-12,2016-09-19,2016-11-07,56,0,56,complete,true
09,2016-09-19,2016-09-26,2016-11-14,57,0,57,complete,true
09,2016-09-26,2016-10-03,2016-11-21,56,0,56,complete,true
09,2016-10-03,2016-10-10,2016-11-28,53,0,53,complete,true
09,2016-10-10,2016-10-17,2016-12-05,46,0,46,complete,true
09,2016-10-17,2016-10-24,2016-12-12,44,0,44,complete,true
09,2016-10-24,2016-10-31,2016-12-19,41,0,41,complete,true
09,2016-10-31,2016-11-07,2016-12-26,43,0,43,complete,true
09,2016-11-07,2016-11-14,2017-01-02,37,0,37,complete,true
09,2016-11-14,2016-11-21,2017-01-09,27,0,27,complete,true
09,2016-11-21,2016-11-28,2017-01-16,22,0,22,complete,true
09,2016-11-28,2016-12-05,2017-01-23,24,0,24,complete,true
09,2016-12-05,2016-12-12,2017-01-30,25,0,25,complete,true
09,2016-12-12,2016-12-19,2017-02-06,20,0,20,complete,true
09,2016-12-19,2016-12-26,2017-02-13,18,0,18,complete,true
09,2016-12-26,2017-01-02,2017-02-20,20,0,20,complete,true
09,2017-01-02,2017-01-09,2017-02-27,18,0,18,complete,true
09,2017-01-09,2017-01-16,2017-03-06,20,0,20,complete,true
09,2017-01-16,2017-01-23,2017-03-13,21,0,21,complete,true
09,2017-01-23,2017-01-30,2017-03-20,18,0,18,complete,true
09,2017-01-30,2017-02-06,2017-03-27,17,0,17,complete,true
09,2017-02-06,2017-02-13,2017-04-03,25,1,26,complete,true
09,2017-02-13,2017-02-20,2017-04-10,36,1,37,complete,true
09,2017-02-20,2017-02-27,2017-04-17,39,1,40,complete,true
09,2017-02-27,2017-03-06,2017-04-24,51,1,52,complete,true
09,2017-03-06,2017-03-13,2017-05-01,58,1,59,complete,true
09,2017-03-13,2017-03-20,2017-05-08,70,2,72,complete,true
09,2017-03-20,2017-03-27,2017-05-15,84,3,87,complete,true
09,2017-03-27,2017-04-03,2017-05-22,97,5,102,complete,true
09,2017-04-03,2017-04-10,2017-05-29,111,4,115,complete,true
09,2017-04-10,2017-04-17,2017-06-05,117,6,123,complete,true
09,2017-04-17,2017-04-24,2017-06-12,130,6,136,complete,true
09,2017-04-24,2017-05-01,2017-06-19,149,8,157,complete,true
09,2017-05-01,2017-05-08,2017-06-26,159,8,167,complete,true
09,2017-05-08,2017-05-15,2017-07-03,164,7,171,complete,true
09,2017-05-15,2017-05-22,2017-07-10,174,7,181,complete,true
09,2017-05-22,2017-05-29,2017-07-17,187,7,194,complete,true
09,2017-05-29,2017-06-05,2017-07-24,186,8,194,complete,true
09,2017-06-05,2017-06-12,2017-07-31,192,7,199,complete,true
09,2017-06-12,2017-06-19,2017-08-07,193,9,202,complete,true
09,2017-06-19,2017-06-26,2017-08-14,177,7,184,complete,true
09,2017-06-26,2017-07-03,2017-08-21,161,7,168,complete,true
09,2017-07-03,2017-07-10,2017-08-28,152,7,159,complete,true
09,2017-07-10,2017-07-17,2017-09-04,135,6,141,complete,true
09,2017-07-17,2017-07-24,2017-09-11,114,5,119,complete,true
09,2017-07-24,2017-07-31,2017-09-18,107,4,111,complete,true
09,2017-07-31,2017-08-07,2017-09-25,93,3,96,complete,true
09,2017-08-07,2017-08-14,2017-10-02,86,1,87,complete,true
09,2017-08-14,2017-08-21,2017-10-09,77,1,78,complete,true
09,2017-08-21,2017-08-28,2017-10-16,84,3,87,complete,true
09,2017-08-28,2017-09-04,2017-10-23,86,3,89,complete,true
09,2017-09-04,2017-09-11,2017-10-30,83,3,86,complete,true
09,2017-09-11,2017-09-18,2017-11-06,91,2,93,complete,true
09,2017-09-18,2017-09-25,2017-11-13,89,2,91,complete,true
09,2017-09-25,2017-10-02,2017-11-20,90,2,92,complete,true
09,2017-10-02,2017-10-09,2017-11-27,85,3,88,complete,true
09,2017-10-09,2017-10-16,2017-12-04,83,3,86,complete,true
09,2017-10-16,2017-10-23,2017-12-11,77,1,78,complete,true
09,2017-10-23,2017-10-30,2017-12-18,68,1,69,complete,true
09,2017-10-30,2017-11-06,2017-12-25,65,1,66,complete,true
09,2017-11-06,2017-11-13,2018-01-01,53,1,54,complete,true
09,2017-11-13,2017-11-20,2018-01-08,44,1,45,complete,true
09,2017-11-20,2017-11-27,2018-01-15,35,1,36,complete,true
09,2017-11-27,2017-12-04,2018-01-22,27,0,27,complete,true
09,2017-12-04,2017-12-11,2018-01-29,27,0,27,complete,true
09,2017-12-11,2017-12-18,2018-02-05,25,0,25,complete,true
09,2017-12-18,2017-12-25,2018-02-12,27,0,27,complete,true
09,2017-12-25,2018-01-01,2018-02-19,26,0,26,complete,true
09,2018-01-01,2018-01-08,2018-02-26,24,0,24,complete,true
09,2018-01-08,2018-01-15,2018-03-05,22,0,22,complete,true
09,2018-01-15,2018-01-22,2018-03-12,22,0,22,complete,true
09,2018-01-22,2018-01-29,2018-03-19,24,0,24,complete,true
09,2018-01-29,2018-02-05,2018-03-26,21,0,21,complete,true
09,2018-02-05,2018-02-12,2018-04-02,18,0,18,complete,true
09,2018-02-12,2018-02-19,2018-04-09,18,0,18,complete,true
09,2018-02-19,2018-02-26,2018-04-16,20,0,20,complete,true
09,2018-02-26,2018-03-05,2018-04-23,26,0,26,complete,true
09,2018-03-05,2018-03-12,2018-04-30,35,0,35,complete,true
09,2018-03-12,2018-03-19,2018-05-07,57,2,59,complete,true
09,2018-03-19,2018-03-26,2018-05-14,75,3,78,complete,true
09,2018-03-26,2018-04-02,2018-05-21,105,4,109,complete,true
09,2018-04-02,2018-04-09,2018-05-28,140,4,144,complete,true
09,2018-04-09,2018-04-16,2018-06-04,183,7,190,complete,true
09,2018-04-16,2018-04-23,2018-06-11,237,9,246,complete,true
09,2018-04-23,2018-04-30,2018-06-18,292,12,304,complete,true
09,2018-04-30,2018-05-07,2018-06-25,329,14,343,complete,true
09,2018-05-07,2018-05-14,2018-07-02,360,16,376,complete,true
09,2018-05-14,2018-05-21,2018-07-09,383,18,401,complete,true
09,2018-05-21,2018-05-28,2018-07-16,392,18,410,complete,true
09,2018-05-28,2018-06-04,2018-07-23,405,21,426,complete,true
09,2018-06-04,2018-06-11,2018-07-30,401,24,425,complete,true
09,2018-06-11,2018-06-18,2018-08-06,396,23,419,complete,true
09,2018-06-18,2018-06-25,2018-08-13,374,20,394,complete,true
09,2018-06-25,2018-07-02,2018-08-20,361,18,379,complete,true
09,2018-07-02,2018-07-09,2018-08-27,328,14,342,complete,true
09,2018-07-09,2018-07-16,2018-09-03,310,11,321,complete,true
09,2018-07-16,2018-07-23,2018-09-10,289,10,299,complete,true
09,2018-07-23,2018-07-30,2018-09-17,262,7,269,complete,true
09,2018-07-30,2018-08-06,2018-09-24,237,1,238,complete,true
09,2018-08-06,2018-08-13,2018-10-01,206,0,206,complete,true
09,2018-08-13,2018-08-20,2018-10-08,181,1,182,complete,true
09,2018-08-20,2018-08-27,2018-10-15,160,2,162,complete,true
09,2018-08-27,2018-09-03,2018-10-22,155,3,158,complete,true
09,2018-09-03,2018-09-10,2018-10-29,139,3,142,complete,true
09,2018-09-10,2018-09-17,2018-11-05,130,3,133,complete,true
09,2018-09-17,2018-09-24,2018-11-12,123,6,129,complete,true
09,2018-09-24,2018-10-01,2018-11-19,117,7,124,complete,true
09,2018-10-01,2018-10-08,2018-11-26,102,7,109,complete,true
09,2018-10-08,2018-10-15,2018-12-03,94,6,100,complete,true
09,2018-10-15,2018-10-22,2018-12-10,90,6,96,complete,true
09,2018-10-22,2018-10-29,2018-12-17,76,6,82,complete,true
09,2018-10-29,2018-11-05,2018-12-24,66,6,72,complete,true
09,2018-11-05,2018-11-12,2018-12-31,58,6,64,complete,true
09,2018-11-12,2018-11-19,2019-01-07,50,3,53,complete,true
09,2018-11-19,2018-11-26,2019-01-14,39,2,41,complete,true
09,2018-11-26,2018-12-03,2019-01-21,35,2,37,complete,true
09,2018-12-03,2018-12-10,2019-01-28,33,2,35,complete,true
09,2018-12-10,2018-12-17,2019-02-04,29,1,30,complete,true
09,2018-12-17,2018-12-24,2019-02-11,33,0,33,complete,true
09,2018-12-24,2018-12-31,2019-02-18,35,0,35,complete,true
09,2018-12-31,2019-01-07,2019-02-25,37,0,37,complete,true
09,2019-01-07,2019-01-14,2019-03-04,34,0,34,complete,true
09,2019-01-14,2019-01-21,2019-03-11,37,0,37,complete,true
09,2019-01-21,2019-01-28,2019-03-18,38,0,38,complete,true
09,2019-01-28,2019-02-04,2019-03-25,37,0,37,complete,true
09,2019-02-04,2019-02-11,2019-04-01,37,0,37,complete,true
09,2019-02-11,2019-02-18,2019-04-08,33,0,33,complete,true
09,2019-02-18,2019-02-25,2019-04-15,37,0,37,complete,true
09,2019-02-25,2019-03-04,2019-04-22,40,0,40,complete,true
09,2019-03-04,2019-03-11,2019-04-29,42,0,42,complete,true
09,2019-03-11,2019-03-18,2019-05-06,49,0,49,complete,true
09,2019-03-18,2019-03-25,2019-05-13,58,0,58,complete,true
09,2019-03-25,2019-04-01,2019-05-20,66,0,66,complete,true
09,2019-04-01,2019-04-08,2019-05-27,78,0,78,complete,true
09,2019-04-08,2019-04-15,2019-06-03,102,0,102,complete,true
09,2019-04-15,2019-04-22,2019-06-10,119,1,120,complete,true
09,2019-04-22,2019-04-29,2019-06-17,136,1,137,complete,true
09,2019-04-29,2019-05-06,2019-06-24,156,1,157,complete,true
09,2019-05-06,2019-05-13,2019-07-01,173,1,174,complete,true
09,2019-05-13,2019-05-20,2019-07-08,195,8,203,complete,true
09,2019-05-20,2019-05-27,2019-07-15,215,11,226,complete,true
09,2019-05-27,2019-06-03,2019-07-22,229,13,242,complete,true
09,2019-06-03,2019-06-10,2019-07-29,227,14,241,complete,true
09,2019-06-10,2019-06-17,2019-08-05,223,15,238,complete,true
09,2019-06-17,2019-06-24,2019-08-12,216,15,231,complete,true
09,2019-06-24,2019-07-01,2019-08-19,214,15,229,complete,true
09,2019-07-01,2019-07-08,2019-08-26,205,15,220,complete,true
09,2019-07-08,2019-07-15,2019-09-02,185,9,194,complete,true
09,2019-07-15,2019-07-22,2019-09-09,167,6,173,complete,true
09,2019-07-22,2019-07-29,2019-09-16,150,4,154,complete,true
09,2019-07-29,2019-08-05,2019-09-23,134,4,138,complete,true
09,2019-08-05,2019-08-12,2019-09-30,126,2,128,complete,true
09,2019-08-12,2019-08-19,2019-10-07,119,3,122,complete,true
09,2019-08-19,2019-08-26,2019-10-14,107,5,112,complete,true
09,2019-08-26,2019-09-02,2019-10-21,97,6,103,complete,true
09,2019-09-02,2019-09-09,2019-10-28,93,5,98,complete,true
09,2019-09-09,2019-09-16,2019-11-04,89,6,95,complete,true
09,2019-09-16,2019-09-23,2019-11-11,87,6,93,complete,true
09,2019-09-23,2019-09-30,2019-11-18,88,5,93,complete,true
09,2019-09-30,2019-10-07,2019-11-25,84,5,89,complete,true
09,2019-10-07,2019-10-14,2019-12-02,77,4,81,complete,true
09,2019-10-14,2019-10-21,2019-12-09,71,2,73,complete,true
09,2019-10-21,2019-10-28,2019-12-16,66,1,67,complete,true
09,2019-10-28,2019-11-04,2019-12-23,58,1,59,complete,true
09,2019-11-04,2019-11-11,2019-12-30,49,0,49,complete,true
09,2019-11-11,2019-11-18,2020-01-06,41,0,41,complete,true
09,2019-11-18,2019-11-25,2020-01-13,40,0,40,complete,true
09,2019-11-25,2019-12-02,2020-01-20,37,0,37,complete,true
09,2019-12-02,2019-12-09,2020-01-27,34,0,34,complete,true
09,2019-12-09,2019-12-16,2020-02-03,31,0,31,complete,true
09,2019-12-16,2019-12-23,2020-02-10,27,0,27,complete,true
09,2019-12-23,2019-12-30,2020-02-17,25,0,25,complete,true
09,2019-12-30,2020-01-06,2020-02-24,28,0,28,complete,true
09,2020-01-06,2020-01-13,2020-03-02,25,1,26,complete,true
09,2020-01-13,2020-01-20,2020-03-09,18,1,19,complete,true
09,2020-01-20,2020-01-27,2020-03-16,13,1,14,complete,true
09,2020-01-27,2020-02-03,2020-03-23,13,1,14,complete,true
09,2020-02-03,2020-02-10,2020-03-30,18,1,19,complete,true
09,2020-02-10,2020-02-17,2020-04-06,29,1,30,complete,true
09,2020-02-17,2020-02-24,2020-04-13,43,1,44,complete,true
09,2020-02-24,2020-03-02,2020-04-20,58,1,59,complete,true
09,2020-03-02,2020-03-09,2020-04-27,77,0,77,complete,true
09,2020-03-09,2020-03-16,2020-05-04,103,0,103,complete,true
09,2020-03-16,2020-03-23,2020-05-11,121,0,121,complete,true
09,2020-03-23,2020-03-30,2020-05-18,160,1,161,complete,true
09,2020-03-30,2020-04-06,2020-05-25,193,2,195,complete,true
09,2020-04-06,2020-04-13,2020-06-01,236,5,241,complete,true
09,2020-04-13,2020-04-20,2020-06-08,271,11,282,complete,true
09,2020-04-20,2020-04-27,2020-06-15,319,11,330,complete,true
09,2020-04-27,2020-05-04,2020-06-22,352,17,369,complete,true
09,2020-05-04,2020-05-11,2020-06-29,370,19,389,complete,true
09,2020-05-11,2020-05-18,2020-07-06,429,22,451,complete,true
09,2020-05-18,2020-05-25,2020-07-13,441,24,465,complete,true
09,2020-05-25,2020-06-01,2020-07-20,470,25,495,complete,true
09,2020-06-01,2020-06-08,2020-07-27,458,25,483,complete,true
09,2020-06-08,2020-06-15,2020-08-03,462,21,483,complete,true
09,2020-06-15,2020-06-22,2020-08-10,441,22,463,complete,true
09,2020-06-22,2020-06-29,2020-08-17,432,16,448,complete,true
09,2020-06-29,2020-07-06,2020-08-24,426,17,443,complete,true
09,2020-07-06,2020-07-13,2020-08-31,374,16,390,complete,true
09,2020-07-13,2020-07-20,2020-09-07,348,16,364,complete,true
09,2020-07-20,2020-07-27,2020-09-14,300,14,314,complete,true
09,2020-07-27,2020-08-03,2020-09-21,267,11,278,complete,true
09,2020-08-03,2020-08-10,2020-09-28,229,9,238,complete,true
09,2020-08-10,2020-08-17,2020-10-05,202,9,211,complete,true
09,2020-08-17,2020-08-24,2020-10-12,166,9,175,complete,true
09,2020-08-24,2020-08-31,2020-10-19,132,6,138,complete,true
09,2020-08-31,2020-09-07,2020-10-26,120,4,124,complete,true
09,2020-09-07,2020-09-14,2020-11-02,97,1,98,complete,true
09,2020-09-14,2020-09-21,2020-11-09,87,1,88,complete,true
09,2020-09-21,2020-09-28,2020-11-16,83,1,84,complete,true
09,2020-09-28,2020-10-05,2020-11-23,72,1,73,complete,true
09,2020-10-05,2020-10-12,2020-11-30,56,0,56,complete,true
09,2020-10-12,2020-10-19,2020-12-07,50,0,50,complete,true
09,2020-10-19,2020-10-26,2020-12-14,50,0,50,complete,true
09,2020-10-26,2020-11-02,2020-12-21,38,0,38,complete,true
09,2020-11-02,2020-11-09,2020-12-28,39,0,39,complete,true
09,2020-11-09,2020-11-16,2021-01-04,31,0,31,complete,true
09,2020-11-16,2020-11-23,2021-01-11,27,0,27,complete,true
09,2020-11-23,2020-11-30,2021-01-18,24,0,24,complete,true
09,2020-11-30,2020-12-07,2021-01-25,23,0,23,complete,true
09,2020-12-07,2020-12-14,2021-02-01,24,0,24,complete,true
09,2020-12-14,2020-12-21,2021-02-08,20,0,20,complete,true
09,2020-12-21,2020-12-28,2021-02-15,22,1,23,complete,true
09,2020-12-28,2021-01-04,2021-02-22,20,1,21,complete,true
09,2021-01-04,2021-01-11,2021-03-01,19,1,20,complete,true
09,2021-01-11,2021-01-18,2021-03-08,19,1,20,complete,true
09,2021-01-18,2021-01-25,2021-03-15,19,1,20,complete,true
09,2021-01-25,2021-02-01,2021-03-22,20,1,21,complete,true
09,2021-02-01,2021-02-08,2021-03-29,21,1,22,complete,true
09,2021-02-08,2021-02-15,2021-04-05,25,1,26,complete,true
09,2021-02-15,2021-02-22,2021-04-12,26,0,26,complete,true
09,2021-02-22,2021-03-01,2021-04-19,32,0,32,complete,true
09,2021-03-01,2021-03-08,2021-04-26,38,0,38,complete,true
09,2021-03-08,2021-03-15,2021-05-03,40,0,40,complete,true
09,2021-03-15,2021-03-22,2021-05-10,47,0,47,complete,true
09,2021-03-22,2021-03-29,2021-05-17,57,0,57,complete,true
09,2021-03-29,2021-04-05,2021-05-24,71,0,71,complete,true
09,2021-04-05,2021-04-12,2021-05-31,79,1,80,complete,true
09,2021-04-12,2021-04-19,2021-06-07,90,1,91,complete,true
09,2021-04-19,2021-04-26,2021-06-14,95,2,97,complete,true
09,2021-04-26,2021-05-03,2021-06-21,109,4,113,complete,true
09,2021-05-03,2021-05-10,2021-06-28,127,5,132,complete,true
09,2021-05-10,2021-05-17,2021-07-05,143,5,148,complete,true
09,2021-05-17,2021-05-24,2021-07-12,144,5,149,complete,true
09,2021-05-24,2021-05-31,2021-07-19,139,6,145,complete,true
09,2021-05-31,2021-06-07,2021-07-26,141,5,146,complete,true
09,2021-06-07,2021-06-14,2021-08-02,136,5,141,complete,true
09,2021-06-14,2021-06-21,2021-08-09,138,4,142,complete,true
09,2021-06-21,2021-06-28,2021-08-16,122,3,125,complete,true
09,2021-06-28,2021-07-05,2021-08-23,108,2,110,complete,true
09,2021-07-05,2021-07-12,2021-08-30,92,2,94,complete,true
09,2021-07-12,2021-07-19,2021-09-06,88,2,90,complete,true
09,2021-07-19,2021-07-26,2021-09-13,85,1,86,complete,true
09,2021-07-26,2021-08-02,2021-09-20,76,1,77,complete,true
09,2021-08-02,2021-08-09,2021-09-27,76,1,77,complete,true
09,2021-08-09,2021-08-16,2021-10-04,64,1,65,complete,true
09,2021-08-16,2021-08-23,2021-10-11,69,0,69,complete,true
09,2021-08-23,2021-08-30,2021-10-18,65,1,66,complete,true
09,2021-08-30,2021-09-06,2021-10-25,62,1,63,complete,true
09,2021-09-06,2021-09-13,2021-11-01,58,2,60,complete,true
09,2021-09-13,2021-09-20,2021-11-08,55,2,57,complete,true
09,2021-09-20,2021-09-27,2021-11-15,56,2,58,complete,true
09,2021-09-27,2021-10-04,2021-11-22,52,2,54,complete,true
09,2021-10-04,2021-10-11,2021-11-29,55,2,57,complete,true
09,2021-10-11,2021-10-18,2021-12-06,46,2,48,complete,true
09,2021-10-18,2021-10-25,2021-12-13,46,1,47,complete,true
09,2021-10-25,2021-11-01,2021-12-20,44,1,45,complete,true
09,2021-11-01,2021-11-08,2021-12-27,43,0,43,complete,true
09,2021-11-08,2021-11-15,2022-01-03,38,0,38,complete,true
09,2021-11-15,2021-11-22,2022-01-10,33,0,33,complete,true
09,2021-11-22,2021-11-29,2022-01-17,29,0,29,complete,true
09,2021-11-29,2021-12-06,2022-01-24,26,0,26,complete,true
09,2021-12-06,2021-12-13,2022-01-31,27,0,27,complete,true
09,2021-12-13,2021-12-20,2022-02-07,24,0,24,complete,true
09,2021-12-20,2021-12-27,2022-02-14,23,0,23,complete,true
09,2021-12-27,2022-01-03,2022-02-21,20,0,20,complete,true
09,2022-01-03,2022-01-10,2022-02-28,19,0,19,complete,true
09,2022-01-10,2022-01-17,2022-03-07,18,0,18,complete,true
09,2022-01-17,2022-01-24,2022-03-14,18,0,18,complete,true
09,2022-01-24,2022-01-31,2022-03-21,16,0,16,complete,true
09,2022-01-31,2022-02-07,2022-03-28,16,0,16,complete,true
09,2022-02-07,2022-02-14,2022-04-04,19,0,19,complete,true
09,2022-02-14,2022-02-21,2022-04-11,18,0,18,complete,true
09,2022-02-21,2022-02-28,2022-04-18,25,0,25,complete,true
09,2022-02-28,2022-03-07,2022-04-25,28,0,28,complete,true
09,2022-03-07,2022-03-14,2022-05-02,42,0,42,complete,true
09,2022-03-14,2022-03-21,2022-05-09,60,0,60,complete,true
09,2022-03-21,2022-03-28,2022-05-16,82,0,82,complete,true
09,2022-03-28,2022-04-04,2022-05-23,102,1,103,complete,true
09,2022-04-04,2022-04-11,2022-05-30,130,2,132,complete,true
09,2022-04-11,2022-04-18,2022-06-06,153,3,156,complete,true
09,2022-04-18,2022-04-25,2022-06-13,184,4,188,complete,true
09,2022-04-25,2022-05-02,2022-06-20,228,5,233,complete,true
09,2022-05-02,2022-05-09,2022-06-27,263,5,268,complete,true
09,2022-05-09,2022-05-16,2022-07-04,292,7,299,complete,true
09,2022-05-16,2022-05-23,2022-07-11,316,8,324,complete,true
09,2022-05-23,2022-05-30,2022-07-18,336,10,346,complete,true
09,2022-05-30,2022-06-06,2022-07-25,350,11,361,complete,true
09,2022-06-06,2022-06-13,2022-08-01,354,10,364,complete,true
09,2022-06-13,2022-06-20,2022-08-08,346,12,358,complete,true
09,2022-06-20,2022-06-27,2022-08-15,321,13,334,complete,true
09,2022-06-27,2022-07-04,2022-08-22,290,14,304,complete,true
09,2022-07-04,2022-07-11,2022-08-29,263,13,276,complete,true
09,2022-07-11,2022-07-18,2022-09-05,233,12,245,complete,true
09,2022-07-18,2022-07-25,2022-09-12,206,10,216,complete,true
09,2022-07-25,2022-08-01,2022-09-19,172,8,180,complete,true
09,2022-08-01,2022-08-08,2022-09-26,152,9,161,complete,true
09,2022-08-08,2022-08-15,2022-10-03,133,6,139,complete,true
09,2022-08-15,2022-08-22,2022-10-10,124,4,128,complete,true
09,2022-08-22,2022-08-29,2022-10-17,119,3,122,complete,true
09,2022-08-29,2022-09-05,2022-10-24,117,3,120,complete,true
09,2022-09-05,2022-09-12,2022-10-31,112,4,116,complete,true
09,2022-09-12,2022-09-19,2022-11-07,104,4,108,complete,true
09,2022-09-19,2022-09-26,2022-11-14,105,4,109,complete,true
09,2022-09-26,2022-10-03,2022-11-21,109,3,112,complete,true
09,2022-10-03,2022-10-10,2022-11-28,103,3,106,complete,true
09,2022-10-10,2022-10-17,2022-12-05,97,3,100,complete,true
09,2022-10-17,2022-10-24,2022-12-12,90,3,93,complete,true
09,2022-10-24,2022-10-31,2022-12-19,75,2,77,complete,true
09,2022-10-31,2022-11-07,2022-12-26,65,2,67,complete,true
09,2022-11-07,2022-11-14,2023-01-02,56,1,57,complete,true
09,2022-11-14,2022-11-21,2023-01-09,45,1,46,complete,true
09,2022-11-21,2022-11-28,2023-01-16,34,1,35,complete,true
09,2022-11-28,2022-12-05,2023-01-23,31,1,32,complete,true
09,2022-12-05,2022-12-12,2023-01-30,27,1,28,complete,true
09,2022-12-12,2022-12-19,2023-02-06,20,1,21,complete,true
09,2022-12-19,2022-12-26,2023-02-13,18,1,19,complete,true
09,2022-12-26,2023-01-02,2023-02-20,21,0,21,complete,true
09,2023-01-02,2023-01-09,2023-02-27,24,0,24,complete,true
09,2023-01-09,2023-01-16,2023-03-06,25,0,25,complete,true
09,2023-01-16,2023-01-23,2023-03-13,25,0,25,complete,true
09,2023-01-23,2023-01-30,2023-03-20,23,0,23,complete,true
09,2023-01-30,2023-02-06,2023-03-27,21,1,22,complete,true
09,2023-02-06,2023-02-13,2023-04-03,24,1,25,complete,true
09,2023-02-13,2023-02-20,2023-04-10,26,1,27,complete,true
09,2023-02-20,2023-02-27,2023-04-17,27,1,28,complete,true
09,2023-02-27,2023-03-06,2023-04-24,33,1,34,complete,true
09,2023-03-06,2023-03-13,2023-05-01,34,1,35,complete,true
09,2023-03-13,2023-03-20,2023-05-08,41,1,42,complete,true
09,2023-03-20,2023-03-27,2023-05-15,48,1,49,complete,true
09,2023-03-27,2023-04-03,2023-05-22,60,0,60,complete,true
09,2023-04-03,2023-04-10,2023-05-29,69,0,69,complete,true
09,2023-04-10,2023-04-17,2023-06-05,87,1,88,complete,true
09,2023-04-17,2023-04-24,2023-06-12,98,2,100,complete,true
09,2023-04-24,2023-05-01,2023-06-19,106,2,108,complete,true
09,2023-05-01,2023-05-08,2023-06-26,109,2,111,complete,true
09,2023-05-08,2023-05-15,2023-07-03,123,2,125,complete,true
09,2023-05-15,2023-05-22,2023-07-10,140,4,144,complete,true
09,2023-05-22,2023-05-29,2023-07-17,148,6,154,complete,true
09,2023-05-29,2023-06-05,2023-07-24,149,9,158,complete,true
09,2023-06-05,2023-06-12,2023-07-31,136,11,147,complete,true
09,2023-06-12,2023-06-19,2023-08-07,131,10,141,complete,true
09,2023-06-19,2023-06-26,2023-08-14,123,10,133,complete,true
09,2023-06-26,2023-07-03,2023-08-21,134,10,144,complete,true
09,2023-07-03,2023-07-10,2023-08-28,116,10,126,complete,true
09,2023-07-10,2023-07-17,2023-09-04,101,9,110,complete,true
09,2023-07-17,2023-07-24,2023-09-11,89,7,96,complete,true
09,2023-07-24,2023-07-31,2023-09-18,87,4,91,complete,true
09,2023-07-31,2023-08-07,2023-09-25,84,1,85,complete,true
09,2023-08-07,2023-08-14,2023-10-02,77,1,78,complete,true
09,2023-08-14,2023-08-21,2023-10-09,76,1,77,complete,true
09,2023-08-21,2023-08-28,2023-10-16,61,1,62,complete,true
09,2023-08-28,2023-09-04,2023-10-23,63,1,64,complete,true
09,2023-09-04,2023-09-11,2023-10-30,53,0,53,complete,true
09,2023-09-11,2023-09-18,2023-11-06,45,0,45,complete,true
09,2023-09-18,2023-09-25,2023-11-13,41,0,41,complete,true
09,2023-09-25,2023-10-02,2023-11-20,38,0,38,complete,true
09,2023-10-02,2023-10-09,2023-11-27,35,0,35,complete,true
09,2023-10-09,2023-10-16,2023-12-04,30,0,30,complete,true
09,2023-10-16,2023-10-23,2023-12-11,29,0,29,complete,true
09,2023-10-23,2023-10-30,2023-12-18,24,0,24,complete,true
09,2023-10-30,2023-11-06,2023-12-25,25,0,25,complete,true
09,2023-11-06,2023-11-13,2024-01-01,24,0,24,complete,true
09,2023-11-13,2023-11-20,2024-01-08,17,0,17,complete,true
09,2023-11-20,2023-11-27,2024-01-15,15,0,15,complete,true
09,2023-11-27,2023-12-04,2024-01-22,14,0,14,complete,true
09,2023-12-04,2023-12-11,2024-01-29,11,0,11,complete,true
09,2023-12-11,2023-12-18,2024-02-05,8,0,8,complete,true
09,2023-12-18,2023-12-25,2024-02-12,7,0,7,complete,true
09,2023-12-25,2024-01-01,2024-02-19,7,0,7,complete,true
09,2024-01-01,2024-01-08,2024-02-26,12,0,12,complete,true
09,2024-01-08,2024-01-15,2024-03-04,13,0,13,complete,true
09,2024-01-15,2024-01-22,2024-03-11,15,0,15,complete,true
09,2024-01-22,2024-01-29,2024-03-18,18,0,18,complete,true
09,2024-01-29,2024-02-05,2024-03-25,21,1,22,complete,true
09,2024-02-05,2024-02-12,2024-04-01,26,3,29,complete,true
09,2024-02-12,2024-02-19,2024-04-08,33,3,36,complete,true
09,2024-02-19,2024-02-26,2024-04-15,42,5,47,complete,true
09,2024-02-26,2024-03-04,2024-04-22,46,5,51,complete,true
09,2024-03-04,2024-03-11,2024-04-29,50,5,55,complete,true
09,2024-03-11,2024-03-18,2024-05-06,56,5,61,complete,true
09,2024-03-18,2024-03-25,2024-05-13,61,7,68,complete,true
09,2024-03-25,2024-04-01,2024-05-20,73,6,79,complete,true
09,2024-04-01,2024-04-08,2024-05-27,90,6,96,complete,true
09,2024-04-08,2024-04-15,2024-06-03,99,6,105,complete,true
09,2024-04-15,2024-04-22,2024-06-10,119,5,124,complete,true
09,2024-04-22,2024-04-29,2024-06-17,142,6,148,complete,true
09,2024-04-29,2024-05-06,2024-06-24,148,6,154,complete,true
09,2024-05-06,2024-05-13,2024-07-01,160,8,168,complete,true
09,2024-05-13,2024-05-20,2024-07-08,175,8,183,complete,true
09,2024-05-20,2024-05-27,2024-07-15,183,9,192,complete,true
09,2024-05-27,2024-06-03,2024-07-22,179,8,187,complete,true
09,2024-06-03,2024-06-10,2024-07-29,183,9,192,complete,true
09,2024-06-10,2024-06-17,2024-08-05,167,8,175,complete,true
09,2024-06-17,2024-06-24,2024-08-12,143,7,150,complete,true
09,2024-06-24,2024-07-01,2024-08-19,146,7,153,complete,true
09,2024-07-01,2024-07-08,2024-08-26,135,5,140,complete,true
09,2024-07-08,2024-07-15,2024-09-02,124,6,130,complete,true
09,2024-07-15,2024-07-22,2024-09-09,110,6,116,complete,true
09,2024-07-22,2024-07-29,2024-09-16,98,5,103,complete,true
09,2024-07-29,2024-08-05,2024-09-23,81,4,85,complete,true
09,2024-08-05,2024-08-12,2024-09-30,75,4,79,complete,true
09,2024-08-12,2024-08-19,2024-10-07,69,4,73,complete,true
09,2024-08-19,2024-08-26,2024-10-14,63,4,67,complete,true
09,2024-08-26,2024-09-02,2024-10-21,63,4,67,complete,true
09,2024-09-02,2024-09-09,2024-10-28,53,1,54,complete,true
09,2024-09-09,2024-09-16,2024-11-04,49,0,49,complete,true
09,2024-09-16,2024-09-23,2024-11-11,46,1,47,complete,true
09,2024-09-23,2024-09-30,2024-11-18,47,1,48,complete,true
09,2024-09-30,2024-10-07,2024-11-25,43,1,44,complete,true
09,2024-10-07,2024-10-14,2024-12-02,49,1,50,complete,true
09,2024-10-14,2024-10-21,2024-12-09,47,1,48,complete,true
09,2024-10-21,2024-10-28,2024-12-16,40,1,41,complete,true
09,2024-10-28,2024-11-04,2024-12-23,39,1,40,complete,true
09,2024-11-04,2024-11-11,2024-12-30,36,1,37,complete,true
09,2024-11-11,2024-11-18,2025-01-06,37,0,37,complete,true
09,2024-11-18,2024-11-25,2025-01-13,37,0,37,complete,true
09,2024-11-25,2024-12-02,2025-01-20,37,0,37,complete,true
09,2024-12-02,2024-12-09,2025-01-27,35,0,35,complete,true
09,2024-12-09,2024-12-16,2025-02-03,34,0,34,complete,true
09,2024-12-16,2024-12-23,2025-02-10,32,0,32,complete,true
09,2024-12-23,2024-12-30,2025-02-17,32,0,32,complete,true
09,2024-12-30,2025-01-06,2025-02-24,31,0,31,complete,true
09,2025-01-06,2025-01-13,2025-03-03,28,0,28,complete,true
09,2025-01-13,2025-01-20,2025-03-10,25,0,25,complete,true
09,2025-01-20,2025-01-27,2025-03-17,21,0,21,complete,true
09,2025-01-27,2025-02-03,2025-03-24,14,0,14,complete,true
09,2025-02-03,2025-02-10,2025-03-31,13,0,13,complete,true
09,2025-02-10,2025-02-17,2025-04-07,16,0,16,complete,true
09,2025-02-17,2025-02-24,2025-04-14,22,1,23,complete,true
09,2025-02-24,2025-03-03,2025-04-21,30,1,31,complete,true
09,2025-03-03,2025-03-10,2025-04-28,38,2,40,complete,true
09,2025-03-10,2025-03-17,2025-05-05,52,2,54,complete,true
09,2025-03-17,2025-03-24,2025-05-12,66,4,70,complete,true
09,2025-03-24,2025-03-31,2025-05-19,79,5,84,complete,true
09,2025-03-31,2025-04-07,2025-05-26,86,5,91,complete,true
09,2025-04-07,2025-04-14,2025-06-02,108,6,114,complete,true
09,2025-04-14,2025-04-21,2025-06-09,127,6,133,complete,true
09,2025-04-21,2025-04-28,2025-06-16,141,9,150,complete,true
09,2025-04-28,2025-05-05,2025-06-23,160,10,170,complete,true
09,2025-05-05,2025-05-12,2025-06-30,189,11,200,complete,true
09,2025-05-12,2025-05-19,2025-07-07,203,10,213,complete,true
09,2025-05-19,2025-05-26,2025-07-14,217,10,227,complete,true
09,2025-05-26,2025-06-02,2025-07-21,234,10,244,complete,true
09,2025-06-02,2025-06-09,2025-07-28,231,9,240,complete,true
09,2025-06-09,2025-06-16,2025-08-04,231,9,240,complete,true
09,2025-06-16,2025-06-23,2025-08-11,237,6,243,complete,true
09,2025-06-23,2025-06-30,2025-08-18,231,4,235,complete,true
09,2025-06-30,2025-07-07,2025-08-25,203,3,206,complete,true
09,2025-07-07,2025-07-14,2025-09-01,195,2,197,complete,true
09,2025-07-14,2025-07-21,2025-09-08,196,1,197,complete,true
09,2025-07-21,2025-07-28,2025-09-15,191,1,192,complete,true
09,2025-07-28,2025-08-04,2025-09-22,184,1,185,complete,true
09,2025-08-04,2025-08-11,2025-09-29,172,0,172,complete,true
09,2025-08-11,2025-08-18,2025-10-06,154,0,154,complete,true
09,2025-08-18,2025-08-25,2025-10-13,148,0,148,complete,true
09,2025-08-25,2025-09-01,2025-10-20,144,0,144,complete,true
09,2025-09-01,2025-09-08,2025-10-27,130,0,130,complete,true
09,2025-09-08,2025-09-15,2025-11-03,114,0,114,complete,true
09,2025-09-15,2025-09-22,2025-11-10,98,1,99,complete,true
09,2025-09-22,2025-09-29,2025-11-17,87,1,88,complete,true
09,2025-09-29,2025-10-06,2025-11-24,81,1,82,complete,true
09,2025-10-06,2025-10-13,2025-12-01,82,1,83,complete,true
09,2025-10-13,2025-10-20,2025-12-08,71,1,72,complete,true
09,2025-10-20,2025-10-27,2025-12-15,66,1,67,complete,true
09,2025-10-27,2025-11-03,2025-12-22,62,1,63,complete,true
09,2025-11-03,2025-11-10,2025-12-29,,,,incomplete_future_window,false
09,2025-11-10,2025-11-17,2026-01-05,,,,incomplete_future_window,false
09,2025-11-17,2025-11-24,2026-01-12,,,,incomplete_future_window,false
09,2025-11-24,2025-12-01,2026-01-19,,,,incomplete_future_window,false
09,2025-12-01,2025-12-08,2026-01-26,,,,incomplete_future_window,false
09,2025-12-08,2025-12-15,2026-02-02,,,,incomplete_future_window,false
09,2025-12-15,2025-12-22,2026-02-09,,,,incomplete_future_window,false
09,2025-12-22,2025-12-29,2026-02-16,,,,incomplete_future_window,false
10,2014-12-29,2015-01-05,2015-02-23,1,0,1,complete,true
10,2015-01-05,2015-01-12,2015-03-02,1,0,1,complete,true
10,2015-01-12,2015-01-19,2015-03-09,3,0,3,complete,true
10,2015-01-19,2015-01-26,2015-03-16,2,0,2,complete,true
10,2015-01-26,2015-02-02,2015-03-23,3,0,3,complete,true
10,2015-02-02,2015-02-09,2015-03-30,3,0,3,complete,true
10,2015-02-09,2015-02-16,2015-04-06,3,0,3,complete,true
10,2015-02-16,2015-02-23,2015-04-13,4,0,4,complete,true
10,2015-02-23,2015-03-02,2015-04-20,7,0,7,complete,true
10,2015-03-02,2015-03-09,2015-04-27,9,0,9,complete,true
10,2015-03-09,2015-03-16,2015-05-04,11,0,11,complete,true
10,2015-03-16,2015-03-23,2015-05-11,15,0,15,complete,true
10,2015-03-23,2015-03-30,2015-05-18,17,0,17,complete,true
10,2015-03-30,2015-04-06,2015-05-25,26,0,26,complete,true
10,2015-04-06,2015-04-13,2015-06-01,31,0,31,complete,true
10,2015-04-13,2015-04-20,2015-06-08,39,0,39,complete,true
10,2015-04-20,2015-04-27,2015-06-15,46,0,46,complete,true
10,2015-04-27,2015-05-04,2015-06-22,51,0,51,complete,true
10,2015-05-04,2015-05-11,2015-06-29,49,0,49,complete,true
10,2015-05-11,2015-05-18,2015-07-06,49,0,49,complete,true
10,2015-05-18,2015-05-25,2015-07-13,52,1,53,complete,true
10,2015-05-25,2015-06-01,2015-07-20,46,1,47,complete,true
10,2015-06-01,2015-06-08,2015-07-27,48,1,49,complete,true
10,2015-06-08,2015-06-15,2015-08-03,44,1,45,complete,true
10,2015-06-15,2015-06-22,2015-08-10,36,1,37,complete,true
10,2015-06-22,2015-06-29,2015-08-17,34,1,35,complete,true
10,2015-06-29,2015-07-06,2015-08-24,32,1,33,complete,true
10,2015-07-06,2015-07-13,2015-08-31,29,1,30,complete,true
10,2015-07-13,2015-07-20,2015-09-07,24,0,24,complete,true
10,2015-07-20,2015-07-27,2015-09-14,23,0,23,complete,true
10,2015-07-27,2015-08-03,2015-09-21,17,0,17,complete,true
10,2015-08-03,2015-08-10,2015-09-28,14,0,14,complete,true
10,2015-08-10,2015-08-17,2015-10-05,16,0,16,complete,true
10,2015-08-17,2015-08-24,2015-10-12,11,0,11,complete,true
10,2015-08-24,2015-08-31,2015-10-19,13,0,13,complete,true
10,2015-08-31,2015-09-07,2015-10-26,14,0,14,complete,true
10,2015-09-07,2015-09-14,2015-11-02,15,0,15,complete,true
10,2015-09-14,2015-09-21,2015-11-09,13,0,13,complete,true
10,2015-09-21,2015-09-28,2015-11-16,17,0,17,complete,true
10,2015-09-28,2015-10-05,2015-11-23,16,0,16,complete,true
10,2015-10-05,2015-10-12,2015-11-30,14,0,14,complete,true
10,2015-10-12,2015-10-19,2015-12-07,14,0,14,complete,true
10,2015-10-19,2015-10-26,2015-12-14,12,0,12,complete,true
10,2015-10-26,2015-11-02,2015-12-21,10,0,10,complete,true
10,2015-11-02,2015-11-09,2015-12-28,8,0,8,complete,true
10,2015-11-09,2015-11-16,2016-01-04,9,0,9,complete,true
10,2015-11-16,2015-11-23,2016-01-11,4,0,4,complete,true
10,2015-11-23,2015-11-30,2016-01-18,5,0,5,complete,true
10,2015-11-30,2015-12-07,2016-01-25,3,0,3,complete,true
10,2015-12-07,2015-12-14,2016-02-01,4,0,4,complete,true
10,2015-12-14,2015-12-21,2016-02-08,4,0,4,complete,true
10,2015-12-21,2015-12-28,2016-02-15,4,0,4,complete,true
10,2015-12-28,2016-01-04,2016-02-22,4,0,4,complete,true
10,2016-01-04,2016-01-11,2016-02-29,5,0,5,complete,true
10,2016-01-11,2016-01-18,2016-03-07,5,0,5,complete,true
10,2016-01-18,2016-01-25,2016-03-14,5,0,5,complete,true
10,2016-01-25,2016-02-01,2016-03-21,5,0,5,complete,true
10,2016-02-01,2016-02-08,2016-03-28,4,0,4,complete,true
10,2016-02-08,2016-02-15,2016-04-04,4,0,4,complete,true
10,2016-02-15,2016-02-22,2016-04-11,5,0,5,complete,true
10,2016-02-22,2016-02-29,2016-04-18,9,0,9,complete,true
10,2016-02-29,2016-03-07,2016-04-25,11,0,11,complete,true
10,2016-03-07,2016-03-14,2016-05-02,17,0,17,complete,true
10,2016-03-14,2016-03-21,2016-05-09,22,0,22,complete,true
10,2016-03-21,2016-03-28,2016-05-16,27,0,27,complete,true
10,2016-03-28,2016-04-04,2016-05-23,37,0,37,complete,true
10,2016-04-04,2016-04-11,2016-05-30,43,0,43,complete,true
10,2016-04-11,2016-04-18,2016-06-06,47,1,48,complete,true
10,2016-04-18,2016-04-25,2016-06-13,50,1,51,complete,true
10,2016-04-25,2016-05-02,2016-06-20,53,2,55,complete,true
10,2016-05-02,2016-05-09,2016-06-27,58,2,60,complete,true
10,2016-05-09,2016-05-16,2016-07-04,61,2,63,complete,true
10,2016-05-16,2016-05-23,2016-07-11,69,3,72,complete,true
10,2016-05-23,2016-05-30,2016-07-18,68,3,71,complete,true
10,2016-05-30,2016-06-06,2016-07-25,72,3,75,complete,true
10,2016-06-06,2016-06-13,2016-08-01,79,2,81,complete,true
10,2016-06-13,2016-06-20,2016-08-08,79,2,81,complete,true
10,2016-06-20,2016-06-27,2016-08-15,76,1,77,complete,true
10,2016-06-27,2016-07-04,2016-08-22,71,1,72,complete,true
10,2016-07-04,2016-07-11,2016-08-29,62,1,63,complete,true
10,2016-07-11,2016-07-18,2016-09-05,58,0,58,complete,true
10,2016-07-18,2016-07-25,2016-09-12,53,1,54,complete,true
10,2016-07-25,2016-08-01,2016-09-19,46,1,47,complete,true
10,2016-08-01,2016-08-08,2016-09-26,36,1,37,complete,true
10,2016-08-08,2016-08-15,2016-10-03,31,2,33,complete,true
10,2016-08-15,2016-08-22,2016-10-10,32,2,34,complete,true
10,2016-08-22,2016-08-29,2016-10-17,30,2,32,complete,true
10,2016-08-29,2016-09-05,2016-10-24,33,2,35,complete,true
10,2016-09-05,2016-09-12,2016-10-31,25,2,27,complete,true
10,2016-09-12,2016-09-19,2016-11-07,21,1,22,complete,true
10,2016-09-19,2016-09-26,2016-11-14,20,1,21,complete,true
10,2016-09-26,2016-10-03,2016-11-21,20,1,21,complete,true
10,2016-10-03,2016-10-10,2016-11-28,18,0,18,complete,true
10,2016-10-10,2016-10-17,2016-12-05,15,0,15,complete,true
10,2016-10-17,2016-10-24,2016-12-12,13,0,13,complete,true
10,2016-10-24,2016-10-31,2016-12-19,10,0,10,complete,true
10,2016-10-31,2016-11-07,2016-12-26,9,0,9,complete,true
10,2016-11-07,2016-11-14,2017-01-02,12,0,12,complete,true
10,2016-11-14,2016-11-21,2017-01-09,11,0,11,complete,true
10,2016-11-21,2016-11-28,2017-01-16,9,0,9,complete,true
10,2016-11-28,2016-12-05,2017-01-23,9,0,9,complete,true
10,2016-12-05,2016-12-12,2017-01-30,7,0,7,complete,true
10,2016-12-12,2016-12-19,2017-02-06,5,0,5,complete,true
10,2016-12-19,2016-12-26,2017-02-13,5,0,5,complete,true
10,2016-12-26,2017-01-02,2017-02-20,7,0,7,complete,true
10,2017-01-02,2017-01-09,2017-02-27,6,0,6,complete,true
10,2017-01-09,2017-01-16,2017-03-06,5,0,5,complete,true
10,2017-01-16,2017-01-23,2017-03-13,5,0,5,complete,true
10,2017-01-23,2017-01-30,2017-03-20,8,0,8,complete,true
10,2017-01-30,2017-02-06,2017-03-27,8,0,8,complete,true
10,2017-02-06,2017-02-13,2017-04-03,11,0,11,complete,true
10,2017-02-13,2017-02-20,2017-04-10,13,0,13,complete,true
10,2017-02-20,2017-02-27,2017-04-17,14,0,14,complete,true
10,2017-02-27,2017-03-06,2017-04-24,14,0,14,complete,true
10,2017-03-06,2017-03-13,2017-05-01,16,0,16,complete,true
10,2017-03-13,2017-03-20,2017-05-08,22,0,22,complete,true
10,2017-03-20,2017-03-27,2017-05-15,26,0,26,complete,true
10,2017-03-27,2017-04-03,2017-05-22,31,1,32,complete,true
10,2017-04-03,2017-04-10,2017-05-29,35,2,37,complete,true
10,2017-04-10,2017-04-17,2017-06-05,37,3,40,complete,true
10,2017-04-17,2017-04-24,2017-06-12,47,3,50,complete,true
10,2017-04-24,2017-05-01,2017-06-19,54,3,57,complete,true
10,2017-05-01,2017-05-08,2017-06-26,61,3,64,complete,true
10,2017-05-08,2017-05-15,2017-07-03,64,3,67,complete,true
10,2017-05-15,2017-05-22,2017-07-10,72,5,77,complete,true
10,2017-05-22,2017-05-29,2017-07-17,74,5,79,complete,true
10,2017-05-29,2017-06-05,2017-07-24,74,4,78,complete,true
10,2017-06-05,2017-06-12,2017-07-31,74,3,77,complete,true
10,2017-06-12,2017-06-19,2017-08-07,73,3,76,complete,true
10,2017-06-19,2017-06-26,2017-08-14,70,3,73,complete,true
10,2017-06-26,2017-07-03,2017-08-21,63,3,66,complete,true
10,2017-07-03,2017-07-10,2017-08-28,57,3,60,complete,true
10,2017-07-10,2017-07-17,2017-09-04,44,1,45,complete,true
10,2017-07-17,2017-07-24,2017-09-11,39,0,39,complete,true
10,2017-07-24,2017-07-31,2017-09-18,33,0,33,complete,true
10,2017-07-31,2017-08-07,2017-09-25,30,0,30,complete,true
10,2017-08-07,2017-08-14,2017-10-02,19,0,19,complete,true
10,2017-08-14,2017-08-21,2017-10-09,14,0,14,complete,true
10,2017-08-21,2017-08-28,2017-10-16,13,1,14,complete,true
10,2017-08-28,2017-09-04,2017-10-23,13,1,14,complete,true
10,2017-09-04,2017-09-11,2017-10-30,14,1,15,complete,true
10,2017-09-11,2017-09-18,2017-11-06,16,1,17,complete,true
10,2017-09-18,2017-09-25,2017-11-13,19,1,20,complete,true
10,2017-09-25,2017-10-02,2017-11-20,19,1,20,complete,true
10,2017-10-02,2017-10-09,2017-11-27,21,1,22,complete,true
10,2017-10-09,2017-10-16,2017-12-04,20,1,21,complete,true
10,2017-10-16,2017-10-23,2017-12-11,20,0,20,complete,true
10,2017-10-23,2017-10-30,2017-12-18,17,0,17,complete,true
10,2017-10-30,2017-11-06,2017-12-25,14,0,14,complete,true
10,2017-11-06,2017-11-13,2018-01-01,11,0,11,complete,true
10,2017-11-13,2017-11-20,2018-01-08,10,0,10,complete,true
10,2017-11-20,2017-11-27,2018-01-15,10,0,10,complete,true
10,2017-11-27,2017-12-04,2018-01-22,7,0,7,complete,true
10,2017-12-04,2017-12-11,2018-01-29,9,0,9,complete,true
10,2017-12-11,2017-12-18,2018-02-05,9,0,9,complete,true
10,2017-12-18,2017-12-25,2018-02-12,9,0,9,complete,true
10,2017-12-25,2018-01-01,2018-02-19,10,0,10,complete,true
10,2018-01-01,2018-01-08,2018-02-26,10,0,10,complete,true
10,2018-01-08,2018-01-15,2018-03-05,8,0,8,complete,true
10,2018-01-15,2018-01-22,2018-03-12,6,0,6,complete,true
10,2018-01-22,2018-01-29,2018-03-19,6,0,6,complete,true
10,2018-01-29,2018-02-05,2018-03-26,5,0,5,complete,true
10,2018-02-05,2018-02-12,2018-04-02,5,0,5,complete,true
10,2018-02-12,2018-02-19,2018-04-09,5,0,5,complete,true
10,2018-02-19,2018-02-26,2018-04-16,6,0,6,complete,true
10,2018-02-26,2018-03-05,2018-04-23,8,0,8,complete,true
10,2018-03-05,2018-03-12,2018-04-30,7,0,7,complete,true
10,2018-03-12,2018-03-19,2018-05-07,16,0,16,complete,true
10,2018-03-19,2018-03-26,2018-05-14,25,0,25,complete,true
10,2018-03-26,2018-04-02,2018-05-21,29,2,31,complete,true
10,2018-04-02,2018-04-09,2018-05-28,37,2,39,complete,true
10,2018-04-09,2018-04-16,2018-06-04,52,3,55,complete,true
10,2018-04-16,2018-04-23,2018-06-11,61,3,64,complete,true
10,2018-04-23,2018-04-30,2018-06-18,72,3,75,complete,true
10,2018-04-30,2018-05-07,2018-06-25,88,3,91,complete,true
10,2018-05-07,2018-05-14,2018-07-02,92,4,96,complete,true
10,2018-05-14,2018-05-21,2018-07-09,101,4,105,complete,true
10,2018-05-21,2018-05-28,2018-07-16,105,2,107,complete,true
10,2018-05-28,2018-06-04,2018-07-23,105,2,107,complete,true
10,2018-06-04,2018-06-11,2018-07-30,110,1,111,complete,true
10,2018-06-11,2018-06-18,2018-08-06,111,1,112,complete,true
10,2018-06-18,2018-06-25,2018-08-13,102,1,103,complete,true
10,2018-06-25,2018-07-02,2018-08-20,97,1,98,complete,true
10,2018-07-02,2018-07-09,2018-08-27,86,0,86,complete,true
10,2018-07-09,2018-07-16,2018-09-03,76,0,76,complete,true
10,2018-07-16,2018-07-23,2018-09-10,80,0,80,complete,true
10,2018-07-23,2018-07-30,2018-09-17,75,0,75,complete,true
10,2018-07-30,2018-08-06,2018-09-24,58,2,60,complete,true
10,2018-08-06,2018-08-13,2018-10-01,50,2,52,complete,true
10,2018-08-13,2018-08-20,2018-10-08,48,2,50,complete,true
10,2018-08-20,2018-08-27,2018-10-15,42,2,44,complete,true
10,2018-08-27,2018-09-03,2018-10-22,43,2,45,complete,true
10,2018-09-03,2018-09-10,2018-10-29,39,2,41,complete,true
10,2018-09-10,2018-09-17,2018-11-05,30,2,32,complete,true
10,2018-09-17,2018-09-24,2018-11-12,29,3,32,complete,true
10,2018-09-24,2018-10-01,2018-11-19,28,1,29,complete,true
10,2018-10-01,2018-10-08,2018-11-26,25,1,26,complete,true
10,2018-10-08,2018-10-15,2018-12-03,23,1,24,complete,true
10,2018-10-15,2018-10-22,2018-12-10,19,1,20,complete,true
10,2018-10-22,2018-10-29,2018-12-17,19,1,20,complete,true
10,2018-10-29,2018-11-05,2018-12-24,17,1,18,complete,true
10,2018-11-05,2018-11-12,2018-12-31,14,1,15,complete,true
10,2018-11-12,2018-11-19,2019-01-07,13,0,13,complete,true
10,2018-11-19,2018-11-26,2019-01-14,11,0,11,complete,true
10,2018-11-26,2018-12-03,2019-01-21,11,0,11,complete,true
10,2018-12-03,2018-12-10,2019-01-28,10,0,10,complete,true
10,2018-12-10,2018-12-17,2019-02-04,9,0,9,complete,true
10,2018-12-17,2018-12-24,2019-02-11,7,0,7,complete,true
10,2018-12-24,2018-12-31,2019-02-18,5,0,5,complete,true
10,2018-12-31,2019-01-07,2019-02-25,4,0,4,complete,true
10,2019-01-07,2019-01-14,2019-03-04,2,0,2,complete,true
10,2019-01-14,2019-01-21,2019-03-11,2,0,2,complete,true
10,2019-01-21,2019-01-28,2019-03-18,2,0,2,complete,true
10,2019-01-28,2019-02-04,2019-03-25,3,0,3,complete,true
10,2019-02-04,2019-02-11,2019-04-01,4,0,4,complete,true
10,2019-02-11,2019-02-18,2019-04-08,4,0,4,complete,true
10,2019-02-18,2019-02-25,2019-04-15,6,0,6,complete,true
10,2019-02-25,2019-03-04,2019-04-22,8,0,8,complete,true
10,2019-03-04,2019-03-11,2019-04-29,10,0,10,complete,true
10,2019-03-11,2019-03-18,2019-05-06,13,0,13,complete,true
10,2019-03-18,2019-03-25,2019-05-13,18,0,18,complete,true
10,2019-03-25,2019-04-01,2019-05-20,19,0,19,complete,true
10,2019-04-01,2019-04-08,2019-05-27,24,0,24,complete,true
10,2019-04-08,2019-04-15,2019-06-03,25,0,25,complete,true
10,2019-04-15,2019-04-22,2019-06-10,28,3,31,complete,true
10,2019-04-22,2019-04-29,2019-06-17,31,5,36,complete,true
10,2019-04-29,2019-05-06,2019-06-24,34,5,39,complete,true
10,2019-05-06,2019-05-13,2019-07-01,36,5,41,complete,true
10,2019-05-13,2019-05-20,2019-07-08,33,6,39,complete,true
10,2019-05-20,2019-05-27,2019-07-15,33,6,39,complete,true
10,2019-05-27,2019-06-03,2019-07-22,30,6,36,complete,true
10,2019-06-03,2019-06-10,2019-07-29,33,6,39,complete,true
10,2019-06-10,2019-06-17,2019-08-05,34,4,38,complete,true
10,2019-06-17,2019-06-24,2019-08-12,31,2,33,complete,true
10,2019-06-24,2019-07-01,2019-08-19,26,2,28,complete,true
10,2019-07-01,2019-07-08,2019-08-26,24,2,26,complete,true
10,2019-07-08,2019-07-15,2019-09-02,21,2,23,complete,true
10,2019-07-15,2019-07-22,2019-09-09,21,2,23,complete,true
10,2019-07-22,2019-07-29,2019-09-16,23,3,26,complete,true
10,2019-07-29,2019-08-05,2019-09-23,18,3,21,complete,true
10,2019-08-05,2019-08-12,2019-09-30,14,2,16,complete,true
10,2019-08-12,2019-08-19,2019-10-07,14,2,16,complete,true
10,2019-08-19,2019-08-26,2019-10-14,16,2,18,complete,true
10,2019-08-26,2019-09-02,2019-10-21,16,2,18,complete,true
10,2019-09-02,2019-09-09,2019-10-28,16,2,18,complete,true
10,2019-09-09,2019-09-16,2019-11-04,18,2,20,complete,true
10,2019-09-16,2019-09-23,2019-11-11,16,1,17,complete,true
10,2019-09-23,2019-09-30,2019-11-18,19,2,21,complete,true
10,2019-09-30,2019-10-07,2019-11-25,20,2,22,complete,true
10,2019-10-07,2019-10-14,2019-12-02,20,2,22,complete,true
10,2019-10-14,2019-10-21,2019-12-09,18,2,20,complete,true
10,2019-10-21,2019-10-28,2019-12-16,16,2,18,complete,true
10,2019-10-28,2019-11-04,2019-12-23,16,1,17,complete,true
10,2019-11-04,2019-11-11,2019-12-30,12,1,13,complete,true
10,2019-11-11,2019-11-18,2020-01-06,10,1,11,complete,true
10,2019-11-18,2019-11-25,2020-01-13,7,0,7,complete,true
10,2019-11-25,2019-12-02,2020-01-20,4,0,4,complete,true
10,2019-12-02,2019-12-09,2020-01-27,3,0,3,complete,true
10,2019-12-09,2019-12-16,2020-02-03,3,0,3,complete,true
10,2019-12-16,2019-12-23,2020-02-10,3,0,3,complete,true
10,2019-12-23,2019-12-30,2020-02-17,4,0,4,complete,true
10,2019-12-30,2020-01-06,2020-02-24,5,0,5,complete,true
10,2020-01-06,2020-01-13,2020-03-02,6,0,6,complete,true
10,2020-01-13,2020-01-20,2020-03-09,6,0,6,complete,true
10,2020-01-20,2020-01-27,2020-03-16,7,0,7,complete,true
10,2020-01-27,2020-02-03,2020-03-23,6,0,6,complete,true
10,2020-02-03,2020-02-10,2020-03-30,9,0,9,complete,true
10,2020-02-10,2020-02-17,2020-04-06,10,0,10,complete,true
10,2020-02-17,2020-02-24,2020-04-13,13,0,13,complete,true
10,2020-02-24,2020-03-02,2020-04-20,14,0,14,complete,true
10,2020-03-02,2020-03-09,2020-04-27,14,0,14,complete,true
10,2020-03-09,2020-03-16,2020-05-04,21,0,21,complete,true
10,2020-03-16,2020-03-23,2020-05-11,22,0,22,complete,true
10,2020-03-23,2020-03-30,2020-05-18,27,0,27,complete,true
10,2020-03-30,2020-04-06,2020-05-25,32,1,33,complete,true
10,2020-04-06,2020-04-13,2020-06-01,37,3,40,complete,true
10,2020-04-13,2020-04-20,2020-06-08,44,4,48,complete,true
10,2020-04-20,2020-04-27,2020-06-15,56,6,62,complete,true
10,2020-04-27,2020-05-04,2020-06-22,65,6,71,complete,true
10,2020-05-04,2020-05-11,2020-06-29,72,8,80,complete,true
10,2020-05-11,2020-05-18,2020-07-06,83,10,93,complete,true
10,2020-05-18,2020-05-25,2020-07-13,88,10,98,complete,true
10,2020-05-25,2020-06-01,2020-07-20,87,12,99,complete,true
10,2020-06-01,2020-06-08,2020-07-27,91,10,101,complete,true
10,2020-06-08,2020-06-15,2020-08-03,92,9,101,complete,true
10,2020-06-15,2020-06-22,2020-08-10,90,7,97,complete,true
10,2020-06-22,2020-06-29,2020-08-17,84,8,92,complete,true
10,2020-06-29,2020-07-06,2020-08-24,74,7,81,complete,true
10,2020-07-06,2020-07-13,2020-08-31,65,6,71,complete,true
10,2020-07-13,2020-07-20,2020-09-07,62,7,69,complete,true
10,2020-07-20,2020-07-27,2020-09-14,59,5,64,complete,true
10,2020-07-27,2020-08-03,2020-09-21,52,5,57,complete,true
10,2020-08-03,2020-08-10,2020-09-28,41,5,46,complete,true
10,2020-08-10,2020-08-17,2020-10-05,30,5,35,complete,true
10,2020-08-17,2020-08-24,2020-10-12,25,4,29,complete,true
10,2020-08-24,2020-08-31,2020-10-19,23,3,26,complete,true
10,2020-08-31,2020-09-07,2020-10-26,21,2,23,complete,true
10,2020-09-07,2020-09-14,2020-11-02,14,1,15,complete,true
10,2020-09-14,2020-09-21,2020-11-09,13,0,13,complete,true
10,2020-09-21,2020-09-28,2020-11-16,10,0,10,complete,true
10,2020-09-28,2020-10-05,2020-11-23,10,0,10,complete,true
10,2020-10-05,2020-10-12,2020-11-30,9,0,9,complete,true
10,2020-10-12,2020-10-19,2020-12-07,9,0,9,complete,true
10,2020-10-19,2020-10-26,2020-12-14,7,0,7,complete,true
10,2020-10-26,2020-11-02,2020-12-21,7,0,7,complete,true
10,2020-11-02,2020-11-09,2020-12-28,7,0,7,complete,true
10,2020-11-09,2020-11-16,2021-01-04,6,0,6,complete,true
10,2020-11-16,2020-11-23,2021-01-11,5,0,5,complete,true
10,2020-11-23,2020-11-30,2021-01-18,4,0,4,complete,true
10,2020-11-30,2020-12-07,2021-01-25,5,0,5,complete,true
10,2020-12-07,2020-12-14,2021-02-01,5,1,6,complete,true
10,2020-12-14,2020-12-21,2021-02-08,5,1,6,complete,true
10,2020-12-21,2020-12-28,2021-02-15,3,1,4,complete,true
10,2020-12-28,2021-01-04,2021-02-22,3,1,4,complete,true
10,2021-01-04,2021-01-11,2021-03-01,2,1,3,complete,true
10,2021-01-11,2021-01-18,2021-03-08,2,1,3,complete,true
10,2021-01-18,2021-01-25,2021-03-15,2,1,3,complete,true
10,2021-01-25,2021-02-01,2021-03-22,2,1,3,complete,true
10,2021-02-01,2021-02-08,2021-03-29,6,0,6,complete,true
10,2021-02-08,2021-02-15,2021-04-05,6,0,6,complete,true
10,2021-02-15,2021-02-22,2021-04-12,6,0,6,complete,true
10,2021-02-22,2021-03-01,2021-04-19,7,0,7,complete,true
10,2021-03-01,2021-03-08,2021-04-26,8,0,8,complete,true
10,2021-03-08,2021-03-15,2021-05-03,8,0,8,complete,true
10,2021-03-15,2021-03-22,2021-05-10,8,0,8,complete,true
10,2021-03-22,2021-03-29,2021-05-17,8,0,8,complete,true
10,2021-03-29,2021-04-05,2021-05-24,5,0,5,complete,true
10,2021-04-05,2021-04-12,2021-05-31,7,0,7,complete,true
10,2021-04-12,2021-04-19,2021-06-07,10,0,10,complete,true
10,2021-04-19,2021-04-26,2021-06-14,10,0,10,complete,true
10,2021-04-26,2021-05-03,2021-06-21,14,0,14,complete,true
10,2021-05-03,2021-05-10,2021-06-28,19,1,20,complete,true
10,2021-05-10,2021-05-17,2021-07-05,21,1,22,complete,true
10,2021-05-17,2021-05-24,2021-07-12,21,1,22,complete,true
10,2021-05-24,2021-05-31,2021-07-19,20,2,22,complete,true
10,2021-05-31,2021-06-07,2021-07-26,19,2,21,complete,true
10,2021-06-07,2021-06-14,2021-08-02,17,2,19,complete,true
10,2021-06-14,2021-06-21,2021-08-09,17,2,19,complete,true
10,2021-06-21,2021-06-28,2021-08-16,12,2,14,complete,true
10,2021-06-28,2021-07-05,2021-08-23,9,1,10,complete,true
10,2021-07-05,2021-07-12,2021-08-30,7,2,9,complete,true
10,2021-07-12,2021-07-19,2021-09-06,7,2,9,complete,true
10,2021-07-19,2021-07-26,2021-09-13,8,1,9,complete,true
10,2021-07-26,2021-08-02,2021-09-20,8,1,9,complete,true
10,2021-08-02,2021-08-09,2021-09-27,9,1,10,complete,true
10,2021-08-09,2021-08-16,2021-10-04,10,1,11,complete,true
10,2021-08-16,2021-08-23,2021-10-11,11,2,13,complete,true
10,2021-08-23,2021-08-30,2021-10-18,10,2,12,complete,true
10,2021-08-30,2021-09-06,2021-10-25,13,1,14,complete,true
10,2021-09-06,2021-09-13,2021-11-01,13,2,15,complete,true
10,2021-09-13,2021-09-20,2021-11-08,14,2,16,complete,true
10,2021-09-20,2021-09-27,2021-11-15,14,2,16,complete,true
10,2021-09-27,2021-10-04,2021-11-22,13,2,15,complete,true
10,2021-10-04,2021-10-11,2021-11-29,13,2,15,complete,true
10,2021-10-11,2021-10-18,2021-12-06,13,1,14,complete,true
10,2021-10-18,2021-10-25,2021-12-13,13,1,14,complete,true
10,2021-10-25,2021-11-01,2021-12-20,10,1,11,complete,true
10,2021-11-01,2021-11-08,2021-12-27,9,0,9,complete,true
10,2021-11-08,2021-11-15,2022-01-03,7,0,7,complete,true
10,2021-11-15,2021-11-22,2022-01-10,7,0,7,complete,true
10,2021-11-22,2021-11-29,2022-01-17,6,0,6,complete,true
10,2021-11-29,2021-12-06,2022-01-24,4,0,4,complete,true
10,2021-12-06,2021-12-13,2022-01-31,2,0,2,complete,true
10,2021-12-13,2021-12-20,2022-02-07,1,0,1,complete,true
10,2021-12-20,2021-12-27,2022-02-14,2,0,2,complete,true
10,2021-12-27,2022-01-03,2022-02-21,3,0,3,complete,true
10,2022-01-03,2022-01-10,2022-02-28,3,0,3,complete,true
10,2022-01-10,2022-01-17,2022-03-07,2,0,2,complete,true
10,2022-01-17,2022-01-24,2022-03-14,3,0,3,complete,true
10,2022-01-24,2022-01-31,2022-03-21,4,0,4,complete,true
10,2022-01-31,2022-02-07,2022-03-28,5,0,5,complete,true
10,2022-02-07,2022-02-14,2022-04-04,6,0,6,complete,true
10,2022-02-14,2022-02-21,2022-04-11,5,0,5,complete,true
10,2022-02-21,2022-02-28,2022-04-18,5,0,5,complete,true
10,2022-02-28,2022-03-07,2022-04-25,6,0,6,complete,true
10,2022-03-07,2022-03-14,2022-05-02,7,0,7,complete,true
10,2022-03-14,2022-03-21,2022-05-09,9,0,9,complete,true
10,2022-03-21,2022-03-28,2022-05-16,10,0,10,complete,true
10,2022-03-28,2022-04-04,2022-05-23,11,0,11,complete,true
10,2022-04-04,2022-04-11,2022-05-30,14,1,15,complete,true
10,2022-04-11,2022-04-18,2022-06-06,21,1,22,complete,true
10,2022-04-18,2022-04-25,2022-06-13,24,4,28,complete,true
10,2022-04-25,2022-05-02,2022-06-20,30,4,34,complete,true
10,2022-05-02,2022-05-09,2022-06-27,36,4,40,complete,true
10,2022-05-09,2022-05-16,2022-07-04,41,4,45,complete,true
10,2022-05-16,2022-05-23,2022-07-11,42,4,46,complete,true
10,2022-05-23,2022-05-30,2022-07-18,49,5,54,complete,true
10,2022-05-30,2022-06-06,2022-07-25,57,5,62,complete,true
10,2022-06-06,2022-06-13,2022-08-01,60,8,68,complete,true
10,2022-06-13,2022-06-20,2022-08-08,61,7,68,complete,true
10,2022-06-20,2022-06-27,2022-08-15,57,7,64,complete,true
10,2022-06-27,2022-07-04,2022-08-22,52,7,59,complete,true
10,2022-07-04,2022-07-11,2022-08-29,45,7,52,complete,true
10,2022-07-11,2022-07-18,2022-09-05,46,7,53,complete,true
10,2022-07-18,2022-07-25,2022-09-12,38,6,44,complete,true
10,2022-07-25,2022-08-01,2022-09-19,28,5,33,complete,true
10,2022-08-01,2022-08-08,2022-09-26,20,2,22,complete,true
10,2022-08-08,2022-08-15,2022-10-03,15,0,15,complete,true
10,2022-08-15,2022-08-22,2022-10-10,14,0,14,complete,true
10,2022-08-22,2022-08-29,2022-10-17,13,0,13,complete,true
10,2022-08-29,2022-09-05,2022-10-24,14,0,14,complete,true
10,2022-09-05,2022-09-12,2022-10-31,11,1,12,complete,true
10,2022-09-12,2022-09-19,2022-11-07,10,1,11,complete,true
10,2022-09-19,2022-09-26,2022-11-14,11,2,13,complete,true
10,2022-09-26,2022-10-03,2022-11-21,10,2,12,complete,true
10,2022-10-03,2022-10-10,2022-11-28,10,2,12,complete,true
10,2022-10-10,2022-10-17,2022-12-05,8,2,10,complete,true
10,2022-10-17,2022-10-24,2022-12-12,8,2,10,complete,true
10,2022-10-24,2022-10-31,2022-12-19,6,2,8,complete,true
10,2022-10-31,2022-11-07,2022-12-26,5,1,6,complete,true
10,2022-11-07,2022-11-14,2023-01-02,6,1,7,complete,true
10,2022-11-14,2022-11-21,2023-01-09,3,0,3,complete,true
10,2022-11-21,2022-11-28,2023-01-16,2,0,2,complete,true
10,2022-11-28,2022-12-05,2023-01-23,2,0,2,complete,true
10,2022-12-05,2022-12-12,2023-01-30,2,0,2,complete,true
10,2022-12-12,2022-12-19,2023-02-06,1,0,1,complete,true
10,2022-12-19,2022-12-26,2023-02-13,1,0,1,complete,true
10,2022-12-26,2023-01-02,2023-02-20,1,0,1,complete,true
10,2023-01-02,2023-01-09,2023-02-27,0,0,0,complete,true
10,2023-01-09,2023-01-16,2023-03-06,0,0,0,complete,true
10,2023-01-16,2023-01-23,2023-03-13,0,0,0,complete,true
10,2023-01-23,2023-01-30,2023-03-20,0,0,0,complete,true
10,2023-01-30,2023-02-06,2023-03-27,3,0,3,complete,true
10,2023-02-06,2023-02-13,2023-04-03,4,0,4,complete,true
10,2023-02-13,2023-02-20,2023-04-10,6,0,6,complete,true
10,2023-02-20,2023-02-27,2023-04-17,6,0,6,complete,true
10,2023-02-27,2023-03-06,2023-04-24,8,0,8,complete,true
10,2023-03-06,2023-03-13,2023-05-01,9,0,9,complete,true
10,2023-03-13,2023-03-20,2023-05-08,12,0,12,complete,true
10,2023-03-20,2023-03-27,2023-05-15,13,0,13,complete,true
10,2023-03-27,2023-04-03,2023-05-22,13,0,13,complete,true
10,2023-04-03,2023-04-10,2023-05-29,14,0,14,complete,true
10,2023-04-10,2023-04-17,2023-06-05,17,0,17,complete,true
10,2023-04-17,2023-04-24,2023-06-12,21,0,21,complete,true
10,2023-04-24,2023-05-01,2023-06-19,23,0,23,complete,true
10,2023-05-01,2023-05-08,2023-06-26,26,0,26,complete,true
10,2023-05-08,2023-05-15,2023-07-03,26,0,26,complete,true
10,2023-05-15,2023-05-22,2023-07-10,28,1,29,complete,true
10,2023-05-22,2023-05-29,2023-07-17,32,1,33,complete,true
10,2023-05-29,2023-06-05,2023-07-24,30,1,31,complete,true
10,2023-06-05,2023-06-12,2023-07-31,28,2,30,complete,true
10,2023-06-12,2023-06-19,2023-08-07,26,2,28,complete,true
10,2023-06-19,2023-06-26,2023-08-14,24,2,26,complete,true
10,2023-06-26,2023-07-03,2023-08-21,25,2,27,complete,true
10,2023-07-03,2023-07-10,2023-08-28,24,2,26,complete,true
10,2023-07-10,2023-07-17,2023-09-04,21,1,22,complete,true
10,2023-07-17,2023-07-24,2023-09-11,17,2,19,complete,true
10,2023-07-24,2023-07-31,2023-09-18,18,2,20,complete,true
10,2023-07-31,2023-08-07,2023-09-25,16,1,17,complete,true
10,2023-08-07,2023-08-14,2023-10-02,16,1,17,complete,true
10,2023-08-14,2023-08-21,2023-10-09,15,1,16,complete,true
10,2023-08-21,2023-08-28,2023-10-16,12,1,13,complete,true
10,2023-08-28,2023-09-04,2023-10-23,11,1,12,complete,true
10,2023-09-04,2023-09-11,2023-10-30,12,1,13,complete,true
10,2023-09-11,2023-09-18,2023-11-06,11,0,11,complete,true
10,2023-09-18,2023-09-25,2023-11-13,12,0,12,complete,true
10,2023-09-25,2023-10-02,2023-11-20,12,0,12,complete,true
10,2023-10-02,2023-10-09,2023-11-27,11,0,11,complete,true
10,2023-10-09,2023-10-16,2023-12-04,10,0,10,complete,true
10,2023-10-16,2023-10-23,2023-12-11,9,1,10,complete,true
10,2023-10-23,2023-10-30,2023-12-18,8,1,9,complete,true
10,2023-10-30,2023-11-06,2023-12-25,7,1,8,complete,true
10,2023-11-06,2023-11-13,2024-01-01,6,1,7,complete,true
10,2023-11-13,2023-11-20,2024-01-08,5,1,6,complete,true
10,2023-11-20,2023-11-27,2024-01-15,4,1,5,complete,true
10,2023-11-27,2023-12-04,2024-01-22,3,1,4,complete,true
10,2023-12-04,2023-12-11,2024-01-29,3,1,4,complete,true
10,2023-12-11,2023-12-18,2024-02-05,3,0,3,complete,true
10,2023-12-18,2023-12-25,2024-02-12,3,0,3,complete,true
10,2023-12-25,2024-01-01,2024-02-19,3,0,3,complete,true
10,2024-01-01,2024-01-08,2024-02-26,3,0,3,complete,true
10,2024-01-08,2024-01-15,2024-03-04,2,0,2,complete,true
10,2024-01-15,2024-01-22,2024-03-11,5,0,5,complete,true
10,2024-01-22,2024-01-29,2024-03-18,5,0,5,complete,true
10,2024-01-29,2024-02-05,2024-03-25,6,1,7,complete,true
10,2024-02-05,2024-02-12,2024-04-01,8,1,9,complete,true
10,2024-02-12,2024-02-19,2024-04-08,8,1,9,complete,true
10,2024-02-19,2024-02-26,2024-04-15,9,1,10,complete,true
10,2024-02-26,2024-03-04,2024-04-22,13,1,14,complete,true
10,2024-03-04,2024-03-11,2024-04-29,15,1,16,complete,true
10,2024-03-11,2024-03-18,2024-05-06,16,3,19,complete,true
10,2024-03-18,2024-03-25,2024-05-13,23,3,26,complete,true
10,2024-03-25,2024-04-01,2024-05-20,25,2,27,complete,true
10,2024-04-01,2024-04-08,2024-05-27,26,2,28,complete,true
10,2024-04-08,2024-04-15,2024-06-03,34,2,36,complete,true
10,2024-04-15,2024-04-22,2024-06-10,42,2,44,complete,true
10,2024-04-22,2024-04-29,2024-06-17,38,2,40,complete,true
10,2024-04-29,2024-05-06,2024-06-24,42,2,44,complete,true
10,2024-05-06,2024-05-13,2024-07-01,45,0,45,complete,true
10,2024-05-13,2024-05-20,2024-07-08,44,1,45,complete,true
10,2024-05-20,2024-05-27,2024-07-15,50,1,51,complete,true
10,2024-05-27,2024-06-03,2024-07-22,49,1,50,complete,true
10,2024-06-03,2024-06-10,2024-07-29,43,1,44,complete,true
10,2024-06-10,2024-06-17,2024-08-05,37,1,38,complete,true
10,2024-06-17,2024-06-24,2024-08-12,36,1,37,complete,true
10,2024-06-24,2024-07-01,2024-08-19,31,1,32,complete,true
10,2024-07-01,2024-07-08,2024-08-26,25,1,26,complete,true
10,2024-07-08,2024-07-15,2024-09-02,21,0,21,complete,true
10,2024-07-15,2024-07-22,2024-09-09,12,0,12,complete,true
10,2024-07-22,2024-07-29,2024-09-16,12,0,12,complete,true
10,2024-07-29,2024-08-05,2024-09-23,11,0,11,complete,true
10,2024-08-05,2024-08-12,2024-09-30,9,0,9,complete,true
10,2024-08-12,2024-08-19,2024-10-07,10,0,10,complete,true
10,2024-08-19,2024-08-26,2024-10-14,9,1,10,complete,true
10,2024-08-26,2024-09-02,2024-10-21,9,1,10,complete,true
10,2024-09-02,2024-09-09,2024-10-28,9,1,10,complete,true
10,2024-09-09,2024-09-16,2024-11-04,15,1,16,complete,true
10,2024-09-16,2024-09-23,2024-11-11,15,1,16,complete,true
10,2024-09-23,2024-09-30,2024-11-18,16,1,17,complete,true
10,2024-09-30,2024-10-07,2024-11-25,16,2,18,complete,true
10,2024-10-07,2024-10-14,2024-12-02,16,2,18,complete,true
10,2024-10-14,2024-10-21,2024-12-09,18,1,19,complete,true
10,2024-10-21,2024-10-28,2024-12-16,18,1,19,complete,true
10,2024-10-28,2024-11-04,2024-12-23,17,1,18,complete,true
10,2024-11-04,2024-11-11,2024-12-30,11,1,12,complete,true
10,2024-11-11,2024-11-18,2025-01-06,8,1,9,complete,true
10,2024-11-18,2024-11-25,2025-01-13,6,1,7,complete,true
10,2024-11-25,2024-12-02,2025-01-20,5,0,5,complete,true
10,2024-12-02,2024-12-09,2025-01-27,5,0,5,complete,true
10,2024-12-09,2024-12-16,2025-02-03,3,0,3,complete,true
10,2024-12-16,2024-12-23,2025-02-10,2,0,2,complete,true
10,2024-12-23,2024-12-30,2025-02-17,1,0,1,complete,true
10,2024-12-30,2025-01-06,2025-02-24,2,0,2,complete,true
10,2025-01-06,2025-01-13,2025-03-03,2,0,2,complete,true
10,2025-01-13,2025-01-20,2025-03-10,3,0,3,complete,true
10,2025-01-20,2025-01-27,2025-03-17,3,0,3,complete,true
10,2025-01-27,2025-02-03,2025-03-24,2,0,2,complete,true
10,2025-02-03,2025-02-10,2025-03-31,4,0,4,complete,true
10,2025-02-10,2025-02-17,2025-04-07,6,0,6,complete,true
10,2025-02-17,2025-02-24,2025-04-14,8,0,8,complete,true
10,2025-02-24,2025-03-03,2025-04-21,10,0,10,complete,true
10,2025-03-03,2025-03-10,2025-04-28,10,1,11,complete,true
10,2025-03-10,2025-03-17,2025-05-05,15,1,16,complete,true
10,2025-03-17,2025-03-24,2025-05-12,17,2,19,complete,true
10,2025-03-24,2025-03-31,2025-05-19,18,2,20,complete,true
10,2025-03-31,2025-04-07,2025-05-26,19,2,21,complete,true
10,2025-04-07,2025-04-14,2025-06-02,22,2,24,complete,true
10,2025-04-14,2025-04-21,2025-06-09,24,3,27,complete,true
10,2025-04-21,2025-04-28,2025-06-16,28,3,31,complete,true
10,2025-04-28,2025-05-05,2025-06-23,36,2,38,complete,true
10,2025-05-05,2025-05-12,2025-06-30,35,2,37,complete,true
10,2025-05-12,2025-05-19,2025-07-07,40,1,41,complete,true
10,2025-05-19,2025-05-26,2025-07-14,44,1,45,complete,true
10,2025-05-26,2025-06-02,2025-07-21,45,1,46,complete,true
10,2025-06-02,2025-06-09,2025-07-28,42,3,45,complete,true
10,2025-06-09,2025-06-16,2025-08-04,44,2,46,complete,true
10,2025-06-16,2025-06-23,2025-08-11,37,2,39,complete,true
10,2025-06-23,2025-06-30,2025-08-18,34,2,36,complete,true
10,2025-06-30,2025-07-07,2025-08-25,33,2,35,complete,true
10,2025-07-07,2025-07-14,2025-09-01,27,3,30,complete,true
10,2025-07-14,2025-07-21,2025-09-08,24,3,27,complete,true
10,2025-07-21,2025-07-28,2025-09-15,25,3,28,complete,true
10,2025-07-28,2025-08-04,2025-09-22,26,1,27,complete,true
10,2025-08-04,2025-08-11,2025-09-29,23,2,25,complete,true
10,2025-08-11,2025-08-18,2025-10-06,26,2,28,complete,true
10,2025-08-18,2025-08-25,2025-10-13,24,2,26,complete,true
10,2025-08-25,2025-09-01,2025-10-20,21,2,23,complete,true
10,2025-09-01,2025-09-08,2025-10-27,23,1,24,complete,true
10,2025-09-08,2025-09-15,2025-11-03,24,1,25,complete,true
10,2025-09-15,2025-09-22,2025-11-10,20,1,21,complete,true
10,2025-09-22,2025-09-29,2025-11-17,20,1,21,complete,true
10,2025-09-29,2025-10-06,2025-11-24,21,0,21,complete,true
10,2025-10-06,2025-10-13,2025-12-01,20,0,20,complete,true
10,2025-10-13,2025-10-20,2025-12-08,17,0,17,complete,true
10,2025-10-20,2025-10-27,2025-12-15,16,0,16,complete,true
10,2025-10-27,2025-11-03,2025-12-22,14,0,14,complete,true
10,2025-11-03,2025-11-10,2025-12-29,,,,incomplete_future_window,false
10,2025-11-10,2025-11-17,2026-01-05,,,,incomplete_future_window,false
10,2025-11-17,2025-11-24,2026-01-12,,,,incomplete_future_window,false
10,2025-11-24,2025-12-01,2026-01-19,,,,incomplete_future_window,false
10,2025-12-01,2025-12-08,2026-01-26,,,,incomplete_future_window,false
10,2025-12-08,2025-12-15,2026-02-02,,,,incomplete_future_window,false
10,2025-12-15,2025-12-22,2026-02-09,,,,incomplete_future_window,false
10,2025-12-22,2025-12-29,2026-02-16,,,,incomplete_future_window,false
11,2014-12-29,2015-01-05,2015-02-23,13,0,13,complete,true
11,2015-01-05,2015-01-12,2015-03-02,12,0,12,complete,true
11,2015-01-12,2015-01-19,2015-03-09,9,0,9,complete,true
11,2015-01-19,2015-01-26,2015-03-16,9,0,9,complete,true
11,2015-01-26,2015-02-02,2015-03-23,12,0,12,complete,true
11,2015-02-02,2015-02-09,2015-03-30,17,0,17,complete,true
11,2015-02-09,2015-02-16,2015-04-06,20,0,20,complete,true
11,2015-02-16,2015-02-23,2015-04-13,23,0,23,complete,true
11,2015-02-23,2015-03-02,2015-04-20,33,0,33,complete,true
11,2015-03-02,2015-03-09,2015-04-27,34,0,34,complete,true
11,2015-03-09,2015-03-16,2015-05-04,47,0,47,complete,true
11,2015-03-16,2015-03-23,2015-05-11,52,0,52,complete,true
11,2015-03-23,2015-03-30,2015-05-18,59,0,59,complete,true
11,2015-03-30,2015-04-06,2015-05-25,68,0,68,complete,true
11,2015-04-06,2015-04-13,2015-06-01,84,1,85,complete,true
11,2015-04-13,2015-04-20,2015-06-08,99,1,100,complete,true
11,2015-04-20,2015-04-27,2015-06-15,104,1,105,complete,true
11,2015-04-27,2015-05-04,2015-06-22,108,1,109,complete,true
11,2015-05-04,2015-05-11,2015-06-29,108,1,109,complete,true
11,2015-05-11,2015-05-18,2015-07-06,118,1,119,complete,true
11,2015-05-18,2015-05-25,2015-07-13,117,1,118,complete,true
11,2015-05-25,2015-06-01,2015-07-20,111,1,112,complete,true
11,2015-06-01,2015-06-08,2015-07-27,101,0,101,complete,true
11,2015-06-08,2015-06-15,2015-08-03,92,0,92,complete,true
11,2015-06-15,2015-06-22,2015-08-10,87,0,87,complete,true
11,2015-06-22,2015-06-29,2015-08-17,85,0,85,complete,true
11,2015-06-29,2015-07-06,2015-08-24,76,0,76,complete,true
11,2015-07-06,2015-07-13,2015-08-31,62,0,62,complete,true
11,2015-07-13,2015-07-20,2015-09-07,58,0,58,complete,true
11,2015-07-20,2015-07-27,2015-09-14,54,0,54,complete,true
11,2015-07-27,2015-08-03,2015-09-21,53,0,53,complete,true
11,2015-08-03,2015-08-10,2015-09-28,47,0,47,complete,true
11,2015-08-10,2015-08-17,2015-10-05,40,0,40,complete,true
11,2015-08-17,2015-08-24,2015-10-12,38,0,38,complete,true
11,2015-08-24,2015-08-31,2015-10-19,38,0,38,complete,true
11,2015-08-31,2015-09-07,2015-10-26,41,0,41,complete,true
11,2015-09-07,2015-09-14,2015-11-02,41,0,41,complete,true
11,2015-09-14,2015-09-21,2015-11-09,39,0,39,complete,true
11,2015-09-21,2015-09-28,2015-11-16,40,0,40,complete,true
11,2015-09-28,2015-10-05,2015-11-23,38,0,38,complete,true
11,2015-10-05,2015-10-12,2015-11-30,38,0,38,complete,true
11,2015-10-12,2015-10-19,2015-12-07,35,0,35,complete,true
11,2015-10-19,2015-10-26,2015-12-14,36,0,36,complete,true
11,2015-10-26,2015-11-02,2015-12-21,37,0,37,complete,true
11,2015-11-02,2015-11-09,2015-12-28,33,0,33,complete,true
11,2015-11-09,2015-11-16,2016-01-04,40,0,40,complete,true
11,2015-11-16,2015-11-23,2016-01-11,33,0,33,complete,true
11,2015-11-23,2015-11-30,2016-01-18,31,0,31,complete,true
11,2015-11-30,2015-12-07,2016-01-25,30,0,30,complete,true
11,2015-12-07,2015-12-14,2016-02-01,29,0,29,complete,true
11,2015-12-14,2015-12-21,2016-02-08,24,0,24,complete,true
11,2015-12-21,2015-12-28,2016-02-15,19,0,19,complete,true
11,2015-12-28,2016-01-04,2016-02-22,20,0,20,complete,true
11,2016-01-04,2016-01-11,2016-02-29,13,0,13,complete,true
11,2016-01-11,2016-01-18,2016-03-07,15,0,15,complete,true
11,2016-01-18,2016-01-25,2016-03-14,16,0,16,complete,true
11,2016-01-25,2016-02-01,2016-03-21,18,0,18,complete,true
11,2016-02-01,2016-02-08,2016-03-28,21,0,21,complete,true
11,2016-02-08,2016-02-15,2016-04-04,25,0,25,complete,true
11,2016-02-15,2016-02-22,2016-04-11,33,0,33,complete,true
11,2016-02-22,2016-02-29,2016-04-18,40,0,40,complete,true
11,2016-02-29,2016-03-07,2016-04-25,45,0,45,complete,true
11,2016-03-07,2016-03-14,2016-05-02,50,0,50,complete,true
11,2016-03-14,2016-03-21,2016-05-09,64,0,64,complete,true
11,2016-03-21,2016-03-28,2016-05-16,71,0,71,complete,true
11,2016-03-28,2016-04-04,2016-05-23,81,0,81,complete,true
11,2016-04-04,2016-04-11,2016-05-30,98,0,98,complete,true
11,2016-04-11,2016-04-18,2016-06-06,107,0,107,complete,true
11,2016-04-18,2016-04-25,2016-06-13,119,0,119,complete,true
11,2016-04-25,2016-05-02,2016-06-20,129,0,129,complete,true
11,2016-05-02,2016-05-09,2016-06-27,140,0,140,complete,true
11,2016-05-09,2016-05-16,2016-07-04,141,1,142,complete,true
11,2016-05-16,2016-05-23,2016-07-11,140,1,141,complete,true
11,2016-05-23,2016-05-30,2016-07-18,139,1,140,complete,true
11,2016-05-30,2016-06-06,2016-07-25,129,1,130,complete,true
11,2016-06-06,2016-06-13,2016-08-01,124,1,125,complete,true
11,2016-06-13,2016-06-20,2016-08-08,109,2,111,complete,true
11,2016-06-20,2016-06-27,2016-08-15,101,3,104,complete,true
11,2016-06-27,2016-07-04,2016-08-22,88,3,91,complete,true
11,2016-07-04,2016-07-11,2016-08-29,80,2,82,complete,true
11,2016-07-11,2016-07-18,2016-09-05,78,2,80,complete,true
11,2016-07-18,2016-07-25,2016-09-12,69,2,71,complete,true
11,2016-07-25,2016-08-01,2016-09-19,63,2,65,complete,true
11,2016-08-01,2016-08-08,2016-09-26,55,2,57,complete,true
11,2016-08-08,2016-08-15,2016-10-03,53,1,54,complete,true
11,2016-08-15,2016-08-22,2016-10-10,44,0,44,complete,true
11,2016-08-22,2016-08-29,2016-10-17,38,1,39,complete,true
11,2016-08-29,2016-09-05,2016-10-24,30,1,31,complete,true
11,2016-09-05,2016-09-12,2016-10-31,25,1,26,complete,true
11,2016-09-12,2016-09-19,2016-11-07,27,1,28,complete,true
11,2016-09-19,2016-09-26,2016-11-14,33,1,34,complete,true
11,2016-09-26,2016-10-03,2016-11-21,32,1,33,complete,true
11,2016-10-03,2016-10-10,2016-11-28,30,1,31,complete,true
11,2016-10-10,2016-10-17,2016-12-05,32,1,33,complete,true
11,2016-10-17,2016-10-24,2016-12-12,35,0,35,complete,true
11,2016-10-24,2016-10-31,2016-12-19,36,0,36,complete,true
11,2016-10-31,2016-11-07,2016-12-26,33,0,33,complete,true
11,2016-11-07,2016-11-14,2017-01-02,30,0,30,complete,true
11,2016-11-14,2016-11-21,2017-01-09,22,0,22,complete,true
11,2016-11-21,2016-11-28,2017-01-16,20,0,20,complete,true
11,2016-11-28,2016-12-05,2017-01-23,20,0,20,complete,true
11,2016-12-05,2016-12-12,2017-01-30,19,0,19,complete,true
11,2016-12-12,2016-12-19,2017-02-06,18,0,18,complete,true
11,2016-12-19,2016-12-26,2017-02-13,16,0,16,complete,true
11,2016-12-26,2017-01-02,2017-02-20,16,0,16,complete,true
11,2017-01-02,2017-01-09,2017-02-27,15,0,15,complete,true
11,2017-01-09,2017-01-16,2017-03-06,13,0,13,complete,true
11,2017-01-16,2017-01-23,2017-03-13,16,0,16,complete,true
11,2017-01-23,2017-01-30,2017-03-20,20,0,20,complete,true
11,2017-01-30,2017-02-06,2017-03-27,24,0,24,complete,true
11,2017-02-06,2017-02-13,2017-04-03,27,0,27,complete,true
11,2017-02-13,2017-02-20,2017-04-10,41,0,41,complete,true
11,2017-02-20,2017-02-27,2017-04-17,53,0,53,complete,true
11,2017-02-27,2017-03-06,2017-04-24,69,0,69,complete,true
11,2017-03-06,2017-03-13,2017-05-01,78,0,78,complete,true
11,2017-03-13,2017-03-20,2017-05-08,86,0,86,complete,true
11,2017-03-20,2017-03-27,2017-05-15,97,0,97,complete,true
11,2017-03-27,2017-04-03,2017-05-22,102,0,102,complete,true
11,2017-04-03,2017-04-10,2017-05-29,123,0,123,complete,true
11,2017-04-10,2017-04-17,2017-06-05,133,0,133,complete,true
11,2017-04-17,2017-04-24,2017-06-12,145,0,145,complete,true
11,2017-04-24,2017-05-01,2017-06-19,145,0,145,complete,true
11,2017-05-01,2017-05-08,2017-06-26,152,0,152,complete,true
11,2017-05-08,2017-05-15,2017-07-03,160,0,160,complete,true
11,2017-05-15,2017-05-22,2017-07-10,160,0,160,complete,true
11,2017-05-22,2017-05-29,2017-07-17,158,0,158,complete,true
11,2017-05-29,2017-06-05,2017-07-24,146,0,146,complete,true
11,2017-06-05,2017-06-12,2017-07-31,131,0,131,complete,true
11,2017-06-12,2017-06-19,2017-08-07,112,0,112,complete,true
11,2017-06-19,2017-06-26,2017-08-14,98,1,99,complete,true
11,2017-06-26,2017-07-03,2017-08-21,89,1,90,complete,true
11,2017-07-03,2017-07-10,2017-08-28,75,1,76,complete,true
11,2017-07-10,2017-07-17,2017-09-04,65,1,66,complete,true
11,2017-07-17,2017-07-24,2017-09-11,61,1,62,complete,true
11,2017-07-24,2017-07-31,2017-09-18,47,1,48,complete,true
11,2017-07-31,2017-08-07,2017-09-25,43,1,44,complete,true
11,2017-08-07,2017-08-14,2017-10-02,38,1,39,complete,true
11,2017-08-14,2017-08-21,2017-10-09,38,0,38,complete,true
11,2017-08-21,2017-08-28,2017-10-16,38,0,38,complete,true
11,2017-08-28,2017-09-04,2017-10-23,45,0,45,complete,true
11,2017-09-04,2017-09-11,2017-10-30,46,0,46,complete,true
11,2017-09-11,2017-09-18,2017-11-06,50,1,51,complete,true
11,2017-09-18,2017-09-25,2017-11-13,58,1,59,complete,true
11,2017-09-25,2017-10-02,2017-11-20,60,1,61,complete,true
11,2017-10-02,2017-10-09,2017-11-27,66,2,68,complete,true
11,2017-10-09,2017-10-16,2017-12-04,65,2,67,complete,true
11,2017-10-16,2017-10-23,2017-12-11,61,2,63,complete,true
11,2017-10-23,2017-10-30,2017-12-18,50,2,52,complete,true
11,2017-10-30,2017-11-06,2017-12-25,44,2,46,complete,true
11,2017-11-06,2017-11-13,2018-01-01,40,1,41,complete,true
11,2017-11-13,2017-11-20,2018-01-08,34,1,35,complete,true
11,2017-11-20,2017-11-27,2018-01-15,27,1,28,complete,true
11,2017-11-27,2017-12-04,2018-01-22,23,0,23,complete,true
11,2017-12-04,2017-12-11,2018-01-29,24,0,24,complete,true
11,2017-12-11,2017-12-18,2018-02-05,24,0,24,complete,true
11,2017-12-18,2017-12-25,2018-02-12,29,0,29,complete,true
11,2017-12-25,2018-01-01,2018-02-19,29,0,29,complete,true
11,2018-01-01,2018-01-08,2018-02-26,26,0,26,complete,true
11,2018-01-08,2018-01-15,2018-03-05,29,0,29,complete,true
11,2018-01-15,2018-01-22,2018-03-12,31,0,31,complete,true
11,2018-01-22,2018-01-29,2018-03-19,29,0,29,complete,true
11,2018-01-29,2018-02-05,2018-03-26,28,0,28,complete,true
11,2018-02-05,2018-02-12,2018-04-02,28,0,28,complete,true
11,2018-02-12,2018-02-19,2018-04-09,25,0,25,complete,true
11,2018-02-19,2018-02-26,2018-04-16,40,0,40,complete,true
11,2018-02-26,2018-03-05,2018-04-23,56,0,56,complete,true
11,2018-03-05,2018-03-12,2018-04-30,75,0,75,complete,true
11,2018-03-12,2018-03-19,2018-05-07,95,1,96,complete,true
11,2018-03-19,2018-03-26,2018-05-14,126,1,127,complete,true
11,2018-03-26,2018-04-02,2018-05-21,157,1,158,complete,true
11,2018-04-02,2018-04-09,2018-05-28,186,1,187,complete,true
11,2018-04-09,2018-04-16,2018-06-04,222,1,223,complete,true
11,2018-04-16,2018-04-23,2018-06-11,239,1,240,complete,true
11,2018-04-23,2018-04-30,2018-06-18,268,1,269,complete,true
11,2018-04-30,2018-05-07,2018-06-25,285,2,287,complete,true
11,2018-05-07,2018-05-14,2018-07-02,300,1,301,complete,true
11,2018-05-14,2018-05-21,2018-07-09,289,1,290,complete,true
11,2018-05-21,2018-05-28,2018-07-16,279,1,280,complete,true
11,2018-05-28,2018-06-04,2018-07-23,279,1,280,complete,true
11,2018-06-04,2018-06-11,2018-07-30,261,1,262,complete,true
11,2018-06-11,2018-06-18,2018-08-06,245,2,247,complete,true
11,2018-06-18,2018-06-25,2018-08-13,216,3,219,complete,true
11,2018-06-25,2018-07-02,2018-08-20,181,2,183,complete,true
11,2018-07-02,2018-07-09,2018-08-27,157,2,159,complete,true
11,2018-07-09,2018-07-16,2018-09-03,144,2,146,complete,true
11,2018-07-16,2018-07-23,2018-09-10,132,2,134,complete,true
11,2018-07-23,2018-07-30,2018-09-17,117,2,119,complete,true
11,2018-07-30,2018-08-06,2018-09-24,100,2,102,complete,true
11,2018-08-06,2018-08-13,2018-10-01,90,1,91,complete,true
11,2018-08-13,2018-08-20,2018-10-08,81,0,81,complete,true
11,2018-08-20,2018-08-27,2018-10-15,80,0,80,complete,true
11,2018-08-27,2018-09-03,2018-10-22,72,0,72,complete,true
11,2018-09-03,2018-09-10,2018-10-29,71,0,71,complete,true
11,2018-09-10,2018-09-17,2018-11-05,69,1,70,complete,true
11,2018-09-17,2018-09-24,2018-11-12,57,1,58,complete,true
11,2018-09-24,2018-10-01,2018-11-19,64,1,65,complete,true
11,2018-10-01,2018-10-08,2018-11-26,60,1,61,complete,true
11,2018-10-08,2018-10-15,2018-12-03,61,1,62,complete,true
11,2018-10-15,2018-10-22,2018-12-10,62,1,63,complete,true
11,2018-10-22,2018-10-29,2018-12-17,60,1,61,complete,true
11,2018-10-29,2018-11-05,2018-12-24,55,1,56,complete,true
11,2018-11-05,2018-11-12,2018-12-31,46,0,46,complete,true
11,2018-11-12,2018-11-19,2019-01-07,47,0,47,complete,true
11,2018-11-19,2018-11-26,2019-01-14,35,0,35,complete,true
11,2018-11-26,2018-12-03,2019-01-21,33,0,33,complete,true
11,2018-12-03,2018-12-10,2019-01-28,26,0,26,complete,true
11,2018-12-10,2018-12-17,2019-02-04,27,0,27,complete,true
11,2018-12-17,2018-12-24,2019-02-11,24,0,24,complete,true
11,2018-12-24,2018-12-31,2019-02-18,23,0,23,complete,true
11,2018-12-31,2019-01-07,2019-02-25,24,0,24,complete,true
11,2019-01-07,2019-01-14,2019-03-04,23,0,23,complete,true
11,2019-01-14,2019-01-21,2019-03-11,26,0,26,complete,true
11,2019-01-21,2019-01-28,2019-03-18,28,0,28,complete,true
11,2019-01-28,2019-02-04,2019-03-25,30,0,30,complete,true
11,2019-02-04,2019-02-11,2019-04-01,29,0,29,complete,true
11,2019-02-11,2019-02-18,2019-04-08,35,0,35,complete,true
11,2019-02-18,2019-02-25,2019-04-15,40,0,40,complete,true
11,2019-02-25,2019-03-04,2019-04-22,47,0,47,complete,true
11,2019-03-04,2019-03-11,2019-04-29,56,0,56,complete,true
11,2019-03-11,2019-03-18,2019-05-06,59,0,59,complete,true
11,2019-03-18,2019-03-25,2019-05-13,71,0,71,complete,true
11,2019-03-25,2019-04-01,2019-05-20,78,0,78,complete,true
11,2019-04-01,2019-04-08,2019-05-27,84,0,84,complete,true
11,2019-04-08,2019-04-15,2019-06-03,92,0,92,complete,true
11,2019-04-15,2019-04-22,2019-06-10,113,0,113,complete,true
11,2019-04-22,2019-04-29,2019-06-17,123,0,123,complete,true
11,2019-04-29,2019-05-06,2019-06-24,132,1,133,complete,true
11,2019-05-06,2019-05-13,2019-07-01,148,2,150,complete,true
11,2019-05-13,2019-05-20,2019-07-08,152,2,154,complete,true
11,2019-05-20,2019-05-27,2019-07-15,154,2,156,complete,true
11,2019-05-27,2019-06-03,2019-07-22,153,2,155,complete,true
11,2019-06-03,2019-06-10,2019-07-29,152,2,154,complete,true
11,2019-06-10,2019-06-17,2019-08-05,135,2,137,complete,true
11,2019-06-17,2019-06-24,2019-08-12,125,2,127,complete,true
11,2019-06-24,2019-07-01,2019-08-19,112,1,113,complete,true
11,2019-07-01,2019-07-08,2019-08-26,97,0,97,complete,true
11,2019-07-08,2019-07-15,2019-09-02,88,0,88,complete,true
11,2019-07-15,2019-07-22,2019-09-09,85,0,85,complete,true
11,2019-07-22,2019-07-29,2019-09-16,78,1,79,complete,true
11,2019-07-29,2019-08-05,2019-09-23,69,1,70,complete,true
11,2019-08-05,2019-08-12,2019-09-30,62,1,63,complete,true
11,2019-08-12,2019-08-19,2019-10-07,59,1,60,complete,true
11,2019-08-19,2019-08-26,2019-10-14,52,1,53,complete,true
11,2019-08-26,2019-09-02,2019-10-21,50,1,51,complete,true
11,2019-09-02,2019-09-09,2019-10-28,44,1,45,complete,true
11,2019-09-09,2019-09-16,2019-11-04,44,1,45,complete,true
11,2019-09-16,2019-09-23,2019-11-11,40,0,40,complete,true
11,2019-09-23,2019-09-30,2019-11-18,44,0,44,complete,true
11,2019-09-30,2019-10-07,2019-11-25,43,0,43,complete,true
11,2019-10-07,2019-10-14,2019-12-02,41,0,41,complete,true
11,2019-10-14,2019-10-21,2019-12-09,43,0,43,complete,true
11,2019-10-21,2019-10-28,2019-12-16,40,0,40,complete,true
11,2019-10-28,2019-11-04,2019-12-23,37,0,37,complete,true
11,2019-11-04,2019-11-11,2019-12-30,28,0,28,complete,true
11,2019-11-11,2019-11-18,2020-01-06,30,0,30,complete,true
11,2019-11-18,2019-11-25,2020-01-13,27,0,27,complete,true
11,2019-11-25,2019-12-02,2020-01-20,27,0,27,complete,true
11,2019-12-02,2019-12-09,2020-01-27,25,0,25,complete,true
11,2019-12-09,2019-12-16,2020-02-03,24,0,24,complete,true
11,2019-12-16,2019-12-23,2020-02-10,25,0,25,complete,true
11,2019-12-23,2019-12-30,2020-02-17,24,0,24,complete,true
11,2019-12-30,2020-01-06,2020-02-24,28,0,28,complete,true
11,2020-01-06,2020-01-13,2020-03-02,27,0,27,complete,true
11,2020-01-13,2020-01-20,2020-03-09,23,0,23,complete,true
11,2020-01-20,2020-01-27,2020-03-16,25,0,25,complete,true
11,2020-01-27,2020-02-03,2020-03-23,28,0,28,complete,true
11,2020-02-03,2020-02-10,2020-03-30,31,0,31,complete,true
11,2020-02-10,2020-02-17,2020-04-06,47,0,47,complete,true
11,2020-02-17,2020-02-24,2020-04-13,61,0,61,complete,true
11,2020-02-24,2020-03-02,2020-04-20,76,0,76,complete,true
11,2020-03-02,2020-03-09,2020-04-27,92,0,92,complete,true
11,2020-03-09,2020-03-16,2020-05-04,107,1,108,complete,true
11,2020-03-16,2020-03-23,2020-05-11,124,1,125,complete,true
11,2020-03-23,2020-03-30,2020-05-18,152,1,153,complete,true
11,2020-03-30,2020-04-06,2020-05-25,187,1,188,complete,true
11,2020-04-06,2020-04-13,2020-06-01,227,2,229,complete,true
11,2020-04-13,2020-04-20,2020-06-08,267,4,271,complete,true
11,2020-04-20,2020-04-27,2020-06-15,308,4,312,complete,true
11,2020-04-27,2020-05-04,2020-06-22,328,4,332,complete,true
11,2020-05-04,2020-05-11,2020-06-29,347,5,352,complete,true
11,2020-05-11,2020-05-18,2020-07-06,359,5,364,complete,true
11,2020-05-18,2020-05-25,2020-07-13,362,5,367,complete,true
11,2020-05-25,2020-06-01,2020-07-20,340,7,347,complete,true
11,2020-06-01,2020-06-08,2020-07-27,314,6,320,complete,true
11,2020-06-08,2020-06-15,2020-08-03,283,4,287,complete,true
11,2020-06-15,2020-06-22,2020-08-10,246,4,250,complete,true
11,2020-06-22,2020-06-29,2020-08-17,228,4,232,complete,true
11,2020-06-29,2020-07-06,2020-08-24,214,5,219,complete,true
11,2020-07-06,2020-07-13,2020-08-31,191,5,196,complete,true
11,2020-07-13,2020-07-20,2020-09-07,169,5,174,complete,true
11,2020-07-20,2020-07-27,2020-09-14,157,4,161,complete,true
11,2020-07-27,2020-08-03,2020-09-21,128,4,132,complete,true
11,2020-08-03,2020-08-10,2020-09-28,111,4,115,complete,true
11,2020-08-10,2020-08-17,2020-10-05,93,5,98,complete,true
11,2020-08-17,2020-08-24,2020-10-12,79,6,85,complete,true
11,2020-08-24,2020-08-31,2020-10-19,64,3,67,complete,true
11,2020-08-31,2020-09-07,2020-10-26,60,3,63,complete,true
11,2020-09-07,2020-09-14,2020-11-02,59,3,62,complete,true
11,2020-09-14,2020-09-21,2020-11-09,62,2,64,complete,true
11,2020-09-21,2020-09-28,2020-11-16,67,2,69,complete,true
11,2020-09-28,2020-10-05,2020-11-23,65,2,67,complete,true
11,2020-10-05,2020-10-12,2020-11-30,71,1,72,complete,true
11,2020-10-12,2020-10-19,2020-12-07,70,0,70,complete,true
11,2020-10-19,2020-10-26,2020-12-14,74,0,74,complete,true
11,2020-10-26,2020-11-02,2020-12-21,72,0,72,complete,true
11,2020-11-02,2020-11-09,2020-12-28,60,0,60,complete,true
11,2020-11-09,2020-11-16,2021-01-04,52,0,52,complete,true
11,2020-11-16,2020-11-23,2021-01-11,47,0,47,complete,true
11,2020-11-23,2020-11-30,2021-01-18,46,0,46,complete,true
11,2020-11-30,2020-12-07,2021-01-25,37,0,37,complete,true
11,2020-12-07,2020-12-14,2021-02-01,34,0,34,complete,true
11,2020-12-14,2020-12-21,2021-02-08,26,0,26,complete,true
11,2020-12-21,2020-12-28,2021-02-15,26,0,26,complete,true
11,2020-12-28,2021-01-04,2021-02-22,26,0,26,complete,true
11,2021-01-04,2021-01-11,2021-03-01,24,0,24,complete,true
11,2021-01-11,2021-01-18,2021-03-08,23,0,23,complete,true
11,2021-01-18,2021-01-25,2021-03-15,27,0,27,complete,true
11,2021-01-25,2021-02-01,2021-03-22,28,0,28,complete,true
11,2021-02-01,2021-02-08,2021-03-29,33,0,33,complete,true
11,2021-02-08,2021-02-15,2021-04-05,36,0,36,complete,true
11,2021-02-15,2021-02-22,2021-04-12,38,0,38,complete,true
11,2021-02-22,2021-03-01,2021-04-19,43,1,44,complete,true
11,2021-03-01,2021-03-08,2021-04-26,48,1,49,complete,true
11,2021-03-08,2021-03-15,2021-05-03,52,1,53,complete,true
11,2021-03-15,2021-03-22,2021-05-10,67,1,68,complete,true
11,2021-03-22,2021-03-29,2021-05-17,78,1,79,complete,true
11,2021-03-29,2021-04-05,2021-05-24,88,1,89,complete,true
11,2021-04-05,2021-04-12,2021-05-31,98,1,99,complete,true
11,2021-04-12,2021-04-19,2021-06-07,116,1,117,complete,true
11,2021-04-19,2021-04-26,2021-06-14,124,0,124,complete,true
11,2021-04-26,2021-05-03,2021-06-21,133,0,133,complete,true
11,2021-05-03,2021-05-10,2021-06-28,144,1,145,complete,true
11,2021-05-10,2021-05-17,2021-07-05,138,1,139,complete,true
11,2021-05-17,2021-05-24,2021-07-12,131,1,132,complete,true
11,2021-05-24,2021-05-31,2021-07-19,127,1,128,complete,true
11,2021-05-31,2021-06-07,2021-07-26,116,1,117,complete,true
11,2021-06-07,2021-06-14,2021-08-02,99,1,100,complete,true
11,2021-06-14,2021-06-21,2021-08-09,92,1,93,complete,true
11,2021-06-21,2021-06-28,2021-08-16,84,1,85,complete,true
11,2021-06-28,2021-07-05,2021-08-23,71,0,71,complete,true
11,2021-07-05,2021-07-12,2021-08-30,57,0,57,complete,true
11,2021-07-12,2021-07-19,2021-09-06,56,0,56,complete,true
11,2021-07-19,2021-07-26,2021-09-13,53,0,53,complete,true
11,2021-07-26,2021-08-02,2021-09-20,53,1,54,complete,true
11,2021-08-02,2021-08-09,2021-09-27,49,1,50,complete,true
11,2021-08-09,2021-08-16,2021-10-04,46,1,47,complete,true
11,2021-08-16,2021-08-23,2021-10-11,44,1,45,complete,true
11,2021-08-23,2021-08-30,2021-10-18,40,1,41,complete,true
11,2021-08-30,2021-09-06,2021-10-25,40,1,41,complete,true
11,2021-09-06,2021-09-13,2021-11-01,35,1,36,complete,true
11,2021-09-13,2021-09-20,2021-11-08,30,1,31,complete,true
11,2021-09-20,2021-09-27,2021-11-15,35,0,35,complete,true
11,2021-09-27,2021-10-04,2021-11-22,43,0,43,complete,true
11,2021-10-04,2021-10-11,2021-11-29,44,0,44,complete,true
11,2021-10-11,2021-10-18,2021-12-06,46,0,46,complete,true
11,2021-10-18,2021-10-25,2021-12-13,51,0,51,complete,true
11,2021-10-25,2021-11-01,2021-12-20,56,0,56,complete,true
11,2021-11-01,2021-11-08,2021-12-27,58,0,58,complete,true
11,2021-11-08,2021-11-15,2022-01-03,58,0,58,complete,true
11,2021-11-15,2021-11-22,2022-01-10,50,0,50,complete,true
11,2021-11-22,2021-11-29,2022-01-17,42,0,42,complete,true
11,2021-11-29,2021-12-06,2022-01-24,40,0,40,complete,true
11,2021-12-06,2021-12-13,2022-01-31,34,0,34,complete,true
11,2021-12-13,2021-12-20,2022-02-07,29,0,29,complete,true
11,2021-12-20,2021-12-27,2022-02-14,27,0,27,complete,true
11,2021-12-27,2022-01-03,2022-02-21,24,0,24,complete,true
11,2022-01-03,2022-01-10,2022-02-28,22,0,22,complete,true
11,2022-01-10,2022-01-17,2022-03-07,24,0,24,complete,true
11,2022-01-17,2022-01-24,2022-03-14,28,0,28,complete,true
11,2022-01-24,2022-01-31,2022-03-21,34,0,34,complete,true
11,2022-01-31,2022-02-07,2022-03-28,35,0,35,complete,true
11,2022-02-07,2022-02-14,2022-04-04,35,0,35,complete,true
11,2022-02-14,2022-02-21,2022-04-11,38,0,38,complete,true
11,2022-02-21,2022-02-28,2022-04-18,42,0,42,complete,true
11,2022-02-28,2022-03-07,2022-04-25,51,0,51,complete,true
11,2022-03-07,2022-03-14,2022-05-02,63,0,63,complete,true
11,2022-03-14,2022-03-21,2022-05-09,72,1,73,complete,true
11,2022-03-21,2022-03-28,2022-05-16,86,1,87,complete,true
11,2022-03-28,2022-04-04,2022-05-23,108,1,109,complete,true
11,2022-04-04,2022-04-11,2022-05-30,136,1,137,complete,true
11,2022-04-11,2022-04-18,2022-06-06,162,1,163,complete,true
11,2022-04-18,2022-04-25,2022-06-13,197,2,199,complete,true
11,2022-04-25,2022-05-02,2022-06-20,224,2,226,complete,true
11,2022-05-02,2022-05-09,2022-06-27,235,3,238,complete,true
11,2022-05-09,2022-05-16,2022-07-04,250,2,252,complete,true
11,2022-05-16,2022-05-23,2022-07-11,251,3,254,complete,true
11,2022-05-23,2022-05-30,2022-07-18,248,4,252,complete,true
11,2022-05-30,2022-06-06,2022-07-25,251,4,255,complete,true
11,2022-06-06,2022-06-13,2022-08-01,239,4,243,complete,true
11,2022-06-13,2022-06-20,2022-08-08,217,3,220,complete,true
11,2022-06-20,2022-06-27,2022-08-15,196,4,200,complete,true
11,2022-06-27,2022-07-04,2022-08-22,185,3,188,complete,true
11,2022-07-04,2022-07-11,2022-08-29,166,3,169,complete,true
11,2022-07-11,2022-07-18,2022-09-05,152,2,154,complete,true
11,2022-07-18,2022-07-25,2022-09-12,135,1,136,complete,true
11,2022-07-25,2022-08-01,2022-09-19,104,1,105,complete,true
11,2022-08-01,2022-08-08,2022-09-26,85,1,86,complete,true
11,2022-08-08,2022-08-15,2022-10-03,76,1,77,complete,true
11,2022-08-15,2022-08-22,2022-10-10,66,0,66,complete,true
11,2022-08-22,2022-08-29,2022-10-17,55,0,55,complete,true
11,2022-08-29,2022-09-05,2022-10-24,53,0,53,complete,true
11,2022-09-05,2022-09-12,2022-10-31,50,0,50,complete,true
11,2022-09-12,2022-09-19,2022-11-07,48,0,48,complete,true
11,2022-09-19,2022-09-26,2022-11-14,52,0,52,complete,true
11,2022-09-26,2022-10-03,2022-11-21,54,0,54,complete,true
11,2022-10-03,2022-10-10,2022-11-28,53,0,53,complete,true
11,2022-10-10,2022-10-17,2022-12-05,52,0,52,complete,true
11,2022-10-17,2022-10-24,2022-12-12,50,0,50,complete,true
11,2022-10-24,2022-10-31,2022-12-19,43,0,43,complete,true
11,2022-10-31,2022-11-07,2022-12-26,37,0,37,complete,true
11,2022-11-07,2022-11-14,2023-01-02,35,0,35,complete,true
11,2022-11-14,2022-11-21,2023-01-09,35,0,35,complete,true
11,2022-11-21,2022-11-28,2023-01-16,31,0,31,complete,true
11,2022-11-28,2022-12-05,2023-01-23,24,0,24,complete,true
11,2022-12-05,2022-12-12,2023-01-30,19,0,19,complete,true
11,2022-12-12,2022-12-19,2023-02-06,17,0,17,complete,true
11,2022-12-19,2022-12-26,2023-02-13,15,0,15,complete,true
11,2022-12-26,2023-01-02,2023-02-20,16,0,16,complete,true
11,2023-01-02,2023-01-09,2023-02-27,18,0,18,complete,true
11,2023-01-09,2023-01-16,2023-03-06,15,0,15,complete,true
11,2023-01-16,2023-01-23,2023-03-13,17,0,17,complete,true
11,2023-01-23,2023-01-30,2023-03-20,20,0,20,complete,true
11,2023-01-30,2023-02-06,2023-03-27,24,0,24,complete,true
11,2023-02-06,2023-02-13,2023-04-03,29,0,29,complete,true
11,2023-02-13,2023-02-20,2023-04-10,35,0,35,complete,true
11,2023-02-20,2023-02-27,2023-04-17,39,0,39,complete,true
11,2023-02-27,2023-03-06,2023-04-24,46,0,46,complete,true
11,2023-03-06,2023-03-13,2023-05-01,51,0,51,complete,true
11,2023-03-13,2023-03-20,2023-05-08,56,0,56,complete,true
11,2023-03-20,2023-03-27,2023-05-15,57,0,57,complete,true
11,2023-03-27,2023-04-03,2023-05-22,63,0,63,complete,true
11,2023-04-03,2023-04-10,2023-05-29,66,0,66,complete,true
11,2023-04-10,2023-04-17,2023-06-05,82,0,82,complete,true
11,2023-04-17,2023-04-24,2023-06-12,90,0,90,complete,true
11,2023-04-24,2023-05-01,2023-06-19,94,1,95,complete,true
11,2023-05-01,2023-05-08,2023-06-26,96,1,97,complete,true
11,2023-05-08,2023-05-15,2023-07-03,103,1,104,complete,true
11,2023-05-15,2023-05-22,2023-07-10,104,1,105,complete,true
11,2023-05-22,2023-05-29,2023-07-17,107,2,109,complete,true
11,2023-05-29,2023-06-05,2023-07-24,112,2,114,complete,true
11,2023-06-05,2023-06-12,2023-07-31,104,2,106,complete,true
11,2023-06-12,2023-06-19,2023-08-07,101,2,103,complete,true
11,2023-06-19,2023-06-26,2023-08-14,95,1,96,complete,true
11,2023-06-26,2023-07-03,2023-08-21,88,1,89,complete,true
11,2023-07-03,2023-07-10,2023-08-28,78,1,79,complete,true
11,2023-07-10,2023-07-17,2023-09-04,76,1,77,complete,true
11,2023-07-17,2023-07-24,2023-09-11,68,0,68,complete,true
11,2023-07-24,2023-07-31,2023-09-18,61,0,61,complete,true
11,2023-07-31,2023-08-07,2023-09-25,50,0,50,complete,true
11,2023-08-07,2023-08-14,2023-10-02,41,0,41,complete,true
11,2023-08-14,2023-08-21,2023-10-09,43,0,43,complete,true
11,2023-08-21,2023-08-28,2023-10-16,45,0,45,complete,true
11,2023-08-28,2023-09-04,2023-10-23,42,0,42,complete,true
11,2023-09-04,2023-09-11,2023-10-30,40,0,40,complete,true
11,2023-09-11,2023-09-18,2023-11-06,37,0,37,complete,true
11,2023-09-18,2023-09-25,2023-11-13,32,0,32,complete,true
11,2023-09-25,2023-10-02,2023-11-20,29,0,29,complete,true
11,2023-10-02,2023-10-09,2023-11-27,29,0,29,complete,true
11,2023-10-09,2023-10-16,2023-12-04,22,0,22,complete,true
11,2023-10-16,2023-10-23,2023-12-11,26,0,26,complete,true
11,2023-10-23,2023-10-30,2023-12-18,26,0,26,complete,true
11,2023-10-30,2023-11-06,2023-12-25,27,1,28,complete,true
11,2023-11-06,2023-11-13,2024-01-01,23,1,24,complete,true
11,2023-11-13,2023-11-20,2024-01-08,26,1,27,complete,true
11,2023-11-20,2023-11-27,2024-01-15,29,1,30,complete,true
11,2023-11-27,2023-12-04,2024-01-22,31,1,32,complete,true
11,2023-12-04,2023-12-11,2024-01-29,34,1,35,complete,true
11,2023-12-11,2023-12-18,2024-02-05,27,1,28,complete,true
11,2023-12-18,2023-12-25,2024-02-12,28,1,29,complete,true
11,2023-12-25,2024-01-01,2024-02-19,30,0,30,complete,true
11,2024-01-01,2024-01-08,2024-02-26,34,0,34,complete,true
11,2024-01-08,2024-01-15,2024-03-04,31,0,31,complete,true
11,2024-01-15,2024-01-22,2024-03-11,30,0,30,complete,true
11,2024-01-22,2024-01-29,2024-03-18,31,0,31,complete,true
11,2024-01-29,2024-02-05,2024-03-25,32,0,32,complete,true
11,2024-02-05,2024-02-12,2024-04-01,38,0,38,complete,true
11,2024-02-12,2024-02-19,2024-04-08,45,1,46,complete,true
11,2024-02-19,2024-02-26,2024-04-15,47,1,48,complete,true
11,2024-02-26,2024-03-04,2024-04-22,48,1,49,complete,true
11,2024-03-04,2024-03-11,2024-04-29,59,1,60,complete,true
11,2024-03-11,2024-03-18,2024-05-06,67,1,68,complete,true
11,2024-03-18,2024-03-25,2024-05-13,70,2,72,complete,true
11,2024-03-25,2024-04-01,2024-05-20,76,2,78,complete,true
11,2024-04-01,2024-04-08,2024-05-27,88,2,90,complete,true
11,2024-04-08,2024-04-15,2024-06-03,97,1,98,complete,true
11,2024-04-15,2024-04-22,2024-06-10,109,1,110,complete,true
11,2024-04-22,2024-04-29,2024-06-17,129,1,130,complete,true
11,2024-04-29,2024-05-06,2024-06-24,121,2,123,complete,true
11,2024-05-06,2024-05-13,2024-07-01,126,2,128,complete,true
11,2024-05-13,2024-05-20,2024-07-08,136,2,138,complete,true
11,2024-05-20,2024-05-27,2024-07-15,133,2,135,complete,true
11,2024-05-27,2024-06-03,2024-07-22,132,2,134,complete,true
11,2024-06-03,2024-06-10,2024-07-29,129,2,131,complete,true
11,2024-06-10,2024-06-17,2024-08-05,121,2,123,complete,true
11,2024-06-17,2024-06-24,2024-08-12,102,3,105,complete,true
11,2024-06-24,2024-07-01,2024-08-19,108,2,110,complete,true
11,2024-07-01,2024-07-08,2024-08-26,96,3,99,complete,true
11,2024-07-08,2024-07-15,2024-09-02,87,2,89,complete,true
11,2024-07-15,2024-07-22,2024-09-09,89,2,91,complete,true
11,2024-07-22,2024-07-29,2024-09-16,71,2,73,complete,true
11,2024-07-29,2024-08-05,2024-09-23,57,2,59,complete,true
11,2024-08-05,2024-08-12,2024-09-30,51,2,53,complete,true
11,2024-08-12,2024-08-19,2024-10-07,53,1,54,complete,true
11,2024-08-19,2024-08-26,2024-10-14,51,1,52,complete,true
11,2024-08-26,2024-09-02,2024-10-21,53,0,53,complete,true
11,2024-09-02,2024-09-09,2024-10-28,46,0,46,complete,true
11,2024-09-09,2024-09-16,2024-11-04,37,0,37,complete,true
11,2024-09-16,2024-09-23,2024-11-11,40,0,40,complete,true
11,2024-09-23,2024-09-30,2024-11-18,43,0,43,complete,true
11,2024-09-30,2024-10-07,2024-11-25,40,0,40,complete,true
11,2024-10-07,2024-10-14,2024-12-02,35,0,35,complete,true
11,2024-10-14,2024-10-21,2024-12-09,28,0,28,complete,true
11,2024-10-21,2024-10-28,2024-12-16,28,0,28,complete,true
11,2024-10-28,2024-11-04,2024-12-23,32,0,32,complete,true
11,2024-11-04,2024-11-11,2024-12-30,30,0,30,complete,true
11,2024-11-11,2024-11-18,2025-01-06,35,0,35,complete,true
11,2024-11-18,2024-11-25,2025-01-13,35,0,35,complete,true
11,2024-11-25,2024-12-02,2025-01-20,37,0,37,complete,true
11,2024-12-02,2024-12-09,2025-01-27,36,0,36,complete,true
11,2024-12-09,2024-12-16,2025-02-03,35,0,35,complete,true
11,2024-12-16,2024-12-23,2025-02-10,35,0,35,complete,true
11,2024-12-23,2024-12-30,2025-02-17,31,0,31,complete,true
11,2024-12-30,2025-01-06,2025-02-24,32,0,32,complete,true
11,2025-01-06,2025-01-13,2025-03-03,27,0,27,complete,true
11,2025-01-13,2025-01-20,2025-03-10,27,0,27,complete,true
11,2025-01-20,2025-01-27,2025-03-17,32,0,32,complete,true
11,2025-01-27,2025-02-03,2025-03-24,34,0,34,complete,true
11,2025-02-03,2025-02-10,2025-03-31,47,0,47,complete,true
11,2025-02-10,2025-02-17,2025-04-07,47,0,47,complete,true
11,2025-02-17,2025-02-24,2025-04-14,55,0,55,complete,true
11,2025-02-24,2025-03-03,2025-04-21,64,0,64,complete,true
11,2025-03-03,2025-03-10,2025-04-28,62,0,62,complete,true
11,2025-03-10,2025-03-17,2025-05-05,67,0,67,complete,true
11,2025-03-17,2025-03-24,2025-05-12,75,0,75,complete,true
11,2025-03-24,2025-03-31,2025-05-19,92,0,92,complete,true
11,2025-03-31,2025-04-07,2025-05-26,99,0,99,complete,true
11,2025-04-07,2025-04-14,2025-06-02,116,0,116,complete,true
11,2025-04-14,2025-04-21,2025-06-09,138,1,139,complete,true
11,2025-04-21,2025-04-28,2025-06-16,138,1,139,complete,true
11,2025-04-28,2025-05-05,2025-06-23,151,1,152,complete,true
11,2025-05-05,2025-05-12,2025-06-30,160,1,161,complete,true
11,2025-05-12,2025-05-19,2025-07-07,160,2,162,complete,true
11,2025-05-19,2025-05-26,2025-07-14,145,2,147,complete,true
11,2025-05-26,2025-06-02,2025-07-21,138,2,140,complete,true
11,2025-06-02,2025-06-09,2025-07-28,126,2,128,complete,true
11,2025-06-09,2025-06-16,2025-08-04,108,1,109,complete,true
11,2025-06-16,2025-06-23,2025-08-11,116,1,117,complete,true
11,2025-06-23,2025-06-30,2025-08-18,120,1,121,complete,true
11,2025-06-30,2025-07-07,2025-08-25,117,1,118,complete,true
11,2025-07-07,2025-07-14,2025-09-01,117,0,117,complete,true
11,2025-07-14,2025-07-21,2025-09-08,120,0,120,complete,true
11,2025-07-21,2025-07-28,2025-09-15,118,1,119,complete,true
11,2025-07-28,2025-08-04,2025-09-22,113,1,114,complete,true
11,2025-08-04,2025-08-11,2025-09-29,101,1,102,complete,true
11,2025-08-11,2025-08-18,2025-10-06,92,1,93,complete,true
11,2025-08-18,2025-08-25,2025-10-13,82,1,83,complete,true
11,2025-08-25,2025-09-01,2025-10-20,74,1,75,complete,true
11,2025-09-01,2025-09-08,2025-10-27,62,1,63,complete,true
11,2025-09-08,2025-09-15,2025-11-03,60,1,61,complete,true
11,2025-09-15,2025-09-22,2025-11-10,55,0,55,complete,true
11,2025-09-22,2025-09-29,2025-11-17,55,0,55,complete,true
11,2025-09-29,2025-10-06,2025-11-24,58,0,58,complete,true
11,2025-10-06,2025-10-13,2025-12-01,54,0,54,complete,true
11,2025-10-13,2025-10-20,2025-12-08,50,0,50,complete,true
11,2025-10-20,2025-10-27,2025-12-15,43,0,43,complete,true
11,2025-10-27,2025-11-03,2025-12-22,40,0,40,complete,true
11,2025-11-03,2025-11-10,2025-12-29,,,,incomplete_future_window,false
11,2025-11-10,2025-11-17,2026-01-05,,,,incomplete_future_window,false
11,2025-11-17,2025-11-24,2026-01-12,,,,incomplete_future_window,false
11,2025-11-24,2025-12-01,2026-01-19,,,,incomplete_future_window,false
11,2025-12-01,2025-12-08,2026-01-26,,,,incomplete_future_window,false
11,2025-12-08,2025-12-15,2026-02-02,,,,incomplete_future_window,false
11,2025-12-15,2025-12-22,2026-02-09,,,,incomplete_future_window,false
11,2025-12-22,2025-12-29,2026-02-16,,,,incomplete_future_window,false
12,2014-12-29,2015-01-05,2015-02-23,6,0,6,complete,true
12,2015-01-05,2015-01-12,2015-03-02,6,0,6,complete,true
12,2015-01-12,2015-01-19,2015-03-09,8,0,8,complete,true
12,2015-01-19,2015-01-26,2015-03-16,7,0,7,complete,true
12,2015-01-26,2015-02-02,2015-03-23,9,0,9,complete,true
12,2015-02-02,2015-02-09,2015-03-30,11,0,11,complete,true
12,2015-02-09,2015-02-16,2015-04-06,13,0,13,complete,true
12,2015-02-16,2015-02-23,2015-04-13,18,0,18,complete,true
12,2015-02-23,2015-03-02,2015-04-20,22,0,22,complete,true
12,2015-03-02,2015-03-09,2015-04-27,26,0,26,complete,true
12,2015-03-09,2015-03-16,2015-05-04,31,0,31,complete,true
12,2015-03-16,2015-03-23,2015-05-11,35,0,35,complete,true
12,2015-03-23,2015-03-30,2015-05-18,44,0,44,complete,true
12,2015-03-30,2015-04-06,2015-05-25,45,0,45,complete,true
12,2015-04-06,2015-04-13,2015-06-01,50,0,50,complete,true
12,2015-04-13,2015-04-20,2015-06-08,55,0,55,complete,true
12,2015-04-20,2015-04-27,2015-06-15,59,0,59,complete,true
12,2015-04-27,2015-05-04,2015-06-22,61,0,61,complete,true
12,2015-05-04,2015-05-11,2015-06-29,60,0,60,complete,true
12,2015-05-11,2015-05-18,2015-07-06,62,0,62,complete,true
12,2015-05-18,2015-05-25,2015-07-13,54,0,54,complete,true
12,2015-05-25,2015-06-01,2015-07-20,54,0,54,complete,true
12,2015-06-01,2015-06-08,2015-07-27,48,0,48,complete,true
12,2015-06-08,2015-06-15,2015-08-03,42,0,42,complete,true
12,2015-06-15,2015-06-22,2015-08-10,34,0,34,complete,true
12,2015-06-22,2015-06-29,2015-08-17,30,0,30,complete,true
12,2015-06-29,2015-07-06,2015-08-24,24,0,24,complete,true
12,2015-07-06,2015-07-13,2015-08-31,19,0,19,complete,true
12,2015-07-13,2015-07-20,2015-09-07,17,0,17,complete,true
12,2015-07-20,2015-07-27,2015-09-14,14,0,14,complete,true
12,2015-07-27,2015-08-03,2015-09-21,12,0,12,complete,true
12,2015-08-03,2015-08-10,2015-09-28,9,0,9,complete,true
12,2015-08-10,2015-08-17,2015-10-05,10,0,10,complete,true
12,2015-08-17,2015-08-24,2015-10-12,10,0,10,complete,true
12,2015-08-24,2015-08-31,2015-10-19,11,0,11,complete,true
12,2015-08-31,2015-09-07,2015-10-26,10,0,10,complete,true
12,2015-09-07,2015-09-14,2015-11-02,9,0,9,complete,true
12,2015-09-14,2015-09-21,2015-11-09,8,0,8,complete,true
12,2015-09-21,2015-09-28,2015-11-16,9,0,9,complete,true
12,2015-09-28,2015-10-05,2015-11-23,9,0,9,complete,true
12,2015-10-05,2015-10-12,2015-11-30,7,0,7,complete,true
12,2015-10-12,2015-10-19,2015-12-07,8,0,8,complete,true
12,2015-10-19,2015-10-26,2015-12-14,7,0,7,complete,true
12,2015-10-26,2015-11-02,2015-12-21,8,0,8,complete,true
12,2015-11-02,2015-11-09,2015-12-28,8,0,8,complete,true
12,2015-11-09,2015-11-16,2016-01-04,10,0,10,complete,true
12,2015-11-16,2015-11-23,2016-01-11,8,0,8,complete,true
12,2015-11-23,2015-11-30,2016-01-18,7,0,7,complete,true
12,2015-11-30,2015-12-07,2016-01-25,7,0,7,complete,true
12,2015-12-07,2015-12-14,2016-02-01,4,0,4,complete,true
12,2015-12-14,2015-12-21,2016-02-08,4,0,4,complete,true
12,2015-12-21,2015-12-28,2016-02-15,7,0,7,complete,true
12,2015-12-28,2016-01-04,2016-02-22,9,0,9,complete,true
12,2016-01-04,2016-01-11,2016-02-29,8,0,8,complete,true
12,2016-01-11,2016-01-18,2016-03-07,10,0,10,complete,true
12,2016-01-18,2016-01-25,2016-03-14,12,0,12,complete,true
12,2016-01-25,2016-02-01,2016-03-21,13,0,13,complete,true
12,2016-02-01,2016-02-08,2016-03-28,19,0,19,complete,true
12,2016-02-08,2016-02-15,2016-04-04,27,0,27,complete,true
12,2016-02-15,2016-02-22,2016-04-11,34,0,34,complete,true
12,2016-02-22,2016-02-29,2016-04-18,42,0,42,complete,true
12,2016-02-29,2016-03-07,2016-04-25,50,0,50,complete,true
12,2016-03-07,2016-03-14,2016-05-02,54,0,54,complete,true
12,2016-03-14,2016-03-21,2016-05-09,61,0,61,complete,true
12,2016-03-21,2016-03-28,2016-05-16,68,0,68,complete,true
12,2016-03-28,2016-04-04,2016-05-23,81,1,82,complete,true
12,2016-04-04,2016-04-11,2016-05-30,79,1,80,complete,true
12,2016-04-11,2016-04-18,2016-06-06,81,1,82,complete,true
12,2016-04-18,2016-04-25,2016-06-13,81,1,82,complete,true
12,2016-04-25,2016-05-02,2016-06-20,82,1,83,complete,true
12,2016-05-02,2016-05-09,2016-06-27,81,1,82,complete,true
12,2016-05-09,2016-05-16,2016-07-04,82,1,83,complete,true
12,2016-05-16,2016-05-23,2016-07-11,83,1,84,complete,true
12,2016-05-23,2016-05-30,2016-07-18,71,0,71,complete,true
12,2016-05-30,2016-06-06,2016-07-25,70,0,70,complete,true
12,2016-06-06,2016-06-13,2016-08-01,59,0,59,complete,true
12,2016-06-13,2016-06-20,2016-08-08,52,0,52,complete,true
12,2016-06-20,2016-06-27,2016-08-15,44,0,44,complete,true
12,2016-06-27,2016-07-04,2016-08-22,41,0,41,complete,true
12,2016-07-04,2016-07-11,2016-08-29,33,0,33,complete,true
12,2016-07-11,2016-07-18,2016-09-05,28,0,28,complete,true
12,2016-07-18,2016-07-25,2016-09-12,22,0,22,complete,true
12,2016-07-25,2016-08-01,2016-09-19,19,0,19,complete,true
12,2016-08-01,2016-08-08,2016-09-26,20,0,20,complete,true
12,2016-08-08,2016-08-15,2016-10-03,17,0,17,complete,true
12,2016-08-15,2016-08-22,2016-10-10,16,0,16,complete,true
12,2016-08-22,2016-08-29,2016-10-17,15,0,15,complete,true
12,2016-08-29,2016-09-05,2016-10-24,13,0,13,complete,true
12,2016-09-05,2016-09-12,2016-10-31,10,0,10,complete,true
12,2016-09-12,2016-09-19,2016-11-07,9,0,9,complete,true
12,2016-09-19,2016-09-26,2016-11-14,6,0,6,complete,true
12,2016-09-26,2016-10-03,2016-11-21,3,0,3,complete,true
12,2016-10-03,2016-10-10,2016-11-28,3,0,3,complete,true
12,2016-10-10,2016-10-17,2016-12-05,5,0,5,complete,true
12,2016-10-17,2016-10-24,2016-12-12,4,0,4,complete,true
12,2016-10-24,2016-10-31,2016-12-19,5,0,5,complete,true
12,2016-10-31,2016-11-07,2016-12-26,4,0,4,complete,true
12,2016-11-07,2016-11-14,2017-01-02,5,0,5,complete,true
12,2016-11-14,2016-11-21,2017-01-09,7,0,7,complete,true
12,2016-11-21,2016-11-28,2017-01-16,7,0,7,complete,true
12,2016-11-28,2016-12-05,2017-01-23,7,0,7,complete,true
12,2016-12-05,2016-12-12,2017-01-30,4,0,4,complete,true
12,2016-12-12,2016-12-19,2017-02-06,4,0,4,complete,true
12,2016-12-19,2016-12-26,2017-02-13,4,0,4,complete,true
12,2016-12-26,2017-01-02,2017-02-20,5,0,5,complete,true
12,2017-01-02,2017-01-09,2017-02-27,4,0,4,complete,true
12,2017-01-09,2017-01-16,2017-03-06,3,0,3,complete,true
12,2017-01-16,2017-01-23,2017-03-13,8,0,8,complete,true
12,2017-01-23,2017-01-30,2017-03-20,10,0,10,complete,true
12,2017-01-30,2017-02-06,2017-03-27,13,0,13,complete,true
12,2017-02-06,2017-02-13,2017-04-03,15,0,15,complete,true
12,2017-02-13,2017-02-20,2017-04-10,22,0,22,complete,true
12,2017-02-20,2017-02-27,2017-04-17,22,0,22,complete,true
12,2017-02-27,2017-03-06,2017-04-24,29,0,29,complete,true
12,2017-03-06,2017-03-13,2017-05-01,33,0,33,complete,true
12,2017-03-13,2017-03-20,2017-05-08,38,0,38,complete,true
12,2017-03-20,2017-03-27,2017-05-15,45,0,45,complete,true
12,2017-03-27,2017-04-03,2017-05-22,48,0,48,complete,true
12,2017-04-03,2017-04-10,2017-05-29,56,0,56,complete,true
12,2017-04-10,2017-04-17,2017-06-05,57,0,57,complete,true
12,2017-04-17,2017-04-24,2017-06-12,67,0,67,complete,true
12,2017-04-24,2017-05-01,2017-06-19,70,0,70,complete,true
12,2017-05-01,2017-05-08,2017-06-26,70,0,70,complete,true
12,2017-05-08,2017-05-15,2017-07-03,68,0,68,complete,true
12,2017-05-15,2017-05-22,2017-07-10,65,0,65,complete,true
12,2017-05-22,2017-05-29,2017-07-17,65,0,65,complete,true
12,2017-05-29,2017-06-05,2017-07-24,58,0,58,complete,true
12,2017-06-05,2017-06-12,2017-07-31,54,0,54,complete,true
12,2017-06-12,2017-06-19,2017-08-07,46,0,46,complete,true
12,2017-06-19,2017-06-26,2017-08-14,42,0,42,complete,true
12,2017-06-26,2017-07-03,2017-08-21,40,0,40,complete,true
12,2017-07-03,2017-07-10,2017-08-28,33,0,33,complete,true
12,2017-07-10,2017-07-17,2017-09-04,28,0,28,complete,true
12,2017-07-17,2017-07-24,2017-09-11,25,1,26,complete,true
12,2017-07-24,2017-07-31,2017-09-18,23,1,24,complete,true
12,2017-07-31,2017-08-07,2017-09-25,19,1,20,complete,true
12,2017-08-07,2017-08-14,2017-10-02,18,1,19,complete,true
12,2017-08-14,2017-08-21,2017-10-09,13,1,14,complete,true
12,2017-08-21,2017-08-28,2017-10-16,12,1,13,complete,true
12,2017-08-28,2017-09-04,2017-10-23,14,1,15,complete,true
12,2017-09-04,2017-09-11,2017-10-30,14,1,15,complete,true
12,2017-09-11,2017-09-18,2017-11-06,12,0,12,complete,true
12,2017-09-18,2017-09-25,2017-11-13,16,0,16,complete,true
12,2017-09-25,2017-10-02,2017-11-20,15,0,15,complete,true
12,2017-10-02,2017-10-09,2017-11-27,17,0,17,complete,true
12,2017-10-09,2017-10-16,2017-12-04,18,0,18,complete,true
12,2017-10-16,2017-10-23,2017-12-11,16,0,16,complete,true
12,2017-10-23,2017-10-30,2017-12-18,13,0,13,complete,true
12,2017-10-30,2017-11-06,2017-12-25,12,0,12,complete,true
12,2017-11-06,2017-11-13,2018-01-01,13,0,13,complete,true
12,2017-11-13,2017-11-20,2018-01-08,8,0,8,complete,true
12,2017-11-20,2017-11-27,2018-01-15,10,0,10,complete,true
12,2017-11-27,2017-12-04,2018-01-22,8,0,8,complete,true
12,2017-12-04,2017-12-11,2018-01-29,6,0,6,complete,true
12,2017-12-11,2017-12-18,2018-02-05,7,0,7,complete,true
12,2017-12-18,2017-12-25,2018-02-12,9,0,9,complete,true
12,2017-12-25,2018-01-01,2018-02-19,10,0,10,complete,true
12,2018-01-01,2018-01-08,2018-02-26,10,0,10,complete,true
12,2018-01-08,2018-01-15,2018-03-05,12,0,12,complete,true
12,2018-01-15,2018-01-22,2018-03-12,10,0,10,complete,true
12,2018-01-22,2018-01-29,2018-03-19,9,0,9,complete,true
12,2018-01-29,2018-02-05,2018-03-26,10,0,10,complete,true
12,2018-02-05,2018-02-12,2018-04-02,12,0,12,complete,true
12,2018-02-12,2018-02-19,2018-04-09,15,0,15,complete,true
12,2018-02-19,2018-02-26,2018-04-16,16,0,16,complete,true
12,2018-02-26,2018-03-05,2018-04-23,18,0,18,complete,true
12,2018-03-05,2018-03-12,2018-04-30,19,0,19,complete,true
12,2018-03-12,2018-03-19,2018-05-07,30,0,30,complete,true
12,2018-03-19,2018-03-26,2018-05-14,37,0,37,complete,true
12,2018-03-26,2018-04-02,2018-05-21,50,0,50,complete,true
12,2018-04-02,2018-04-09,2018-05-28,51,0,51,complete,true
12,2018-04-09,2018-04-16,2018-06-04,65,0,65,complete,true
12,2018-04-16,2018-04-23,2018-06-11,75,1,76,complete,true
12,2018-04-23,2018-04-30,2018-06-18,84,1,85,complete,true
12,2018-04-30,2018-05-07,2018-06-25,91,1,92,complete,true
12,2018-05-07,2018-05-14,2018-07-02,92,1,93,complete,true
12,2018-05-14,2018-05-21,2018-07-09,97,1,98,complete,true
12,2018-05-21,2018-05-28,2018-07-16,91,1,92,complete,true
12,2018-05-28,2018-06-04,2018-07-23,93,1,94,complete,true
12,2018-06-04,2018-06-11,2018-07-30,78,1,79,complete,true
12,2018-06-11,2018-06-18,2018-08-06,71,0,71,complete,true
12,2018-06-18,2018-06-25,2018-08-13,60,0,60,complete,true
12,2018-06-25,2018-07-02,2018-08-20,52,0,52,complete,true
12,2018-07-02,2018-07-09,2018-08-27,44,0,44,complete,true
12,2018-07-09,2018-07-16,2018-09-03,35,0,35,complete,true
12,2018-07-16,2018-07-23,2018-09-10,31,0,31,complete,true
12,2018-07-23,2018-07-30,2018-09-17,27,0,27,complete,true
12,2018-07-30,2018-08-06,2018-09-24,26,0,26,complete,true
12,2018-08-06,2018-08-13,2018-10-01,23,0,23,complete,true
12,2018-08-13,2018-08-20,2018-10-08,21,0,21,complete,true
12,2018-08-20,2018-08-27,2018-10-15,20,0,20,complete,true
12,2018-08-27,2018-09-03,2018-10-22,18,0,18,complete,true
12,2018-09-03,2018-09-10,2018-10-29,18,0,18,complete,true
12,2018-09-10,2018-09-17,2018-11-05,16,0,16,complete,true
12,2018-09-17,2018-09-24,2018-11-12,16,0,16,complete,true
12,2018-09-24,2018-10-01,2018-11-19,13,0,13,complete,true
12,2018-10-01,2018-10-08,2018-11-26,13,0,13,complete,true
12,2018-10-08,2018-10-15,2018-12-03,14,0,14,complete,true
12,2018-10-15,2018-10-22,2018-12-10,14,0,14,complete,true
12,2018-10-22,2018-10-29,2018-12-17,13,0,13,complete,true
12,2018-10-29,2018-11-05,2018-12-24,9,0,9,complete,true
12,2018-11-05,2018-11-12,2018-12-31,8,0,8,complete,true
12,2018-11-12,2018-11-19,2019-01-07,7,0,7,complete,true
12,2018-11-19,2018-11-26,2019-01-14,7,0,7,complete,true
12,2018-11-26,2018-12-03,2019-01-21,7,0,7,complete,true
12,2018-12-03,2018-12-10,2019-01-28,6,0,6,complete,true
12,2018-12-10,2018-12-17,2019-02-04,5,0,5,complete,true
12,2018-12-17,2018-12-24,2019-02-11,5,0,5,complete,true
12,2018-12-24,2018-12-31,2019-02-18,6,0,6,complete,true
12,2018-12-31,2019-01-07,2019-02-25,6,0,6,complete,true
12,2019-01-07,2019-01-14,2019-03-04,9,0,9,complete,true
12,2019-01-14,2019-01-21,2019-03-11,12,0,12,complete,true
12,2019-01-21,2019-01-28,2019-03-18,12,0,12,complete,true
12,2019-01-28,2019-02-04,2019-03-25,12,0,12,complete,true
12,2019-02-04,2019-02-11,2019-04-01,13,0,13,complete,true
12,2019-02-11,2019-02-18,2019-04-08,14,0,14,complete,true
12,2019-02-18,2019-02-25,2019-04-15,17,0,17,complete,true
12,2019-02-25,2019-03-04,2019-04-22,19,0,19,complete,true
12,2019-03-04,2019-03-11,2019-04-29,19,0,19,complete,true
12,2019-03-11,2019-03-18,2019-05-06,20,0,20,complete,true
12,2019-03-18,2019-03-25,2019-05-13,21,0,21,complete,true
12,2019-03-25,2019-04-01,2019-05-20,28,0,28,complete,true
12,2019-04-01,2019-04-08,2019-05-27,32,0,32,complete,true
12,2019-04-08,2019-04-15,2019-06-03,37,0,37,complete,true
12,2019-04-15,2019-04-22,2019-06-10,38,0,38,complete,true
12,2019-04-22,2019-04-29,2019-06-17,41,0,41,complete,true
12,2019-04-29,2019-05-06,2019-06-24,43,0,43,complete,true
12,2019-05-06,2019-05-13,2019-07-01,47,0,47,complete,true
12,2019-05-13,2019-05-20,2019-07-08,51,0,51,complete,true
12,2019-05-20,2019-05-27,2019-07-15,45,0,45,complete,true
12,2019-05-27,2019-06-03,2019-07-22,44,0,44,complete,true
12,2019-06-03,2019-06-10,2019-07-29,40,0,40,complete,true
12,2019-06-10,2019-06-17,2019-08-05,35,0,35,complete,true
12,2019-06-17,2019-06-24,2019-08-12,33,0,33,complete,true
12,2019-06-24,2019-07-01,2019-08-19,29,0,29,complete,true
12,2019-07-01,2019-07-08,2019-08-26,25,0,25,complete,true
12,2019-07-08,2019-07-15,2019-09-02,20,0,20,complete,true
12,2019-07-15,2019-07-22,2019-09-09,19,0,19,complete,true
12,2019-07-22,2019-07-29,2019-09-16,18,0,18,complete,true
12,2019-07-29,2019-08-05,2019-09-23,16,0,16,complete,true
12,2019-08-05,2019-08-12,2019-09-30,18,0,18,complete,true
12,2019-08-12,2019-08-19,2019-10-07,15,0,15,complete,true
12,2019-08-19,2019-08-26,2019-10-14,17,0,17,complete,true
12,2019-08-26,2019-09-02,2019-10-21,14,0,14,complete,true
12,2019-09-02,2019-09-09,2019-10-28,12,0,12,complete,true
12,2019-09-09,2019-09-16,2019-11-04,12,0,12,complete,true
12,2019-09-16,2019-09-23,2019-11-11,9,0,9,complete,true
12,2019-09-23,2019-09-30,2019-11-18,8,0,8,complete,true
12,2019-09-30,2019-10-07,2019-11-25,6,0,6,complete,true
12,2019-10-07,2019-10-14,2019-12-02,5,0,5,complete,true
12,2019-10-14,2019-10-21,2019-12-09,1,0,1,complete,true
12,2019-10-21,2019-10-28,2019-12-16,1,0,1,complete,true
12,2019-10-28,2019-11-04,2019-12-23,2,0,2,complete,true
12,2019-11-04,2019-11-11,2019-12-30,2,0,2,complete,true
12,2019-11-11,2019-11-18,2020-01-06,4,0,4,complete,true
12,2019-11-18,2019-11-25,2020-01-13,8,0,8,complete,true
12,2019-11-25,2019-12-02,2020-01-20,10,0,10,complete,true
12,2019-12-02,2019-12-09,2020-01-27,11,0,11,complete,true
12,2019-12-09,2019-12-16,2020-02-03,11,0,11,complete,true
12,2019-12-16,2019-12-23,2020-02-10,10,0,10,complete,true
12,2019-12-23,2019-12-30,2020-02-17,9,0,9,complete,true
12,2019-12-30,2020-01-06,2020-02-24,9,0,9,complete,true
12,2020-01-06,2020-01-13,2020-03-02,7,0,7,complete,true
12,2020-01-13,2020-01-20,2020-03-09,4,0,4,complete,true
12,2020-01-20,2020-01-27,2020-03-16,4,0,4,complete,true
12,2020-01-27,2020-02-03,2020-03-23,5,0,5,complete,true
12,2020-02-03,2020-02-10,2020-03-30,9,0,9,complete,true
12,2020-02-10,2020-02-17,2020-04-06,15,0,15,complete,true
12,2020-02-17,2020-02-24,2020-04-13,22,0,22,complete,true
12,2020-02-24,2020-03-02,2020-04-20,24,0,24,complete,true
12,2020-03-02,2020-03-09,2020-04-27,27,0,27,complete,true
12,2020-03-09,2020-03-16,2020-05-04,37,0,37,complete,true
12,2020-03-16,2020-03-23,2020-05-11,41,0,41,complete,true
12,2020-03-23,2020-03-30,2020-05-18,49,0,49,complete,true
12,2020-03-30,2020-04-06,2020-05-25,50,0,50,complete,true
12,2020-04-06,2020-04-13,2020-06-01,51,0,51,complete,true
12,2020-04-13,2020-04-20,2020-06-08,61,0,61,complete,true
12,2020-04-20,2020-04-27,2020-06-15,66,1,67,complete,true
12,2020-04-27,2020-05-04,2020-06-22,70,1,71,complete,true
12,2020-05-04,2020-05-11,2020-06-29,66,1,67,complete,true
12,2020-05-11,2020-05-18,2020-07-06,71,1,72,complete,true
12,2020-05-18,2020-05-25,2020-07-13,69,1,70,complete,true
12,2020-05-25,2020-06-01,2020-07-20,73,1,74,complete,true
12,2020-06-01,2020-06-08,2020-07-27,71,1,72,complete,true
12,2020-06-08,2020-06-15,2020-08-03,59,1,60,complete,true
12,2020-06-15,2020-06-22,2020-08-10,63,0,63,complete,true
12,2020-06-22,2020-06-29,2020-08-17,65,0,65,complete,true
12,2020-06-29,2020-07-06,2020-08-24,61,0,61,complete,true
12,2020-07-06,2020-07-13,2020-08-31,52,0,52,complete,true
12,2020-07-13,2020-07-20,2020-09-07,46,0,46,complete,true
12,2020-07-20,2020-07-27,2020-09-14,38,0,38,complete,true
12,2020-07-27,2020-08-03,2020-09-21,36,0,36,complete,true
12,2020-08-03,2020-08-10,2020-09-28,34,0,34,complete,true
12,2020-08-10,2020-08-17,2020-10-05,24,0,24,complete,true
12,2020-08-17,2020-08-24,2020-10-12,15,0,15,complete,true
12,2020-08-24,2020-08-31,2020-10-19,12,0,12,complete,true
12,2020-08-31,2020-09-07,2020-10-26,10,0,10,complete,true
12,2020-09-07,2020-09-14,2020-11-02,11,0,11,complete,true
12,2020-09-14,2020-09-21,2020-11-09,12,0,12,complete,true
12,2020-09-21,2020-09-28,2020-11-16,10,0,10,complete,true
12,2020-09-28,2020-10-05,2020-11-23,8,0,8,complete,true
12,2020-10-05,2020-10-12,2020-11-30,8,0,8,complete,true
12,2020-10-12,2020-10-19,2020-12-07,10,0,10,complete,true
12,2020-10-19,2020-10-26,2020-12-14,12,0,12,complete,true
12,2020-10-26,2020-11-02,2020-12-21,12,0,12,complete,true
12,2020-11-02,2020-11-09,2020-12-28,9,0,9,complete,true
12,2020-11-09,2020-11-16,2021-01-04,9,0,9,complete,true
12,2020-11-16,2020-11-23,2021-01-11,8,0,8,complete,true
12,2020-11-23,2020-11-30,2021-01-18,8,0,8,complete,true
12,2020-11-30,2020-12-07,2021-01-25,7,0,7,complete,true
12,2020-12-07,2020-12-14,2021-02-01,6,0,6,complete,true
12,2020-12-14,2020-12-21,2021-02-08,4,0,4,complete,true
12,2020-12-21,2020-12-28,2021-02-15,5,0,5,complete,true
12,2020-12-28,2021-01-04,2021-02-22,5,0,5,complete,true
12,2021-01-04,2021-01-11,2021-03-01,4,0,4,complete,true
12,2021-01-11,2021-01-18,2021-03-08,6,0,6,complete,true
12,2021-01-18,2021-01-25,2021-03-15,9,0,9,complete,true
12,2021-01-25,2021-02-01,2021-03-22,10,0,10,complete,true
12,2021-02-01,2021-02-08,2021-03-29,16,0,16,complete,true
12,2021-02-08,2021-02-15,2021-04-05,17,0,17,complete,true
12,2021-02-15,2021-02-22,2021-04-12,19,0,19,complete,true
12,2021-02-22,2021-03-01,2021-04-19,26,0,26,complete,true
12,2021-03-01,2021-03-08,2021-04-26,30,1,31,complete,true
12,2021-03-08,2021-03-15,2021-05-03,38,1,39,complete,true
12,2021-03-15,2021-03-22,2021-05-10,46,1,47,complete,true
12,2021-03-22,2021-03-29,2021-05-17,55,1,56,complete,true
12,2021-03-29,2021-04-05,2021-05-24,52,1,53,complete,true
12,2021-04-05,2021-04-12,2021-05-31,58,1,59,complete,true
12,2021-04-12,2021-04-19,2021-06-07,58,1,59,complete,true
12,2021-04-19,2021-04-26,2021-06-14,57,1,58,complete,true
12,2021-04-26,2021-05-03,2021-06-21,64,0,64,complete,true
12,2021-05-03,2021-05-10,2021-06-28,62,0,62,complete,true
12,2021-05-10,2021-05-17,2021-07-05,53,0,53,complete,true
12,2021-05-17,2021-05-24,2021-07-12,49,0,49,complete,true
12,2021-05-24,2021-05-31,2021-07-19,50,0,50,complete,true
12,2021-05-31,2021-06-07,2021-07-26,49,0,49,complete,true
12,2021-06-07,2021-06-14,2021-08-02,51,0,51,complete,true
12,2021-06-14,2021-06-21,2021-08-09,47,0,47,complete,true
12,2021-06-21,2021-06-28,2021-08-16,38,0,38,complete,true
12,2021-06-28,2021-07-05,2021-08-23,31,0,31,complete,true
12,2021-07-05,2021-07-12,2021-08-30,29,0,29,complete,true
12,2021-07-12,2021-07-19,2021-09-06,27,0,27,complete,true
12,2021-07-19,2021-07-26,2021-09-13,23,0,23,complete,true
12,2021-07-26,2021-08-02,2021-09-20,19,0,19,complete,true
12,2021-08-02,2021-08-09,2021-09-27,15,0,15,complete,true
12,2021-08-09,2021-08-16,2021-10-04,16,0,16,complete,true
12,2021-08-16,2021-08-23,2021-10-11,14,0,14,complete,true
12,2021-08-23,2021-08-30,2021-10-18,13,0,13,complete,true
12,2021-08-30,2021-09-06,2021-10-25,13,0,13,complete,true
12,2021-09-06,2021-09-13,2021-11-01,11,0,11,complete,true
12,2021-09-13,2021-09-20,2021-11-08,12,0,12,complete,true
12,2021-09-20,2021-09-27,2021-11-15,12,0,12,complete,true
12,2021-09-27,2021-10-04,2021-11-22,11,0,11,complete,true
12,2021-10-04,2021-10-11,2021-11-29,10,0,10,complete,true
12,2021-10-11,2021-10-18,2021-12-06,11,0,11,complete,true
12,2021-10-18,2021-10-25,2021-12-13,14,0,14,complete,true
12,2021-10-25,2021-11-01,2021-12-20,14,0,14,complete,true
12,2021-11-01,2021-11-08,2021-12-27,12,0,12,complete,true
12,2021-11-08,2021-11-15,2022-01-03,12,0,12,complete,true
12,2021-11-15,2021-11-22,2022-01-10,12,0,12,complete,true
12,2021-11-22,2021-11-29,2022-01-17,12,0,12,complete,true
12,2021-11-29,2021-12-06,2022-01-24,11,0,11,complete,true
12,2021-12-06,2021-12-13,2022-01-31,10,0,10,complete,true
12,2021-12-13,2021-12-20,2022-02-07,8,0,8,complete,true
12,2021-12-20,2021-12-27,2022-02-14,7,0,7,complete,true
12,2021-12-27,2022-01-03,2022-02-21,7,0,7,complete,true
12,2022-01-03,2022-01-10,2022-02-28,6,0,6,complete,true
12,2022-01-10,2022-01-17,2022-03-07,6,0,6,complete,true
12,2022-01-17,2022-01-24,2022-03-14,6,0,6,complete,true
12,2022-01-24,2022-01-31,2022-03-21,6,0,6,complete,true
12,2022-01-31,2022-02-07,2022-03-28,6,0,6,complete,true
12,2022-02-07,2022-02-14,2022-04-04,12,0,12,complete,true
12,2022-02-14,2022-02-21,2022-04-11,13,0,13,complete,true
12,2022-02-21,2022-02-28,2022-04-18,18,0,18,complete,true
12,2022-02-28,2022-03-07,2022-04-25,26,0,26,complete,true
12,2022-03-07,2022-03-14,2022-05-02,30,0,30,complete,true
12,2022-03-14,2022-03-21,2022-05-09,36,0,36,complete,true
12,2022-03-21,2022-03-28,2022-05-16,52,0,52,complete,true
12,2022-03-28,2022-04-04,2022-05-23,60,0,60,complete,true
12,2022-04-04,2022-04-11,2022-05-30,61,1,62,complete,true
12,2022-04-11,2022-04-18,2022-06-06,77,1,78,complete,true
12,2022-04-18,2022-04-25,2022-06-13,82,1,83,complete,true
12,2022-04-25,2022-05-02,2022-06-20,80,1,81,complete,true
12,2022-05-02,2022-05-09,2022-06-27,88,1,89,complete,true
12,2022-05-09,2022-05-16,2022-07-04,93,1,94,complete,true
12,2022-05-16,2022-05-23,2022-07-11,83,1,84,complete,true
12,2022-05-23,2022-05-30,2022-07-18,77,1,78,complete,true
12,2022-05-30,2022-06-06,2022-07-25,73,0,73,complete,true
12,2022-06-06,2022-06-13,2022-08-01,62,0,62,complete,true
12,2022-06-13,2022-06-20,2022-08-08,54,0,54,complete,true
12,2022-06-20,2022-06-27,2022-08-15,51,0,51,complete,true
12,2022-06-27,2022-07-04,2022-08-22,41,0,41,complete,true
12,2022-07-04,2022-07-11,2022-08-29,33,0,33,complete,true
12,2022-07-11,2022-07-18,2022-09-05,30,0,30,complete,true
12,2022-07-18,2022-07-25,2022-09-12,28,0,28,complete,true
12,2022-07-25,2022-08-01,2022-09-19,27,0,27,complete,true
12,2022-08-01,2022-08-08,2022-09-26,21,0,21,complete,true
12,2022-08-08,2022-08-15,2022-10-03,23,0,23,complete,true
12,2022-08-15,2022-08-22,2022-10-10,21,0,21,complete,true
12,2022-08-22,2022-08-29,2022-10-17,19,0,19,complete,true
12,2022-08-29,2022-09-05,2022-10-24,18,0,18,complete,true
12,2022-09-05,2022-09-12,2022-10-31,16,0,16,complete,true
12,2022-09-12,2022-09-19,2022-11-07,15,0,15,complete,true
12,2022-09-19,2022-09-26,2022-11-14,13,0,13,complete,true
12,2022-09-26,2022-10-03,2022-11-21,15,0,15,complete,true
12,2022-10-03,2022-10-10,2022-11-28,13,0,13,complete,true
12,2022-10-10,2022-10-17,2022-12-05,13,0,13,complete,true
12,2022-10-17,2022-10-24,2022-12-12,12,0,12,complete,true
12,2022-10-24,2022-10-31,2022-12-19,11,0,11,complete,true
12,2022-10-31,2022-11-07,2022-12-26,9,0,9,complete,true
12,2022-11-07,2022-11-14,2023-01-02,9,0,9,complete,true
12,2022-11-14,2022-11-21,2023-01-09,9,0,9,complete,true
12,2022-11-21,2022-11-28,2023-01-16,7,0,7,complete,true
12,2022-11-28,2022-12-05,2023-01-23,5,0,5,complete,true
12,2022-12-05,2022-12-12,2023-01-30,5,0,5,complete,true
12,2022-12-12,2022-12-19,2023-02-06,5,0,5,complete,true
12,2022-12-19,2022-12-26,2023-02-13,5,0,5,complete,true
12,2022-12-26,2023-01-02,2023-02-20,5,0,5,complete,true
12,2023-01-02,2023-01-09,2023-02-27,7,0,7,complete,true
12,2023-01-09,2023-01-16,2023-03-06,7,0,7,complete,true
12,2023-01-16,2023-01-23,2023-03-13,8,0,8,complete,true
12,2023-01-23,2023-01-30,2023-03-20,9,0,9,complete,true
12,2023-01-30,2023-02-06,2023-03-27,9,0,9,complete,true
12,2023-02-06,2023-02-13,2023-04-03,11,0,11,complete,true
12,2023-02-13,2023-02-20,2023-04-10,13,0,13,complete,true
12,2023-02-20,2023-02-27,2023-04-17,13,0,13,complete,true
12,2023-02-27,2023-03-06,2023-04-24,13,0,13,complete,true
12,2023-03-06,2023-03-13,2023-05-01,16,0,16,complete,true
12,2023-03-13,2023-03-20,2023-05-08,22,0,22,complete,true
12,2023-03-20,2023-03-27,2023-05-15,27,0,27,complete,true
12,2023-03-27,2023-04-03,2023-05-22,28,0,28,complete,true
12,2023-04-03,2023-04-10,2023-05-29,28,0,28,complete,true
12,2023-04-10,2023-04-17,2023-06-05,30,0,30,complete,true
12,2023-04-17,2023-04-24,2023-06-12,33,0,33,complete,true
12,2023-04-24,2023-05-01,2023-06-19,34,0,34,complete,true
12,2023-05-01,2023-05-08,2023-06-26,36,0,36,complete,true
12,2023-05-08,2023-05-15,2023-07-03,35,0,35,complete,true
12,2023-05-15,2023-05-22,2023-07-10,32,0,32,complete,true
12,2023-05-22,2023-05-29,2023-07-17,31,0,31,complete,true
12,2023-05-29,2023-06-05,2023-07-24,29,0,29,complete,true
12,2023-06-05,2023-06-12,2023-07-31,28,0,28,complete,true
12,2023-06-12,2023-06-19,2023-08-07,30,0,30,complete,true
12,2023-06-19,2023-06-26,2023-08-14,29,0,29,complete,true
12,2023-06-26,2023-07-03,2023-08-21,26,0,26,complete,true
12,2023-07-03,2023-07-10,2023-08-28,21,0,21,complete,true
12,2023-07-10,2023-07-17,2023-09-04,22,0,22,complete,true
12,2023-07-17,2023-07-24,2023-09-11,20,0,20,complete,true
12,2023-07-24,2023-07-31,2023-09-18,19,0,19,complete,true
12,2023-07-31,2023-08-07,2023-09-25,15,0,15,complete,true
12,2023-08-07,2023-08-14,2023-10-02,12,0,12,complete,true
12,2023-08-14,2023-08-21,2023-10-09,14,0,14,complete,true
12,2023-08-21,2023-08-28,2023-10-16,12,0,12,complete,true
12,2023-08-28,2023-09-04,2023-10-23,13,0,13,complete,true
12,2023-09-04,2023-09-11,2023-10-30,10,0,10,complete,true
12,2023-09-11,2023-09-18,2023-11-06,11,0,11,complete,true
12,2023-09-18,2023-09-25,2023-11-13,12,0,12,complete,true
12,2023-09-25,2023-10-02,2023-11-20,15,0,15,complete,true
12,2023-10-02,2023-10-09,2023-11-27,14,0,14,complete,true
12,2023-10-09,2023-10-16,2023-12-04,10,0,10,complete,true
12,2023-10-16,2023-10-23,2023-12-11,11,0,11,complete,true
12,2023-10-23,2023-10-30,2023-12-18,9,0,9,complete,true
12,2023-10-30,2023-11-06,2023-12-25,8,0,8,complete,true
12,2023-11-06,2023-11-13,2024-01-01,7,0,7,complete,true
12,2023-11-13,2023-11-20,2024-01-08,7,0,7,complete,true
12,2023-11-20,2023-11-27,2024-01-15,6,0,6,complete,true
12,2023-11-27,2023-12-04,2024-01-22,5,0,5,complete,true
12,2023-12-04,2023-12-11,2024-01-29,5,0,5,complete,true
12,2023-12-11,2023-12-18,2024-02-05,3,0,3,complete,true
12,2023-12-18,2023-12-25,2024-02-12,7,0,7,complete,true
12,2023-12-25,2024-01-01,2024-02-19,8,0,8,complete,true
12,2024-01-01,2024-01-08,2024-02-26,10,0,10,complete,true
12,2024-01-08,2024-01-15,2024-03-04,10,0,10,complete,true
12,2024-01-15,2024-01-22,2024-03-11,9,0,9,complete,true
12,2024-01-22,2024-01-29,2024-03-18,10,0,10,complete,true
12,2024-01-29,2024-02-05,2024-03-25,13,0,13,complete,true
12,2024-02-05,2024-02-12,2024-04-01,17,0,17,complete,true
12,2024-02-12,2024-02-19,2024-04-08,15,0,15,complete,true
12,2024-02-19,2024-02-26,2024-04-15,17,0,17,complete,true
12,2024-02-26,2024-03-04,2024-04-22,21,0,21,complete,true
12,2024-03-04,2024-03-11,2024-04-29,23,0,23,complete,true
12,2024-03-11,2024-03-18,2024-05-06,23,0,23,complete,true
12,2024-03-18,2024-03-25,2024-05-13,25,0,25,complete,true
12,2024-03-25,2024-04-01,2024-05-20,28,0,28,complete,true
12,2024-04-01,2024-04-08,2024-05-27,26,0,26,complete,true
12,2024-04-08,2024-04-15,2024-06-03,28,0,28,complete,true
12,2024-04-15,2024-04-22,2024-06-10,27,0,27,complete,true
12,2024-04-22,2024-04-29,2024-06-17,21,0,21,complete,true
12,2024-04-29,2024-05-06,2024-06-24,24,0,24,complete,true
12,2024-05-06,2024-05-13,2024-07-01,24,0,24,complete,true
12,2024-05-13,2024-05-20,2024-07-08,23,0,23,complete,true
12,2024-05-20,2024-05-27,2024-07-15,20,0,20,complete,true
12,2024-05-27,2024-06-03,2024-07-22,19,0,19,complete,true
12,2024-06-03,2024-06-10,2024-07-29,16,0,16,complete,true
12,2024-06-10,2024-06-17,2024-08-05,15,0,15,complete,true
12,2024-06-17,2024-06-24,2024-08-12,18,0,18,complete,true
12,2024-06-24,2024-07-01,2024-08-19,13,0,13,complete,true
12,2024-07-01,2024-07-08,2024-08-26,16,0,16,complete,true
12,2024-07-08,2024-07-15,2024-09-02,15,0,15,complete,true
12,2024-07-15,2024-07-22,2024-09-09,13,0,13,complete,true
12,2024-07-22,2024-07-29,2024-09-16,12,0,12,complete,true
12,2024-07-29,2024-08-05,2024-09-23,13,0,13,complete,true
12,2024-08-05,2024-08-12,2024-09-30,14,0,14,complete,true
12,2024-08-12,2024-08-19,2024-10-07,14,0,14,complete,true
12,2024-08-19,2024-08-26,2024-10-14,13,0,13,complete,true
12,2024-08-26,2024-09-02,2024-10-21,11,0,11,complete,true
12,2024-09-02,2024-09-09,2024-10-28,10,0,10,complete,true
12,2024-09-09,2024-09-16,2024-11-04,13,0,13,complete,true
12,2024-09-16,2024-09-23,2024-11-11,17,0,17,complete,true
12,2024-09-23,2024-09-30,2024-11-18,17,0,17,complete,true
12,2024-09-30,2024-10-07,2024-11-25,17,0,17,complete,true
12,2024-10-07,2024-10-14,2024-12-02,15,0,15,complete,true
12,2024-10-14,2024-10-21,2024-12-09,17,0,17,complete,true
12,2024-10-21,2024-10-28,2024-12-16,15,0,15,complete,true
12,2024-10-28,2024-11-04,2024-12-23,15,0,15,complete,true
12,2024-11-04,2024-11-11,2024-12-30,12,0,12,complete,true
12,2024-11-11,2024-11-18,2025-01-06,10,0,10,complete,true
12,2024-11-18,2024-11-25,2025-01-13,9,0,9,complete,true
12,2024-11-25,2024-12-02,2025-01-20,8,0,8,complete,true
12,2024-12-02,2024-12-09,2025-01-27,8,0,8,complete,true
12,2024-12-09,2024-12-16,2025-02-03,6,0,6,complete,true
12,2024-12-16,2024-12-23,2025-02-10,10,0,10,complete,true
12,2024-12-23,2024-12-30,2025-02-17,11,0,11,complete,true
12,2024-12-30,2025-01-06,2025-02-24,11,0,11,complete,true
12,2025-01-06,2025-01-13,2025-03-03,12,0,12,complete,true
12,2025-01-13,2025-01-20,2025-03-10,14,0,14,complete,true
12,2025-01-20,2025-01-27,2025-03-17,13,0,13,complete,true
12,2025-01-27,2025-02-03,2025-03-24,14,0,14,complete,true
12,2025-02-03,2025-02-10,2025-03-31,15,0,15,complete,true
12,2025-02-10,2025-02-17,2025-04-07,14,0,14,complete,true
12,2025-02-17,2025-02-24,2025-04-14,13,0,13,complete,true
12,2025-02-24,2025-03-03,2025-04-21,13,0,13,complete,true
12,2025-03-03,2025-03-10,2025-04-28,13,0,13,complete,true
12,2025-03-10,2025-03-17,2025-05-05,12,0,12,complete,true
12,2025-03-17,2025-03-24,2025-05-12,19,0,19,complete,true
12,2025-03-24,2025-03-31,2025-05-19,22,1,23,complete,true
12,2025-03-31,2025-04-07,2025-05-26,25,1,26,complete,true
12,2025-04-07,2025-04-14,2025-06-02,24,1,25,complete,true
12,2025-04-14,2025-04-21,2025-06-09,27,1,28,complete,true
12,2025-04-21,2025-04-28,2025-06-16,32,1,33,complete,true
12,2025-04-28,2025-05-05,2025-06-23,36,1,37,complete,true
12,2025-05-05,2025-05-12,2025-06-30,40,1,41,complete,true
12,2025-05-12,2025-05-19,2025-07-07,37,1,38,complete,true
12,2025-05-19,2025-05-26,2025-07-14,36,0,36,complete,true
12,2025-05-26,2025-06-02,2025-07-21,34,0,34,complete,true
12,2025-06-02,2025-06-09,2025-07-28,33,0,33,complete,true
12,2025-06-09,2025-06-16,2025-08-04,31,0,31,complete,true
12,2025-06-16,2025-06-23,2025-08-11,28,0,28,complete,true
12,2025-06-23,2025-06-30,2025-08-18,25,0,25,complete,true
12,2025-06-30,2025-07-07,2025-08-25,21,1,22,complete,true
12,2025-07-07,2025-07-14,2025-09-01,19,1,20,complete,true
12,2025-07-14,2025-07-21,2025-09-08,21,1,22,complete,true
12,2025-07-21,2025-07-28,2025-09-15,24,1,25,complete,true
12,2025-07-28,2025-08-04,2025-09-22,30,1,31,complete,true
12,2025-08-04,2025-08-11,2025-09-29,31,1,32,complete,true
12,2025-08-11,2025-08-18,2025-10-06,29,1,30,complete,true
12,2025-08-18,2025-08-25,2025-10-13,28,1,29,complete,true
12,2025-08-25,2025-09-01,2025-10-20,28,0,28,complete,true
12,2025-09-01,2025-09-08,2025-10-27,30,0,30,complete,true
12,2025-09-08,2025-09-15,2025-11-03,27,0,27,complete,true
12,2025-09-15,2025-09-22,2025-11-10,23,0,23,complete,true
12,2025-09-22,2025-09-29,2025-11-17,19,0,19,complete,true
12,2025-09-29,2025-10-06,2025-11-24,21,0,21,complete,true
12,2025-10-06,2025-10-13,2025-12-01,21,0,21,complete,true
12,2025-10-13,2025-10-20,2025-12-08,18,0,18,complete,true
12,2025-10-20,2025-10-27,2025-12-15,16,0,16,complete,true
12,2025-10-27,2025-11-03,2025-12-22,12,0,12,complete,true
12,2025-11-03,2025-11-10,2025-12-29,,,,incomplete_future_window,false
12,2025-11-10,2025-11-17,2026-01-05,,,,incomplete_future_window,false
12,2025-11-17,2025-11-24,2026-01-12,,,,incomplete_future_window,false
12,2025-11-24,2025-12-01,2026-01-19,,,,incomplete_future_window,false
12,2025-12-01,2025-12-08,2026-01-26,,,,incomplete_future_window,false
12,2025-12-08,2025-12-15,2026-02-02,,,,incomplete_future_window,false
12,2025-12-15,2025-12-22,2026-02-09,,,,incomplete_future_window,false
12,2025-12-22,2025-12-29,2026-02-16,,,,incomplete_future_window,false
