fold_id,model_id,feature,coefficient,standard_error
fold_01_validate_2017,model_s3_weather_offset_matched,intercept,2.90276527950029,0.141459467014069
fold_01_validate_2017,model_s3_weather_offset_matched,seasonal_sin_annual,-0.187843438957086,0.158878648586857
fold_01_validate_2017,model_s3_weather_offset_matched,seasonal_cos_annual,-2.11944744437757,0.157187724513353
fold_01_validate_2017,model_s3_weather_offset_matched,municipality[002],-0.917522399805702,0.187569801707398
fold_01_validate_2017,model_s3_weather_offset_matched,municipality[003],-1.04310078986748,0.163518345703939
fold_01_validate_2017,model_s3_weather_offset_matched,municipality[004],-0.731299455562413,0.168928685445908
fold_01_validate_2017,model_s3_weather_offset_matched,municipality[005],-1.31806718572128,0.209499165439821
fold_01_validate_2017,model_s3_weather_offset_matched,municipality[006],-1.25298774922001,0.244788340079077
fold_01_validate_2017,model_s3_weather_offset_matched,municipality[007],-0.269768755786778,0.174656812849532
fold_01_validate_2017,model_s3_weather_offset_matched,municipality[008],-1.01264184220348,0.121116992615611
fold_01_validate_2017,model_s3_weather_offset_matched,municipality[009],-2.05599911257591,0.169084147280346
fold_01_validate_2017,model_s3_weather_offset_matched,municipality[010],-0.664021024335869,0.223539235168081
fold_01_validate_2017,model_s3_weather_offset_matched,municipality[011],-1.8375717814447,0.116338789430294
fold_01_validate_2017,model_s3_weather_offset_matched,municipality[012],-1.09844872805421,0.168547042184221
fold_01_validate_2017,model_s3_weather_offset_matched,municipality[013],-0.44186408737452,0.104038033569962
fold_01_validate_2017,model_s3_weather_offset_matched,municipality[014],-2.11961983436212,0.286069220792881
fold_01_validate_2017,model_s3_weather_offset_matched,municipality[015],-1.24133601895245,0.306822685165546
fold_01_validate_2017,model_s3_weather_offset_matched,municipality[016],-1.05191630257968,0.247954578251857
fold_01_validate_2017,model_s3_weather_offset_matched,municipality[017],-0.192194048487261,0.0959101958676938
fold_01_validate_2017,model_s3_weather_offset_matched,municipality[018],-0.477675068399983,0.240363057669225
fold_01_validate_2017,model_s3_weather_offset_matched,municipality[019],-0.599716482637137,0.191629013365468
fold_01_validate_2017,model_s3_weather_offset_matched,municipality[020],-1.66622261616403,0.258661117053609
fold_01_validate_2017,model_s3_weather_offset_matched,municipality[021],-0.839950171584175,0.14072413202886
fold_01_validate_2017,model_s3_weather_offset_matched,municipality[022],-1.0727332402028,0.169399500853992
fold_01_validate_2017,model_s3_weather_offset_matched,municipality[023],-1.76018069920464,0.112810306595925
fold_01_validate_2017,model_s3_weather_offset_matched,municipality[024],-0.214813958383997,0.208268152905184
fold_01_validate_2017,model_s3_weather_offset_matched,municipality[025],-0.452795877613798,0.124747180095956
fold_01_validate_2017,model_s3_weather_offset_matched,municipality[026],-1.55659481282147,0.240596924471166
fold_01_validate_2017,model_s3_weather_offset_matched,municipality[027],-0.399730882345129,0.124540697905921
fold_01_validate_2017,model_s3_weather_offset_matched,municipality[028],-2.53954121643238,0.509160646303934
fold_01_validate_2017,model_s3_weather_offset_matched,municipality[029],0.402798366402047,0.124656577865209
fold_01_validate_2017,model_s3_weather_offset_matched,municipality[030],-3.79644600566872,1.00503740510016
fold_01_validate_2017,model_s3_weather_offset_matched,municipality[031],-0.289338783300308,0.263158525548039
fold_01_validate_2017,model_s3_weather_offset_matched,municipality[032],-1.36853116577646,0.120428800448551
fold_01_validate_2017,model_s3_weather_offset_matched,municipality[033],0.105705473297987,0.270937523066355
fold_01_validate_2017,model_s3_weather_offset_matched,municipality[034],-1.89666840463224,0.205207923234727
fold_01_validate_2017,model_s3_weather_offset_matched,municipality[035],-1.17104365348127,0.243424051786208
fold_01_validate_2017,model_s3_weather_offset_matched,municipality[036],-1.62410687764241,0.147630830746664
fold_01_validate_2017,model_s3_weather_offset_matched,municipality[037],-0.767953002543659,0.137161178360323
fold_01_validate_2017,model_s3_weather_offset_matched,municipality[038],-1.20677961888861,0.134432383406808
fold_01_validate_2017,model_s3_weather_offset_matched,municipality[039],-0.893346187557432,0.114546238585878
fold_01_validate_2017,model_s3_weather_offset_matched,municipality[040],-0.529940671663247,0.175847059032376
fold_01_validate_2017,model_s3_weather_offset_matched,municipality[041],-0.80052002779141,0.121994728226049
fold_01_validate_2017,model_s3_weather_offset_matched,municipality[042],-0.632377965471993,0.263268326823442
fold_01_validate_2017,model_s3_weather_offset_matched,municipality[043],-0.881948889931291,0.110985147056917
fold_01_validate_2017,model_s3_weather_offset_matched,municipality[044],-0.525434253027042,0.149696866754189
fold_01_validate_2017,model_s3_weather_offset_matched,municipality[045],-1.61812172942535,0.243606170342027
fold_01_validate_2017,model_s3_weather_offset_matched,municipality[046],0.580202005392473,0.124526238273418
fold_01_validate_2017,model_s3_weather_offset_matched,municipality[047],0.346491305962599,0.371234362144082
fold_01_validate_2017,model_s3_weather_offset_matched,municipality[048],-2.06521142802699,0.156824256704439
fold_01_validate_2017,model_s3_weather_offset_matched,municipality[049],-0.946307331290697,0.262423113704065
fold_01_validate_2017,model_s3_weather_offset_matched,municipality[050],-0.986957567653844,0.114518978767129
fold_01_validate_2017,model_s3_weather_offset_matched,municipality[051],-1.81847604118478,0.360789163101353
fold_01_validate_2017,model_s3_weather_offset_matched,municipality[052],-0.649421049360353,0.0849685250339331
fold_01_validate_2017,model_s3_weather_offset_matched,municipality[053],-0.472350064823422,0.166797237151314
fold_01_validate_2017,model_s3_weather_offset_matched,municipality[054],-1.19106209562725,0.121432108821902
fold_01_validate_2017,model_s3_weather_offset_matched,municipality[055],-1.47287091460437,0.240193590331005
fold_01_validate_2017,model_s3_weather_offset_matched,municipality[056],-0.10796391763264,0.268092241683793
fold_01_validate_2017,model_s3_weather_offset_matched,municipality[057],-0.702359843868373,0.122811573596642
fold_01_validate_2017,model_s3_weather_offset_matched,municipality[058],-1.03757781673474,0.179366989808282
fold_01_validate_2017,model_s3_weather_offset_matched,municipality[059],-0.313537640347468,0.159109734084775
fold_01_validate_2017,model_s3_weather_offset_matched,municipality[060],-1.28228042296616,0.137737621027994
fold_01_validate_2017,model_s3_weather_offset_matched,municipality[061],-1.33434591254869,0.0726369596434114
fold_01_validate_2017,model_s3_weather_offset_matched,municipality[062],0.0558983958662838,0.188194289337268
fold_01_validate_2017,model_s3_weather_offset_matched,municipality[063],0.482486854208505,0.1216277783285
fold_01_validate_2017,model_s3_weather_offset_matched,municipality[064],-1.73064329726377,0.153051234353821
fold_01_validate_2017,model_s3_weather_offset_matched,municipality[065],-0.746676406333591,0.192939909128649
fold_01_validate_2017,model_s3_weather_offset_matched,municipality[066],-25.027923388409,25469.0402127898
fold_01_validate_2017,model_s3_weather_offset_matched,municipality[067],-0.679026269218433,0.314996719390139
fold_01_validate_2017,model_s3_weather_offset_matched,municipality[068],-1.0491632429538,0.183262235787611
fold_01_validate_2017,model_s3_weather_offset_matched,municipality[069],-0.565181844674644,0.18164606829016
fold_01_validate_2017,model_s3_weather_offset_matched,municipality[070],-1.17251013914105,0.0858166621133663
fold_01_validate_2017,model_s3_weather_offset_matched,municipality[071],-1.10010335025078,0.121788386579857
fold_01_validate_2017,model_s3_weather_offset_matched,municipality[072],-1.69991274912773,0.202027726633332
fold_01_validate_2017,model_s3_weather_offset_matched,municipality[073],-1.40418173777532,0.180502330659193
fold_01_validate_2017,model_s3_weather_offset_matched,municipality[074],-0.666387818211446,0.20245463077629
fold_01_validate_2017,model_s3_weather_offset_matched,municipality[075],-0.266077219082363,0.194161617898396
fold_01_validate_2017,model_s3_weather_offset_matched,municipality[076],-1.63099526602677,0.265850807575108
fold_01_validate_2017,model_s3_weather_offset_matched,municipality[077],-1.48839356763357,0.215364860354891
fold_01_validate_2017,model_s3_weather_offset_matched,municipality[078],-0.0326498974389722,0.161548058365209
fold_01_validate_2017,model_s3_weather_offset_matched,municipality[079],0.0968010065989668,0.140083890158729
fold_01_validate_2017,model_s3_weather_offset_matched,municipality[080],-0.743900429248837,0.132952398145242
fold_01_validate_2017,model_s3_weather_offset_matched,municipality[081],-1.08285029466083,0.236730928035356
fold_01_validate_2017,model_s3_weather_offset_matched,municipality[082],-0.907782611629501,0.175886706784344
fold_01_validate_2017,model_s3_weather_offset_matched,municipality[083],-0.453303765733482,0.202823653648758
fold_01_validate_2017,model_s3_weather_offset_matched,municipality[084],-1.18139620213874,0.10518787879009
fold_01_validate_2017,model_s3_weather_offset_matched,municipality[085],-0.428275631841338,0.0867181770969348
fold_01_validate_2017,model_s3_weather_offset_matched,municipality[086],-0.812048879225407,0.367186111530056
fold_01_validate_2017,model_s3_weather_offset_matched,municipality[087],-0.507697246985984,0.147102997024516
fold_01_validate_2017,model_s3_weather_offset_matched,municipality[088],-0.0733105213251477,0.359997576932264
fold_01_validate_2017,model_s3_weather_offset_matched,municipality[089],-1.06144202608815,0.172068352567271
fold_01_validate_2017,model_s3_weather_offset_matched,municipality[090],-1.0333336580785,0.187935286217165
fold_01_validate_2017,model_s3_weather_offset_matched,municipality[091],0.515194934719378,0.102690300647054
fold_01_validate_2017,model_s3_weather_offset_matched,municipality[092],-1.84847916338353,0.360500177284431
fold_01_validate_2017,model_s3_weather_offset_matched,municipality[093],-1.18549284795596,0.289891886569687
fold_01_validate_2017,model_s3_weather_offset_matched,municipality[094],-0.212548918156654,0.086656344983273
fold_01_validate_2017,model_s3_weather_offset_matched,municipality[095],-0.194545945405039,0.17046096870486
fold_01_validate_2017,model_s3_weather_offset_matched,municipality[096],-1.11037089394936,0.134512476578298
fold_01_validate_2017,model_s3_weather_offset_matched,municipality[097],0.204806016023718,0.147027151307112
fold_01_validate_2017,model_s3_weather_offset_matched,municipality[098],-0.712196884407863,0.159638396572387
fold_01_validate_2017,model_s3_weather_offset_matched,municipality[099],-0.828929540444624,0.190135953511813
fold_01_validate_2017,model_s3_weather_offset_matched,municipality[100],0.163097452757063,0.158647806436196
fold_01_validate_2017,model_s3_weather_offset_matched,municipality[101],-2.30345594168924,0.300002957295775
fold_01_validate_2017,model_s3_weather_offset_matched,municipality[102],-0.0438720863361963,0.101178428926535
fold_01_validate_2017,model_s3_weather_offset_matched,municipality[103],-0.533062408888367,0.120035893150533
fold_01_validate_2017,model_s3_weather_offset_matched,municipality[104],-1.76806242427901,0.178870081752747
fold_01_validate_2017,model_s3_weather_offset_matched,municipality[105],-0.837201523418425,0.26794970741939
fold_01_validate_2017,model_s3_weather_offset_matched,municipality[106],-1.34223533076542,0.161206477605011
fold_01_validate_2017,model_s3_weather_offset_matched,municipality[107],-0.925261831586646,0.240180579934649
fold_01_validate_2017,model_s3_weather_offset_matched,municipality[108],-0.682183546932168,0.172322585588886
fold_01_validate_2017,model_s3_weather_offset_matched,municipality[109],0.165480315111552,0.129051964372426
fold_01_validate_2017,model_s3_weather_offset_matched,municipality[110],-0.838689794510542,0.121919746042429
fold_01_validate_2017,model_s3_weather_offset_matched,municipality[111],-1.11421131929026,0.153540297608386
fold_01_validate_2017,model_s3_weather_offset_matched,municipality[112],-1.08434984750446,0.128636969733108
fold_01_validate_2017,model_s3_weather_offset_matched,municipality[113],-1.10014761482978,0.121021852074448
fold_01_validate_2017,model_s3_weather_offset_matched,municipality[114],-0.984543570247483,0.133111730718159
fold_01_validate_2017,model_s3_weather_offset_matched,municipality[115],-0.390850491813865,0.186833208915418
fold_01_validate_2017,model_s3_weather_offset_matched,municipality[116],0.662761823110184,0.163254677047296
fold_01_validate_2017,model_s3_weather_offset_matched,municipality[117],-0.556263637337104,0.128320137549133
fold_01_validate_2017,model_s3_weather_offset_matched,municipality[118],-1.20908862424595,0.176762619093462
fold_01_validate_2017,model_s3_weather_offset_matched,municipality[119],-1.42358544218954,0.201590298973831
fold_01_validate_2017,model_s3_weather_offset_matched,municipality[120],-0.604069538784626,0.108785771645466
fold_01_validate_2017,model_s3_weather_offset_matched,municipality[121],-0.485139434034347,0.204308263494172
fold_01_validate_2017,model_s3_weather_offset_matched,municipality[122],-0.606645711178025,0.0940655580535918
fold_01_validate_2017,model_s3_weather_offset_matched,municipality[123],-0.448933972206,0.111536235702413
fold_01_validate_2017,model_s3_weather_offset_matched,municipality[124],-1.8327769876478,0.210061847635442
fold_01_validate_2017,model_s3_weather_offset_matched,municipality[125],-1.16624185442051,0.235393562147528
fold_01_validate_2017,model_s3_weather_offset_matched,municipality[126],-1.10043266458917,0.158247506232287
fold_01_validate_2017,model_s3_weather_offset_matched,municipality[127],-2.03261418365361,0.342257268920943
fold_01_validate_2017,model_s3_weather_offset_matched,municipality[128],-0.189335791825061,0.10295412200881
fold_01_validate_2017,model_s3_weather_offset_matched,municipality[129],-1.17109882183454,0.127720787144628
fold_01_validate_2017,model_s3_weather_offset_matched,municipality[130],-1.40920888309771,0.159294351670008
fold_01_validate_2017,model_s3_weather_offset_matched,municipality[131],-1.16905689975462,0.140491726358069
fold_01_validate_2017,model_s3_weather_offset_matched,municipality[132],0.00944304281148289,0.202728344761115
fold_01_validate_2017,model_s3_weather_offset_matched,municipality[133],-1.89217137318706,0.127631430899465
fold_01_validate_2017,model_s3_weather_offset_matched,municipality[134],-0.720060987763267,0.170898444348552
fold_01_validate_2017,model_s3_weather_offset_matched,municipality[135],-1.81088626268787,0.288253610014335
fold_01_validate_2017,model_s3_weather_offset_matched,municipality[136],-0.103288242728492,0.131220427165151
fold_01_validate_2017,model_s3_weather_offset_matched,municipality[137],-0.62916659964942,0.242890722168082
fold_01_validate_2017,model_s3_weather_offset_matched,municipality[138],-0.678391365111103,0.164805881264265
fold_01_validate_2017,model_s3_weather_offset_matched,municipality[139],-1.1751624936078,0.170106384664274
fold_01_validate_2017,model_s3_weather_offset_matched,municipality[140],-1.03718453298588,0.107367561961381
fold_01_validate_2017,model_s3_weather_offset_matched,municipality[141],-1.44245792675744,0.299870483931309
fold_01_validate_2017,model_s3_weather_offset_matched,municipality[142],-0.73815021158659,0.115520158348186
fold_01_validate_2017,model_s3_weather_offset_matched,municipality[143],-1.7084511320176,0.508721219924284
fold_01_validate_2017,model_s3_weather_offset_matched,municipality[144],-0.953972280275359,0.185878681614845
fold_01_validate_2017,model_s3_weather_offset_matched,municipality[146],-0.411268851144282,0.133882010537873
fold_01_validate_2017,model_s3_weather_offset_matched,municipality[147],-0.184109370797005,0.127736560848608
fold_01_validate_2017,model_s3_weather_offset_matched,municipality[148],0.161956482289546,0.185678182443413
fold_01_validate_2017,model_s3_weather_offset_matched,municipality[149],0.20557837327838,0.235073022729853
fold_01_validate_2017,model_s3_weather_offset_matched,municipality[150],-1.31934446382336,0.362750094588923
fold_01_validate_2017,model_s3_weather_offset_matched,municipality[151],-1.30882381395849,0.202314281069385
fold_01_validate_2017,model_s3_weather_offset_matched,municipality[152],-1.7145384122466,0.508779920421331
fold_01_validate_2017,model_s3_weather_offset_matched,municipality[153],-1.95572891460259,0.507334063418667
fold_01_validate_2017,model_s3_weather_offset_matched,municipality[154],0.374484402536408,0.228235832781803
fold_01_validate_2017,model_s3_weather_offset_matched,municipality[155],-25.0891709146951,26377.3070064501
fold_01_validate_2017,model_s3_weather_offset_matched,municipality[156],0.234665801389675,0.269855122012994
fold_01_validate_2017,model_s3_weather_offset_matched,municipality[157],-0.917731646879794,0.199190758811668
fold_01_validate_2017,model_s3_weather_offset_matched,municipality[158],0.59691599757096,0.18684054906839
fold_01_validate_2017,model_s3_weather_offset_matched,municipality[159],-2.60318050808721,0.507918214369427
fold_01_validate_2017,model_s3_weather_offset_matched,municipality[160],-0.6413969289055,0.13915565461878
fold_01_validate_2017,model_s3_weather_offset_matched,municipality[161],0.13374107591737,0.511933923111918
fold_01_validate_2017,model_s3_weather_offset_matched,municipality[162],-0.68743982106632,0.182916470642167
fold_01_validate_2017,model_s3_weather_offset_matched,municipality[163],-1.1827818245166,0.516552184063519
fold_01_validate_2017,model_s3_weather_offset_matched,municipality[164],-1.77205433925856,0.235383493511495
fold_01_validate_2017,model_s3_weather_offset_matched,municipality[165],-1.41031281252746,0.505384892217027
fold_01_validate_2017,model_s3_weather_offset_matched,municipality[166],0.312743306297815,0.168450178065091
fold_01_validate_2017,model_s3_weather_offset_matched,municipality[167],-1.44031554286446,0.308200115283442
fold_01_validate_2017,model_s3_weather_offset_matched,municipality[168],-0.958417662476776,0.247753327352764
fold_01_validate_2017,model_s3_weather_offset_matched,municipality[169],-0.655151109036032,0.16957762832363
fold_01_validate_2017,model_s3_weather_offset_matched,municipality[170],-0.999770846127675,0.254436124929219
fold_01_validate_2017,model_s3_weather_offset_matched,municipality[171],-3.5156650321393,0.713268517033898
fold_01_validate_2017,model_s3_weather_offset_matched,municipality[172],-0.748722663237961,0.285876102208221
fold_01_validate_2017,model_s3_weather_offset_matched,municipality[173],-1.55536152111906,0.214861870268881
fold_01_validate_2017,model_s3_weather_offset_matched,municipality[174],-1.18487695878704,0.205749405203305
fold_01_validate_2017,model_s3_weather_offset_matched,municipality[175],-0.930397440873926,0.163754388928994
fold_01_validate_2017,model_s3_weather_offset_matched,municipality[176],0.71881048347991,0.236196765420792
fold_01_validate_2017,model_s3_weather_offset_matched,municipality[177],-0.391836722618723,0.307180187046511
fold_01_validate_2017,model_s3_weather_offset_matched,municipality[178],-0.450879759897961,0.175461542487629
fold_01_validate_2017,model_s3_weather_offset_matched,municipality[179],-25.0952292128637,25719.2772654121
fold_01_validate_2017,model_s3_weather_offset_matched,municipality[180],0.845928530545542,0.320154343920803
fold_01_validate_2017,model_s3_weather_offset_matched,municipality[181],-1.36233293533203,0.363461320287753
fold_01_validate_2017,model_s3_weather_offset_matched,municipality[182],-0.606938590610418,0.363452411971118
fold_01_validate_2017,model_s3_weather_offset_matched,municipality[183],-0.864860356427611,0.198997212599029
fold_01_validate_2017,model_s3_weather_offset_matched,municipality[184],-0.724827979634998,0.286671535025087
fold_01_validate_2017,model_s3_weather_offset_matched,municipality[185],0.0662936788784592,0.27220822899172
fold_01_validate_2017,model_s3_weather_offset_matched,municipality[186],-1.16338738837682,0.212275888379801
fold_01_validate_2017,model_s3_weather_offset_matched,municipality[187],0.46272842905926,0.236999903648259
fold_01_validate_2017,model_s3_weather_offset_matched,municipality[188],-1.33377792093526,0.508088088835451
fold_01_validate_2017,model_s3_weather_offset_matched,municipality[189],0.0847942916450153,0.167327198818833
fold_01_validate_2017,model_s3_weather_offset_matched,municipality[190],-1.74621229665303,0.143093238928736
fold_01_validate_2017,model_s3_weather_offset_matched,municipality[191],-0.527956634244549,0.296771800407352
fold_01_validate_2017,model_s3_weather_offset_matched,municipality[192],-0.882166995096818,0.197860255014015
fold_01_validate_2017,model_s3_weather_offset_matched,municipality[193],0.210446069186141,0.121756676628395
fold_01_validate_2017,model_s3_weather_offset_matched,municipality[194],-0.796634793546422,0.169869236469912
fold_01_validate_2017,model_s3_weather_offset_matched,municipality[195],-0.336828067635462,0.202987375851109
fold_01_validate_2017,model_s3_weather_offset_matched,municipality[196],-1.37582880489884,0.362559235960968
fold_01_validate_2017,model_s3_weather_offset_matched,municipality[197],-1.22841431560083,0.297274150904435
fold_01_validate_2017,model_s3_weather_offset_matched,municipality[198],-1.03605534956795,0.297746217723242
fold_01_validate_2017,model_s3_weather_offset_matched,municipality[199],-0.62254659897425,0.218023697876599
fold_01_validate_2017,model_s3_weather_offset_matched,municipality[200],-2.15145492183236,0.342037077037808
fold_01_validate_2017,model_s3_weather_offset_matched,municipality[201],-1.05789538948723,0.240117878237808
fold_01_validate_2017,model_s3_weather_offset_matched,municipality[202],0.564287997138669,0.196831259121308
fold_01_validate_2017,model_s3_weather_offset_matched,municipality[203],0.0951085242849867,0.147816153136128
fold_01_validate_2017,model_s3_weather_offset_matched,municipality[204],-0.98570965963625,0.325933172040471
fold_01_validate_2017,model_s3_weather_offset_matched,municipality[205],-0.15980325494598,0.239683872831182
fold_01_validate_2017,model_s3_weather_offset_matched,municipality[206],-1.07091865437881,0.261747624194366
fold_01_validate_2017,model_s3_weather_offset_matched,municipality[207],-2.05376583706692,0.372120293643211
fold_01_validate_2017,model_s3_weather_offset_matched,municipality[208],-1.85307090334789,0.285454888338824
fold_01_validate_2017,model_s3_weather_offset_matched,municipality[209],-1.25202262395555,0.29908630235947
fold_01_validate_2017,model_s3_weather_offset_matched,municipality[210],-0.57417662650825,0.263447096145954
fold_01_validate_2017,model_s3_weather_offset_matched,municipality[211],-1.38276562729337,0.298357765051882
fold_01_validate_2017,model_s3_weather_offset_matched,municipality[212],-0.295055263280626,0.200033496632273
fold_01_validate_2017,model_s3_weather_offset_matched,municipality[213],-1.42084433446849,0.346857521329271
fold_01_validate_2017,model_s3_weather_offset_matched,past_4w_lyme_incidence_per_100000,-0.00342773922885452,0.000370724336286617
fold_01_validate_2017,model_s3_weather_offset_matched,z_t2m_mean_c_lag_1w,0.783746895689452,0.279556022526218
fold_01_validate_2017,model_s3_weather_offset_matched,z_t2m_mean_c_lag_2w,0.516833972509611,0.291214222778984
fold_01_validate_2017,model_s3_weather_offset_matched,z_t2m_mean_c_previous_4w_mean,-0.666965128509804,0.542712437877577
fold_01_validate_2017,model_s3_weather_offset_matched,z_d2m_mean_c_lag_1w,-0.211193942615157,0.105581985387987
fold_01_validate_2017,model_s3_weather_offset_matched,z_d2m_mean_c_lag_2w,-0.166426330135197,0.104378827714832
fold_01_validate_2017,model_s3_weather_offset_matched,z_d2m_mean_c_previous_4w_mean,1.29053745304033,0.192912439954627
fold_01_validate_2017,model_s3_weather_offset_matched,z_tp_sum_mm_lag_1w,0.0185222821196814,0.0181744945827633
fold_01_validate_2017,model_s3_weather_offset_matched,z_tp_sum_mm_lag_2w,0.0174682887938461,0.0184676529813823
fold_01_validate_2017,model_s3_weather_offset_matched,z_tp_sum_mm_previous_4w_sum,-0.0812335997001694,0.0264094846738598
fold_01_validate_2017,model_s3_weather_offset_matched,z_stl1_mean_c_lag_1w,-1.3735195384608,0.688741464533625
fold_01_validate_2017,model_s3_weather_offset_matched,z_stl1_mean_c_lag_2w,-0.968462387772074,0.658003674542392
fold_01_validate_2017,model_s3_weather_offset_matched,z_stl1_mean_c_previous_4w_mean,-1.4953487108802,1.33463602646542
fold_01_validate_2017,model_s3_weather_offset_matched,z_stl2_mean_c_lag_1w,1.03602370916048,0.53325914058988
fold_01_validate_2017,model_s3_weather_offset_matched,z_stl2_mean_c_lag_2w,0.6758489636588,0.44389241865623
fold_01_validate_2017,model_s3_weather_offset_matched,z_stl2_mean_c_previous_4w_mean,-0.0447375868918507,0.879560042871409
fold_01_validate_2017,model_s3_weather_offset_matched,z_swvl1_mean_m3_m3_lag_1w,0.143254678871571,0.0707835643864112
fold_01_validate_2017,model_s3_weather_offset_matched,z_swvl1_mean_m3_m3_lag_2w,0.0770736423623168,0.0685343132899201
fold_01_validate_2017,model_s3_weather_offset_matched,z_swvl1_mean_m3_m3_previous_4w_mean,-0.244428030164233,0.136261537305699
fold_01_validate_2017,model_s3_weather_offset_matched,z_swvl2_mean_m3_m3_lag_1w,-0.106721505468337,0.0658546732031707
fold_01_validate_2017,model_s3_weather_offset_matched,z_swvl2_mean_m3_m3_lag_2w,-0.104237801401487,0.0644844099028058
fold_01_validate_2017,model_s3_weather_offset_matched,z_swvl2_mean_m3_m3_previous_4w_mean,0.214488621448508,0.122397553394089
fold_02_validate_2018,model_s3_weather_offset_matched,intercept,3.43592993373313,0.0454076321978556
fold_02_validate_2018,model_s3_weather_offset_matched,seasonal_sin_annual,0.693686869556365,0.0656440701919232
fold_02_validate_2018,model_s3_weather_offset_matched,seasonal_cos_annual,-1.32650395795965,0.066329689659794
fold_02_validate_2018,model_s3_weather_offset_matched,municipality[002],-0.808288468869864,0.100476684850725
fold_02_validate_2018,model_s3_weather_offset_matched,municipality[003],-0.842471648500688,0.101321038315143
fold_02_validate_2018,model_s3_weather_offset_matched,municipality[004],-0.891272005799071,0.126914730953986
fold_02_validate_2018,model_s3_weather_offset_matched,municipality[005],-1.08074732347307,0.133625853533615
fold_02_validate_2018,model_s3_weather_offset_matched,municipality[006],-0.862157776852898,0.15986996286291
fold_02_validate_2018,model_s3_weather_offset_matched,municipality[007],-0.507904011662721,0.0974247360809719
fold_02_validate_2018,model_s3_weather_offset_matched,municipality[008],-0.750208788300061,0.0749205225967553
fold_02_validate_2018,model_s3_weather_offset_matched,municipality[009],-1.73975772871169,0.0909768434057967
fold_02_validate_2018,model_s3_weather_offset_matched,municipality[010],-0.711989849451745,0.132126362711676
fold_02_validate_2018,model_s3_weather_offset_matched,municipality[011],-1.79809014526233,0.0714684391012507
fold_02_validate_2018,model_s3_weather_offset_matched,municipality[012],-1.30956347884116,0.123540564944831
fold_02_validate_2018,model_s3_weather_offset_matched,municipality[013],-0.54573697449267,0.0731291760965795
fold_02_validate_2018,model_s3_weather_offset_matched,municipality[014],-1.28628387533422,0.143229605422026
fold_02_validate_2018,model_s3_weather_offset_matched,municipality[015],-1.09079508116118,0.159393046237029
fold_02_validate_2018,model_s3_weather_offset_matched,municipality[016],-0.717109978249243,0.146430248238892
fold_02_validate_2018,model_s3_weather_offset_matched,municipality[017],-0.205525374656343,0.0601786206059971
fold_02_validate_2018,model_s3_weather_offset_matched,municipality[018],-0.447711690338133,0.140271828093623
fold_02_validate_2018,model_s3_weather_offset_matched,municipality[019],-0.836646651248338,0.128003181872307
fold_02_validate_2018,model_s3_weather_offset_matched,municipality[020],-0.685832516381883,0.11971347053198
fold_02_validate_2018,model_s3_weather_offset_matched,municipality[021],-0.500031493059835,0.082032595820567
fold_02_validate_2018,model_s3_weather_offset_matched,municipality[022],-1.12790186789509,0.119596296953039
fold_02_validate_2018,model_s3_weather_offset_matched,municipality[023],-1.42057012934443,0.0672543690132305
fold_02_validate_2018,model_s3_weather_offset_matched,municipality[024],-0.788484315187815,0.157060249661811
fold_02_validate_2018,model_s3_weather_offset_matched,municipality[025],-0.451052201331048,0.0810828996962301
fold_02_validate_2018,model_s3_weather_offset_matched,municipality[026],-1.27431187182383,0.129025183235861
fold_02_validate_2018,model_s3_weather_offset_matched,municipality[027],-0.319192957755862,0.0790285002528516
fold_02_validate_2018,model_s3_weather_offset_matched,municipality[028],-1.89364215945492,0.228340091525674
fold_02_validate_2018,model_s3_weather_offset_matched,municipality[029],0.0706531928006164,0.072747592571088
fold_02_validate_2018,model_s3_weather_offset_matched,municipality[030],-0.581534083815943,0.155740087138648
fold_02_validate_2018,model_s3_weather_offset_matched,municipality[031],-0.279597253740935,0.151216354953282
fold_02_validate_2018,model_s3_weather_offset_matched,municipality[032],-1.25120519480466,0.0779715124040134
fold_02_validate_2018,model_s3_weather_offset_matched,municipality[033],0.101203439867694,0.151209605822702
fold_02_validate_2018,model_s3_weather_offset_matched,municipality[034],-1.38798812755357,0.116964429426264
fold_02_validate_2018,model_s3_weather_offset_matched,municipality[035],-1.17344302851066,0.146181621885188
fold_02_validate_2018,model_s3_weather_offset_matched,municipality[036],-1.271792700438,0.0917700964472653
fold_02_validate_2018,model_s3_weather_offset_matched,municipality[037],-0.346655155727139,0.0794945226896228
fold_02_validate_2018,model_s3_weather_offset_matched,municipality[038],-0.986238816693015,0.0812133998084345
fold_02_validate_2018,model_s3_weather_offset_matched,municipality[039],-1.02386909999141,0.0781788965542382
fold_02_validate_2018,model_s3_weather_offset_matched,municipality[040],-1.43264318394565,0.0987213695481347
fold_02_validate_2018,model_s3_weather_offset_matched,municipality[041],-0.61068292076242,0.0689010261492115
fold_02_validate_2018,model_s3_weather_offset_matched,municipality[042],-0.690947525347935,0.16382808167488
fold_02_validate_2018,model_s3_weather_offset_matched,municipality[043],-0.992193072248829,0.0675463938452559
fold_02_validate_2018,model_s3_weather_offset_matched,municipality[044],-0.696752045415156,0.0999853711981607
fold_02_validate_2018,model_s3_weather_offset_matched,municipality[045],-2.18556900625056,0.197440151268706
fold_02_validate_2018,model_s3_weather_offset_matched,municipality[046],0.37517980549853,0.0797251030675852
fold_02_validate_2018,model_s3_weather_offset_matched,municipality[047],0.113572563979076,0.228675981844792
fold_02_validate_2018,model_s3_weather_offset_matched,municipality[048],-2.13324245205801,0.117415987794421
fold_02_validate_2018,model_s3_weather_offset_matched,municipality[049],-0.570107615245128,0.117938012623667
fold_02_validate_2018,model_s3_weather_offset_matched,municipality[050],-1.3204919740843,0.0620025796848849
fold_02_validate_2018,model_s3_weather_offset_matched,municipality[051],-2.23450577109612,0.291742125600019
fold_02_validate_2018,model_s3_weather_offset_matched,municipality[052],-0.7016030686766,0.0504481083181179
fold_02_validate_2018,model_s3_weather_offset_matched,municipality[053],-0.310947498348343,0.104593978494049
fold_02_validate_2018,model_s3_weather_offset_matched,municipality[054],-1.22731146968638,0.0739997458236642
fold_02_validate_2018,model_s3_weather_offset_matched,municipality[055],-1.10954352153985,0.136653063655671
fold_02_validate_2018,model_s3_weather_offset_matched,municipality[056],-0.426896715025042,0.182240279600744
fold_02_validate_2018,model_s3_weather_offset_matched,municipality[057],-1.08298347392644,0.0899929523312371
fold_02_validate_2018,model_s3_weather_offset_matched,municipality[058],-1.00364215666563,0.10542260735158
fold_02_validate_2018,model_s3_weather_offset_matched,municipality[059],-0.721867063795677,0.0919985389985928
fold_02_validate_2018,model_s3_weather_offset_matched,municipality[060],-0.954016665824141,0.0808603770834821
fold_02_validate_2018,model_s3_weather_offset_matched,municipality[061],-1.22127895065069,0.0431560716847855
fold_02_validate_2018,model_s3_weather_offset_matched,municipality[062],0.158684617838361,0.113203745928778
fold_02_validate_2018,model_s3_weather_offset_matched,municipality[063],0.2642088685675,0.0639441681089102
fold_02_validate_2018,model_s3_weather_offset_matched,municipality[064],-1.3255216207891,0.0898889530466539
fold_02_validate_2018,model_s3_weather_offset_matched,municipality[065],-0.354010442495838,0.111629080236465
fold_02_validate_2018,model_s3_weather_offset_matched,municipality[066],-2.17986220800797,0.356052880904289
fold_02_validate_2018,model_s3_weather_offset_matched,municipality[067],-0.0538378203803387,0.165874047880435
fold_02_validate_2018,model_s3_weather_offset_matched,municipality[068],-1.05726016848581,0.125075520480364
fold_02_validate_2018,model_s3_weather_offset_matched,municipality[069],-0.917052156593677,0.135551112610903
fold_02_validate_2018,model_s3_weather_offset_matched,municipality[070],-1.13466393302282,0.0500506748454875
fold_02_validate_2018,model_s3_weather_offset_matched,municipality[071],-0.845370376112839,0.0714520555981726
fold_02_validate_2018,model_s3_weather_offset_matched,municipality[072],-1.30839747237213,0.116422194002207
fold_02_validate_2018,model_s3_weather_offset_matched,municipality[073],-1.47875511485475,0.121765887255792
fold_02_validate_2018,model_s3_weather_offset_matched,municipality[074],-0.349389577228095,0.117944922493085
fold_02_validate_2018,model_s3_weather_offset_matched,municipality[075],-0.528205096728218,0.103970325892773
fold_02_validate_2018,model_s3_weather_offset_matched,municipality[076],-1.10110024397277,0.145773729381396
fold_02_validate_2018,model_s3_weather_offset_matched,municipality[077],-1.35590792788047,0.144531976459964
fold_02_validate_2018,model_s3_weather_offset_matched,municipality[078],-0.267516902256402,0.0944407824851681
fold_02_validate_2018,model_s3_weather_offset_matched,municipality[079],0.179273392916201,0.086510045270446
fold_02_validate_2018,model_s3_weather_offset_matched,municipality[080],-0.973932012767407,0.0781626190717792
fold_02_validate_2018,model_s3_weather_offset_matched,municipality[081],-1.11921937680266,0.163811380410145
fold_02_validate_2018,model_s3_weather_offset_matched,municipality[082],-0.97284098570191,0.122625383916523
fold_02_validate_2018,model_s3_weather_offset_matched,municipality[083],-0.587977309661552,0.144636157137423
fold_02_validate_2018,model_s3_weather_offset_matched,municipality[084],-0.959908399346066,0.0587083056768413
fold_02_validate_2018,model_s3_weather_offset_matched,municipality[085],-0.619668296254921,0.0543759858413666
fold_02_validate_2018,model_s3_weather_offset_matched,municipality[086],-0.985523310362948,0.228222846811222
fold_02_validate_2018,model_s3_weather_offset_matched,municipality[087],-0.353848135137597,0.0746528635408387
fold_02_validate_2018,model_s3_weather_offset_matched,municipality[088],-0.676522515251766,0.35571139284471
fold_02_validate_2018,model_s3_weather_offset_matched,municipality[089],-1.08632543105306,0.111523740232204
fold_02_validate_2018,model_s3_weather_offset_matched,municipality[090],-1.88806453299929,0.109471015020892
fold_02_validate_2018,model_s3_weather_offset_matched,municipality[091],0.292202492323275,0.0681513737349098
fold_02_validate_2018,model_s3_weather_offset_matched,municipality[092],-2.01531985092919,0.253443869424854
fold_02_validate_2018,model_s3_weather_offset_matched,municipality[093],-0.928159865590118,0.179638623426342
fold_02_validate_2018,model_s3_weather_offset_matched,municipality[094],-0.276699082433915,0.0580991102717601
fold_02_validate_2018,model_s3_weather_offset_matched,municipality[095],-0.308509130069992,0.115756622913565
fold_02_validate_2018,model_s3_weather_offset_matched,municipality[096],-1.20430271779554,0.0782920774660818
fold_02_validate_2018,model_s3_weather_offset_matched,municipality[097],-0.0606942770947265,0.0863326418108747
fold_02_validate_2018,model_s3_weather_offset_matched,municipality[098],-1.02348519462696,0.11245650986
fold_02_validate_2018,model_s3_weather_offset_matched,municipality[099],-1.14466764072686,0.150211295607383
fold_02_validate_2018,model_s3_weather_offset_matched,municipality[100],-0.277907860390563,0.100369271798534
fold_02_validate_2018,model_s3_weather_offset_matched,municipality[101],-1.66576240435584,0.158798109245351
fold_02_validate_2018,model_s3_weather_offset_matched,municipality[102],-0.104316988241367,0.0580227403402642
fold_02_validate_2018,model_s3_weather_offset_matched,municipality[103],-0.327129827487592,0.0712872808699425
fold_02_validate_2018,model_s3_weather_offset_matched,municipality[104],-1.59883564315252,0.121500719746781
fold_02_validate_2018,model_s3_weather_offset_matched,municipality[105],-0.946595030799292,0.168394475173483
fold_02_validate_2018,model_s3_weather_offset_matched,municipality[106],-1.28688356543249,0.101744348269051
fold_02_validate_2018,model_s3_weather_offset_matched,municipality[107],-0.817162005516851,0.145909621123275
fold_02_validate_2018,model_s3_weather_offset_matched,municipality[108],-0.855817033662126,0.113287676034186
fold_02_validate_2018,model_s3_weather_offset_matched,municipality[109],-0.292537451316801,0.101385793973552
fold_02_validate_2018,model_s3_weather_offset_matched,municipality[110],-1.09060107854046,0.0814709501393501
fold_02_validate_2018,model_s3_weather_offset_matched,municipality[111],-1.38382305541942,0.0956521004937812
fold_02_validate_2018,model_s3_weather_offset_matched,municipality[112],-1.10752005708023,0.08268303760176
fold_02_validate_2018,model_s3_weather_offset_matched,municipality[113],-1.05101031203512,0.0718223330013299
fold_02_validate_2018,model_s3_weather_offset_matched,municipality[114],-1.09316069547317,0.0856074602248884
fold_02_validate_2018,model_s3_weather_offset_matched,municipality[115],-0.758609844212944,0.128630435696241
fold_02_validate_2018,model_s3_weather_offset_matched,municipality[116],0.61014425936522,0.0894787106984888
fold_02_validate_2018,model_s3_weather_offset_matched,municipality[117],-0.472440701956947,0.0797651567274626
fold_02_validate_2018,model_s3_weather_offset_matched,municipality[118],-1.10439747265878,0.108361457454254
fold_02_validate_2018,model_s3_weather_offset_matched,municipality[119],-0.989667043765062,0.109805711527426
fold_02_validate_2018,model_s3_weather_offset_matched,municipality[120],-0.751940285998984,0.0696668240447475
fold_02_validate_2018,model_s3_weather_offset_matched,municipality[121],-0.991596683850194,0.156649757066786
fold_02_validate_2018,model_s3_weather_offset_matched,municipality[122],-0.474266750743597,0.0569683628301697
fold_02_validate_2018,model_s3_weather_offset_matched,municipality[123],-0.38546506031403,0.0709847519915008
fold_02_validate_2018,model_s3_weather_offset_matched,municipality[124],-1.56628517960098,0.121035747101299
fold_02_validate_2018,model_s3_weather_offset_matched,municipality[125],-1.53952917957805,0.193796018885781
fold_02_validate_2018,model_s3_weather_offset_matched,municipality[126],-1.66141022178075,0.134110981070975
fold_02_validate_2018,model_s3_weather_offset_matched,municipality[127],-1.91426900569835,0.212964196720278
fold_02_validate_2018,model_s3_weather_offset_matched,municipality[128],-0.207679173464529,0.0652265373385216
fold_02_validate_2018,model_s3_weather_offset_matched,municipality[129],-1.12123404912768,0.0837300488677811
fold_02_validate_2018,model_s3_weather_offset_matched,municipality[130],-1.38594063171011,0.10094169072906
fold_02_validate_2018,model_s3_weather_offset_matched,municipality[131],-0.516420852662506,0.0752190635708013
fold_02_validate_2018,model_s3_weather_offset_matched,municipality[132],-0.205173310001782,0.117691439493284
fold_02_validate_2018,model_s3_weather_offset_matched,municipality[133],-1.61822010249444,0.0761643848512636
fold_02_validate_2018,model_s3_weather_offset_matched,municipality[134],-0.366171926190616,0.102808122242803
fold_02_validate_2018,model_s3_weather_offset_matched,municipality[135],-1.21804483153702,0.139149515262358
fold_02_validate_2018,model_s3_weather_offset_matched,municipality[136],-0.078237289761292,0.078369601667186
fold_02_validate_2018,model_s3_weather_offset_matched,municipality[137],-0.527412923540744,0.157460257159921
fold_02_validate_2018,model_s3_weather_offset_matched,municipality[138],-0.623895231959129,0.105263341844188
fold_02_validate_2018,model_s3_weather_offset_matched,municipality[139],-1.10000975072436,0.105343006079753
fold_02_validate_2018,model_s3_weather_offset_matched,municipality[140],-0.750264753724978,0.0662197407484061
fold_02_validate_2018,model_s3_weather_offset_matched,municipality[141],-1.11913800775455,0.182064323080932
fold_02_validate_2018,model_s3_weather_offset_matched,municipality[142],-0.765923011791914,0.074082076690735
fold_02_validate_2018,model_s3_weather_offset_matched,municipality[143],-1.9868309837303,0.356560140902965
fold_02_validate_2018,model_s3_weather_offset_matched,municipality[144],-0.675339405403043,0.107041407837821
fold_02_validate_2018,model_s3_weather_offset_matched,municipality[146],-0.426401828819989,0.0873260666576814
fold_02_validate_2018,model_s3_weather_offset_matched,municipality[147],-0.285683163471185,0.090198707220998
fold_02_validate_2018,model_s3_weather_offset_matched,municipality[148],-0.106421087602429,0.122626408429904
fold_02_validate_2018,model_s3_weather_offset_matched,municipality[149],-0.893152969359821,0.227320400080125
fold_02_validate_2018,model_s3_weather_offset_matched,municipality[150],-0.314696219628135,0.163362313115378
fold_02_validate_2018,model_s3_weather_offset_matched,municipality[151],-1.0007221822359,0.119255119492736
fold_02_validate_2018,model_s3_weather_offset_matched,municipality[152],-0.899874059492316,0.208979004808449
fold_02_validate_2018,model_s3_weather_offset_matched,municipality[153],-0.580210720335705,0.165927863845133
fold_02_validate_2018,model_s3_weather_offset_matched,municipality[154],0.366028035033252,0.149472743492362
fold_02_validate_2018,model_s3_weather_offset_matched,municipality[155],-24.9162483987073,17100.4609250546
fold_02_validate_2018,model_s3_weather_offset_matched,municipality[156],-0.234273393015517,0.182529985877615
fold_02_validate_2018,model_s3_weather_offset_matched,municipality[157],-0.891601089583848,0.139143405276096
fold_02_validate_2018,model_s3_weather_offset_matched,municipality[158],0.19765016573238,0.120290491120848
fold_02_validate_2018,model_s3_weather_offset_matched,municipality[159],-1.42201193023354,0.182358262821039
fold_02_validate_2018,model_s3_weather_offset_matched,municipality[160],-0.731191178389688,0.0844205415448977
fold_02_validate_2018,model_s3_weather_offset_matched,municipality[161],0.0928927240822008,0.292336265267994
fold_02_validate_2018,model_s3_weather_offset_matched,municipality[162],-0.424709632713839,0.115192925101015
fold_02_validate_2018,model_s3_weather_offset_matched,municipality[163],-0.105156522290399,0.255926058108675
fold_02_validate_2018,model_s3_weather_offset_matched,municipality[164],-1.94312861294907,0.17401403146292
fold_02_validate_2018,model_s3_weather_offset_matched,municipality[165],-0.156238674214587,0.207684184621693
fold_02_validate_2018,model_s3_weather_offset_matched,municipality[166],0.0224802041411257,0.102048113067506
fold_02_validate_2018,model_s3_weather_offset_matched,municipality[167],-1.23493027889015,0.195018569670704
fold_02_validate_2018,model_s3_weather_offset_matched,municipality[168],-0.964528359209836,0.147085765745583
fold_02_validate_2018,model_s3_weather_offset_matched,municipality[169],-0.767262650827094,0.105469023931241
fold_02_validate_2018,model_s3_weather_offset_matched,municipality[170],-0.909177269407326,0.154943062941459
fold_02_validate_2018,model_s3_weather_offset_matched,municipality[171],-1.29762684300007,0.170518699543895
fold_02_validate_2018,model_s3_weather_offset_matched,municipality[172],-1.1403594249268,0.222019864299743
fold_02_validate_2018,model_s3_weather_offset_matched,municipality[173],-1.31706847061965,0.127952476948537
fold_02_validate_2018,model_s3_weather_offset_matched,municipality[174],-0.971302639980501,0.125688657783801
fold_02_validate_2018,model_s3_weather_offset_matched,municipality[175],-0.776806347088478,0.10343752057444
fold_02_validate_2018,model_s3_weather_offset_matched,municipality[176],0.095954163080923,0.159728857182116
fold_02_validate_2018,model_s3_weather_offset_matched,municipality[177],-0.61499665301858,0.228454296069716
fold_02_validate_2018,model_s3_weather_offset_matched,municipality[178],-0.542630376499163,0.115150989761966
fold_02_validate_2018,model_s3_weather_offset_matched,municipality[179],-1.90280330247275,0.291658767931014
fold_02_validate_2018,model_s3_weather_offset_matched,municipality[180],0.882696174096641,0.194271249075745
fold_02_validate_2018,model_s3_weather_offset_matched,municipality[181],-0.694365363800276,0.16381483608582
fold_02_validate_2018,model_s3_weather_offset_matched,municipality[182],-0.908538154460074,0.253669993953935
fold_02_validate_2018,model_s3_weather_offset_matched,municipality[183],-0.936292260421201,0.107868262761438
fold_02_validate_2018,model_s3_weather_offset_matched,municipality[184],-0.870321329463757,0.204123492592521
fold_02_validate_2018,model_s3_weather_offset_matched,municipality[185],-0.242881745339177,0.174158722025084
fold_02_validate_2018,model_s3_weather_offset_matched,municipality[186],-0.987812704416268,0.134080205061801
fold_02_validate_2018,model_s3_weather_offset_matched,municipality[187],-0.299317976269237,0.177520817186315
fold_02_validate_2018,model_s3_weather_offset_matched,municipality[188],-0.57070985921048,0.208508816306774
fold_02_validate_2018,model_s3_weather_offset_matched,municipality[189],-0.242945049985147,0.123784139078735
fold_02_validate_2018,model_s3_weather_offset_matched,municipality[190],-1.54057236664193,0.0859707314743623
fold_02_validate_2018,model_s3_weather_offset_matched,municipality[191],-0.405970073366585,0.181280071658149
fold_02_validate_2018,model_s3_weather_offset_matched,municipality[192],-0.551805472911441,0.117334727176687
fold_02_validate_2018,model_s3_weather_offset_matched,municipality[193],-0.448621597833209,0.100112805213141
fold_02_validate_2018,model_s3_weather_offset_matched,municipality[194],-0.568764516388472,0.102014264904137
fold_02_validate_2018,model_s3_weather_offset_matched,municipality[195],-0.525654665276961,0.127123052138864
fold_02_validate_2018,model_s3_weather_offset_matched,municipality[196],-0.842265028219414,0.176768349607094
fold_02_validate_2018,model_s3_weather_offset_matched,municipality[197],-1.71725963677111,0.253402758844276
fold_02_validate_2018,model_s3_weather_offset_matched,municipality[198],-1.03515405835871,0.193400656274502
fold_02_validate_2018,model_s3_weather_offset_matched,municipality[199],-0.867697448133115,0.1503523830482
fold_02_validate_2018,model_s3_weather_offset_matched,municipality[200],-1.46963925447786,0.163855090782233
fold_02_validate_2018,model_s3_weather_offset_matched,municipality[201],-0.838151580690321,0.119802236389693
fold_02_validate_2018,model_s3_weather_offset_matched,municipality[202],0.122326776506392,0.124328068024313
fold_02_validate_2018,model_s3_weather_offset_matched,municipality[203],-0.429907975266619,0.111263956850475
fold_02_validate_2018,model_s3_weather_offset_matched,municipality[204],-1.17269450598455,0.217388909936029
fold_02_validate_2018,model_s3_weather_offset_matched,municipality[205],0.0670451228114688,0.126182989333589
fold_02_validate_2018,model_s3_weather_offset_matched,municipality[206],-1.01985522371104,0.156552882860051
fold_02_validate_2018,model_s3_weather_offset_matched,municipality[207],-1.03294811790551,0.184462222393507
fold_02_validate_2018,model_s3_weather_offset_matched,municipality[208],-0.822874726600527,0.126173191302946
fold_02_validate_2018,model_s3_weather_offset_matched,municipality[209],-0.0141873899034968,0.11902568358581
fold_02_validate_2018,model_s3_weather_offset_matched,municipality[210],-0.431048469020307,0.150394990569177
fold_02_validate_2018,model_s3_weather_offset_matched,municipality[211],-1.17975121186329,0.181850515396947
fold_02_validate_2018,model_s3_weather_offset_matched,municipality[212],-0.669308254268027,0.150202891907303
fold_02_validate_2018,model_s3_weather_offset_matched,municipality[213],-1.30208595734095,0.179656090070007
fold_02_validate_2018,model_s3_weather_offset_matched,past_4w_lyme_incidence_per_100000,-0.000923117042240629,0.00023249369848645
fold_02_validate_2018,model_s3_weather_offset_matched,z_t2m_mean_c_lag_1w,-0.135954629707997,0.14619151175716
fold_02_validate_2018,model_s3_weather_offset_matched,z_t2m_mean_c_lag_2w,-0.163813614077842,0.160119118576718
fold_02_validate_2018,model_s3_weather_offset_matched,z_t2m_mean_c_previous_4w_mean,0.653762325511372,0.279360306603922
fold_02_validate_2018,model_s3_weather_offset_matched,z_d2m_mean_c_lag_1w,0.0445004116106339,0.0663766290867694
fold_02_validate_2018,model_s3_weather_offset_matched,z_d2m_mean_c_lag_2w,0.0289550611479674,0.0664424819535332
fold_02_validate_2018,model_s3_weather_offset_matched,z_d2m_mean_c_previous_4w_mean,0.970848292666221,0.132087351780116
fold_02_validate_2018,model_s3_weather_offset_matched,z_tp_sum_mm_lag_1w,-0.0253640974726201,0.0099740509120331
fold_02_validate_2018,model_s3_weather_offset_matched,z_tp_sum_mm_lag_2w,-0.0161730012735794,0.0100294882537384
fold_02_validate_2018,model_s3_weather_offset_matched,z_tp_sum_mm_previous_4w_sum,0.0583698677276655,0.0136896738614075
fold_02_validate_2018,model_s3_weather_offset_matched,z_stl1_mean_c_lag_1w,-0.405383055523255,0.422980293990582
fold_02_validate_2018,model_s3_weather_offset_matched,z_stl1_mean_c_lag_2w,-0.963655138698808,0.423590946926792
fold_02_validate_2018,model_s3_weather_offset_matched,z_stl1_mean_c_previous_4w_mean,-6.82317125795536,0.71757287938892
fold_02_validate_2018,model_s3_weather_offset_matched,z_stl2_mean_c_lag_1w,0.99737266632429,0.36671124656804
fold_02_validate_2018,model_s3_weather_offset_matched,z_stl2_mean_c_lag_2w,1.29296377491453,0.324687990373681
fold_02_validate_2018,model_s3_weather_offset_matched,z_stl2_mean_c_previous_4w_mean,4.45427779625962,0.565904434954625
fold_02_validate_2018,model_s3_weather_offset_matched,z_swvl1_mean_m3_m3_lag_1w,-0.051643193181153,0.0391168088069798
fold_02_validate_2018,model_s3_weather_offset_matched,z_swvl1_mean_m3_m3_lag_2w,-0.0463990970189226,0.0401903122207889
fold_02_validate_2018,model_s3_weather_offset_matched,z_swvl1_mean_m3_m3_previous_4w_mean,-0.0511786229861406,0.0722538264928901
fold_02_validate_2018,model_s3_weather_offset_matched,z_swvl2_mean_m3_m3_lag_1w,0.0556105737900442,0.040211726359226
fold_02_validate_2018,model_s3_weather_offset_matched,z_swvl2_mean_m3_m3_lag_2w,-0.0144411872156626,0.0388517429847621
fold_02_validate_2018,model_s3_weather_offset_matched,z_swvl2_mean_m3_m3_previous_4w_mean,0.0308250165426276,0.0669990670207445
fold_03_validate_2019,model_s3_weather_offset_matched,intercept,3.66245789753966,0.030855874723283
fold_03_validate_2019,model_s3_weather_offset_matched,seasonal_sin_annual,1.57518833108269,0.0337269990641608
fold_03_validate_2019,model_s3_weather_offset_matched,seasonal_cos_annual,-0.361242789230921,0.0309502829034887
fold_03_validate_2019,model_s3_weather_offset_matched,municipality[002],-0.829636501264298,0.0684040057404259
fold_03_validate_2019,model_s3_weather_offset_matched,municipality[003],-0.610513723127076,0.0748479964680331
fold_03_validate_2019,model_s3_weather_offset_matched,municipality[004],-0.345335800204626,0.0889345047323661
fold_03_validate_2019,model_s3_weather_offset_matched,municipality[005],-0.605946055249904,0.0848127832921172
fold_03_validate_2019,model_s3_weather_offset_matched,municipality[006],-0.368662465028454,0.119384450173831
fold_03_validate_2019,model_s3_weather_offset_matched,municipality[007],-0.697781594859192,0.0661097783600269
fold_03_validate_2019,model_s3_weather_offset_matched,municipality[008],-0.586567730523063,0.0541695595253853
fold_03_validate_2019,model_s3_weather_offset_matched,municipality[009],-1.87409870028633,0.0656925312981173
fold_03_validate_2019,model_s3_weather_offset_matched,municipality[010],-1.10848425451316,0.10497576078229
fold_03_validate_2019,model_s3_weather_offset_matched,municipality[011],-2.04226699916344,0.0545313683596574
fold_03_validate_2019,model_s3_weather_offset_matched,municipality[012],-1.15216319412464,0.0862361463330647
fold_03_validate_2019,model_s3_weather_offset_matched,municipality[013],-0.245319578258515,0.051800347507449
fold_03_validate_2019,model_s3_weather_offset_matched,municipality[014],-0.606971972919945,0.0875253630771886
fold_03_validate_2019,model_s3_weather_offset_matched,municipality[015],-1.03100974610624,0.0983665424805746
fold_03_validate_2019,model_s3_weather_offset_matched,municipality[016],-0.872650435868758,0.125445748493652
fold_03_validate_2019,model_s3_weather_offset_matched,municipality[017],-0.455947167832407,0.0458943324700127
fold_03_validate_2019,model_s3_weather_offset_matched,municipality[018],-0.985863128141181,0.116280879333168
fold_03_validate_2019,model_s3_weather_offset_matched,municipality[019],-1.05772825958578,0.102623846410725
fold_03_validate_2019,model_s3_weather_offset_matched,municipality[020],-0.595736338486849,0.0863900833800343
fold_03_validate_2019,model_s3_weather_offset_matched,municipality[021],-0.227381029233257,0.0547985208690784
fold_03_validate_2019,model_s3_weather_offset_matched,municipality[022],-0.861980458994868,0.0795053790891979
fold_03_validate_2019,model_s3_weather_offset_matched,municipality[023],-1.43310451089456,0.0496993368813643
fold_03_validate_2019,model_s3_weather_offset_matched,municipality[024],-1.11691370962423,0.119150756644125
fold_03_validate_2019,model_s3_weather_offset_matched,municipality[025],-0.341860108347953,0.0563781356776725
fold_03_validate_2019,model_s3_weather_offset_matched,municipality[026],-1.72208138683473,0.103313195680704
fold_03_validate_2019,model_s3_weather_offset_matched,municipality[027],-0.157565537081673,0.0573663719973187
fold_03_validate_2019,model_s3_weather_offset_matched,municipality[028],-1.88824589114778,0.148154276656718
fold_03_validate_2019,model_s3_weather_offset_matched,municipality[029],-0.377800723953184,0.0556084848048913
fold_03_validate_2019,model_s3_weather_offset_matched,municipality[030],-0.0691671755870753,0.0945639849256321
fold_03_validate_2019,model_s3_weather_offset_matched,municipality[031],-0.343231943194239,0.0998457765220536
fold_03_validate_2019,model_s3_weather_offset_matched,municipality[032],-0.988277193335896,0.052379785646043
fold_03_validate_2019,model_s3_weather_offset_matched,municipality[033],-0.172989787201935,0.107152583286153
fold_03_validate_2019,model_s3_weather_offset_matched,municipality[034],-1.29206162113754,0.0856098698757978
fold_03_validate_2019,model_s3_weather_offset_matched,municipality[035],-1.26049060931804,0.107044278465337
fold_03_validate_2019,model_s3_weather_offset_matched,municipality[036],-0.740404980658177,0.0610591197310183
fold_03_validate_2019,model_s3_weather_offset_matched,municipality[037],-0.0796292861073133,0.0537860222100322
fold_03_validate_2019,model_s3_weather_offset_matched,municipality[038],-0.952185469499778,0.0612169396971567
fold_03_validate_2019,model_s3_weather_offset_matched,municipality[039],-0.964662958534806,0.0548415640179981
fold_03_validate_2019,model_s3_weather_offset_matched,municipality[040],-1.1339090161841,0.0691202525161382
fold_03_validate_2019,model_s3_weather_offset_matched,municipality[041],-0.167191728251621,0.0464790153950151
fold_03_validate_2019,model_s3_weather_offset_matched,municipality[042],-1.13210899245845,0.132968061311565
fold_03_validate_2019,model_s3_weather_offset_matched,municipality[043],-0.565001496287172,0.0440089317007082
fold_03_validate_2019,model_s3_weather_offset_matched,municipality[044],-0.812791726427366,0.0751562945094483
fold_03_validate_2019,model_s3_weather_offset_matched,municipality[045],-2.38478676415033,0.14370646489367
fold_03_validate_2019,model_s3_weather_offset_matched,municipality[046],0.618542633321232,0.0553632619152344
fold_03_validate_2019,model_s3_weather_offset_matched,municipality[047],-0.751034215519619,0.207084202967965
fold_03_validate_2019,model_s3_weather_offset_matched,municipality[048],-2.01823566816546,0.0865978971909354
fold_03_validate_2019,model_s3_weather_offset_matched,municipality[049],-1.14986121527654,0.0949744354197397
fold_03_validate_2019,model_s3_weather_offset_matched,municipality[050],-1.53225289051266,0.0462275241092172
fold_03_validate_2019,model_s3_weather_offset_matched,municipality[051],-2.16337324753595,0.206353456907708
fold_03_validate_2019,model_s3_weather_offset_matched,municipality[052],-0.643185451034766,0.0367280431494696
fold_03_validate_2019,model_s3_weather_offset_matched,municipality[053],0.00154807559009629,0.079608196218351
fold_03_validate_2019,model_s3_weather_offset_matched,municipality[054],-1.30208974118437,0.0530384448245595
fold_03_validate_2019,model_s3_weather_offset_matched,municipality[055],-1.08436040415881,0.0950046192278169
fold_03_validate_2019,model_s3_weather_offset_matched,municipality[056],-0.466093990956568,0.122156325326784
fold_03_validate_2019,model_s3_weather_offset_matched,municipality[057],-1.05766427314354,0.0648324164300101
fold_03_validate_2019,model_s3_weather_offset_matched,municipality[058],-1.26733239748149,0.0777091012910818
fold_03_validate_2019,model_s3_weather_offset_matched,municipality[059],-1.18833509649748,0.069796200227035
fold_03_validate_2019,model_s3_weather_offset_matched,municipality[060],-0.88501734305386,0.0575105921944162
fold_03_validate_2019,model_s3_weather_offset_matched,municipality[061],-1.1681211286884,0.0314550916605281
fold_03_validate_2019,model_s3_weather_offset_matched,municipality[062],0.175088305138814,0.0850152333289072
fold_03_validate_2019,model_s3_weather_offset_matched,municipality[063],0.0108737198185246,0.0450941785248815
fold_03_validate_2019,model_s3_weather_offset_matched,municipality[064],-0.827332315014302,0.0580923452761439
fold_03_validate_2019,model_s3_weather_offset_matched,municipality[065],-0.08885281067318,0.0798561603560469
fold_03_validate_2019,model_s3_weather_offset_matched,municipality[066],-2.55971261310831,0.3548106778296
fold_03_validate_2019,model_s3_weather_offset_matched,municipality[067],0.5108769055757,0.101632017926724
fold_03_validate_2019,model_s3_weather_offset_matched,municipality[068],-1.17583809831312,0.0976549298572621
fold_03_validate_2019,model_s3_weather_offset_matched,municipality[069],-0.851391155995818,0.089643388937831
fold_03_validate_2019,model_s3_weather_offset_matched,municipality[070],-1.21832197976985,0.0363831521795039
fold_03_validate_2019,model_s3_weather_offset_matched,municipality[071],-0.866251273135759,0.0520489836940436
fold_03_validate_2019,model_s3_weather_offset_matched,municipality[072],-1.37008019989459,0.086350707658913
fold_03_validate_2019,model_s3_weather_offset_matched,municipality[073],-1.12725939924672,0.0734801079671679
fold_03_validate_2019,model_s3_weather_offset_matched,municipality[074],-0.379992266643358,0.0924010917709043
fold_03_validate_2019,model_s3_weather_offset_matched,municipality[075],-0.781429410185205,0.0693384391760419
fold_03_validate_2019,model_s3_weather_offset_matched,municipality[076],-0.649723768920086,0.0888506416683672
fold_03_validate_2019,model_s3_weather_offset_matched,municipality[077],-1.03382440094493,0.0936898734871688
fold_03_validate_2019,model_s3_weather_offset_matched,municipality[078],-0.603885117930437,0.0708430847316352
fold_03_validate_2019,model_s3_weather_offset_matched,municipality[079],0.121292512835303,0.0623495904418948
fold_03_validate_2019,model_s3_weather_offset_matched,municipality[080],-1.14743442165196,0.0571525097158045
fold_03_validate_2019,model_s3_weather_offset_matched,municipality[081],-0.803521623584223,0.104452233170704
fold_03_validate_2019,model_s3_weather_offset_matched,municipality[082],-0.687341445214085,0.081758449497665
fold_03_validate_2019,model_s3_weather_offset_matched,municipality[083],-0.342045866672681,0.0931155274207441
fold_03_validate_2019,model_s3_weather_offset_matched,municipality[084],-0.816106057492394,0.0413178819162668
fold_03_validate_2019,model_s3_weather_offset_matched,municipality[085],-0.735184448117926,0.039421300724331
fold_03_validate_2019,model_s3_weather_offset_matched,municipality[086],-1.38563900331256,0.179930823310122
fold_03_validate_2019,model_s3_weather_offset_matched,municipality[087],-0.575089549650107,0.0523798605910746
fold_03_validate_2019,model_s3_weather_offset_matched,municipality[088],-0.697759339865451,0.290050733211385
fold_03_validate_2019,model_s3_weather_offset_matched,municipality[089],-1.16621125106765,0.0802663051780698
fold_03_validate_2019,model_s3_weather_offset_matched,municipality[090],-1.8196618507327,0.0840538648489365
fold_03_validate_2019,model_s3_weather_offset_matched,municipality[091],0.245929924172141,0.0514154914589251
fold_03_validate_2019,model_s3_weather_offset_matched,municipality[092],-2.4448134735775,0.225660175837376
fold_03_validate_2019,model_s3_weather_offset_matched,municipality[093],-0.590852016357059,0.112657251393832
fold_03_validate_2019,model_s3_weather_offset_matched,municipality[094],-0.235900699930487,0.0447754348423314
fold_03_validate_2019,model_s3_weather_offset_matched,municipality[095],-0.204607221037814,0.0849193086868139
fold_03_validate_2019,model_s3_weather_offset_matched,municipality[096],-1.27494418175185,0.0537627253516152
fold_03_validate_2019,model_s3_weather_offset_matched,municipality[097],-0.356449200495131,0.0647160088986815
fold_03_validate_2019,model_s3_weather_offset_matched,municipality[098],-1.28690516870273,0.0858553834416042
fold_03_validate_2019,model_s3_weather_offset_matched,municipality[099],-1.18680290741396,0.115632670334095
fold_03_validate_2019,model_s3_weather_offset_matched,municipality[100],-0.895193331049391,0.0831880961799157
fold_03_validate_2019,model_s3_weather_offset_matched,municipality[101],-1.28093008561296,0.0994397410783926
fold_03_validate_2019,model_s3_weather_offset_matched,municipality[102],0.103275461982157,0.0408391535010764
fold_03_validate_2019,model_s3_weather_offset_matched,municipality[103],-0.212858426424492,0.0496979015942014
fold_03_validate_2019,model_s3_weather_offset_matched,municipality[104],-1.70555323361769,0.10008851914907
fold_03_validate_2019,model_s3_weather_offset_matched,municipality[105],-1.26712947244193,0.129270601904516
fold_03_validate_2019,model_s3_weather_offset_matched,municipality[106],-1.52268792290057,0.0790319729913828
fold_03_validate_2019,model_s3_weather_offset_matched,municipality[107],-0.757834430912166,0.0978707557423282
fold_03_validate_2019,model_s3_weather_offset_matched,municipality[108],-0.940183725500832,0.0886563507218911
fold_03_validate_2019,model_s3_weather_offset_matched,municipality[109],-0.29901400726864,0.0726104010402971
fold_03_validate_2019,model_s3_weather_offset_matched,municipality[110],-1.08674444957414,0.0573595188541622
fold_03_validate_2019,model_s3_weather_offset_matched,municipality[111],-1.4699492864926,0.0682649993755709
fold_03_validate_2019,model_s3_weather_offset_matched,municipality[112],-1.07205795737432,0.0605760877510012
fold_03_validate_2019,model_s3_weather_offset_matched,municipality[113],-1.15939542891658,0.0528154121061985
fold_03_validate_2019,model_s3_weather_offset_matched,municipality[114],-1.26855392913232,0.0626043993002844
fold_03_validate_2019,model_s3_weather_offset_matched,municipality[115],-1.02285955955391,0.0938024267758606
fold_03_validate_2019,model_s3_weather_offset_matched,municipality[116],0.08833172866502,0.0684312268684287
fold_03_validate_2019,model_s3_weather_offset_matched,municipality[117],-0.532861990461089,0.0591621992760343
fold_03_validate_2019,model_s3_weather_offset_matched,municipality[118],-1.25984285961224,0.0800439586663726
fold_03_validate_2019,model_s3_weather_offset_matched,municipality[119],-0.778814443611232,0.0717210947681238
fold_03_validate_2019,model_s3_weather_offset_matched,municipality[120],-0.804890334055423,0.0500114856846608
fold_03_validate_2019,model_s3_weather_offset_matched,municipality[121],-1.1493035122934,0.113323508634993
fold_03_validate_2019,model_s3_weather_offset_matched,municipality[122],-0.373183259502347,0.0410936490053347
fold_03_validate_2019,model_s3_weather_offset_matched,municipality[123],-0.414206829977923,0.052359658285501
fold_03_validate_2019,model_s3_weather_offset_matched,municipality[124],-1.45134982012666,0.0804705900137556
fold_03_validate_2019,model_s3_weather_offset_matched,municipality[125],-1.76240666909252,0.153890995208102
fold_03_validate_2019,model_s3_weather_offset_matched,municipality[126],-1.65060375402553,0.0978452022008875
fold_03_validate_2019,model_s3_weather_offset_matched,municipality[127],-1.59624405883147,0.129694272734501
fold_03_validate_2019,model_s3_weather_offset_matched,municipality[128],0.0325180963019385,0.0466429773233467
fold_03_validate_2019,model_s3_weather_offset_matched,municipality[129],-0.808010672139179,0.0547806782337817
fold_03_validate_2019,model_s3_weather_offset_matched,municipality[130],-1.24395089903893,0.0653636324918938
fold_03_validate_2019,model_s3_weather_offset_matched,municipality[131],-0.410484175133373,0.0578032498838205
fold_03_validate_2019,model_s3_weather_offset_matched,municipality[132],-0.815466387270842,0.0985453565058416
fold_03_validate_2019,model_s3_weather_offset_matched,municipality[133],-1.60157047707867,0.0537469162862344
fold_03_validate_2019,model_s3_weather_offset_matched,municipality[134],-0.141549858924179,0.0704452345030533
fold_03_validate_2019,model_s3_weather_offset_matched,municipality[135],-1.4056959499119,0.102475279394661
fold_03_validate_2019,model_s3_weather_offset_matched,municipality[136],-0.0675873151491722,0.0569972059189696
fold_03_validate_2019,model_s3_weather_offset_matched,municipality[137],-0.431742923129666,0.111109447908162
fold_03_validate_2019,model_s3_weather_offset_matched,municipality[138],-0.549545267681969,0.0710616058333901
fold_03_validate_2019,model_s3_weather_offset_matched,municipality[139],-1.19273129408068,0.0753533826644042
fold_03_validate_2019,model_s3_weather_offset_matched,municipality[140],-0.54627293235381,0.0476834441729767
fold_03_validate_2019,model_s3_weather_offset_matched,municipality[141],-0.94730610854534,0.1250439915857
fold_03_validate_2019,model_s3_weather_offset_matched,municipality[142],-0.676810039025801,0.0525135726311698
fold_03_validate_2019,model_s3_weather_offset_matched,municipality[143],-1.62073812193217,0.191829167420324
fold_03_validate_2019,model_s3_weather_offset_matched,municipality[144],-0.740315702357279,0.0802985062698191
fold_03_validate_2019,model_s3_weather_offset_matched,municipality[146],-0.127277279616415,0.0601750611863163
fold_03_validate_2019,model_s3_weather_offset_matched,municipality[147],-0.0400243774848938,0.0644604058570748
fold_03_validate_2019,model_s3_weather_offset_matched,municipality[148],-0.49642817356104,0.0952660652432147
fold_03_validate_2019,model_s3_weather_offset_matched,municipality[149],-1.47166767743625,0.206361551113381
fold_03_validate_2019,model_s3_weather_offset_matched,municipality[150],-0.163840520827523,0.117577535612773
fold_03_validate_2019,model_s3_weather_offset_matched,municipality[151],-0.962366761782749,0.0810709092357297
fold_03_validate_2019,model_s3_weather_offset_matched,municipality[152],-1.13469634752927,0.154262889711504
fold_03_validate_2019,model_s3_weather_offset_matched,municipality[153],-0.786775102436891,0.119027759644493
fold_03_validate_2019,model_s3_weather_offset_matched,municipality[154],-0.0311577972468604,0.132230746389801
fold_03_validate_2019,model_s3_weather_offset_matched,municipality[155],-3.70335323202543,0.500998879880994
fold_03_validate_2019,model_s3_weather_offset_matched,municipality[156],-0.879945434037403,0.15442041447375
fold_03_validate_2019,model_s3_weather_offset_matched,municipality[157],-0.556840989900488,0.0878916297343936
fold_03_validate_2019,model_s3_weather_offset_matched,municipality[158],-0.295885669815425,0.0967665434550363
fold_03_validate_2019,model_s3_weather_offset_matched,municipality[159],-1.44497541221182,0.119145425526064
fold_03_validate_2019,model_s3_weather_offset_matched,municipality[160],-0.919177086686496,0.0624638996276106
fold_03_validate_2019,model_s3_weather_offset_matched,municipality[161],-0.417366049262473,0.226069913086066
fold_03_validate_2019,model_s3_weather_offset_matched,municipality[162],-0.126936975767084,0.0778968145464121
fold_03_validate_2019,model_s3_weather_offset_matched,municipality[163],0.106696968171863,0.206997273972501
fold_03_validate_2019,model_s3_weather_offset_matched,municipality[164],-1.69129431398074,0.110766355698661
fold_03_validate_2019,model_s3_weather_offset_matched,municipality[165],-0.314212744394866,0.16897119576654
fold_03_validate_2019,model_s3_weather_offset_matched,municipality[166],-0.195813667403827,0.0712805099390448
fold_03_validate_2019,model_s3_weather_offset_matched,municipality[167],-1.33929782122026,0.16141173762267
fold_03_validate_2019,model_s3_weather_offset_matched,municipality[168],-1.46535788435915,0.120085261600785
fold_03_validate_2019,model_s3_weather_offset_matched,municipality[169],-0.960887844045134,0.0755466921143812
fold_03_validate_2019,model_s3_weather_offset_matched,municipality[170],-0.766738849991103,0.0956655317116363
fold_03_validate_2019,model_s3_weather_offset_matched,municipality[171],-1.41717422289476,0.130911425890655
fold_03_validate_2019,model_s3_weather_offset_matched,municipality[172],-1.39890723160288,0.176682843541364
fold_03_validate_2019,model_s3_weather_offset_matched,municipality[173],-1.50414736179489,0.0934204092961095
fold_03_validate_2019,model_s3_weather_offset_matched,municipality[174],-0.946953988235927,0.0877357606216697
fold_03_validate_2019,model_s3_weather_offset_matched,municipality[175],-0.739417709808216,0.0760881693676047
fold_03_validate_2019,model_s3_weather_offset_matched,municipality[176],-0.190085749755882,0.108174604664474
fold_03_validate_2019,model_s3_weather_offset_matched,municipality[177],-0.23408274464862,0.147764996295935
fold_03_validate_2019,model_s3_weather_offset_matched,municipality[178],-0.83470383270033,0.0939510869205143
fold_03_validate_2019,model_s3_weather_offset_matched,municipality[179],-1.09238005397803,0.153549281201475
fold_03_validate_2019,model_s3_weather_offset_matched,municipality[180],1.20232421666224,0.134268039775376
fold_03_validate_2019,model_s3_weather_offset_matched,municipality[181],-0.923992932168684,0.118977917038774
fold_03_validate_2019,model_s3_weather_offset_matched,municipality[182],-0.944127318353036,0.169690387481343
fold_03_validate_2019,model_s3_weather_offset_matched,municipality[183],-1.13971240540329,0.0759157334814151
fold_03_validate_2019,model_s3_weather_offset_matched,municipality[184],-0.32586101542342,0.109912436347737
fold_03_validate_2019,model_s3_weather_offset_matched,municipality[185],-0.739229585686381,0.138449321110002
fold_03_validate_2019,model_s3_weather_offset_matched,municipality[186],-1.09929152580581,0.103670092835283
fold_03_validate_2019,model_s3_weather_offset_matched,municipality[187],-1.03820034294853,0.158011170869926
fold_03_validate_2019,model_s3_weather_offset_matched,municipality[188],-1.00960507561491,0.172072763799539
fold_03_validate_2019,model_s3_weather_offset_matched,municipality[189],-0.294625507053403,0.089435110981269
fold_03_validate_2019,model_s3_weather_offset_matched,municipality[190],-1.47338657620679,0.0584568285120695
fold_03_validate_2019,model_s3_weather_offset_matched,municipality[191],-0.803305429537485,0.153622596394534
fold_03_validate_2019,model_s3_weather_offset_matched,municipality[192],-0.318003277476929,0.084561473238976
fold_03_validate_2019,model_s3_weather_offset_matched,municipality[193],-0.779562393144346,0.0828908239631529
fold_03_validate_2019,model_s3_weather_offset_matched,municipality[194],-0.782237123113699,0.0798029876856266
fold_03_validate_2019,model_s3_weather_offset_matched,municipality[195],-0.678731834686203,0.0876273326237582
fold_03_validate_2019,model_s3_weather_offset_matched,municipality[196],-1.30417955719919,0.147747777746041
fold_03_validate_2019,model_s3_weather_offset_matched,municipality[197],-1.59550107956736,0.179230697992971
fold_03_validate_2019,model_s3_weather_offset_matched,municipality[198],-0.762881267531425,0.115616823971181
fold_03_validate_2019,model_s3_weather_offset_matched,municipality[199],-0.674056667376303,0.0902606079690789
fold_03_validate_2019,model_s3_weather_offset_matched,municipality[200],-1.51116497294318,0.113419442391508
fold_03_validate_2019,model_s3_weather_offset_matched,municipality[201],-0.862610350630717,0.0804219499325128
fold_03_validate_2019,model_s3_weather_offset_matched,municipality[202],-0.389464664321537,0.0975119903393229
fold_03_validate_2019,model_s3_weather_offset_matched,municipality[203],-0.500745398919779,0.0763588210030568
fold_03_validate_2019,model_s3_weather_offset_matched,municipality[204],-1.35955567366796,0.157508251783223
fold_03_validate_2019,model_s3_weather_offset_matched,municipality[205],-0.233760600325319,0.0913808849442379
fold_03_validate_2019,model_s3_weather_offset_matched,municipality[206],-1.00843245298317,0.102627065240908
fold_03_validate_2019,model_s3_weather_offset_matched,municipality[207],-0.6067732419335,0.137741658474844
fold_03_validate_2019,model_s3_weather_offset_matched,municipality[208],-0.770804988922567,0.0951338648881756
fold_03_validate_2019,model_s3_weather_offset_matched,municipality[209],0.0361820383215816,0.0833850594043987
fold_03_validate_2019,model_s3_weather_offset_matched,municipality[210],-0.713421209313749,0.111126042323893
fold_03_validate_2019,model_s3_weather_offset_matched,municipality[211],-1.09124371618936,0.124988840853313
fold_03_validate_2019,model_s3_weather_offset_matched,municipality[212],-0.762114262102365,0.106438785571317
fold_03_validate_2019,model_s3_weather_offset_matched,municipality[213],-1.69679355987567,0.146351324953971
fold_03_validate_2019,model_s3_weather_offset_matched,past_4w_lyme_incidence_per_100000,0.00108332350895799,0.000117890518850154
fold_03_validate_2019,model_s3_weather_offset_matched,z_t2m_mean_c_lag_1w,-0.107265952834205,0.078293036727627
fold_03_validate_2019,model_s3_weather_offset_matched,z_t2m_mean_c_lag_2w,-0.0687221457125832,0.0822944578007853
fold_03_validate_2019,model_s3_weather_offset_matched,z_t2m_mean_c_previous_4w_mean,1.17183511818447,0.12941013949285
fold_03_validate_2019,model_s3_weather_offset_matched,z_d2m_mean_c_lag_1w,0.336324953620784,0.0480450962622943
fold_03_validate_2019,model_s3_weather_offset_matched,z_d2m_mean_c_lag_2w,0.154899740946983,0.0493602056800027
fold_03_validate_2019,model_s3_weather_offset_matched,z_d2m_mean_c_previous_4w_mean,0.121674316495093,0.0870623151073906
fold_03_validate_2019,model_s3_weather_offset_matched,z_tp_sum_mm_lag_1w,-0.0275764407336606,0.00738095049204462
fold_03_validate_2019,model_s3_weather_offset_matched,z_tp_sum_mm_lag_2w,-0.0100826315502908,0.00713984748841542
fold_03_validate_2019,model_s3_weather_offset_matched,z_tp_sum_mm_previous_4w_sum,-0.00408899416780768,0.00988844993441558
fold_03_validate_2019,model_s3_weather_offset_matched,z_stl1_mean_c_lag_1w,-0.680414407327755,0.251149422495329
fold_03_validate_2019,model_s3_weather_offset_matched,z_stl1_mean_c_lag_2w,-1.64057078208632,0.248274931316631
fold_03_validate_2019,model_s3_weather_offset_matched,z_stl1_mean_c_previous_4w_mean,-7.63904839970316,0.428027026141084
fold_03_validate_2019,model_s3_weather_offset_matched,z_stl2_mean_c_lag_1w,1.0206952743701,0.259524097300965
fold_03_validate_2019,model_s3_weather_offset_matched,z_stl2_mean_c_lag_2w,1.85810587766549,0.225991438984576
fold_03_validate_2019,model_s3_weather_offset_matched,z_stl2_mean_c_previous_4w_mean,6.58436355666358,0.382978633307517
fold_03_validate_2019,model_s3_weather_offset_matched,z_swvl1_mean_m3_m3_lag_1w,-0.0341451631760719,0.028737938796779
fold_03_validate_2019,model_s3_weather_offset_matched,z_swvl1_mean_m3_m3_lag_2w,-0.0918036461908283,0.0295576223615481
fold_03_validate_2019,model_s3_weather_offset_matched,z_swvl1_mean_m3_m3_previous_4w_mean,0.262062747267248,0.0538046972791825
fold_03_validate_2019,model_s3_weather_offset_matched,z_swvl2_mean_m3_m3_lag_1w,0.0643690859056116,0.0293971291437156
fold_03_validate_2019,model_s3_weather_offset_matched,z_swvl2_mean_m3_m3_lag_2w,0.0480444922813393,0.0285284119401437
fold_03_validate_2019,model_s3_weather_offset_matched,z_swvl2_mean_m3_m3_previous_4w_mean,-0.0413653905108114,0.0489274511069672
fold_04_validate_2020,model_s3_weather_offset_matched,intercept,3.49444729767371,0.0272032752443786
fold_04_validate_2020,model_s3_weather_offset_matched,seasonal_sin_annual,1.46662295468002,0.029305511454294
fold_04_validate_2020,model_s3_weather_offset_matched,seasonal_cos_annual,-0.42028387822453,0.0265734756273596
fold_04_validate_2020,model_s3_weather_offset_matched,municipality[002],-0.827170240651947,0.0624377403253543
fold_04_validate_2020,model_s3_weather_offset_matched,municipality[003],-0.544296994893343,0.0658043816651467
fold_04_validate_2020,model_s3_weather_offset_matched,municipality[004],-0.213079651502115,0.0749306681105672
fold_04_validate_2020,model_s3_weather_offset_matched,municipality[005],-0.525084518537685,0.0742363175123439
fold_04_validate_2020,model_s3_weather_offset_matched,municipality[006],-0.165176235133995,0.0975340399693366
fold_04_validate_2020,model_s3_weather_offset_matched,municipality[007],-0.625544190247401,0.0595679834906708
fold_04_validate_2020,model_s3_weather_offset_matched,municipality[008],-0.607575172533529,0.0497974132248296
fold_04_validate_2020,model_s3_weather_offset_matched,municipality[009],-1.83893187590866,0.0589965048771311
fold_04_validate_2020,model_s3_weather_offset_matched,municipality[010],-0.932959426234179,0.0890496437256797
fold_04_validate_2020,model_s3_weather_offset_matched,municipality[011],-1.97759263252979,0.0487691930864917
fold_04_validate_2020,model_s3_weather_offset_matched,municipality[012],-1.02281500348899,0.0742782502364592
fold_04_validate_2020,model_s3_weather_offset_matched,municipality[013],-0.328332150209396,0.0483492941637696
fold_04_validate_2020,model_s3_weather_offset_matched,municipality[014],-0.494244897216503,0.0754331958790811
fold_04_validate_2020,model_s3_weather_offset_matched,municipality[015],-0.863198772857702,0.0836173683917888
fold_04_validate_2020,model_s3_weather_offset_matched,municipality[016],-1.07694727992497,0.124705762755065
fold_04_validate_2020,model_s3_weather_offset_matched,municipality[017],-0.552160764550578,0.0429311804639778
fold_04_validate_2020,model_s3_weather_offset_matched,municipality[018],-0.87654825188567,0.102019702122291
fold_04_validate_2020,model_s3_weather_offset_matched,municipality[019],-1.07294459458196,0.0952481185330957
fold_04_validate_2020,model_s3_weather_offset_matched,municipality[020],-0.633685084121073,0.0803830840890912
fold_04_validate_2020,model_s3_weather_offset_matched,municipality[021],-0.172675397032753,0.048685906586579
fold_04_validate_2020,model_s3_weather_offset_matched,municipality[022],-0.792122283020023,0.0706937365769951
fold_04_validate_2020,model_s3_weather_offset_matched,municipality[023],-1.42766423325676,0.0455102964032943
fold_04_validate_2020,model_s3_weather_offset_matched,municipality[024],-1.17168986319043,0.112748496194147
fold_04_validate_2020,model_s3_weather_offset_matched,municipality[025],-0.33259320723709,0.0516902142193937
fold_04_validate_2020,model_s3_weather_offset_matched,municipality[026],-1.59050173783792,0.0903924718015179
fold_04_validate_2020,model_s3_weather_offset_matched,municipality[027],-0.108008094963326,0.0507693959846378
fold_04_validate_2020,model_s3_weather_offset_matched,municipality[028],-1.89287256724296,0.136807067535806
fold_04_validate_2020,model_s3_weather_offset_matched,municipality[029],-0.318613868567313,0.0494174946145238
fold_04_validate_2020,model_s3_weather_offset_matched,municipality[030],-0.111110738108298,0.0855287197529644
fold_04_validate_2020,model_s3_weather_offset_matched,municipality[031],-0.202753155070124,0.0849072762019521
fold_04_validate_2020,model_s3_weather_offset_matched,municipality[032],-1.02511316880806,0.0482555590391353
fold_04_validate_2020,model_s3_weather_offset_matched,municipality[033],-0.199226293382963,0.0987404652375569
fold_04_validate_2020,model_s3_weather_offset_matched,municipality[034],-1.3154381725625,0.0785720623236136
fold_04_validate_2020,model_s3_weather_offset_matched,municipality[035],-1.31741618296424,0.102226388762196
fold_04_validate_2020,model_s3_weather_offset_matched,municipality[036],-0.712783363976259,0.0551261123840887
fold_04_validate_2020,model_s3_weather_offset_matched,municipality[037],-0.112925234552956,0.0492824060333331
fold_04_validate_2020,model_s3_weather_offset_matched,municipality[038],-0.952828419639965,0.0564234731675442
fold_04_validate_2020,model_s3_weather_offset_matched,municipality[039],-0.982260345504898,0.0503149169661702
fold_04_validate_2020,model_s3_weather_offset_matched,municipality[040],-1.12381440750907,0.0618732603650157
fold_04_validate_2020,model_s3_weather_offset_matched,municipality[041],-0.103550471488943,0.041336330710464
fold_04_validate_2020,model_s3_weather_offset_matched,municipality[042],-1.15774071003511,0.124478245758417
fold_04_validate_2020,model_s3_weather_offset_matched,municipality[043],-0.569281631893972,0.0397642368489474
fold_04_validate_2020,model_s3_weather_offset_matched,municipality[044],-0.594521620008928,0.0636393035043204
fold_04_validate_2020,model_s3_weather_offset_matched,municipality[045],-2.03416099078435,0.113367985517532
fold_04_validate_2020,model_s3_weather_offset_matched,municipality[046],0.559024518657254,0.0505104161894395
fold_04_validate_2020,model_s3_weather_offset_matched,municipality[047],-0.890470925678996,0.206372018842606
fold_04_validate_2020,model_s3_weather_offset_matched,municipality[048],-1.95110222183175,0.0777735647328558
fold_04_validate_2020,model_s3_weather_offset_matched,municipality[049],-1.04908749674692,0.0846617364786491
fold_04_validate_2020,model_s3_weather_offset_matched,municipality[050],-1.48380229192352,0.0415264390373809
fold_04_validate_2020,model_s3_weather_offset_matched,municipality[051],-2.19535482907465,0.190894734455193
fold_04_validate_2020,model_s3_weather_offset_matched,municipality[052],-0.606230150084296,0.0331864953672271
fold_04_validate_2020,model_s3_weather_offset_matched,municipality[053],0.102344834738245,0.0683376459136719
fold_04_validate_2020,model_s3_weather_offset_matched,municipality[054],-1.24243343570987,0.046852523505136
fold_04_validate_2020,model_s3_weather_offset_matched,municipality[055],-0.965123344032,0.0836843223203517
fold_04_validate_2020,model_s3_weather_offset_matched,municipality[056],-0.428407985018387,0.110289840850455
fold_04_validate_2020,model_s3_weather_offset_matched,municipality[057],-1.00316819189898,0.057341960401575
fold_04_validate_2020,model_s3_weather_offset_matched,municipality[058],-1.18504626867128,0.0694317624336571
fold_04_validate_2020,model_s3_weather_offset_matched,municipality[059],-0.983492341399162,0.0587711593946819
fold_04_validate_2020,model_s3_weather_offset_matched,municipality[060],-0.835469759789244,0.0510939345525345
fold_04_validate_2020,model_s3_weather_offset_matched,municipality[061],-1.08707545316173,0.0281972021562372
fold_04_validate_2020,model_s3_weather_offset_matched,municipality[062],0.175293984145341,0.0754070650348983
fold_04_validate_2020,model_s3_weather_offset_matched,municipality[063],0.135380878459897,0.0389513812903554
fold_04_validate_2020,model_s3_weather_offset_matched,municipality[064],-0.733121488694965,0.0508417731448263
fold_04_validate_2020,model_s3_weather_offset_matched,municipality[065],-0.0298085524323895,0.0696368791102135
fold_04_validate_2020,model_s3_weather_offset_matched,municipality[066],-2.05970612969597,0.25142398332363
fold_04_validate_2020,model_s3_weather_offset_matched,municipality[067],0.478258474454338,0.0893474166917505
fold_04_validate_2020,model_s3_weather_offset_matched,municipality[068],-1.13981830210461,0.0876677546344869
fold_04_validate_2020,model_s3_weather_offset_matched,municipality[069],-0.812088282436293,0.0807483729131987
fold_04_validate_2020,model_s3_weather_offset_matched,municipality[070],-1.13884799542508,0.03249040284166
fold_04_validate_2020,model_s3_weather_offset_matched,municipality[071],-0.777018774160782,0.0462396063488361
fold_04_validate_2020,model_s3_weather_offset_matched,municipality[072],-1.46221725816185,0.0832055514145863
fold_04_validate_2020,model_s3_weather_offset_matched,municipality[073],-1.17505019216105,0.0682137341189632
fold_04_validate_2020,model_s3_weather_offset_matched,municipality[074],-0.388935225600266,0.0839143033212831
fold_04_validate_2020,model_s3_weather_offset_matched,municipality[075],-0.60042608870149,0.0593221232922966
fold_04_validate_2020,model_s3_weather_offset_matched,municipality[076],-0.71943948943024,0.0836333156360206
fold_04_validate_2020,model_s3_weather_offset_matched,municipality[077],-1.04537899329178,0.0862735381828544
fold_04_validate_2020,model_s3_weather_offset_matched,municipality[078],-0.496751512340192,0.0616915587995786
fold_04_validate_2020,model_s3_weather_offset_matched,municipality[079],0.12399950655432,0.0562771566285706
fold_04_validate_2020,model_s3_weather_offset_matched,municipality[080],-1.11090694754526,0.0514150761397925
fold_04_validate_2020,model_s3_weather_offset_matched,municipality[081],-0.775390660226478,0.0953235407521814
fold_04_validate_2020,model_s3_weather_offset_matched,municipality[082],-0.578624131274701,0.0708743336611709
fold_04_validate_2020,model_s3_weather_offset_matched,municipality[083],-0.336657207956936,0.0843519471988757
fold_04_validate_2020,model_s3_weather_offset_matched,municipality[084],-0.62511062220945,0.0358869407114887
fold_04_validate_2020,model_s3_weather_offset_matched,municipality[085],-0.763100347994756,0.035853609510412
fold_04_validate_2020,model_s3_weather_offset_matched,municipality[086],-1.31393932891296,0.160792005882422
fold_04_validate_2020,model_s3_weather_offset_matched,municipality[087],-0.495951501577522,0.0460281446982896
fold_04_validate_2020,model_s3_weather_offset_matched,municipality[088],-0.868060056546474,0.289793102963095
fold_04_validate_2020,model_s3_weather_offset_matched,municipality[089],-0.987620747390137,0.0688316316221914
fold_04_validate_2020,model_s3_weather_offset_matched,municipality[090],-1.76983377810625,0.0741784709789883
fold_04_validate_2020,model_s3_weather_offset_matched,municipality[091],0.182140969656292,0.0475607275199571
fold_04_validate_2020,model_s3_weather_offset_matched,municipality[092],-2.16415898757094,0.178823809207738
fold_04_validate_2020,model_s3_weather_offset_matched,municipality[093],-0.583574035999609,0.103258104450238
fold_04_validate_2020,model_s3_weather_offset_matched,municipality[094],-0.238424452392753,0.0407388052529924
fold_04_validate_2020,model_s3_weather_offset_matched,municipality[095],-0.246866082904473,0.0774579411187473
fold_04_validate_2020,model_s3_weather_offset_matched,municipality[096],-1.14113872860594,0.0468202226126848
fold_04_validate_2020,model_s3_weather_offset_matched,municipality[097],-0.37846283047177,0.0592640383902373
fold_04_validate_2020,model_s3_weather_offset_matched,municipality[098],-1.23111262536142,0.0772477473072639
fold_04_validate_2020,model_s3_weather_offset_matched,municipality[099],-1.2837817847307,0.10985258316094
fold_04_validate_2020,model_s3_weather_offset_matched,municipality[100],-0.892998140855723,0.0764986808394451
fold_04_validate_2020,model_s3_weather_offset_matched,municipality[101],-1.2330318626404,0.0901954796710695
fold_04_validate_2020,model_s3_weather_offset_matched,municipality[102],0.156767732916219,0.0364291503815037
fold_04_validate_2020,model_s3_weather_offset_matched,municipality[103],-0.185481314375527,0.0450482849134262
fold_04_validate_2020,model_s3_weather_offset_matched,municipality[104],-1.35664324216568,0.0781639871277108
fold_04_validate_2020,model_s3_weather_offset_matched,municipality[105],-1.14248361278319,0.112879495068577
fold_04_validate_2020,model_s3_weather_offset_matched,municipality[106],-1.45733427729158,0.0704830052730918
fold_04_validate_2020,model_s3_weather_offset_matched,municipality[107],-0.770440544709475,0.0900509827281098
fold_04_validate_2020,model_s3_weather_offset_matched,municipality[108],-0.927230295146511,0.0794836998002389
fold_04_validate_2020,model_s3_weather_offset_matched,municipality[109],-0.297780376729557,0.0657940041644342
fold_04_validate_2020,model_s3_weather_offset_matched,municipality[110],-1.11230875041415,0.0523383004862612
fold_04_validate_2020,model_s3_weather_offset_matched,municipality[111],-1.39470539558747,0.0612348925584181
fold_04_validate_2020,model_s3_weather_offset_matched,municipality[112],-1.05259965286486,0.0552303884153126
fold_04_validate_2020,model_s3_weather_offset_matched,municipality[113],-1.13864861590289,0.0477576423224909
fold_04_validate_2020,model_s3_weather_offset_matched,municipality[114],-1.22087423910707,0.0564237786533888
fold_04_validate_2020,model_s3_weather_offset_matched,municipality[115],-0.943447706275204,0.0837999533225851
fold_04_validate_2020,model_s3_weather_offset_matched,municipality[116],0.163727161099946,0.0594836190049042
fold_04_validate_2020,model_s3_weather_offset_matched,municipality[117],-0.517296475541668,0.0539150607766626
fold_04_validate_2020,model_s3_weather_offset_matched,municipality[118],-1.05727675489464,0.0678144295129466
fold_04_validate_2020,model_s3_weather_offset_matched,municipality[119],-0.803014576196005,0.0651071905659591
fold_04_validate_2020,model_s3_weather_offset_matched,municipality[120],-0.758058961502542,0.0444800787369176
fold_04_validate_2020,model_s3_weather_offset_matched,municipality[121],-1.0593303955146,0.0986961507419252
fold_04_validate_2020,model_s3_weather_offset_matched,municipality[122],-0.330965041715344,0.036977602635046
fold_04_validate_2020,model_s3_weather_offset_matched,municipality[123],-0.449826320785671,0.0481443499570771
fold_04_validate_2020,model_s3_weather_offset_matched,municipality[124],-1.45589675199536,0.0736578326365281
fold_04_validate_2020,model_s3_weather_offset_matched,municipality[125],-1.29912929205588,0.115127887711994
fold_04_validate_2020,model_s3_weather_offset_matched,municipality[126],-1.63314223361079,0.0901519354075344
fold_04_validate_2020,model_s3_weather_offset_matched,municipality[127],-1.50901317567504,0.113128507091023
fold_04_validate_2020,model_s3_weather_offset_matched,municipality[128],0.0452862942450105,0.0420947328170836
fold_04_validate_2020,model_s3_weather_offset_matched,municipality[129],-0.827613611250943,0.0500841890414928
fold_04_validate_2020,model_s3_weather_offset_matched,municipality[130],-1.18722878844687,0.0584987407327263
fold_04_validate_2020,model_s3_weather_offset_matched,municipality[131],-0.0614840612286526,0.0460021733255209
fold_04_validate_2020,model_s3_weather_offset_matched,municipality[132],-0.684219576006416,0.0850772850215575
fold_04_validate_2020,model_s3_weather_offset_matched,municipality[133],-1.55808162851981,0.0489863371512966
fold_04_validate_2020,model_s3_weather_offset_matched,municipality[134],-0.0998424948880574,0.0623159999089739
fold_04_validate_2020,model_s3_weather_offset_matched,municipality[135],-1.3345131224049,0.090999036311742
fold_04_validate_2020,model_s3_weather_offset_matched,municipality[136],0.0113429462538894,0.050159079884019
fold_04_validate_2020,model_s3_weather_offset_matched,municipality[137],-0.388884121913325,0.0986128811362135
fold_04_validate_2020,model_s3_weather_offset_matched,municipality[138],-0.553116870462195,0.0656921949341875
fold_04_validate_2020,model_s3_weather_offset_matched,municipality[139],-1.21906012573016,0.0702485356616884
fold_04_validate_2020,model_s3_weather_offset_matched,municipality[140],-0.476052073851789,0.0422634510028502
fold_04_validate_2020,model_s3_weather_offset_matched,municipality[141],-0.938680276791165,0.1151780484106
fold_04_validate_2020,model_s3_weather_offset_matched,municipality[142],-0.770158584498716,0.049154445706586
fold_04_validate_2020,model_s3_weather_offset_matched,municipality[143],-1.40446039659117,0.158819691893074
fold_04_validate_2020,model_s3_weather_offset_matched,municipality[144],-0.84296306757517,0.0763410949249763
fold_04_validate_2020,model_s3_weather_offset_matched,municipality[146],-0.0634089426915589,0.0528203848767668
fold_04_validate_2020,model_s3_weather_offset_matched,municipality[147],-0.101806665889662,0.059774838266597
fold_04_validate_2020,model_s3_weather_offset_matched,municipality[148],-0.45892716136998,0.0857713732839344
fold_04_validate_2020,model_s3_weather_offset_matched,municipality[149],-1.64637408808889,0.205893514436305
fold_04_validate_2020,model_s3_weather_offset_matched,municipality[150],-0.126109357442261,0.103347757228371
fold_04_validate_2020,model_s3_weather_offset_matched,municipality[151],-0.898871019128679,0.0731557603684565
fold_04_validate_2020,model_s3_weather_offset_matched,municipality[152],-1.07220784734924,0.13906848863603
fold_04_validate_2020,model_s3_weather_offset_matched,municipality[153],-0.578313710676932,0.099322024336766
fold_04_validate_2020,model_s3_weather_offset_matched,municipality[154],-0.0294542477056965,0.11753572870745
fold_04_validate_2020,model_s3_weather_offset_matched,municipality[155],-2.7411123629039,0.290045999056238
fold_04_validate_2020,model_s3_weather_offset_matched,municipality[156],-0.872807071451079,0.141721846581364
fold_04_validate_2020,model_s3_weather_offset_matched,municipality[157],-0.559703167949788,0.0803107785295704
fold_04_validate_2020,model_s3_weather_offset_matched,municipality[158],-0.310925322353673,0.08913066329984
fold_04_validate_2020,model_s3_weather_offset_matched,municipality[159],-1.3197505897509,0.103948697728755
fold_04_validate_2020,model_s3_weather_offset_matched,municipality[160],-0.851164988675521,0.0556288647624392
fold_04_validate_2020,model_s3_weather_offset_matched,municipality[161],-0.425876481619349,0.206205078155476
fold_04_validate_2020,model_s3_weather_offset_matched,municipality[162],-0.0571415432876558,0.0683082201868015
fold_04_validate_2020,model_s3_weather_offset_matched,municipality[163],0.126448689025738,0.179502115641544
fold_04_validate_2020,model_s3_weather_offset_matched,municipality[164],-1.56125487523413,0.0966816385777979
fold_04_validate_2020,model_s3_weather_offset_matched,municipality[165],-0.474692916546743,0.168558957055124
fold_04_validate_2020,model_s3_weather_offset_matched,municipality[166],-0.0721799425961765,0.0614773882359593
fold_04_validate_2020,model_s3_weather_offset_matched,municipality[167],-1.20217895315673,0.136803368544405
fold_04_validate_2020,model_s3_weather_offset_matched,municipality[168],-1.56546442223988,0.116194776789033
fold_04_validate_2020,model_s3_weather_offset_matched,municipality[169],-0.756200844888141,0.0637043198023861
fold_04_validate_2020,model_s3_weather_offset_matched,municipality[170],-0.841615373392707,0.0906662929447786
fold_04_validate_2020,model_s3_weather_offset_matched,municipality[171],-1.41825265754896,0.119681866662341
fold_04_validate_2020,model_s3_weather_offset_matched,municipality[172],-1.4541092368772,0.166580890859548
fold_04_validate_2020,model_s3_weather_offset_matched,municipality[173],-1.34119103467332,0.0817996410287893
fold_04_validate_2020,model_s3_weather_offset_matched,municipality[174],-0.991270393607861,0.0819239841835988
fold_04_validate_2020,model_s3_weather_offset_matched,municipality[175],-0.758466147506699,0.0705117539101204
fold_04_validate_2020,model_s3_weather_offset_matched,municipality[176],-0.0564152149178277,0.0922939680182511
fold_04_validate_2020,model_s3_weather_offset_matched,municipality[177],-0.225180149461172,0.132249218772424
fold_04_validate_2020,model_s3_weather_offset_matched,municipality[178],-0.851998464833923,0.0870606908773033
fold_04_validate_2020,model_s3_weather_offset_matched,municipality[179],-0.870620578430886,0.124044796268149
fold_04_validate_2020,model_s3_weather_offset_matched,municipality[180],1.08840681593261,0.118851798773453
fold_04_validate_2020,model_s3_weather_offset_matched,municipality[181],-0.68874431951299,0.0984736825834797
fold_04_validate_2020,model_s3_weather_offset_matched,municipality[182],-0.917875068612611,0.155065200595862
fold_04_validate_2020,model_s3_weather_offset_matched,municipality[183],-0.952247039228089,0.0653049107019799
fold_04_validate_2020,model_s3_weather_offset_matched,municipality[184],-0.404204695449825,0.1029141042804
fold_04_validate_2020,model_s3_weather_offset_matched,municipality[185],-0.713817078143172,0.125270949150417
fold_04_validate_2020,model_s3_weather_offset_matched,municipality[186],-1.13192843277693,0.0976457457645708
fold_04_validate_2020,model_s3_weather_offset_matched,municipality[187],-1.18384767894076,0.157139775778191
fold_04_validate_2020,model_s3_weather_offset_matched,municipality[188],-0.646746823680798,0.132103495126429
fold_04_validate_2020,model_s3_weather_offset_matched,municipality[189],-0.398975416520486,0.0853324360134456
fold_04_validate_2020,model_s3_weather_offset_matched,municipality[190],-1.37834257003955,0.0520064980763213
fold_04_validate_2020,model_s3_weather_offset_matched,municipality[191],-0.80548876419192,0.141158740861633
fold_04_validate_2020,model_s3_weather_offset_matched,municipality[192],-0.188628023206327,0.0717259957603717
fold_04_validate_2020,model_s3_weather_offset_matched,municipality[193],-0.8692786083367,0.0794017317854465
fold_04_validate_2020,model_s3_weather_offset_matched,municipality[194],-0.713826153970955,0.0704891310936902
fold_04_validate_2020,model_s3_weather_offset_matched,municipality[195],-0.58532771093518,0.0774273524522066
fold_04_validate_2020,model_s3_weather_offset_matched,municipality[196],-1.18646417936025,0.128058200400729
fold_04_validate_2020,model_s3_weather_offset_matched,municipality[197],-1.40871825998082,0.146698259890814
fold_04_validate_2020,model_s3_weather_offset_matched,municipality[198],-0.87289857100625,0.112244090433499
fold_04_validate_2020,model_s3_weather_offset_matched,municipality[199],-0.700789499326298,0.0834168297781472
fold_04_validate_2020,model_s3_weather_offset_matched,municipality[200],-1.59977137883203,0.11009826143331
fold_04_validate_2020,model_s3_weather_offset_matched,municipality[201],-0.640335019344164,0.0675440812157622
fold_04_validate_2020,model_s3_weather_offset_matched,municipality[202],-0.316632575951819,0.0853565229598537
fold_04_validate_2020,model_s3_weather_offset_matched,municipality[203],-0.600516834088956,0.0727576656336831
fold_04_validate_2020,model_s3_weather_offset_matched,municipality[204],-1.11722389320544,0.13000257136658
fold_04_validate_2020,model_s3_weather_offset_matched,municipality[205],-0.157162075736421,0.0803312262051515
fold_04_validate_2020,model_s3_weather_offset_matched,municipality[206],-1.0417368986783,0.0951702519116713
fold_04_validate_2020,model_s3_weather_offset_matched,municipality[207],-0.582694769889387,0.121687021416295
fold_04_validate_2020,model_s3_weather_offset_matched,municipality[208],-0.658475040224486,0.0827632732288792
fold_04_validate_2020,model_s3_weather_offset_matched,municipality[209],-0.0288234361503177,0.0776277397995749
fold_04_validate_2020,model_s3_weather_offset_matched,municipality[210],-0.584970839279045,0.0968617950676409
fold_04_validate_2020,model_s3_weather_offset_matched,municipality[211],-1.11513831067126,0.114992280087538
fold_04_validate_2020,model_s3_weather_offset_matched,municipality[212],-0.85060164499203,0.101662658556163
fold_04_validate_2020,model_s3_weather_offset_matched,municipality[213],-1.68487000078873,0.135431536922242
fold_04_validate_2020,model_s3_weather_offset_matched,past_4w_lyme_incidence_per_100000,0.00184881393544763,0.000106741790096801
fold_04_validate_2020,model_s3_weather_offset_matched,z_t2m_mean_c_lag_1w,-0.125485326567819,0.0676803350088104
fold_04_validate_2020,model_s3_weather_offset_matched,z_t2m_mean_c_lag_2w,-0.183781752023854,0.0718564938547898
fold_04_validate_2020,model_s3_weather_offset_matched,z_t2m_mean_c_previous_4w_mean,0.550866799105386,0.113789157263103
fold_04_validate_2020,model_s3_weather_offset_matched,z_d2m_mean_c_lag_1w,0.251466815210636,0.0413027492755626
fold_04_validate_2020,model_s3_weather_offset_matched,z_d2m_mean_c_lag_2w,0.186844218168269,0.0425415337914152
fold_04_validate_2020,model_s3_weather_offset_matched,z_d2m_mean_c_previous_4w_mean,0.37160602818172,0.0762373065559436
fold_04_validate_2020,model_s3_weather_offset_matched,z_tp_sum_mm_lag_1w,-0.0150474077597375,0.00656106349779585
fold_04_validate_2020,model_s3_weather_offset_matched,z_tp_sum_mm_lag_2w,-0.0101856601419018,0.00643907754409959
fold_04_validate_2020,model_s3_weather_offset_matched,z_tp_sum_mm_previous_4w_sum,-0.0278266383144412,0.00896017849404061
fold_04_validate_2020,model_s3_weather_offset_matched,z_stl1_mean_c_lag_1w,-0.228861588008117,0.229682700821124
fold_04_validate_2020,model_s3_weather_offset_matched,z_stl1_mean_c_lag_2w,-1.25880281527709,0.222158688911214
fold_04_validate_2020,model_s3_weather_offset_matched,z_stl1_mean_c_previous_4w_mean,-6.98519520697898,0.385515250728149
fold_04_validate_2020,model_s3_weather_offset_matched,z_stl2_mean_c_lag_1w,0.655052620657363,0.236082584198009
fold_04_validate_2020,model_s3_weather_offset_matched,z_stl2_mean_c_lag_2w,1.49118817726405,0.200945782677817
fold_04_validate_2020,model_s3_weather_offset_matched,z_stl2_mean_c_previous_4w_mean,6.26859627362395,0.3401087675411
fold_04_validate_2020,model_s3_weather_offset_matched,z_swvl1_mean_m3_m3_lag_1w,-0.0462130670076666,0.0240517177941337
fold_04_validate_2020,model_s3_weather_offset_matched,z_swvl1_mean_m3_m3_lag_2w,-0.0851087641536568,0.0247859989891245
fold_04_validate_2020,model_s3_weather_offset_matched,z_swvl1_mean_m3_m3_previous_4w_mean,0.254663552264985,0.0451038441199631
fold_04_validate_2020,model_s3_weather_offset_matched,z_swvl2_mean_m3_m3_lag_1w,0.0636537028988119,0.0246197808413525
fold_04_validate_2020,model_s3_weather_offset_matched,z_swvl2_mean_m3_m3_lag_2w,0.0722123990044011,0.0236191185898002
fold_04_validate_2020,model_s3_weather_offset_matched,z_swvl2_mean_m3_m3_previous_4w_mean,-0.0999696014235557,0.0412496186414043
fold_05_validate_2021,model_s3_weather_offset_matched,intercept,3.48843943095968,0.0225996967063121
fold_05_validate_2021,model_s3_weather_offset_matched,seasonal_sin_annual,1.10689555385419,0.0248499608290759
fold_05_validate_2021,model_s3_weather_offset_matched,seasonal_cos_annual,-0.854048301565659,0.0229654214095835
fold_05_validate_2021,model_s3_weather_offset_matched,municipality[002],-0.830976574257651,0.0523368615690314
fold_05_validate_2021,model_s3_weather_offset_matched,municipality[003],-0.65339209795326,0.0561174575731972
fold_05_validate_2021,model_s3_weather_offset_matched,municipality[004],-0.265194390667119,0.0603246556566022
fold_05_validate_2021,model_s3_weather_offset_matched,municipality[005],-0.419714735522328,0.0607130865257134
fold_05_validate_2021,model_s3_weather_offset_matched,municipality[006],-0.428897134224698,0.0850056447802606
fold_05_validate_2021,model_s3_weather_offset_matched,municipality[007],-0.621332391811941,0.0509210311511807
fold_05_validate_2021,model_s3_weather_offset_matched,municipality[008],-0.579733705639221,0.0425760227983812
fold_05_validate_2021,model_s3_weather_offset_matched,municipality[009],-1.98528161934257,0.0539611864492653
fold_05_validate_2021,model_s3_weather_offset_matched,municipality[010],-0.983305188544496,0.0750809596607854
fold_05_validate_2021,model_s3_weather_offset_matched,municipality[011],-1.96809168527841,0.0415066169955841
fold_05_validate_2021,model_s3_weather_offset_matched,municipality[012],-0.998690740944094,0.0616118725870428
fold_05_validate_2021,model_s3_weather_offset_matched,municipality[013],-0.298116174917639,0.0402720680867654
fold_05_validate_2021,model_s3_weather_offset_matched,municipality[014],-0.544044978560478,0.0652175548077887
fold_05_validate_2021,model_s3_weather_offset_matched,municipality[015],-0.974590944569793,0.0723898077183776
fold_05_validate_2021,model_s3_weather_offset_matched,municipality[016],-1.2644177116316,0.109382267426829
fold_05_validate_2021,model_s3_weather_offset_matched,municipality[017],-0.588612142345191,0.0383390477147464
fold_05_validate_2021,model_s3_weather_offset_matched,municipality[018],-0.884568801506177,0.0854109292652365
fold_05_validate_2021,model_s3_weather_offset_matched,municipality[019],-1.19616996029119,0.0864088691787885
fold_05_validate_2021,model_s3_weather_offset_matched,municipality[020],-0.716446408492465,0.0719767717153098
fold_05_validate_2021,model_s3_weather_offset_matched,municipality[021],-0.11720767200489,0.0403828145995494
fold_05_validate_2021,model_s3_weather_offset_matched,municipality[022],-0.752108699278014,0.0594653475483755
fold_05_validate_2021,model_s3_weather_offset_matched,municipality[023],-1.4464198949955,0.0394409180195696
fold_05_validate_2021,model_s3_weather_offset_matched,municipality[024],-1.28052745784295,0.0990782376677073
fold_05_validate_2021,model_s3_weather_offset_matched,municipality[025],-0.337171242303477,0.0425173581642906
fold_05_validate_2021,model_s3_weather_offset_matched,municipality[026],-1.66083922679413,0.0798331486132885
fold_05_validate_2021,model_s3_weather_offset_matched,municipality[027],-0.181209043130059,0.0438919533769743
fold_05_validate_2021,model_s3_weather_offset_matched,municipality[028],-1.94498273380328,0.117238271770336
fold_05_validate_2021,model_s3_weather_offset_matched,municipality[029],-0.500265306635256,0.0431569016611617
fold_05_validate_2021,model_s3_weather_offset_matched,municipality[030],-0.300346818320429,0.0730716871930069
fold_05_validate_2021,model_s3_weather_offset_matched,municipality[031],-0.455167060313536,0.0766716134773862
fold_05_validate_2021,model_s3_weather_offset_matched,municipality[032],-1.14252803537757,0.0431151288439549
fold_05_validate_2021,model_s3_weather_offset_matched,municipality[033],-0.565486528401203,0.0943799228501604
fold_05_validate_2021,model_s3_weather_offset_matched,municipality[034],-1.47096589921037,0.0700606539112899
fold_05_validate_2021,model_s3_weather_offset_matched,municipality[035],-1.43416446915812,0.0915671082927904
fold_05_validate_2021,model_s3_weather_offset_matched,municipality[036],-0.718803871571874,0.0474679546358294
fold_05_validate_2021,model_s3_weather_offset_matched,municipality[037],-0.193903626250586,0.043414342245217
fold_05_validate_2021,model_s3_weather_offset_matched,municipality[038],-1.08753274077816,0.0503509850543359
fold_05_validate_2021,model_s3_weather_offset_matched,municipality[039],-0.906594703681346,0.0415731451145708
fold_05_validate_2021,model_s3_weather_offset_matched,municipality[040],-0.911409060168793,0.0539310121939442
fold_05_validate_2021,model_s3_weather_offset_matched,municipality[041],-0.188649463096389,0.0344664693491328
fold_05_validate_2021,model_s3_weather_offset_matched,municipality[042],-1.22150471209277,0.106808453988438
fold_05_validate_2021,model_s3_weather_offset_matched,municipality[043],-0.743497048919255,0.0345534176592299
fold_05_validate_2021,model_s3_weather_offset_matched,municipality[044],-0.398467447862271,0.0495747489425354
fold_05_validate_2021,model_s3_weather_offset_matched,municipality[045],-1.87568007738511,0.0904640099602149
fold_05_validate_2021,model_s3_weather_offset_matched,municipality[046],0.342111237734712,0.042158421258688
fold_05_validate_2021,model_s3_weather_offset_matched,municipality[047],-1.13623441245878,0.190640781003637
fold_05_validate_2021,model_s3_weather_offset_matched,municipality[048],-1.86162471301133,0.0668690228898912
fold_05_validate_2021,model_s3_weather_offset_matched,municipality[049],-0.929977592272777,0.0719036163877245
fold_05_validate_2021,model_s3_weather_offset_matched,municipality[050],-1.3959756397356,0.0350543530864312
fold_05_validate_2021,model_s3_weather_offset_matched,municipality[051],-2.05646102114016,0.152410822311295
fold_05_validate_2021,model_s3_weather_offset_matched,municipality[052],-0.591957767002603,0.0279444417596938
fold_05_validate_2021,model_s3_weather_offset_matched,municipality[053],-0.0382735976606403,0.0560618749861222
fold_05_validate_2021,model_s3_weather_offset_matched,municipality[054],-1.29891457433625,0.040534104351457
fold_05_validate_2021,model_s3_weather_offset_matched,municipality[055],-1.08802904880705,0.074362985613566
fold_05_validate_2021,model_s3_weather_offset_matched,municipality[056],-0.616203294959976,0.0957755313037478
fold_05_validate_2021,model_s3_weather_offset_matched,municipality[057],-1.05684620624852,0.0489648857438578
fold_05_validate_2021,model_s3_weather_offset_matched,municipality[058],-1.1138092059935,0.0565686695869553
fold_05_validate_2021,model_s3_weather_offset_matched,municipality[059],-1.10308346804205,0.05026820442714
fold_05_validate_2021,model_s3_weather_offset_matched,municipality[060],-0.936922113143264,0.0441839451369382
fold_05_validate_2021,model_s3_weather_offset_matched,municipality[061],-0.994563537083261,0.0236515019561522
fold_05_validate_2021,model_s3_weather_offset_matched,municipality[062],0.0431044934746456,0.0620782616459429
fold_05_validate_2021,model_s3_weather_offset_matched,municipality[063],0.0406217562056455,0.032463936219618
fold_05_validate_2021,model_s3_weather_offset_matched,municipality[064],-0.442243812709995,0.0387619833246536
fold_05_validate_2021,model_s3_weather_offset_matched,municipality[065],-0.248020518731033,0.0626109743259745
fold_05_validate_2021,model_s3_weather_offset_matched,municipality[066],-1.57356539548771,0.168163777727963
fold_05_validate_2021,model_s3_weather_offset_matched,municipality[067],0.340060837389333,0.0697898919301757
fold_05_validate_2021,model_s3_weather_offset_matched,municipality[068],-1.28820397122775,0.0787654208825923
fold_05_validate_2021,model_s3_weather_offset_matched,municipality[069],-0.846763385851561,0.0704439408609757
fold_05_validate_2021,model_s3_weather_offset_matched,municipality[070],-1.27346596832972,0.0278603622992488
fold_05_validate_2021,model_s3_weather_offset_matched,municipality[071],-0.679466624307875,0.0383647457017684
fold_05_validate_2021,model_s3_weather_offset_matched,municipality[072],-1.4084213531836,0.0704591054065568
fold_05_validate_2021,model_s3_weather_offset_matched,municipality[073],-1.02064440990072,0.056647375054447
fold_05_validate_2021,model_s3_weather_offset_matched,municipality[074],-0.655271039898801,0.0767184204771341
fold_05_validate_2021,model_s3_weather_offset_matched,municipality[075],-0.541803050909014,0.0512770202956421
fold_05_validate_2021,model_s3_weather_offset_matched,municipality[076],-0.833268769355133,0.071435605517449
fold_05_validate_2021,model_s3_weather_offset_matched,municipality[077],-1.17903906079001,0.0777444076868971
fold_05_validate_2021,model_s3_weather_offset_matched,municipality[078],-0.578827368357111,0.0522344248197682
fold_05_validate_2021,model_s3_weather_offset_matched,municipality[079],-0.0863765423077602,0.0504371777854037
fold_05_validate_2021,model_s3_weather_offset_matched,municipality[080],-1.07239349829828,0.0421683898709428
fold_05_validate_2021,model_s3_weather_offset_matched,municipality[081],-0.544047169063008,0.0696027553425282
fold_05_validate_2021,model_s3_weather_offset_matched,municipality[082],-0.588107639801096,0.0591155401042426
fold_05_validate_2021,model_s3_weather_offset_matched,municipality[083],-0.622639147634056,0.080373897612885
fold_05_validate_2021,model_s3_weather_offset_matched,municipality[084],-0.504745503063655,0.0296120460817032
fold_05_validate_2021,model_s3_weather_offset_matched,municipality[085],-0.702907106634427,0.0302306476320177
fold_05_validate_2021,model_s3_weather_offset_matched,municipality[086],-1.57340930211191,0.152658122629812
fold_05_validate_2021,model_s3_weather_offset_matched,municipality[087],-0.594483505580764,0.0393328712473247
fold_05_validate_2021,model_s3_weather_offset_matched,municipality[088],-1.10628643449227,0.28947839827178
fold_05_validate_2021,model_s3_weather_offset_matched,municipality[089],-0.953757960553734,0.0572098910116895
fold_05_validate_2021,model_s3_weather_offset_matched,municipality[090],-1.4249871722635,0.0621017141090175
fold_05_validate_2021,model_s3_weather_offset_matched,municipality[091],0.0151698153885934,0.04224953328734
fold_05_validate_2021,model_s3_weather_offset_matched,municipality[092],-2.07041006680906,0.146070112694509
fold_05_validate_2021,model_s3_weather_offset_matched,municipality[093],-0.629408628039615,0.0851764701782202
fold_05_validate_2021,model_s3_weather_offset_matched,municipality[094],-0.340291988744854,0.0359107061175604
fold_05_validate_2021,model_s3_weather_offset_matched,municipality[095],-0.35877616820999,0.0651063202564061
fold_05_validate_2021,model_s3_weather_offset_matched,municipality[096],-1.22176088920913,0.0404093607366028
fold_05_validate_2021,model_s3_weather_offset_matched,municipality[097],-0.512698840856391,0.0511694162069075
fold_05_validate_2021,model_s3_weather_offset_matched,municipality[098],-1.27163421013714,0.0665903619330909
fold_05_validate_2021,model_s3_weather_offset_matched,municipality[099],-1.56530423731393,0.104488473613297
fold_05_validate_2021,model_s3_weather_offset_matched,municipality[100],-0.964932863825884,0.0644325464484463
fold_05_validate_2021,model_s3_weather_offset_matched,municipality[101],-1.05712005956476,0.06869387576565
fold_05_validate_2021,model_s3_weather_offset_matched,municipality[102],0.0745540972496705,0.0304726989710547
fold_05_validate_2021,model_s3_weather_offset_matched,municipality[103],-0.197088483048554,0.0372927319713833
fold_05_validate_2021,model_s3_weather_offset_matched,municipality[104],-1.39908970968976,0.0691928795941551
fold_05_validate_2021,model_s3_weather_offset_matched,municipality[105],-1.34981723426605,0.100938426560395
fold_05_validate_2021,model_s3_weather_offset_matched,municipality[106],-1.33357554052812,0.0575624636775568
fold_05_validate_2021,model_s3_weather_offset_matched,municipality[107],-0.747455990957823,0.0764173492474422
fold_05_validate_2021,model_s3_weather_offset_matched,municipality[108],-1.03467467659887,0.0663442830227555
fold_05_validate_2021,model_s3_weather_offset_matched,municipality[109],-0.22992806166033,0.0556446890605334
fold_05_validate_2021,model_s3_weather_offset_matched,municipality[110],-1.19282458338088,0.045323876823895
fold_05_validate_2021,model_s3_weather_offset_matched,municipality[111],-1.51877666080791,0.0568571489629629
fold_05_validate_2021,model_s3_weather_offset_matched,municipality[112],-0.694425179220295,0.0401371247938989
fold_05_validate_2021,model_s3_weather_offset_matched,municipality[113],-1.33863563831505,0.0426164158778299
fold_05_validate_2021,model_s3_weather_offset_matched,municipality[114],-1.26530239169569,0.0489292413764838
fold_05_validate_2021,model_s3_weather_offset_matched,municipality[115],-1.06212292583904,0.0751158156924294
fold_05_validate_2021,model_s3_weather_offset_matched,municipality[116],-0.0551836583823988,0.0518616708491307
fold_05_validate_2021,model_s3_weather_offset_matched,municipality[117],-0.494746357309583,0.0451768933082199
fold_05_validate_2021,model_s3_weather_offset_matched,municipality[118],-1.00384604255342,0.0551788872009737
fold_05_validate_2021,model_s3_weather_offset_matched,municipality[119],-0.674622778246744,0.0524238914249227
fold_05_validate_2021,model_s3_weather_offset_matched,municipality[120],-0.747346125981444,0.0371928667261135
fold_05_validate_2021,model_s3_weather_offset_matched,municipality[121],-1.25848536030772,0.0940862328946189
fold_05_validate_2021,model_s3_weather_offset_matched,municipality[122],-0.335879883170837,0.0314480194090379
fold_05_validate_2021,model_s3_weather_offset_matched,municipality[123],-0.459794643691905,0.0412640859978548
fold_05_validate_2021,model_s3_weather_offset_matched,municipality[124],-1.54300970699399,0.0654508058970849
fold_05_validate_2021,model_s3_weather_offset_matched,municipality[125],-1.53292649692572,0.111510643890483
fold_05_validate_2021,model_s3_weather_offset_matched,municipality[126],-1.38038361733697,0.0676276924574691
fold_05_validate_2021,model_s3_weather_offset_matched,municipality[127],-1.41659146748248,0.0916339952258198
fold_05_validate_2021,model_s3_weather_offset_matched,municipality[128],0.0378496862573554,0.0347475430465724
fold_05_validate_2021,model_s3_weather_offset_matched,municipality[129],-0.812498200364756,0.0412613886667236
fold_05_validate_2021,model_s3_weather_offset_matched,municipality[130],-1.10326222612669,0.0484732525219753
fold_05_validate_2021,model_s3_weather_offset_matched,municipality[131],-0.438655564762047,0.0420003454159915
fold_05_validate_2021,model_s3_weather_offset_matched,municipality[132],-0.800990530539778,0.0739424158661482
fold_05_validate_2021,model_s3_weather_offset_matched,municipality[133],-1.72784989662251,0.0443501928268398
fold_05_validate_2021,model_s3_weather_offset_matched,municipality[134],-0.123207027860988,0.0524698258599506
fold_05_validate_2021,model_s3_weather_offset_matched,municipality[135],-1.3590079051462,0.0777920184397349
fold_05_validate_2021,model_s3_weather_offset_matched,municipality[136],0.0279566052404423,0.0411509897667933
fold_05_validate_2021,model_s3_weather_offset_matched,municipality[137],-0.268279465308586,0.0732369946430142
fold_05_validate_2021,model_s3_weather_offset_matched,municipality[138],-0.551531544674934,0.0568094883504994
fold_05_validate_2021,model_s3_weather_offset_matched,municipality[139],-1.15304959901303,0.0578950406862972
fold_05_validate_2021,model_s3_weather_offset_matched,municipality[140],-0.339340799063663,0.0345792800595735
fold_05_validate_2021,model_s3_weather_offset_matched,municipality[141],-0.663024279019628,0.0821533383452184
fold_05_validate_2021,model_s3_weather_offset_matched,municipality[142],-0.828805716451198,0.0414330573255932
fold_05_validate_2021,model_s3_weather_offset_matched,municipality[143],-1.40892034278946,0.135755668222653
fold_05_validate_2021,model_s3_weather_offset_matched,municipality[144],-0.919594846103508,0.0636475541631551
fold_05_validate_2021,model_s3_weather_offset_matched,municipality[146],-0.0422043191554473,0.0429689740064209
fold_05_validate_2021,model_s3_weather_offset_matched,municipality[147],-0.30886538486943,0.0558327461278895
fold_05_validate_2021,model_s3_weather_offset_matched,municipality[148],-0.598695181692545,0.0744337001019765
fold_05_validate_2021,model_s3_weather_offset_matched,municipality[149],-1.6604657155019,0.178201010641748
fold_05_validate_2021,model_s3_weather_offset_matched,municipality[150],-0.157549816810331,0.0851181441165521
fold_05_validate_2021,model_s3_weather_offset_matched,municipality[151],-0.833288773193283,0.0609746037819952
fold_05_validate_2021,model_s3_weather_offset_matched,municipality[152],-1.17590185753698,0.120201329686771
fold_05_validate_2021,model_s3_weather_offset_matched,municipality[153],-0.747021145578871,0.0888339745711227
fold_05_validate_2021,model_s3_weather_offset_matched,municipality[154],-0.0461058169154021,0.0953269023867182
fold_05_validate_2021,model_s3_weather_offset_matched,municipality[155],-2.08827766468667,0.178319337140787
fold_05_validate_2021,model_s3_weather_offset_matched,municipality[156],-1.17540715954719,0.135824212769138
fold_05_validate_2021,model_s3_weather_offset_matched,municipality[157],-0.449028858044105,0.0660321348175112
fold_05_validate_2021,model_s3_weather_offset_matched,municipality[158],-0.45890795352178,0.0759380097863404
fold_05_validate_2021,model_s3_weather_offset_matched,municipality[159],-1.38819805993749,0.0915095427146421
fold_05_validate_2021,model_s3_weather_offset_matched,municipality[160],-0.944618186390206,0.0481517000272508
fold_05_validate_2021,model_s3_weather_offset_matched,municipality[161],-0.750589805274272,0.190548859619029
fold_05_validate_2021,model_s3_weather_offset_matched,municipality[162],0.0672749979764344,0.0552256165189499
fold_05_validate_2021,model_s3_weather_offset_matched,municipality[163],-0.166890954023433,0.153059690597718
fold_05_validate_2021,model_s3_weather_offset_matched,municipality[164],-1.4558679091428,0.0803812218234363
fold_05_validate_2021,model_s3_weather_offset_matched,municipality[165],-0.673873354363175,0.16802564625583
fold_05_validate_2021,model_s3_weather_offset_matched,municipality[166],-0.169120872353681,0.0517118988282382
fold_05_validate_2021,model_s3_weather_offset_matched,municipality[167],-1.36976817565226,0.117338010222394
fold_05_validate_2021,model_s3_weather_offset_matched,municipality[168],-1.64895026766452,0.101422030515148
fold_05_validate_2021,model_s3_weather_offset_matched,municipality[169],-0.861033378768635,0.0560580226644031
fold_05_validate_2021,model_s3_weather_offset_matched,municipality[170],-0.803974120184267,0.076859242175166
fold_05_validate_2021,model_s3_weather_offset_matched,municipality[171],-1.76173549326415,0.115723338114286
fold_05_validate_2021,model_s3_weather_offset_matched,municipality[172],-1.75111106397923,0.165920249367394
fold_05_validate_2021,model_s3_weather_offset_matched,municipality[173],-1.17262427138436,0.0661237048272726
fold_05_validate_2021,model_s3_weather_offset_matched,municipality[174],-1.10223709085836,0.0730914012062754
fold_05_validate_2021,model_s3_weather_offset_matched,municipality[175],-0.66034305372526,0.0554774055701833
fold_05_validate_2021,model_s3_weather_offset_matched,municipality[176],-0.347875575028632,0.0850899801694109
fold_05_validate_2021,model_s3_weather_offset_matched,municipality[177],-0.152830565856278,0.0991996149680928
fold_05_validate_2021,model_s3_weather_offset_matched,municipality[178],-0.918164212611822,0.0727286264321153
fold_05_validate_2021,model_s3_weather_offset_matched,municipality[179],-0.843874283841688,0.102415198445019
fold_05_validate_2021,model_s3_weather_offset_matched,municipality[180],0.237895463551226,0.0996604318562482
fold_05_validate_2021,model_s3_weather_offset_matched,municipality[181],-0.680935874838452,0.0805333006955977
fold_05_validate_2021,model_s3_weather_offset_matched,municipality[182],-1.03042368070856,0.135616558346437
fold_05_validate_2021,model_s3_weather_offset_matched,municipality[183],-0.870347437657217,0.0561508794291353
fold_05_validate_2021,model_s3_weather_offset_matched,municipality[184],-0.692812532421722,0.0983364431596168
fold_05_validate_2021,model_s3_weather_offset_matched,municipality[185],-0.860929641772807,0.112163972144296
fold_05_validate_2021,model_s3_weather_offset_matched,municipality[186],-1.11132630697521,0.0848258575893063
fold_05_validate_2021,model_s3_weather_offset_matched,municipality[187],-1.13066518021385,0.125477249204806
fold_05_validate_2021,model_s3_weather_offset_matched,municipality[188],-0.609716188320425,0.109053865999983
fold_05_validate_2021,model_s3_weather_offset_matched,municipality[189],-0.676014995275497,0.0812595893884341
fold_05_validate_2021,model_s3_weather_offset_matched,municipality[190],-1.38250594409801,0.0447346701613336
fold_05_validate_2021,model_s3_weather_offset_matched,municipality[191],-1.02767120380682,0.135455228394333
fold_05_validate_2021,model_s3_weather_offset_matched,municipality[192],-0.300277363603835,0.0599884970686932
fold_05_validate_2021,model_s3_weather_offset_matched,municipality[193],-0.938173201839815,0.0718627939954184
fold_05_validate_2021,model_s3_weather_offset_matched,municipality[194],-0.870128763123489,0.0635693645202497
fold_05_validate_2021,model_s3_weather_offset_matched,municipality[195],-0.545355505551759,0.0614129015619714
fold_05_validate_2021,model_s3_weather_offset_matched,municipality[196],-1.27014282311597,0.111527088924211
fold_05_validate_2021,model_s3_weather_offset_matched,municipality[197],-1.38392259960514,0.123243963189367
fold_05_validate_2021,model_s3_weather_offset_matched,municipality[198],-0.934852432874171,0.100543620917222
fold_05_validate_2021,model_s3_weather_offset_matched,municipality[199],-0.724331889148109,0.072285715280806
fold_05_validate_2021,model_s3_weather_offset_matched,municipality[200],-1.73351176760294,0.102594129679489
fold_05_validate_2021,model_s3_weather_offset_matched,municipality[201],-0.549558862049665,0.0568571232800885
fold_05_validate_2021,model_s3_weather_offset_matched,municipality[202],-0.403024550468033,0.0735628638390801
fold_05_validate_2021,model_s3_weather_offset_matched,municipality[203],-0.57949722299005,0.0621212192857342
fold_05_validate_2021,model_s3_weather_offset_matched,municipality[204],-1.10821964823273,0.107898953854777
fold_05_validate_2021,model_s3_weather_offset_matched,municipality[205],-0.305615611538483,0.069112893191233
fold_05_validate_2021,model_s3_weather_offset_matched,municipality[206],-1.04612366831958,0.0822477426535074
fold_05_validate_2021,model_s3_weather_offset_matched,municipality[207],-0.513675052588551,0.0907643504645093
fold_05_validate_2021,model_s3_weather_offset_matched,municipality[208],-0.583130106470841,0.0699984334821495
fold_05_validate_2021,model_s3_weather_offset_matched,municipality[209],-0.305556158463988,0.0722665798033446
fold_05_validate_2021,model_s3_weather_offset_matched,municipality[210],-0.726420183291775,0.0876145656614971
fold_05_validate_2021,model_s3_weather_offset_matched,municipality[211],-1.07859417985451,0.0940353778653286
fold_05_validate_2021,model_s3_weather_offset_matched,municipality[212],-0.830417522346056,0.085216942971823
fold_05_validate_2021,model_s3_weather_offset_matched,municipality[213],-1.70620820450867,0.119357227134808
fold_05_validate_2021,model_s3_weather_offset_matched,past_4w_lyme_incidence_per_100000,0.00283282643985691,6.63799682754289e-05
fold_05_validate_2021,model_s3_weather_offset_matched,z_t2m_mean_c_lag_1w,-0.351879958856615,0.0550098401771398
fold_05_validate_2021,model_s3_weather_offset_matched,z_t2m_mean_c_lag_2w,-0.188010916517397,0.0597298907185062
fold_05_validate_2021,model_s3_weather_offset_matched,z_t2m_mean_c_previous_4w_mean,1.46931057370945,0.0926127239849263
fold_05_validate_2021,model_s3_weather_offset_matched,z_d2m_mean_c_lag_1w,0.471687318172522,0.030945857949522
fold_05_validate_2021,model_s3_weather_offset_matched,z_d2m_mean_c_lag_2w,0.254140026557998,0.0341678986364604
fold_05_validate_2021,model_s3_weather_offset_matched,z_d2m_mean_c_previous_4w_mean,-1.19016696477346,0.0565355836850477
fold_05_validate_2021,model_s3_weather_offset_matched,z_tp_sum_mm_lag_1w,-0.0508590177636866,0.00578003183153915
fold_05_validate_2021,model_s3_weather_offset_matched,z_tp_sum_mm_lag_2w,-0.0388050020511834,0.00549466760955619
fold_05_validate_2021,model_s3_weather_offset_matched,z_tp_sum_mm_previous_4w_sum,0.0260407727974293,0.00773765501409424
fold_05_validate_2021,model_s3_weather_offset_matched,z_stl1_mean_c_lag_1w,-1.94066201146682,0.194967694927962
fold_05_validate_2021,model_s3_weather_offset_matched,z_stl1_mean_c_lag_2w,-2.35315734614095,0.184291993984871
fold_05_validate_2021,model_s3_weather_offset_matched,z_stl1_mean_c_previous_4w_mean,-4.00370597285189,0.317794797987605
fold_05_validate_2021,model_s3_weather_offset_matched,z_stl2_mean_c_lag_1w,2.58582159959947,0.196157975003481
fold_05_validate_2021,model_s3_weather_offset_matched,z_stl2_mean_c_lag_2w,2.55096817439658,0.163836076509695
fold_05_validate_2021,model_s3_weather_offset_matched,z_stl2_mean_c_previous_4w_mean,3.25656296771828,0.272275892207452
fold_05_validate_2021,model_s3_weather_offset_matched,z_swvl1_mean_m3_m3_lag_1w,-0.0445957863255472,0.0200215659695347
fold_05_validate_2021,model_s3_weather_offset_matched,z_swvl1_mean_m3_m3_lag_2w,-0.0503762234406036,0.0207844231362572
fold_05_validate_2021,model_s3_weather_offset_matched,z_swvl1_mean_m3_m3_previous_4w_mean,0.459206933513197,0.0361059036615825
fold_05_validate_2021,model_s3_weather_offset_matched,z_swvl2_mean_m3_m3_lag_1w,0.0550127947693359,0.0204627629985027
fold_05_validate_2021,model_s3_weather_offset_matched,z_swvl2_mean_m3_m3_lag_2w,0.0535114728187792,0.0194246963456339
fold_05_validate_2021,model_s3_weather_offset_matched,z_swvl2_mean_m3_m3_previous_4w_mean,-0.278314047003165,0.0325551737599871
fold_06_validate_2022,model_s3_weather_offset_matched,intercept,3.42739400411849,0.0210188630235554
fold_06_validate_2022,model_s3_weather_offset_matched,seasonal_sin_annual,1.34934356209171,0.0230532860897594
fold_06_validate_2022,model_s3_weather_offset_matched,seasonal_cos_annual,-0.684824612836631,0.0207797616396207
fold_06_validate_2022,model_s3_weather_offset_matched,municipality[002],-0.911019681986297,0.0499977954486479
fold_06_validate_2022,model_s3_weather_offset_matched,municipality[003],-0.552965251773427,0.0520675113328589
fold_06_validate_2022,model_s3_weather_offset_matched,municipality[004],-0.137402210222874,0.0560792966733956
fold_06_validate_2022,model_s3_weather_offset_matched,municipality[005],-0.339688918863073,0.054945243851287
fold_06_validate_2022,model_s3_weather_offset_matched,municipality[006],-0.327366615830146,0.080679730359412
fold_06_validate_2022,model_s3_weather_offset_matched,municipality[007],-0.705323867747396,0.0476373810814435
fold_06_validate_2022,model_s3_weather_offset_matched,municipality[008],-0.589272738989284,0.040303381185079
fold_06_validate_2022,model_s3_weather_offset_matched,municipality[009],-2.1136269190076,0.0527689364545732
fold_06_validate_2022,model_s3_weather_offset_matched,municipality[010],-0.999765395283361,0.0702194773589572
fold_06_validate_2022,model_s3_weather_offset_matched,municipality[011],-2.04126419318724,0.0399561210801804
fold_06_validate_2022,model_s3_weather_offset_matched,municipality[012],-0.92653059945905,0.0567478967248286
fold_06_validate_2022,model_s3_weather_offset_matched,municipality[013],-0.294862452820611,0.038219138198611
fold_06_validate_2022,model_s3_weather_offset_matched,municipality[014],-0.542107021234424,0.0626758150323809
fold_06_validate_2022,model_s3_weather_offset_matched,municipality[015],-1.09397976115923,0.0701037993650335
fold_06_validate_2022,model_s3_weather_offset_matched,municipality[016],-1.23031135506041,0.104597213467054
fold_06_validate_2022,model_s3_weather_offset_matched,municipality[017],-0.633146385762213,0.0362447455089241
fold_06_validate_2022,model_s3_weather_offset_matched,municipality[018],-0.969552335323923,0.0819707518535881
fold_06_validate_2022,model_s3_weather_offset_matched,municipality[019],-1.26228640738916,0.0828736749545222
fold_06_validate_2022,model_s3_weather_offset_matched,municipality[020],-0.719247109514768,0.0681408936282017
fold_06_validate_2022,model_s3_weather_offset_matched,municipality[021],-0.116757648823759,0.0380174435869617
fold_06_validate_2022,model_s3_weather_offset_matched,municipality[022],-0.76074551701697,0.0565737205315774
fold_06_validate_2022,model_s3_weather_offset_matched,municipality[023],-1.47052191844607,0.0375528223416875
fold_06_validate_2022,model_s3_weather_offset_matched,municipality[024],-1.43181253638897,0.0987028624818781
fold_06_validate_2022,model_s3_weather_offset_matched,municipality[025],-0.350678411381506,0.0408035362195008
fold_06_validate_2022,model_s3_weather_offset_matched,municipality[026],-1.64790179387727,0.0733848187350501
fold_06_validate_2022,model_s3_weather_offset_matched,municipality[027],-0.183631902465986,0.0416886074322487
fold_06_validate_2022,model_s3_weather_offset_matched,municipality[028],-2.00776582327326,0.111400700437773
fold_06_validate_2022,model_s3_weather_offset_matched,municipality[029],-0.521808627653839,0.0402924432610575
fold_06_validate_2022,model_s3_weather_offset_matched,municipality[030],-0.357352249163939,0.0725984062200835
fold_06_validate_2022,model_s3_weather_offset_matched,municipality[031],-0.579624306807092,0.0754558716807995
fold_06_validate_2022,model_s3_weather_offset_matched,municipality[032],-1.17860093749884,0.041066287677906
fold_06_validate_2022,model_s3_weather_offset_matched,municipality[033],-0.681920001494093,0.0925298492671814
fold_06_validate_2022,model_s3_weather_offset_matched,municipality[034],-1.40348295211341,0.0651004784901754
fold_06_validate_2022,model_s3_weather_offset_matched,municipality[035],-1.51757322385345,0.0877206639045848
fold_06_validate_2022,model_s3_weather_offset_matched,municipality[036],-0.6857967127922,0.0446501779030584
fold_06_validate_2022,model_s3_weather_offset_matched,municipality[037],-0.23090085398404,0.0415371110243198
fold_06_validate_2022,model_s3_weather_offset_matched,municipality[038],-1.11011118732908,0.0481718718083167
fold_06_validate_2022,model_s3_weather_offset_matched,municipality[039],-0.906635134145233,0.0388635308987859
fold_06_validate_2022,model_s3_weather_offset_matched,municipality[040],-1.01582102540545,0.0495244392589614
fold_06_validate_2022,model_s3_weather_offset_matched,municipality[041],-0.0955881286530278,0.0321947337020236
fold_06_validate_2022,model_s3_weather_offset_matched,municipality[042],-1.21726936144512,0.0986248214776386
fold_06_validate_2022,model_s3_weather_offset_matched,municipality[043],-0.771551611771676,0.0330678542371138
fold_06_validate_2022,model_s3_weather_offset_matched,municipality[044],-0.425383621021823,0.0468877044227463
fold_06_validate_2022,model_s3_weather_offset_matched,municipality[045],-1.78894908794427,0.0805995632550027
fold_06_validate_2022,model_s3_weather_offset_matched,municipality[046],0.419122093483548,0.0387320060555246
fold_06_validate_2022,model_s3_weather_offset_matched,municipality[047],-1.30836789317682,0.19040576958808
fold_06_validate_2022,model_s3_weather_offset_matched,municipality[048],-1.88285060957755,0.0641532550421384
fold_06_validate_2022,model_s3_weather_offset_matched,municipality[049],-1.07265177125912,0.0686140309587458
fold_06_validate_2022,model_s3_weather_offset_matched,municipality[050],-1.41820066720584,0.0322236779655131
fold_06_validate_2022,model_s3_weather_offset_matched,municipality[051],-2.17672261895567,0.152201143850736
fold_06_validate_2022,model_s3_weather_offset_matched,municipality[052],-0.589254385449143,0.0262795979134696
fold_06_validate_2022,model_s3_weather_offset_matched,municipality[053],0.102308600793323,0.0523802261910973
fold_06_validate_2022,model_s3_weather_offset_matched,municipality[054],-1.33078382621803,0.0381616253677194
fold_06_validate_2022,model_s3_weather_offset_matched,municipality[055],-1.05579471855285,0.0695758512737426
fold_06_validate_2022,model_s3_weather_offset_matched,municipality[056],-0.629543283576958,0.089739074176474
fold_06_validate_2022,model_s3_weather_offset_matched,municipality[057],-1.08587066749104,0.0468767931891279
fold_06_validate_2022,model_s3_weather_offset_matched,municipality[058],-1.08303853905553,0.0517575542435719
fold_06_validate_2022,model_s3_weather_offset_matched,municipality[059],-1.21385592297306,0.0481207920292379
fold_06_validate_2022,model_s3_weather_offset_matched,municipality[060],-0.979324006490523,0.0425079854650767
fold_06_validate_2022,model_s3_weather_offset_matched,municipality[061],-0.993117045252238,0.0221127711537933
fold_06_validate_2022,model_s3_weather_offset_matched,municipality[062],0.0795380244876371,0.0589930498153027
fold_06_validate_2022,model_s3_weather_offset_matched,municipality[063],0.00505490714993592,0.0301278409390254
fold_06_validate_2022,model_s3_weather_offset_matched,municipality[064],-0.428583677515718,0.0362357922361067
fold_06_validate_2022,model_s3_weather_offset_matched,municipality[065],-0.291940276824564,0.0613910495370395
fold_06_validate_2022,model_s3_weather_offset_matched,municipality[066],-1.5503378408759,0.15949631845654
fold_06_validate_2022,model_s3_weather_offset_matched,municipality[067],0.396349809638641,0.0655171253215612
fold_06_validate_2022,model_s3_weather_offset_matched,municipality[068],-1.31614835274126,0.0759737092975513
fold_06_validate_2022,model_s3_weather_offset_matched,municipality[069],-0.897152010028389,0.0673051959820496
fold_06_validate_2022,model_s3_weather_offset_matched,municipality[070],-1.318188887417,0.0262975980679349
fold_06_validate_2022,model_s3_weather_offset_matched,municipality[071],-0.699458439774055,0.0362827274381131
fold_06_validate_2022,model_s3_weather_offset_matched,municipality[072],-1.4397674670914,0.067325246229477
fold_06_validate_2022,model_s3_weather_offset_matched,municipality[073],-0.993299977075215,0.05200213199162
fold_06_validate_2022,model_s3_weather_offset_matched,municipality[074],-0.675431145164688,0.0748195800662283
fold_06_validate_2022,model_s3_weather_offset_matched,municipality[075],-0.636170540706142,0.0470318252950869
fold_06_validate_2022,model_s3_weather_offset_matched,municipality[076],-0.851498702131382,0.0692573802331199
fold_06_validate_2022,model_s3_weather_offset_matched,municipality[077],-1.20437310223582,0.0750523308518285
fold_06_validate_2022,model_s3_weather_offset_matched,municipality[078],-0.614673926488487,0.0489998226345273
fold_06_validate_2022,model_s3_weather_offset_matched,municipality[079],-0.163612381536417,0.0496174140526038
fold_06_validate_2022,model_s3_weather_offset_matched,municipality[080],-1.16586468389609,0.0405329971580654
fold_06_validate_2022,model_s3_weather_offset_matched,municipality[081],-0.525052376433814,0.0661258509194156
fold_06_validate_2022,model_s3_weather_offset_matched,municipality[082],-0.520903794871008,0.0547964057777758
fold_06_validate_2022,model_s3_weather_offset_matched,municipality[083],-0.683294114722786,0.0790884170633452
fold_06_validate_2022,model_s3_weather_offset_matched,municipality[084],-0.51629838214928,0.0276591444577493
fold_06_validate_2022,model_s3_weather_offset_matched,municipality[085],-0.748275356047405,0.0284880631463871
fold_06_validate_2022,model_s3_weather_offset_matched,municipality[086],-1.73654198599277,0.152406828397886
fold_06_validate_2022,model_s3_weather_offset_matched,municipality[087],-0.696251530566176,0.0374719529697527
fold_06_validate_2022,model_s3_weather_offset_matched,municipality[088],-1.18683120325763,0.28937681326877
fold_06_validate_2022,model_s3_weather_offset_matched,municipality[089],-1.01060685911329,0.0553239725815249
fold_06_validate_2022,model_s3_weather_offset_matched,municipality[090],-1.39104426045257,0.054336172413509
fold_06_validate_2022,model_s3_weather_offset_matched,municipality[091],-0.0449245184429848,0.0407982243354422
fold_06_validate_2022,model_s3_weather_offset_matched,municipality[092],-2.19803920138809,0.145849617646228
fold_06_validate_2022,model_s3_weather_offset_matched,municipality[093],-0.626627508877311,0.0817654155143266
fold_06_validate_2022,model_s3_weather_offset_matched,municipality[094],-0.378392850106884,0.0344582195334016
fold_06_validate_2022,model_s3_weather_offset_matched,municipality[095],-0.331581351345215,0.0618486144926102
fold_06_validate_2022,model_s3_weather_offset_matched,municipality[096],-1.28755701718941,0.0382592339224967
fold_06_validate_2022,model_s3_weather_offset_matched,municipality[097],-0.575089404398393,0.0488402853524581
fold_06_validate_2022,model_s3_weather_offset_matched,municipality[098],-1.22470362299154,0.0608488722529661
fold_06_validate_2022,model_s3_weather_offset_matched,municipality[099],-1.58724322095541,0.101188146304838
fold_06_validate_2022,model_s3_weather_offset_matched,municipality[100],-1.00363263228422,0.0605445119284696
fold_06_validate_2022,model_s3_weather_offset_matched,municipality[101],-1.02233412503953,0.0648971042549924
fold_06_validate_2022,model_s3_weather_offset_matched,municipality[102],0.097189421986017,0.0287442994344533
fold_06_validate_2022,model_s3_weather_offset_matched,municipality[103],-0.195830419689104,0.0354461668056783
fold_06_validate_2022,model_s3_weather_offset_matched,municipality[104],-1.37029407985155,0.0648471980909392
fold_06_validate_2022,model_s3_weather_offset_matched,municipality[105],-1.34264123294976,0.093956940657489
fold_06_validate_2022,model_s3_weather_offset_matched,municipality[106],-1.38499498067957,0.0551497744813051
fold_06_validate_2022,model_s3_weather_offset_matched,municipality[107],-0.823873057178284,0.0738454471779883
fold_06_validate_2022,model_s3_weather_offset_matched,municipality[108],-1.03119661929553,0.0636988587587565
fold_06_validate_2022,model_s3_weather_offset_matched,municipality[109],-0.211830039364562,0.0515486809986034
fold_06_validate_2022,model_s3_weather_offset_matched,municipality[110],-1.22085680865293,0.0428393229864835
fold_06_validate_2022,model_s3_weather_offset_matched,municipality[111],-1.58713402590111,0.0534291697453047
fold_06_validate_2022,model_s3_weather_offset_matched,municipality[112],-0.677647274549537,0.0379747966704766
fold_06_validate_2022,model_s3_weather_offset_matched,municipality[113],-1.32703648271941,0.0400681549109638
fold_06_validate_2022,model_s3_weather_offset_matched,municipality[114],-1.30541470554675,0.0465231270022523
fold_06_validate_2022,model_s3_weather_offset_matched,municipality[115],-1.11685050193081,0.0713911455925647
fold_06_validate_2022,model_s3_weather_offset_matched,municipality[116],-0.147017370529288,0.0496134506981051
fold_06_validate_2022,model_s3_weather_offset_matched,municipality[117],-0.438656352892771,0.0416924354781997
fold_06_validate_2022,model_s3_weather_offset_matched,municipality[118],-1.0700487625337,0.0535802410729012
fold_06_validate_2022,model_s3_weather_offset_matched,municipality[119],-0.694377951562483,0.0495096605942568
fold_06_validate_2022,model_s3_weather_offset_matched,municipality[120],-0.773264719716636,0.0351569544059593
fold_06_validate_2022,model_s3_weather_offset_matched,municipality[121],-1.38032532390646,0.0922735511128098
fold_06_validate_2022,model_s3_weather_offset_matched,municipality[122],-0.374331640158935,0.0299551220149285
fold_06_validate_2022,model_s3_weather_offset_matched,municipality[123],-0.483407034560214,0.0390377437930484
fold_06_validate_2022,model_s3_weather_offset_matched,municipality[124],-1.58207663385513,0.0624585489587724
fold_06_validate_2022,model_s3_weather_offset_matched,municipality[125],-1.62576517541762,0.111185070209366
fold_06_validate_2022,model_s3_weather_offset_matched,municipality[126],-1.34225705059902,0.0635628859932358
fold_06_validate_2022,model_s3_weather_offset_matched,municipality[127],-1.48206802648417,0.0886493413300189
fold_06_validate_2022,model_s3_weather_offset_matched,municipality[128],0.0659925504781844,0.0327296327620061
fold_06_validate_2022,model_s3_weather_offset_matched,municipality[129],-0.869884344488141,0.0400307750831084
fold_06_validate_2022,model_s3_weather_offset_matched,municipality[130],-1.1546023551811,0.0459259168030137
fold_06_validate_2022,model_s3_weather_offset_matched,municipality[131],-0.431271216815536,0.0407893106657598
fold_06_validate_2022,model_s3_weather_offset_matched,municipality[132],-0.81567373424987,0.0682278155142238
fold_06_validate_2022,model_s3_weather_offset_matched,municipality[133],-1.78369986393107,0.0428695138785146
fold_06_validate_2022,model_s3_weather_offset_matched,municipality[134],-0.0882633533196033,0.0487068487309967
fold_06_validate_2022,model_s3_weather_offset_matched,municipality[135],-1.39731103685457,0.0736986252656744
fold_06_validate_2022,model_s3_weather_offset_matched,municipality[136],0.0164081757329591,0.0384765377652838
fold_06_validate_2022,model_s3_weather_offset_matched,municipality[137],-0.326909029317057,0.0721273328917217
fold_06_validate_2022,model_s3_weather_offset_matched,municipality[138],-0.610952822878501,0.054731617755878
fold_06_validate_2022,model_s3_weather_offset_matched,municipality[139],-1.18063493835947,0.0551135755186425
fold_06_validate_2022,model_s3_weather_offset_matched,municipality[140],-0.332718596041798,0.0324529700377105
fold_06_validate_2022,model_s3_weather_offset_matched,municipality[141],-0.651054113072655,0.0784314925839022
fold_06_validate_2022,model_s3_weather_offset_matched,municipality[142],-0.865917918950725,0.039875177248826
fold_06_validate_2022,model_s3_weather_offset_matched,municipality[143],-1.4790208301758,0.13100258474078
fold_06_validate_2022,model_s3_weather_offset_matched,municipality[144],-0.908760255195235,0.0605640649825298
fold_06_validate_2022,model_s3_weather_offset_matched,municipality[146],-0.039926563076152,0.0408994276522345
fold_06_validate_2022,model_s3_weather_offset_matched,municipality[147],-0.367447847094734,0.0545898102869899
fold_06_validate_2022,model_s3_weather_offset_matched,municipality[148],-0.629142430412022,0.0702022344134468
fold_06_validate_2022,model_s3_weather_offset_matched,municipality[149],-1.79848815113286,0.178018785291917
fold_06_validate_2022,model_s3_weather_offset_matched,municipality[150],-0.207699555612742,0.0827055684954009
fold_06_validate_2022,model_s3_weather_offset_matched,municipality[151],-0.85269434743716,0.058166976039254
fold_06_validate_2022,model_s3_weather_offset_matched,municipality[152],-1.15948996171469,0.111307245078388
fold_06_validate_2022,model_s3_weather_offset_matched,municipality[153],-0.837050970517331,0.0860812721810559
fold_06_validate_2022,model_s3_weather_offset_matched,municipality[154],-0.114962864281496,0.0935017773591003
fold_06_validate_2022,model_s3_weather_offset_matched,municipality[155],-2.18104323864075,0.178107058709009
fold_06_validate_2022,model_s3_weather_offset_matched,municipality[156],-1.21920266789968,0.127008336549041
fold_06_validate_2022,model_s3_weather_offset_matched,municipality[157],-0.499107262002331,0.0638393604041766
fold_06_validate_2022,model_s3_weather_offset_matched,municipality[158],-0.48496358356536,0.0713424403550578
fold_06_validate_2022,model_s3_weather_offset_matched,municipality[159],-1.541612523365,0.0910846108223101
fold_06_validate_2022,model_s3_weather_offset_matched,municipality[160],-1.0002054350427,0.0461585576557694
fold_06_validate_2022,model_s3_weather_offset_matched,municipality[161],-0.910766675111938,0.19033645850709
fold_06_validate_2022,model_s3_weather_offset_matched,municipality[162],0.0189231062986024,0.0533292133068248
fold_06_validate_2022,model_s3_weather_offset_matched,municipality[163],-0.0841336012162945,0.146440295821511
fold_06_validate_2022,model_s3_weather_offset_matched,municipality[164],-1.48180083631789,0.0766616779372502
fold_06_validate_2022,model_s3_weather_offset_matched,municipality[165],-0.782788737709064,0.167859509049925
fold_06_validate_2022,model_s3_weather_offset_matched,municipality[166],-0.106828151531286,0.0459781613720629
fold_06_validate_2022,model_s3_weather_offset_matched,municipality[167],-1.37307665215814,0.114162311756902
fold_06_validate_2022,model_s3_weather_offset_matched,municipality[168],-1.63150196375911,0.0928827842164607
fold_06_validate_2022,model_s3_weather_offset_matched,municipality[169],-0.923257098935635,0.0533585533758022
fold_06_validate_2022,model_s3_weather_offset_matched,municipality[170],-0.876288355172209,0.0735498254631295
fold_06_validate_2022,model_s3_weather_offset_matched,municipality[171],-1.75340311014699,0.110106908745982
fold_06_validate_2022,model_s3_weather_offset_matched,municipality[172],-1.68236721308793,0.150527404050702
fold_06_validate_2022,model_s3_weather_offset_matched,municipality[173],-1.17387808133648,0.0622616625022799
fold_06_validate_2022,model_s3_weather_offset_matched,municipality[174],-1.20783447646128,0.0726147795517223
fold_06_validate_2022,model_s3_weather_offset_matched,municipality[175],-0.644688913096171,0.0528870301066214
fold_06_validate_2022,model_s3_weather_offset_matched,municipality[176],-0.394994411681772,0.0790187672591428
fold_06_validate_2022,model_s3_weather_offset_matched,municipality[177],-0.045018778281575,0.0905622062119081
fold_06_validate_2022,model_s3_weather_offset_matched,municipality[178],-0.929312640121408,0.0698859366889348
fold_06_validate_2022,model_s3_weather_offset_matched,municipality[179],-0.901986387704989,0.100229781672249
fold_06_validate_2022,model_s3_weather_offset_matched,municipality[180],0.0689881210917767,0.0998191394303036
fold_06_validate_2022,model_s3_weather_offset_matched,municipality[181],-0.729972534233204,0.0767737172855673
fold_06_validate_2022,model_s3_weather_offset_matched,municipality[182],-1.18119552530045,0.135364478596065
fold_06_validate_2022,model_s3_weather_offset_matched,municipality[183],-0.975768807243234,0.0526999835148255
fold_06_validate_2022,model_s3_weather_offset_matched,municipality[184],-0.798819185699195,0.0980031618367111
fold_06_validate_2022,model_s3_weather_offset_matched,municipality[185],-0.821433970701446,0.100854969475064
fold_06_validate_2022,model_s3_weather_offset_matched,municipality[186],-1.11636925039322,0.0805052013971947
fold_06_validate_2022,model_s3_weather_offset_matched,municipality[187],-1.00550790303281,0.107786313355905
fold_06_validate_2022,model_s3_weather_offset_matched,municipality[188],-0.770244627107037,0.108767481190457
fold_06_validate_2022,model_s3_weather_offset_matched,municipality[189],-0.768739267089709,0.0808496215893453
fold_06_validate_2022,model_s3_weather_offset_matched,municipality[190],-1.41877919044481,0.0425948450963248
fold_06_validate_2022,model_s3_weather_offset_matched,municipality[191],-1.02973651811318,0.12669196471419
fold_06_validate_2022,model_s3_weather_offset_matched,municipality[192],-0.240497263532385,0.0565757342002159
fold_06_validate_2022,model_s3_weather_offset_matched,municipality[193],-0.874452172412289,0.0655738436772584
fold_06_validate_2022,model_s3_weather_offset_matched,municipality[194],-0.92027912787944,0.0611577823357125
fold_06_validate_2022,model_s3_weather_offset_matched,municipality[195],-0.569810393674533,0.0576804181251348
fold_06_validate_2022,model_s3_weather_offset_matched,municipality[196],-1.32248152325513,0.106452942612102
fold_06_validate_2022,model_s3_weather_offset_matched,municipality[197],-1.43981625835646,0.119625797046031
fold_06_validate_2022,model_s3_weather_offset_matched,municipality[198],-1.02713822494278,0.0984233461901784
fold_06_validate_2022,model_s3_weather_offset_matched,municipality[199],-0.822697338803637,0.0700251337160959
fold_06_validate_2022,model_s3_weather_offset_matched,municipality[200],-1.71919423803326,0.0952524114210136
fold_06_validate_2022,model_s3_weather_offset_matched,municipality[201],-0.558900833582109,0.0514252644714223
fold_06_validate_2022,model_s3_weather_offset_matched,municipality[202],-0.518508496802451,0.0711919917895545
fold_06_validate_2022,model_s3_weather_offset_matched,municipality[203],-0.670964432581378,0.0601964063784853
fold_06_validate_2022,model_s3_weather_offset_matched,municipality[204],-1.16164781298082,0.103260059060782
fold_06_validate_2022,model_s3_weather_offset_matched,municipality[205],-0.391553074562761,0.0661277412322697
fold_06_validate_2022,model_s3_weather_offset_matched,municipality[206],-1.08949380716001,0.0774620950834521
fold_06_validate_2022,model_s3_weather_offset_matched,municipality[207],-0.397992944574652,0.0853517848739282
fold_06_validate_2022,model_s3_weather_offset_matched,municipality[208],-0.536194496973231,0.0645969127654868
fold_06_validate_2022,model_s3_weather_offset_matched,municipality[209],-0.36905363690014,0.0712043028782594
fold_06_validate_2022,model_s3_weather_offset_matched,municipality[210],-0.747024937997852,0.0819098699533789
fold_06_validate_2022,model_s3_weather_offset_matched,municipality[211],-1.10615410062087,0.0895305535529437
fold_06_validate_2022,model_s3_weather_offset_matched,municipality[212],-0.869125016901226,0.0808383454035089
fold_06_validate_2022,model_s3_weather_offset_matched,municipality[213],-1.7567194371558,0.110662237000742
fold_06_validate_2022,model_s3_weather_offset_matched,past_4w_lyme_incidence_per_100000,0.00322205465756171,6.36642153231323e-05
fold_06_validate_2022,model_s3_weather_offset_matched,z_t2m_mean_c_lag_1w,-0.369173710392971,0.051674953075812
fold_06_validate_2022,model_s3_weather_offset_matched,z_t2m_mean_c_lag_2w,-0.250136971653113,0.0571649042665734
fold_06_validate_2022,model_s3_weather_offset_matched,z_t2m_mean_c_previous_4w_mean,1.30509241651722,0.0877797481312531
fold_06_validate_2022,model_s3_weather_offset_matched,z_d2m_mean_c_lag_1w,0.437207090928201,0.0291573494590621
fold_06_validate_2022,model_s3_weather_offset_matched,z_d2m_mean_c_lag_2w,0.267377336523941,0.0320713771769481
fold_06_validate_2022,model_s3_weather_offset_matched,z_d2m_mean_c_previous_4w_mean,-1.0575905040084,0.0532472608043819
fold_06_validate_2022,model_s3_weather_offset_matched,z_tp_sum_mm_lag_1w,-0.0343803729941765,0.00538521767532247
fold_06_validate_2022,model_s3_weather_offset_matched,z_tp_sum_mm_lag_2w,-0.0268355283023817,0.00519615128366023
fold_06_validate_2022,model_s3_weather_offset_matched,z_tp_sum_mm_previous_4w_sum,0.0036850404058903,0.00720120998735166
fold_06_validate_2022,model_s3_weather_offset_matched,z_stl1_mean_c_lag_1w,-1.74722905927154,0.184274339519656
fold_06_validate_2022,model_s3_weather_offset_matched,z_stl1_mean_c_lag_2w,-2.49554820993264,0.174919252716711
fold_06_validate_2022,model_s3_weather_offset_matched,z_stl1_mean_c_previous_4w_mean,-5.31676871858737,0.300078478121034
fold_06_validate_2022,model_s3_weather_offset_matched,z_stl2_mean_c_lag_1w,2.60181311861015,0.184130701340937
fold_06_validate_2022,model_s3_weather_offset_matched,z_stl2_mean_c_lag_2w,2.80709847877182,0.156337096860541
fold_06_validate_2022,model_s3_weather_offset_matched,z_stl2_mean_c_previous_4w_mean,4.60006296315429,0.254033340237505
fold_06_validate_2022,model_s3_weather_offset_matched,z_swvl1_mean_m3_m3_lag_1w,-0.0218981834289477,0.0181235551693415
fold_06_validate_2022,model_s3_weather_offset_matched,z_swvl1_mean_m3_m3_lag_2w,-0.0541202968209454,0.0193701031043152
fold_06_validate_2022,model_s3_weather_offset_matched,z_swvl1_mean_m3_m3_previous_4w_mean,0.40189846468982,0.0323611298948192
fold_06_validate_2022,model_s3_weather_offset_matched,z_swvl2_mean_m3_m3_lag_1w,0.026678953442903,0.018742450966238
fold_06_validate_2022,model_s3_weather_offset_matched,z_swvl2_mean_m3_m3_lag_2w,0.0460161751922244,0.0183805441031777
fold_06_validate_2022,model_s3_weather_offset_matched,z_swvl2_mean_m3_m3_previous_4w_mean,-0.180473350615187,0.0295869638477076
fold_07_validate_2023,model_s3_weather_offset_matched,intercept,3.41765711299833,0.0191789335322222
fold_07_validate_2023,model_s3_weather_offset_matched,seasonal_sin_annual,1.34921085391261,0.0222496262686495
fold_07_validate_2023,model_s3_weather_offset_matched,seasonal_cos_annual,-0.751766010460839,0.0199618516976439
fold_07_validate_2023,model_s3_weather_offset_matched,municipality[002],-0.901248240041552,0.0463368748869142
fold_07_validate_2023,model_s3_weather_offset_matched,municipality[003],-0.621058504071765,0.0486873760819542
fold_07_validate_2023,model_s3_weather_offset_matched,municipality[004],-0.0125220581977739,0.0473480184586029
fold_07_validate_2023,model_s3_weather_offset_matched,municipality[005],-0.387323530762807,0.051126586714269
fold_07_validate_2023,model_s3_weather_offset_matched,municipality[006],-0.447583725810642,0.077218666958515
fold_07_validate_2023,model_s3_weather_offset_matched,municipality[007],-0.689291917264312,0.0440309081004225
fold_07_validate_2023,model_s3_weather_offset_matched,municipality[008],-0.650164226030518,0.0377519425110073
fold_07_validate_2023,model_s3_weather_offset_matched,municipality[009],-2.17418281231705,0.050389817660246
fold_07_validate_2023,model_s3_weather_offset_matched,municipality[010],-1.1189141569201,0.0696685648409579
fold_07_validate_2023,model_s3_weather_offset_matched,municipality[011],-2.11636456779041,0.0379486558168036
fold_07_validate_2023,model_s3_weather_offset_matched,municipality[012],-0.950619065175256,0.0526533498822036
fold_07_validate_2023,model_s3_weather_offset_matched,municipality[013],-0.32266344218796,0.0351823859591248
fold_07_validate_2023,model_s3_weather_offset_matched,municipality[014],-0.504006564293811,0.0558399371395724
fold_07_validate_2023,model_s3_weather_offset_matched,municipality[015],-1.13895180651537,0.0673884899130704
fold_07_validate_2023,model_s3_weather_offset_matched,municipality[016],-1.19696584907547,0.0940343835983493
fold_07_validate_2023,model_s3_weather_offset_matched,municipality[017],-0.695653485378923,0.0341083841119064
fold_07_validate_2023,model_s3_weather_offset_matched,municipality[018],-1.03488203667297,0.0787889471663018
fold_07_validate_2023,model_s3_weather_offset_matched,municipality[019],-1.34592051629047,0.0795899342458901
fold_07_validate_2023,model_s3_weather_offset_matched,municipality[020],-0.712155551238131,0.0625046485872621
fold_07_validate_2023,model_s3_weather_offset_matched,municipality[021],-0.104600630324791,0.0344164080049481
fold_07_validate_2023,model_s3_weather_offset_matched,municipality[022],-0.727474651683929,0.0513962862086194
fold_07_validate_2023,model_s3_weather_offset_matched,municipality[023],-1.51811445258066,0.0351918810916602
fold_07_validate_2023,model_s3_weather_offset_matched,municipality[024],-1.45557252477288,0.0934731701098783
fold_07_validate_2023,model_s3_weather_offset_matched,municipality[025],-0.385148736626398,0.0378348611191867
fold_07_validate_2023,model_s3_weather_offset_matched,municipality[026],-1.71674780425532,0.070368612641682
fold_07_validate_2023,model_s3_weather_offset_matched,municipality[027],-0.185164097501668,0.037921238243469
fold_07_validate_2023,model_s3_weather_offset_matched,municipality[028],-2.04881249676714,0.106269000022486
fold_07_validate_2023,model_s3_weather_offset_matched,municipality[029],-0.569451783675019,0.038294906684239
fold_07_validate_2023,model_s3_weather_offset_matched,municipality[030],-0.487157923549381,0.0714109430480565
fold_07_validate_2023,model_s3_weather_offset_matched,municipality[031],-0.655490320875863,0.0738504611472234
fold_07_validate_2023,model_s3_weather_offset_matched,municipality[032],-1.25127232181924,0.0388620989043285
fold_07_validate_2023,model_s3_weather_offset_matched,municipality[033],-0.78047785668581,0.0920760678698101
fold_07_validate_2023,model_s3_weather_offset_matched,municipality[034],-1.49040957372678,0.0628223821898297
fold_07_validate_2023,model_s3_weather_offset_matched,municipality[035],-1.6039100411924,0.0847121749277701
fold_07_validate_2023,model_s3_weather_offset_matched,municipality[036],-0.684789874423326,0.0406690278938469
fold_07_validate_2023,model_s3_weather_offset_matched,municipality[037],-0.259004855620793,0.03837435341159
fold_07_validate_2023,model_s3_weather_offset_matched,municipality[038],-1.11992038922444,0.0445695723360123
fold_07_validate_2023,model_s3_weather_offset_matched,municipality[039],-0.965482390698573,0.0366002691913723
fold_07_validate_2023,model_s3_weather_offset_matched,municipality[040],-1.03627067716345,0.0454606513497419
fold_07_validate_2023,model_s3_weather_offset_matched,municipality[041],-0.0401085896553043,0.0286972311548166
fold_07_validate_2023,model_s3_weather_offset_matched,municipality[042],-1.17706169434941,0.0905689363334594
fold_07_validate_2023,model_s3_weather_offset_matched,municipality[043],-0.839233305491843,0.0309900950288943
fold_07_validate_2023,model_s3_weather_offset_matched,municipality[044],-0.424494777839715,0.0431723970869389
fold_07_validate_2023,model_s3_weather_offset_matched,municipality[045],-1.81326298030614,0.0757857690160203
fold_07_validate_2023,model_s3_weather_offset_matched,municipality[046],0.381457058123542,0.0355664267096127
fold_07_validate_2023,model_s3_weather_offset_matched,municipality[047],-1.40097205727836,0.190174162108508
fold_07_validate_2023,model_s3_weather_offset_matched,municipality[048],-1.98449488937796,0.0615653666989924
fold_07_validate_2023,model_s3_weather_offset_matched,municipality[049],-1.02400962505445,0.0618521312516982
fold_07_validate_2023,model_s3_weather_offset_matched,municipality[050],-1.37719580917407,0.0294291856905733
fold_07_validate_2023,model_s3_weather_offset_matched,municipality[051],-2.23485163233699,0.145594996934327
fold_07_validate_2023,model_s3_weather_offset_matched,municipality[052],-0.623895092066117,0.0241837162391396
fold_07_validate_2023,model_s3_weather_offset_matched,municipality[053],0.157489933324998,0.0447906479519612
fold_07_validate_2023,model_s3_weather_offset_matched,municipality[054],-1.36311596936842,0.0357768935746485
fold_07_validate_2023,model_s3_weather_offset_matched,municipality[055],-1.00150572140745,0.062821806914061
fold_07_validate_2023,model_s3_weather_offset_matched,municipality[056],-0.612371190910344,0.0835184124924344
fold_07_validate_2023,model_s3_weather_offset_matched,municipality[057],-1.17018261199414,0.0449341029141365
fold_07_validate_2023,model_s3_weather_offset_matched,municipality[058],-1.13209811917321,0.0490654170835007
fold_07_validate_2023,model_s3_weather_offset_matched,municipality[059],-1.1990475593745,0.0450048418176725
fold_07_validate_2023,model_s3_weather_offset_matched,municipality[060],-1.07851071622407,0.0408563599466501
fold_07_validate_2023,model_s3_weather_offset_matched,municipality[061],-1.02404146733381,0.0202267686842951
fold_07_validate_2023,model_s3_weather_offset_matched,municipality[062],-0.0708927049874992,0.0582080760209127
fold_07_validate_2023,model_s3_weather_offset_matched,municipality[063],0.0140386732452959,0.0277875903793815
fold_07_validate_2023,model_s3_weather_offset_matched,municipality[064],-0.431822336082476,0.0329233638076281
fold_07_validate_2023,model_s3_weather_offset_matched,municipality[065],-0.398961309340009,0.0590456497072706
fold_07_validate_2023,model_s3_weather_offset_matched,municipality[066],-1.63563717602075,0.151960200954431
fold_07_validate_2023,model_s3_weather_offset_matched,municipality[067],0.25041904376318,0.0647746462181908
fold_07_validate_2023,model_s3_weather_offset_matched,municipality[068],-1.37221725721971,0.0720066327218669
fold_07_validate_2023,model_s3_weather_offset_matched,municipality[069],-0.98752667607407,0.0653173709203644
fold_07_validate_2023,model_s3_weather_offset_matched,municipality[070],-1.3997739510946,0.0245506539788963
fold_07_validate_2023,model_s3_weather_offset_matched,municipality[071],-0.805291295570873,0.0346419820601244
fold_07_validate_2023,model_s3_weather_offset_matched,municipality[072],-1.43679062467127,0.061912628445255
fold_07_validate_2023,model_s3_weather_offset_matched,municipality[073],-0.961430080168723,0.0472073227587685
fold_07_validate_2023,model_s3_weather_offset_matched,municipality[074],-0.730718786579452,0.0700034984585427
fold_07_validate_2023,model_s3_weather_offset_matched,municipality[075],-0.620293189255598,0.043182735227692
fold_07_validate_2023,model_s3_weather_offset_matched,municipality[076],-0.907025976514634,0.0652177966097238
fold_07_validate_2023,model_s3_weather_offset_matched,municipality[077],-1.27674590475658,0.071835112400841
fold_07_validate_2023,model_s3_weather_offset_matched,municipality[078],-0.69458610210192,0.0475735059156707
fold_07_validate_2023,model_s3_weather_offset_matched,municipality[079],-0.301300603289181,0.0485492444739214
fold_07_validate_2023,model_s3_weather_offset_matched,municipality[080],-1.21683072160629,0.038446240881908
fold_07_validate_2023,model_s3_weather_offset_matched,municipality[081],-0.542396671733833,0.0610184206051726
fold_07_validate_2023,model_s3_weather_offset_matched,municipality[082],-0.554104685163086,0.0510206415394249
fold_07_validate_2023,model_s3_weather_offset_matched,municipality[083],-0.833150900566502,0.0786304998584263
fold_07_validate_2023,model_s3_weather_offset_matched,municipality[084],-0.489539375551553,0.0251166082037499
fold_07_validate_2023,model_s3_weather_offset_matched,municipality[085],-0.808204131711484,0.0265676042872406
fold_07_validate_2023,model_s3_weather_offset_matched,municipality[086],-1.85280315347161,0.152136729190749
fold_07_validate_2023,model_s3_weather_offset_matched,municipality[087],-0.722980975295089,0.0353172190061348
fold_07_validate_2023,model_s3_weather_offset_matched,municipality[088],-1.34782619452104,0.289258189926452
fold_07_validate_2023,model_s3_weather_offset_matched,municipality[089],-1.11136528041456,0.053695154390224
fold_07_validate_2023,model_s3_weather_offset_matched,municipality[090],-1.36710558091122,0.0490196200063637
fold_07_validate_2023,model_s3_weather_offset_matched,municipality[091],-0.155475508314139,0.0392501214732331
fold_07_validate_2023,model_s3_weather_offset_matched,municipality[092],-2.2745727400157,0.139987104406116
fold_07_validate_2023,model_s3_weather_offset_matched,municipality[093],-0.541431351182175,0.0719707797182232
fold_07_validate_2023,model_s3_weather_offset_matched,municipality[094],-0.439528546855537,0.0321377550450415
fold_07_validate_2023,model_s3_weather_offset_matched,municipality[095],-0.266544824958449,0.0546144871776048
fold_07_validate_2023,model_s3_weather_offset_matched,municipality[096],-1.31351079590393,0.0357709625560839
fold_07_validate_2023,model_s3_weather_offset_matched,municipality[097],-0.642305149730268,0.0470010037547939
fold_07_validate_2023,model_s3_weather_offset_matched,municipality[098],-1.32502402955421,0.0588937847567647
fold_07_validate_2023,model_s3_weather_offset_matched,municipality[099],-1.71037240310885,0.0998859079287925
fold_07_validate_2023,model_s3_weather_offset_matched,municipality[100],-1.04642975941308,0.0579708842532223
fold_07_validate_2023,model_s3_weather_offset_matched,municipality[101],-0.994621567286422,0.0587342857167053
fold_07_validate_2023,model_s3_weather_offset_matched,municipality[102],0.100330982755018,0.0260755554363584
fold_07_validate_2023,model_s3_weather_offset_matched,municipality[103],-0.225921002295965,0.0326810012410278
fold_07_validate_2023,model_s3_weather_offset_matched,municipality[104],-1.44574225705961,0.0614061075620511
fold_07_validate_2023,model_s3_weather_offset_matched,municipality[105],-1.39517350531862,0.090357418247865
fold_07_validate_2023,model_s3_weather_offset_matched,municipality[106],-1.48027033426093,0.0532950884969587
fold_07_validate_2023,model_s3_weather_offset_matched,municipality[107],-0.961641623950805,0.0733640745711871
fold_07_validate_2023,model_s3_weather_offset_matched,municipality[108],-1.16251708262637,0.0622559455266843
fold_07_validate_2023,model_s3_weather_offset_matched,municipality[109],-0.253153152858862,0.0481481672380727
fold_07_validate_2023,model_s3_weather_offset_matched,municipality[110],-1.26525571966994,0.0403816189371964
fold_07_validate_2023,model_s3_weather_offset_matched,municipality[111],-1.64699184847704,0.0505676731329087
fold_07_validate_2023,model_s3_weather_offset_matched,municipality[112],-0.721450201190211,0.035272922089621
fold_07_validate_2023,model_s3_weather_offset_matched,municipality[113],-1.36567574915877,0.0374211668778938
fold_07_validate_2023,model_s3_weather_offset_matched,municipality[114],-1.34981175204534,0.0437491458079612
fold_07_validate_2023,model_s3_weather_offset_matched,municipality[115],-1.18265383372309,0.0685767912166475
fold_07_validate_2023,model_s3_weather_offset_matched,municipality[116],-0.193510221897611,0.0474182291643191
fold_07_validate_2023,model_s3_weather_offset_matched,municipality[117],-0.448708035995454,0.0383521645782239
fold_07_validate_2023,model_s3_weather_offset_matched,municipality[118],-1.08479484716162,0.050064709418621
fold_07_validate_2023,model_s3_weather_offset_matched,municipality[119],-0.740821846155544,0.0467051972546905
fold_07_validate_2023,model_s3_weather_offset_matched,municipality[120],-0.822032315591783,0.032979359228023
fold_07_validate_2023,model_s3_weather_offset_matched,municipality[121],-1.4319815622668,0.0879083384588298
fold_07_validate_2023,model_s3_weather_offset_matched,municipality[122],-0.438725650202483,0.0278912114234204
fold_07_validate_2023,model_s3_weather_offset_matched,municipality[123],-0.515600851101544,0.0362199770595185
fold_07_validate_2023,model_s3_weather_offset_matched,municipality[124],-1.71462033474317,0.0614826428856954
fold_07_validate_2023,model_s3_weather_offset_matched,municipality[125],-1.69803247202073,0.106083194381827
fold_07_validate_2023,model_s3_weather_offset_matched,municipality[126],-1.40761902014634,0.059993395714746
fold_07_validate_2023,model_s3_weather_offset_matched,municipality[127],-1.6041207848295,0.0870119678668953
fold_07_validate_2023,model_s3_weather_offset_matched,municipality[128],0.0463955877620013,0.029903353490707
fold_07_validate_2023,model_s3_weather_offset_matched,municipality[129],-0.999156536860982,0.0389029782680242
fold_07_validate_2023,model_s3_weather_offset_matched,municipality[130],-1.20512104553647,0.0434013907881308
fold_07_validate_2023,model_s3_weather_offset_matched,municipality[131],-0.538587534743664,0.0387642153283736
fold_07_validate_2023,model_s3_weather_offset_matched,municipality[132],-0.817783669007767,0.0643344817445394
fold_07_validate_2023,model_s3_weather_offset_matched,municipality[133],-1.88692212780021,0.0410612442186665
fold_07_validate_2023,model_s3_weather_offset_matched,municipality[134],0.0411907736142068,0.04137814217386
fold_07_validate_2023,model_s3_weather_offset_matched,municipality[135],-1.49547794781499,0.0718767934602852
fold_07_validate_2023,model_s3_weather_offset_matched,municipality[136],0.0377537965944601,0.0346529989745926
fold_07_validate_2023,model_s3_weather_offset_matched,municipality[137],-0.476226222019576,0.071576305899794
fold_07_validate_2023,model_s3_weather_offset_matched,municipality[138],-0.682588508056891,0.0522376634159796
fold_07_validate_2023,model_s3_weather_offset_matched,municipality[139],-1.29217420407708,0.0534954272467215
fold_07_validate_2023,model_s3_weather_offset_matched,municipality[140],-0.430906325601633,0.0305650772122234
fold_07_validate_2023,model_s3_weather_offset_matched,municipality[141],-0.730232471808702,0.0748451865166573
fold_07_validate_2023,model_s3_weather_offset_matched,municipality[142],-0.943516869370615,0.0378933257794037
fold_07_validate_2023,model_s3_weather_offset_matched,municipality[143],-1.41693970633324,0.119593652748313
fold_07_validate_2023,model_s3_weather_offset_matched,municipality[144],-0.9372437220281,0.0562785304429578
fold_07_validate_2023,model_s3_weather_offset_matched,municipality[146],-0.0643513913897795,0.0375218026914191
fold_07_validate_2023,model_s3_weather_offset_matched,municipality[147],-0.45646226034241,0.0516744818781213
fold_07_validate_2023,model_s3_weather_offset_matched,municipality[148],-0.665768692050614,0.0669660502775023
fold_07_validate_2023,model_s3_weather_offset_matched,municipality[149],-1.82103084395328,0.167767103986466
fold_07_validate_2023,model_s3_weather_offset_matched,municipality[150],-0.264911828925629,0.0776966254126146
fold_07_validate_2023,model_s3_weather_offset_matched,municipality[151],-0.882313100993851,0.0542936031147147
fold_07_validate_2023,model_s3_weather_offset_matched,municipality[152],-1.23736985410965,0.108481003544759
fold_07_validate_2023,model_s3_weather_offset_matched,municipality[153],-0.888097548106456,0.0824561130761854
fold_07_validate_2023,model_s3_weather_offset_matched,municipality[154],-0.145714063880987,0.0883191991071256
fold_07_validate_2023,model_s3_weather_offset_matched,municipality[155],-2.22746656046786,0.167851363711782
fold_07_validate_2023,model_s3_weather_offset_matched,municipality[156],-1.26720672447692,0.122996311446647
fold_07_validate_2023,model_s3_weather_offset_matched,municipality[157],-0.60541934754857,0.0616698411884126
fold_07_validate_2023,model_s3_weather_offset_matched,municipality[158],-0.47588467699194,0.0665689187291353
fold_07_validate_2023,model_s3_weather_offset_matched,municipality[159],-1.57231380451311,0.0857342246605509
fold_07_validate_2023,model_s3_weather_offset_matched,municipality[160],-1.05112452983081,0.0434109499534945
fold_07_validate_2023,model_s3_weather_offset_matched,municipality[161],-1.00664714233781,0.19010231883077
fold_07_validate_2023,model_s3_weather_offset_matched,municipality[162],-0.0866328957670754,0.0511642366463134
fold_07_validate_2023,model_s3_weather_offset_matched,municipality[163],-0.0550553995284822,0.131075676171394
fold_07_validate_2023,model_s3_weather_offset_matched,municipality[164],-1.5762580556971,0.0739631906365834
fold_07_validate_2023,model_s3_weather_offset_matched,municipality[165],-0.960078380119553,0.167659551680753
fold_07_validate_2023,model_s3_weather_offset_matched,municipality[166],-0.0960068456325401,0.0427558833866491
fold_07_validate_2023,model_s3_weather_offset_matched,municipality[167],-1.39790809082065,0.106374907619924
fold_07_validate_2023,model_s3_weather_offset_matched,municipality[168],-1.72738658508612,0.0910564564503836
fold_07_validate_2023,model_s3_weather_offset_matched,municipality[169],-0.975328291157108,0.0504612002653751
fold_07_validate_2023,model_s3_weather_offset_matched,municipality[170],-0.975750885962848,0.0717388253720844
fold_07_validate_2023,model_s3_weather_offset_matched,municipality[171],-1.67804567260912,0.0974935977181632
fold_07_validate_2023,model_s3_weather_offset_matched,municipality[172],-1.59270109357611,0.133812376036212
fold_07_validate_2023,model_s3_weather_offset_matched,municipality[173],-1.22166327542872,0.0588888742261791
fold_07_validate_2023,model_s3_weather_offset_matched,municipality[174],-1.25111684331589,0.0685426223298122
fold_07_validate_2023,model_s3_weather_offset_matched,municipality[175],-0.695337513817062,0.0493564646826506
fold_07_validate_2023,model_s3_weather_offset_matched,municipality[176],-0.332946519277759,0.0719826002156203
fold_07_validate_2023,model_s3_weather_offset_matched,municipality[177],-0.00366438528329738,0.0798483854745976
fold_07_validate_2023,model_s3_weather_offset_matched,municipality[178],-0.971183622586081,0.0657365745067695
fold_07_validate_2023,model_s3_weather_offset_matched,municipality[179],-0.851445576585574,0.0890537825248131
fold_07_validate_2023,model_s3_weather_offset_matched,municipality[180],-0.0746197155508781,0.0974387611906164
fold_07_validate_2023,model_s3_weather_offset_matched,municipality[181],-0.757213491626742,0.0727097702277262
fold_07_validate_2023,model_s3_weather_offset_matched,municipality[182],-1.30935501541866,0.135085044708308
fold_07_validate_2023,model_s3_weather_offset_matched,municipality[183],-0.966432977422212,0.0485907968811971
fold_07_validate_2023,model_s3_weather_offset_matched,municipality[184],-0.906379181623597,0.0959555286550972
fold_07_validate_2023,model_s3_weather_offset_matched,municipality[185],-0.842942337415424,0.0953050380397062
fold_07_validate_2023,model_s3_weather_offset_matched,municipality[186],-1.19514744152885,0.0774477645867504
fold_07_validate_2023,model_s3_weather_offset_matched,municipality[187],-0.988545956373083,0.101128268783667
fold_07_validate_2023,model_s3_weather_offset_matched,municipality[188],-0.822702610831621,0.103954703925548
fold_07_validate_2023,model_s3_weather_offset_matched,municipality[189],-0.894926535879798,0.0794936118813728
fold_07_validate_2023,model_s3_weather_offset_matched,municipality[190],-1.48102533809243,0.0403236898886709
fold_07_validate_2023,model_s3_weather_offset_matched,municipality[191],-1.16524652538902,0.126410399472181
fold_07_validate_2023,model_s3_weather_offset_matched,municipality[192],-0.172850292108851,0.0497056886872862
fold_07_validate_2023,model_s3_weather_offset_matched,municipality[193],-0.996168310081614,0.0641320810552144
fold_07_validate_2023,model_s3_weather_offset_matched,municipality[194],-1.01863244348776,0.0593394314929578
fold_07_validate_2023,model_s3_weather_offset_matched,municipality[195],-0.636857820809533,0.0556403148228665
fold_07_validate_2023,model_s3_weather_offset_matched,municipality[196],-1.26833579992785,0.0965050231983723
fold_07_validate_2023,model_s3_weather_offset_matched,municipality[197],-1.38611114234954,0.108224226746888
fold_07_validate_2023,model_s3_weather_offset_matched,municipality[198],-1.16448588227835,0.0980621827910116
fold_07_validate_2023,model_s3_weather_offset_matched,municipality[199],-0.888915636341681,0.0673248777497789
fold_07_validate_2023,model_s3_weather_offset_matched,municipality[200],-1.71023879601285,0.087927896009231
fold_07_validate_2023,model_s3_weather_offset_matched,municipality[201],-0.594282314404715,0.0482040887307831
fold_07_validate_2023,model_s3_weather_offset_matched,municipality[202],-0.605291859747922,0.0700442816063724
fold_07_validate_2023,model_s3_weather_offset_matched,municipality[203],-0.786567521583713,0.0589189860478547
fold_07_validate_2023,model_s3_weather_offset_matched,municipality[204],-1.03016832608155,0.0898478824158452
fold_07_validate_2023,model_s3_weather_offset_matched,municipality[205],-0.432964607582823,0.0637551202193537
fold_07_validate_2023,model_s3_weather_offset_matched,municipality[206],-1.14582849582128,0.0739782153668726
fold_07_validate_2023,model_s3_weather_offset_matched,municipality[207],-0.472941459031717,0.0802220215832812
fold_07_validate_2023,model_s3_weather_offset_matched,municipality[208],-0.603781835035375,0.0611791852370659
fold_07_validate_2023,model_s3_weather_offset_matched,municipality[209],-0.518213199729131,0.0706884791461448
fold_07_validate_2023,model_s3_weather_offset_matched,municipality[210],-0.766314638502411,0.0770753558749383
fold_07_validate_2023,model_s3_weather_offset_matched,municipality[211],-1.18624078970679,0.0866529436063403
fold_07_validate_2023,model_s3_weather_offset_matched,municipality[212],-0.901112188728924,0.0761446828610742
fold_07_validate_2023,model_s3_weather_offset_matched,municipality[213],-1.69263096103474,0.0996480184432655
fold_07_validate_2023,model_s3_weather_offset_matched,past_4w_lyme_incidence_per_100000,0.00331764256818664,5.98774432207314e-05
fold_07_validate_2023,model_s3_weather_offset_matched,z_t2m_mean_c_lag_1w,-0.50022020738299,0.0483574754893732
fold_07_validate_2023,model_s3_weather_offset_matched,z_t2m_mean_c_lag_2w,-0.34156148383541,0.0528832540731394
fold_07_validate_2023,model_s3_weather_offset_matched,z_t2m_mean_c_previous_4w_mean,1.17018438483115,0.0825429079993968
fold_07_validate_2023,model_s3_weather_offset_matched,z_d2m_mean_c_lag_1w,0.43920072204196,0.0267803266108898
fold_07_validate_2023,model_s3_weather_offset_matched,z_d2m_mean_c_lag_2w,0.3017489634043,0.0290855517004434
fold_07_validate_2023,model_s3_weather_offset_matched,z_d2m_mean_c_previous_4w_mean,-0.807316386876507,0.0494834300473203
fold_07_validate_2023,model_s3_weather_offset_matched,z_tp_sum_mm_lag_1w,-0.0333782772232083,0.00506150514834827
fold_07_validate_2023,model_s3_weather_offset_matched,z_tp_sum_mm_lag_2w,-0.0347132520879243,0.00485078644762441
fold_07_validate_2023,model_s3_weather_offset_matched,z_tp_sum_mm_previous_4w_sum,-0.00219086213031593,0.00673590803371868
fold_07_validate_2023,model_s3_weather_offset_matched,z_stl1_mean_c_lag_1w,-1.33808628120877,0.170180158493152
fold_07_validate_2023,model_s3_weather_offset_matched,z_stl1_mean_c_lag_2w,-2.29320323380763,0.16282388997958
fold_07_validate_2023,model_s3_weather_offset_matched,z_stl1_mean_c_previous_4w_mean,-5.8363940751217,0.286796843362438
fold_07_validate_2023,model_s3_weather_offset_matched,z_stl2_mean_c_lag_1w,2.28399912193215,0.16910422820099
fold_07_validate_2023,model_s3_weather_offset_matched,z_stl2_mean_c_lag_2w,2.65460719522986,0.144514547186954
fold_07_validate_2023,model_s3_weather_offset_matched,z_stl2_mean_c_previous_4w_mean,5.01471161329508,0.242136516818605
fold_07_validate_2023,model_s3_weather_offset_matched,z_swvl1_mean_m3_m3_lag_1w,-0.0423802998892424,0.0172548160048531
fold_07_validate_2023,model_s3_weather_offset_matched,z_swvl1_mean_m3_m3_lag_2w,-0.0699438440476901,0.0184852766396739
fold_07_validate_2023,model_s3_weather_offset_matched,z_swvl1_mean_m3_m3_previous_4w_mean,0.31366935985529,0.0308322063624887
fold_07_validate_2023,model_s3_weather_offset_matched,z_swvl2_mean_m3_m3_lag_1w,0.075283336695866,0.0180594531986443
fold_07_validate_2023,model_s3_weather_offset_matched,z_swvl2_mean_m3_m3_lag_2w,0.0709094120280286,0.0178524629835668
fold_07_validate_2023,model_s3_weather_offset_matched,z_swvl2_mean_m3_m3_previous_4w_mean,-0.136270286661339,0.0281417134662749
fold_08_validate_2024,model_s3_weather_offset_matched,intercept,3.31968953905191,0.018267185391401
fold_08_validate_2024,model_s3_weather_offset_matched,seasonal_sin_annual,1.08087558050777,0.0215851291505526
fold_08_validate_2024,model_s3_weather_offset_matched,seasonal_cos_annual,-0.810318818163092,0.0192507325702048
fold_08_validate_2024,model_s3_weather_offset_matched,municipality[002],-0.854955305497541,0.0448913195466072
fold_08_validate_2024,model_s3_weather_offset_matched,municipality[003],-0.632420918665273,0.0464029309580985
fold_08_validate_2024,model_s3_weather_offset_matched,municipality[004],-0.0886984981531258,0.0452809177094785
fold_08_validate_2024,model_s3_weather_offset_matched,municipality[005],-0.359827460573503,0.047872354477276
fold_08_validate_2024,model_s3_weather_offset_matched,municipality[006],-0.503079598568035,0.0730274001465608
fold_08_validate_2024,model_s3_weather_offset_matched,municipality[007],-0.581877295296574,0.0421218179260342
fold_08_validate_2024,model_s3_weather_offset_matched,municipality[008],-0.629252478925074,0.0356387296119637
fold_08_validate_2024,model_s3_weather_offset_matched,municipality[009],-2.12030773349829,0.0484600378241807
fold_08_validate_2024,model_s3_weather_offset_matched,municipality[010],-1.11081153694397,0.0682690178526221
fold_08_validate_2024,model_s3_weather_offset_matched,municipality[011],-2.13468107661749,0.0372326530296637
fold_08_validate_2024,model_s3_weather_offset_matched,municipality[012],-0.934175019252762,0.0501730571686729
fold_08_validate_2024,model_s3_weather_offset_matched,municipality[013],-0.316673929890367,0.0334686212303053
fold_08_validate_2024,model_s3_weather_offset_matched,municipality[014],-0.521864148033543,0.0534966818666358
fold_08_validate_2024,model_s3_weather_offset_matched,municipality[015],-1.05307562473296,0.0642512217314779
fold_08_validate_2024,model_s3_weather_offset_matched,municipality[016],-1.23210312427652,0.0919984857328665
fold_08_validate_2024,model_s3_weather_offset_matched,municipality[017],-0.696445183338396,0.0330491507490662
fold_08_validate_2024,model_s3_weather_offset_matched,municipality[018],-0.944811391545551,0.0747601415959065
fold_08_validate_2024,model_s3_weather_offset_matched,municipality[019],-1.32453235558983,0.0776541630283484
fold_08_validate_2024,model_s3_weather_offset_matched,municipality[020],-0.708981659301161,0.0599492932981635
fold_08_validate_2024,model_s3_weather_offset_matched,municipality[021],-0.124219694705321,0.032985760340241
fold_08_validate_2024,model_s3_weather_offset_matched,municipality[022],-0.749233026171089,0.0489832530209815
fold_08_validate_2024,model_s3_weather_offset_matched,municipality[023],-1.52497008151419,0.0337536723313579
fold_08_validate_2024,model_s3_weather_offset_matched,municipality[024],-1.43764297077447,0.0918100154334055
fold_08_validate_2024,model_s3_weather_offset_matched,municipality[025],-0.359612887273128,0.0359116541767723
fold_08_validate_2024,model_s3_weather_offset_matched,municipality[026],-1.64137773613422,0.0678368092821615
fold_08_validate_2024,model_s3_weather_offset_matched,municipality[027],-0.233709537249391,0.0369301320576173
fold_08_validate_2024,model_s3_weather_offset_matched,municipality[028],-1.97892300056959,0.101887672745675
fold_08_validate_2024,model_s3_weather_offset_matched,municipality[029],-0.568720057336908,0.0373132662980738
fold_08_validate_2024,model_s3_weather_offset_matched,municipality[030],-0.582395812443838,0.0705327854858248
fold_08_validate_2024,model_s3_weather_offset_matched,municipality[031],-0.681999239431014,0.073228688879513
fold_08_validate_2024,model_s3_weather_offset_matched,municipality[032],-1.23491489591575,0.0371879154623255
fold_08_validate_2024,model_s3_weather_offset_matched,municipality[033],-0.781576890104091,0.0904658158242188
fold_08_validate_2024,model_s3_weather_offset_matched,municipality[034],-1.54998638486335,0.0617558815936704
fold_08_validate_2024,model_s3_weather_offset_matched,municipality[035],-1.51173264395881,0.0804606087258702
fold_08_validate_2024,model_s3_weather_offset_matched,municipality[036],-0.663101803856197,0.0384918861045819
fold_08_validate_2024,model_s3_weather_offset_matched,municipality[037],-0.275029922529459,0.036580486190504
fold_08_validate_2024,model_s3_weather_offset_matched,municipality[038],-1.07510452005096,0.042526887682591
fold_08_validate_2024,model_s3_weather_offset_matched,municipality[039],-0.976313849163404,0.0354351669285741
fold_08_validate_2024,model_s3_weather_offset_matched,municipality[040],-0.898943580022424,0.0436508571431395
fold_08_validate_2024,model_s3_weather_offset_matched,municipality[041],-0.0832168208864073,0.0274600748771775
fold_08_validate_2024,model_s3_weather_offset_matched,municipality[042],-1.06443443639479,0.084311766366637
fold_08_validate_2024,model_s3_weather_offset_matched,municipality[043],-0.889506903191131,0.0300508379071432
fold_08_validate_2024,model_s3_weather_offset_matched,municipality[044],-0.372608464502512,0.0409529016586468
fold_08_validate_2024,model_s3_weather_offset_matched,municipality[045],-1.76325292837539,0.0733662229941433
fold_08_validate_2024,model_s3_weather_offset_matched,municipality[046],0.279991232320161,0.0341849662297286
fold_08_validate_2024,model_s3_weather_offset_matched,municipality[047],-1.28755642721763,0.177912619129257
fold_08_validate_2024,model_s3_weather_offset_matched,municipality[048],-1.96415620031542,0.05912339069755
fold_08_validate_2024,model_s3_weather_offset_matched,municipality[049],-0.912846390781543,0.0597560883264645
fold_08_validate_2024,model_s3_weather_offset_matched,municipality[050],-1.26392615438325,0.0281943621842611
fold_08_validate_2024,model_s3_weather_offset_matched,municipality[051],-2.19887285106928,0.139862381086921
fold_08_validate_2024,model_s3_weather_offset_matched,municipality[052],-0.618320112475364,0.0231182683403364
fold_08_validate_2024,model_s3_weather_offset_matched,municipality[053],0.0105874992807286,0.0432000991808768
fold_08_validate_2024,model_s3_weather_offset_matched,municipality[054],-1.33102875614877,0.0344367849504131
fold_08_validate_2024,model_s3_weather_offset_matched,municipality[055],-1.01202785502725,0.0609842931532537
fold_08_validate_2024,model_s3_weather_offset_matched,municipality[056],-0.648084469672486,0.0822555889423484
fold_08_validate_2024,model_s3_weather_offset_matched,municipality[057],-1.17471654585299,0.0433876092231309
fold_08_validate_2024,model_s3_weather_offset_matched,municipality[058],-1.03579025136947,0.0462331815136788
fold_08_validate_2024,model_s3_weather_offset_matched,municipality[059],-1.14114866285197,0.0434362416931052
fold_08_validate_2024,model_s3_weather_offset_matched,municipality[060],-1.11106278091047,0.0397146384112341
fold_08_validate_2024,model_s3_weather_offset_matched,municipality[061],-0.996463513213555,0.0192773856647007
fold_08_validate_2024,model_s3_weather_offset_matched,municipality[062],-0.170521738455947,0.057879933869438
fold_08_validate_2024,model_s3_weather_offset_matched,municipality[063],0.00874212654479872,0.0268968710799692
fold_08_validate_2024,model_s3_weather_offset_matched,municipality[064],-0.405891443144579,0.0312688066443058
fold_08_validate_2024,model_s3_weather_offset_matched,municipality[065],-0.459423272663892,0.0584493748352431
fold_08_validate_2024,model_s3_weather_offset_matched,municipality[066],-1.61189238312395,0.145480256674984
fold_08_validate_2024,model_s3_weather_offset_matched,municipality[067],0.11567302871795,0.0640314647911379
fold_08_validate_2024,model_s3_weather_offset_matched,municipality[068],-1.39262926005303,0.0699054445981882
fold_08_validate_2024,model_s3_weather_offset_matched,municipality[069],-1.01224471251379,0.0646039859508946
fold_08_validate_2024,model_s3_weather_offset_matched,municipality[070],-1.40134968122258,0.0236435757218131
fold_08_validate_2024,model_s3_weather_offset_matched,municipality[071],-0.777214308227036,0.0330123559345614
fold_08_validate_2024,model_s3_weather_offset_matched,municipality[072],-1.49306186288146,0.0612603165436095
fold_08_validate_2024,model_s3_weather_offset_matched,municipality[073],-0.945067544898296,0.0457217953501655
fold_08_validate_2024,model_s3_weather_offset_matched,municipality[074],-0.781815688261608,0.0690265612621481
fold_08_validate_2024,model_s3_weather_offset_matched,municipality[075],-0.470909645556769,0.0409406036528841
fold_08_validate_2024,model_s3_weather_offset_matched,municipality[076],-0.923095578157155,0.0636104483924911
fold_08_validate_2024,model_s3_weather_offset_matched,municipality[077],-1.3336704533937,0.0703568186018077
fold_08_validate_2024,model_s3_weather_offset_matched,municipality[078],-0.718625941873117,0.0467361606185046
fold_08_validate_2024,model_s3_weather_offset_matched,municipality[079],-0.381474245213685,0.0481937678383282
fold_08_validate_2024,model_s3_weather_offset_matched,municipality[080],-1.2092087584943,0.0375632938895517
fold_08_validate_2024,model_s3_weather_offset_matched,municipality[081],-0.520965022847878,0.0580089302317056
fold_08_validate_2024,model_s3_weather_offset_matched,municipality[082],-0.55092027635254,0.0488407627266025
fold_08_validate_2024,model_s3_weather_offset_matched,municipality[083],-0.913635590967886,0.0784145308750807
fold_08_validate_2024,model_s3_weather_offset_matched,municipality[084],-0.448169310616024,0.0240933947076835
fold_08_validate_2024,model_s3_weather_offset_matched,municipality[085],-0.795822723281803,0.0255777392386297
fold_08_validate_2024,model_s3_weather_offset_matched,municipality[086],-1.85554546257936,0.151998695916055
fold_08_validate_2024,model_s3_weather_offset_matched,municipality[087],-0.648555077976955,0.0336287798517886
fold_08_validate_2024,model_s3_weather_offset_matched,municipality[088],-1.41408961291865,0.289204909898244
fold_08_validate_2024,model_s3_weather_offset_matched,municipality[089],-1.10789923119865,0.0520113837776745
fold_08_validate_2024,model_s3_weather_offset_matched,municipality[090],-1.19786154603412,0.0465354095113455
fold_08_validate_2024,model_s3_weather_offset_matched,municipality[091],-0.155349556283559,0.0376759748060704
fold_08_validate_2024,model_s3_weather_offset_matched,municipality[092],-2.32776340206155,0.139865920647478
fold_08_validate_2024,model_s3_weather_offset_matched,municipality[093],-0.513873053033501,0.0684615202067992
fold_08_validate_2024,model_s3_weather_offset_matched,municipality[094],-0.466840541282687,0.031149320720975
fold_08_validate_2024,model_s3_weather_offset_matched,municipality[095],-0.290464391510133,0.0522047429357063
fold_08_validate_2024,model_s3_weather_offset_matched,municipality[096],-1.26371529167678,0.0345403393087446
fold_08_validate_2024,model_s3_weather_offset_matched,municipality[097],-0.603688487355504,0.0448556668449547
fold_08_validate_2024,model_s3_weather_offset_matched,municipality[098],-1.3268109379795,0.0579425566378639
fold_08_validate_2024,model_s3_weather_offset_matched,municipality[099],-1.79162873223682,0.0997204404292461
fold_08_validate_2024,model_s3_weather_offset_matched,municipality[100],-1.03354681250822,0.0570124096987344
fold_08_validate_2024,model_s3_weather_offset_matched,municipality[101],-0.920547436530176,0.0550402286224994
fold_08_validate_2024,model_s3_weather_offset_matched,municipality[102],0.0679250293216196,0.0248933810938306
fold_08_validate_2024,model_s3_weather_offset_matched,municipality[103],-0.254743363606022,0.0316679789723073
fold_08_validate_2024,model_s3_weather_offset_matched,municipality[104],-1.40913562794811,0.0583145994003833
fold_08_validate_2024,model_s3_weather_offset_matched,municipality[105],-1.29690661279024,0.0844158655550647
fold_08_validate_2024,model_s3_weather_offset_matched,municipality[106],-1.43661219686116,0.0508270371433677
fold_08_validate_2024,model_s3_weather_offset_matched,municipality[107],-0.966220911913676,0.0718008124576944
fold_08_validate_2024,model_s3_weather_offset_matched,municipality[108],-1.15483862619614,0.0601224529547594
fold_08_validate_2024,model_s3_weather_offset_matched,municipality[109],-0.290763095132924,0.0470400536506703
fold_08_validate_2024,model_s3_weather_offset_matched,municipality[110],-1.26351333612306,0.0391847452936282
fold_08_validate_2024,model_s3_weather_offset_matched,municipality[111],-1.53798655087906,0.0484136953457062
fold_08_validate_2024,model_s3_weather_offset_matched,municipality[112],-0.73659005173819,0.0342732287658409
fold_08_validate_2024,model_s3_weather_offset_matched,municipality[113],-1.33432244308922,0.0359341280404585
fold_08_validate_2024,model_s3_weather_offset_matched,municipality[114],-1.33073149193369,0.0424934896045804
fold_08_validate_2024,model_s3_weather_offset_matched,municipality[115],-1.18596084968605,0.0682966972733598
fold_08_validate_2024,model_s3_weather_offset_matched,municipality[116],-0.212694827135806,0.0465682505385277
fold_08_validate_2024,model_s3_weather_offset_matched,municipality[117],-0.474008390425068,0.0371964448596932
fold_08_validate_2024,model_s3_weather_offset_matched,municipality[118],-1.0891497211208,0.0487004646893695
fold_08_validate_2024,model_s3_weather_offset_matched,municipality[119],-0.739334447429393,0.044990645161442
fold_08_validate_2024,model_s3_weather_offset_matched,municipality[120],-0.837059405411984,0.032040264755761
fold_08_validate_2024,model_s3_weather_offset_matched,municipality[121],-1.32664412227818,0.0821558863240514
fold_08_validate_2024,model_s3_weather_offset_matched,municipality[122],-0.458448138631223,0.0268935667582557
fold_08_validate_2024,model_s3_weather_offset_matched,municipality[123],-0.542398294419938,0.0351161339853583
fold_08_validate_2024,model_s3_weather_offset_matched,municipality[124],-1.64047215394602,0.0580764939301989
fold_08_validate_2024,model_s3_weather_offset_matched,municipality[125],-1.74933624342687,0.105913239413815
fold_08_validate_2024,model_s3_weather_offset_matched,municipality[126],-1.43396697953172,0.059006223194442
fold_08_validate_2024,model_s3_weather_offset_matched,municipality[127],-1.62058211467847,0.0856402535467989
fold_08_validate_2024,model_s3_weather_offset_matched,municipality[128],-0.0015812111062159,0.0289093166879031
fold_08_validate_2024,model_s3_weather_offset_matched,municipality[129],-1.06776659441021,0.0383361872423882
fold_08_validate_2024,model_s3_weather_offset_matched,municipality[130],-1.17454994218391,0.0418012908286538
fold_08_validate_2024,model_s3_weather_offset_matched,municipality[131],-0.633206599705576,0.0377050976162883
fold_08_validate_2024,model_s3_weather_offset_matched,municipality[132],-0.718478168704525,0.0600919472571687
fold_08_validate_2024,model_s3_weather_offset_matched,municipality[133],-1.90725950353687,0.0402753484059778
fold_08_validate_2024,model_s3_weather_offset_matched,municipality[134],0.0552022304410942,0.0386143505083823
fold_08_validate_2024,model_s3_weather_offset_matched,municipality[135],-1.48955202371374,0.0703803489265664
fold_08_validate_2024,model_s3_weather_offset_matched,municipality[136],0.00316313370875854,0.033521886390686
fold_08_validate_2024,model_s3_weather_offset_matched,municipality[137],-0.510205909896826,0.0700934683629744
fold_08_validate_2024,model_s3_weather_offset_matched,municipality[138],-0.642086117194138,0.049346657211242
fold_08_validate_2024,model_s3_weather_offset_matched,municipality[139],-1.31233359715338,0.0526989077195364
fold_08_validate_2024,model_s3_weather_offset_matched,municipality[140],-0.389298002222891,0.0287843541070342
fold_08_validate_2024,model_s3_weather_offset_matched,municipality[141],-0.667520747869033,0.0700109829291809
fold_08_validate_2024,model_s3_weather_offset_matched,municipality[142],-0.96942135498903,0.0366798234478016
fold_08_validate_2024,model_s3_weather_offset_matched,municipality[143],-1.36192971803456,0.116319877084044
fold_08_validate_2024,model_s3_weather_offset_matched,municipality[144],-0.899329886010314,0.0534265723995536
fold_08_validate_2024,model_s3_weather_offset_matched,municipality[146],-0.0940389618131144,0.0360718143990204
fold_08_validate_2024,model_s3_weather_offset_matched,municipality[147],-0.497319676269127,0.0501671933876842
fold_08_validate_2024,model_s3_weather_offset_matched,municipality[148],-0.629754911363407,0.0634358916111204
fold_08_validate_2024,model_s3_weather_offset_matched,municipality[149],-1.85669729199114,0.167663646927799
fold_08_validate_2024,model_s3_weather_offset_matched,municipality[150],-0.328575399026158,0.0766671480812602
fold_08_validate_2024,model_s3_weather_offset_matched,municipality[151],-0.8369000152482,0.051278031173023
fold_08_validate_2024,model_s3_weather_offset_matched,municipality[152],-1.13375941117531,0.101306784711592
fold_08_validate_2024,model_s3_weather_offset_matched,municipality[153],-0.795094389803419,0.076846340089449
fold_08_validate_2024,model_s3_weather_offset_matched,municipality[154],-0.204239419628232,0.0863076371869342
fold_08_validate_2024,model_s3_weather_offset_matched,municipality[155],-2.27225824337882,0.167737055054278
fold_08_validate_2024,model_s3_weather_offset_matched,municipality[156],-1.17578682040971,0.116352320389326
fold_08_validate_2024,model_s3_weather_offset_matched,municipality[157],-0.647931142796005,0.0606580657333071
fold_08_validate_2024,model_s3_weather_offset_matched,municipality[158],-0.468029374654639,0.06439003012357
fold_08_validate_2024,model_s3_weather_offset_matched,municipality[159],-1.52784585707568,0.0833362898008139
fold_08_validate_2024,model_s3_weather_offset_matched,municipality[160],-1.00220123247466,0.0417381010068319
fold_08_validate_2024,model_s3_weather_offset_matched,municipality[161],-1.05526130884857,0.189990139338385
fold_08_validate_2024,model_s3_weather_offset_matched,municipality[162],-0.137883648233672,0.049504875202714
fold_08_validate_2024,model_s3_weather_offset_matched,municipality[163],-0.0124035890939806,0.116727689548265
fold_08_validate_2024,model_s3_weather_offset_matched,municipality[164],-1.63251562709693,0.0737329262668888
fold_08_validate_2024,model_s3_weather_offset_matched,municipality[165],-0.942860246078336,0.159063185916544
fold_08_validate_2024,model_s3_weather_offset_matched,municipality[166],-0.0998754047468631,0.0419046198039451
fold_08_validate_2024,model_s3_weather_offset_matched,municipality[167],-1.31081573277124,0.0983046204527845
fold_08_validate_2024,model_s3_weather_offset_matched,municipality[168],-1.73438870757991,0.0908290530365025
fold_08_validate_2024,model_s3_weather_offset_matched,municipality[169],-0.965883176142756,0.0497115592869576
fold_08_validate_2024,model_s3_weather_offset_matched,municipality[170],-0.99011355096668,0.0708775062786863
fold_08_validate_2024,model_s3_weather_offset_matched,municipality[171],-1.65231690530879,0.094068322158851
fold_08_validate_2024,model_s3_weather_offset_matched,municipality[172],-1.57874867733566,0.129312508830377
fold_08_validate_2024,model_s3_weather_offset_matched,municipality[173],-1.12027121864956,0.0545711949564926
fold_08_validate_2024,model_s3_weather_offset_matched,municipality[174],-1.29772551520566,0.0677546930891961
fold_08_validate_2024,model_s3_weather_offset_matched,municipality[175],-0.732863013508066,0.0483308348776068
fold_08_validate_2024,model_s3_weather_offset_matched,municipality[176],-0.335063454850919,0.0716654940924644
fold_08_validate_2024,model_s3_weather_offset_matched,municipality[177],-0.0430752120773157,0.0770776088392111
fold_08_validate_2024,model_s3_weather_offset_matched,municipality[178],-0.935969889680049,0.0628164254328524
fold_08_validate_2024,model_s3_weather_offset_matched,municipality[179],-0.864313389074453,0.0863988181384295
fold_08_validate_2024,model_s3_weather_offset_matched,municipality[180],-0.853768576313161,0.104290653648166
fold_08_validate_2024,model_s3_weather_offset_matched,municipality[181],-0.688625091395048,0.0682272820749069
fold_08_validate_2024,model_s3_weather_offset_matched,municipality[182],-1.25948341887453,0.130455184370525
fold_08_validate_2024,model_s3_weather_offset_matched,municipality[183],-0.786775297838115,0.0454153697042739
fold_08_validate_2024,model_s3_weather_offset_matched,municipality[184],-0.893689590883282,0.0912360861621632
fold_08_validate_2024,model_s3_weather_offset_matched,municipality[185],-0.82508404527752,0.0935496042275558
fold_08_validate_2024,model_s3_weather_offset_matched,municipality[186],-1.12728641151843,0.0714224352412924
fold_08_validate_2024,model_s3_weather_offset_matched,municipality[187],-0.961033931169726,0.0990656232734247
fold_08_validate_2024,model_s3_weather_offset_matched,municipality[188],-0.689912720729894,0.0963202369640531
fold_08_validate_2024,model_s3_weather_offset_matched,municipality[189],-0.946902511627786,0.0784008363873363
fold_08_validate_2024,model_s3_weather_offset_matched,municipality[190],-1.47125661817518,0.0390639811825528
fold_08_validate_2024,model_s3_weather_offset_matched,municipality[191],-1.22046409310165,0.126282862378329
fold_08_validate_2024,model_s3_weather_offset_matched,municipality[192],-0.191445130428687,0.0472727748996091
fold_08_validate_2024,model_s3_weather_offset_matched,municipality[193],-1.0294702964275,0.0630212039983232
fold_08_validate_2024,model_s3_weather_offset_matched,municipality[194],-1.05370074236511,0.0582382466163559
fold_08_validate_2024,model_s3_weather_offset_matched,municipality[195],-0.670181298112311,0.0552886084471214
fold_08_validate_2024,model_s3_weather_offset_matched,municipality[196],-1.23572119380004,0.0931712074917659
fold_08_validate_2024,model_s3_weather_offset_matched,municipality[197],-1.45418103984175,0.108077977588498
fold_08_validate_2024,model_s3_weather_offset_matched,municipality[198],-1.14292689716534,0.0945787614119844
fold_08_validate_2024,model_s3_weather_offset_matched,municipality[199],-0.891934536324736,0.0660699114927356
fold_08_validate_2024,model_s3_weather_offset_matched,municipality[200],-1.73634484508642,0.0877286184437843
fold_08_validate_2024,model_s3_weather_offset_matched,municipality[201],-0.492654617280051,0.0460883091340363
fold_08_validate_2024,model_s3_weather_offset_matched,municipality[202],-0.605482052650348,0.0691924682032736
fold_08_validate_2024,model_s3_weather_offset_matched,municipality[203],-0.791915886638278,0.0579911592836382
fold_08_validate_2024,model_s3_weather_offset_matched,municipality[204],-0.946542673440295,0.0837231186751386
fold_08_validate_2024,model_s3_weather_offset_matched,municipality[205],-0.397194288683918,0.0606910237960564
fold_08_validate_2024,model_s3_weather_offset_matched,municipality[206],-1.17271038047726,0.0737521844877204
fold_08_validate_2024,model_s3_weather_offset_matched,municipality[207],-0.526764219640607,0.0764811332383382
fold_08_validate_2024,model_s3_weather_offset_matched,municipality[208],-0.595308734567741,0.0581142528864299
fold_08_validate_2024,model_s3_weather_offset_matched,municipality[209],-0.604861726391199,0.0704467564535924
fold_08_validate_2024,model_s3_weather_offset_matched,municipality[210],-0.732837728376585,0.0745321439991324
fold_08_validate_2024,model_s3_weather_offset_matched,municipality[211],-1.17161747800942,0.0833929254051529
fold_08_validate_2024,model_s3_weather_offset_matched,municipality[212],-0.906089843578445,0.0744196220456297
fold_08_validate_2024,model_s3_weather_offset_matched,municipality[213],-1.54778184069915,0.0944157459241818
fold_08_validate_2024,model_s3_weather_offset_matched,past_4w_lyme_incidence_per_100000,0.00409894112323408,5.86795584448554e-05
fold_08_validate_2024,model_s3_weather_offset_matched,z_t2m_mean_c_lag_1w,-0.576482035658976,0.0472162421297477
fold_08_validate_2024,model_s3_weather_offset_matched,z_t2m_mean_c_lag_2w,-0.412531376254515,0.0517636673013889
fold_08_validate_2024,model_s3_weather_offset_matched,z_t2m_mean_c_previous_4w_mean,1.54901824471684,0.0804257449560568
fold_08_validate_2024,model_s3_weather_offset_matched,z_d2m_mean_c_lag_1w,0.43576092693351,0.0258945326548223
fold_08_validate_2024,model_s3_weather_offset_matched,z_d2m_mean_c_lag_2w,0.305236442741477,0.0280610059810747
fold_08_validate_2024,model_s3_weather_offset_matched,z_d2m_mean_c_previous_4w_mean,-0.857393920618221,0.0475848959173565
fold_08_validate_2024,model_s3_weather_offset_matched,z_tp_sum_mm_lag_1w,-0.0454068478877035,0.0049562625291028
fold_08_validate_2024,model_s3_weather_offset_matched,z_tp_sum_mm_lag_2w,-0.0396243883396211,0.00477105365833036
fold_08_validate_2024,model_s3_weather_offset_matched,z_tp_sum_mm_previous_4w_sum,-0.00544966875575851,0.00644169013980576
fold_08_validate_2024,model_s3_weather_offset_matched,z_stl1_mean_c_lag_1w,-0.997181680913561,0.164575406413504
fold_08_validate_2024,model_s3_weather_offset_matched,z_stl1_mean_c_lag_2w,-1.68212229795514,0.157446976596272
fold_08_validate_2024,model_s3_weather_offset_matched,z_stl1_mean_c_previous_4w_mean,-4.59475882136034,0.27555135096357
fold_08_validate_2024,model_s3_weather_offset_matched,z_stl2_mean_c_lag_1w,1.79114104789711,0.164351327473551
fold_08_validate_2024,model_s3_weather_offset_matched,z_stl2_mean_c_lag_2w,2.02087862552182,0.139842899019768
fold_08_validate_2024,model_s3_weather_offset_matched,z_stl2_mean_c_previous_4w_mean,3.5855664359251,0.232976950155452
fold_08_validate_2024,model_s3_weather_offset_matched,z_swvl1_mean_m3_m3_lag_1w,-0.0485400357618802,0.0166381913674957
fold_08_validate_2024,model_s3_weather_offset_matched,z_swvl1_mean_m3_m3_lag_2w,-0.0774001559679067,0.0177111107970329
fold_08_validate_2024,model_s3_weather_offset_matched,z_swvl1_mean_m3_m3_previous_4w_mean,0.553482350536437,0.029126542364277
fold_08_validate_2024,model_s3_weather_offset_matched,z_swvl2_mean_m3_m3_lag_1w,0.0709758790771692,0.017233521115312
fold_08_validate_2024,model_s3_weather_offset_matched,z_swvl2_mean_m3_m3_lag_2w,0.0856568948299115,0.017073860951136
fold_08_validate_2024,model_s3_weather_offset_matched,z_swvl2_mean_m3_m3_previous_4w_mean,-0.414659183201991,0.0264238928073042
