municipality_code,municipality_name,issue_year,numerator_period_start,numerator_period_end,reported_lyme_cases,population_total_on_1_january,incidence_per_100000,denominator_status
001,Ajdovščina,2016,2016-01-04,2016-12-26,109,19047,572.2685987295,valid
001,Ajdovščina,2017,2017-01-02,2017-12-25,119,19093,623.2650709684,valid
001,Ajdovščina,2018,2018-01-01,2018-12-31,142,19130,742.2895974909,valid
001,Ajdovščina,2019,2019-01-07,2019-12-30,73,19249,379.2404800249,valid
001,Ajdovščina,2020,2020-01-06,2020-12-28,160,19418,823.9777526007,valid
001,Ajdovščina,2021,2021-01-04,2021-12-27,79,19704,400.9338205441,valid
001,Ajdovščina,2022,2022-01-03,2022-12-26,135,19727,684.3412581741,valid
001,Ajdovščina,2023,2023-01-02,2023-12-25,74,19811,373.5298571501,valid
001,Ajdovščina,2024,2024-01-01,2024-12-30,53,19891,266.4521642954,valid
002,Beltinci,2016,2016-01-04,2016-12-26,12,8261,145.2608643021,valid
002,Beltinci,2017,2017-01-02,2017-12-25,21,8233,255.0710555083,valid
002,Beltinci,2018,2018-01-01,2018-12-31,38,8183,464.3773677136,valid
002,Beltinci,2019,2019-01-07,2019-12-30,12,8104,148.0750246792,valid
002,Beltinci,2020,2020-01-06,2020-12-28,33,8059,409.4800843777,valid
002,Beltinci,2021,2021-01-04,2021-12-27,10,8068,123.9464551314,valid
002,Beltinci,2022,2022-01-03,2022-12-26,19,8104,234.4521224087,valid
002,Beltinci,2023,2023-01-02,2023-12-25,8,8082,98.9853996536,valid
002,Beltinci,2024,2024-01-01,2024-12-30,2,8071,24.7800768182,valid
003,Bled,2016,2016-01-04,2016-12-26,17,8035,211.5743621655,valid
003,Bled,2017,2017-01-02,2017-12-25,17,7981,213.0058889863,valid
003,Bled,2018,2018-01-01,2018-12-31,23,7873,292.1376857615,valid
003,Bled,2019,2019-01-07,2019-12-30,17,7835,216.9751116784,valid
003,Bled,2020,2020-01-06,2020-12-28,26,7868,330.4524656838,valid
003,Bled,2021,2021-01-04,2021-12-27,16,8217,194.7182670074,valid
003,Bled,2022,2022-01-03,2022-12-26,15,8250,181.8181818182,valid
003,Bled,2023,2023-01-02,2023-12-25,13,8190,158.7301587302,valid
003,Bled,2024,2024-01-01,2024-12-30,19,8157,232.9287728331,valid
004,Bohinj,2016,2016-01-04,2016-12-26,15,5139,291.8855808523,valid
004,Bohinj,2017,2017-01-02,2017-12-25,5,5149,97.1062342202,valid
004,Bohinj,2018,2018-01-01,2018-12-31,18,5125,351.2195121951,valid
004,Bohinj,2019,2019-01-07,2019-12-30,16,5105,313.4182174339,valid
004,Bohinj,2020,2020-01-06,2020-12-28,30,5145,583.0903790087,valid
004,Bohinj,2021,2021-01-04,2021-12-27,13,5611,231.6877561932,valid
004,Bohinj,2022,2022-01-03,2022-12-26,43,5676,757.5757575758,valid
004,Bohinj,2023,2023-01-02,2023-12-25,13,5439,239.0145247288,valid
004,Bohinj,2024,2024-01-01,2024-12-30,19,5275,360.1895734597,valid
005,Borovnica,2016,2016-01-04,2016-12-26,8,4275,187.134502924,valid
005,Borovnica,2017,2017-01-02,2017-12-25,9,4376,205.6672760512,valid
005,Borovnica,2018,2018-01-01,2018-12-31,24,4412,543.970988214,valid
005,Borovnica,2019,2019-01-07,2019-12-30,12,4483,267.6778942672,valid
005,Borovnica,2020,2020-01-06,2020-12-28,26,4579,567.8095654073,valid
005,Borovnica,2021,2021-01-04,2021-12-27,18,4664,385.9348198971,valid
005,Borovnica,2022,2022-01-03,2022-12-26,14,4629,302.441131994,valid
005,Borovnica,2023,2023-01-02,2023-12-25,16,4681,341.8073061312,valid
005,Borovnica,2024,2024-01-01,2024-12-30,24,4726,507.8290308929,valid
006,Bovec,2016,2016-01-04,2016-12-26,8,3124,256.0819462228,valid
006,Bovec,2017,2017-01-02,2017-12-25,5,3082,162.2323166775,valid
006,Bovec,2018,2018-01-01,2018-12-31,8,3049,262.3811085602,valid
006,Bovec,2019,2019-01-07,2019-12-30,10,3048,328.0839895013,valid
006,Bovec,2020,2020-01-06,2020-12-28,9,3073,292.8734136023,valid
006,Bovec,2021,2021-01-04,2021-12-27,4,3245,123.2665639445,valid
006,Bovec,2022,2022-01-03,2022-12-26,4,3178,125.8653241032,valid
006,Bovec,2023,2023-01-02,2023-12-25,5,3044,164.2575558476,valid
006,Bovec,2024,2024-01-01,2024-12-30,17,3054,556.6470203012,valid
007,Brda,2016,2016-01-04,2016-12-26,17,5659,300.4064322318,valid
007,Brda,2017,2017-01-02,2017-12-25,21,5625,373.3333333333,valid
007,Brda,2018,2018-01-01,2018-12-31,41,5623,729.1481415614,valid
007,Brda,2019,2019-01-07,2019-12-30,16,5602,285.6122813281,valid
007,Brda,2020,2020-01-06,2020-12-28,32,5619,569.496351664,valid
007,Brda,2021,2021-01-04,2021-12-27,17,5639,301.4718921795,valid
007,Brda,2022,2022-01-03,2022-12-26,23,5632,408.3806818182,valid
007,Brda,2023,2023-01-02,2023-12-25,15,5590,268.3363148479,valid
007,Brda,2024,2024-01-01,2024-12-30,16,5573,287.0985106765,valid
008,Brezovica,2016,2016-01-04,2016-12-26,27,11974,225.4885585435,valid
008,Brezovica,2017,2017-01-02,2017-12-25,36,12092,297.717499173,valid
008,Brezovica,2018,2018-01-01,2018-12-31,56,12186,459.5437387166,valid
008,Brezovica,2019,2019-01-07,2019-12-30,20,12412,161.134386078,valid
008,Brezovica,2020,2020-01-06,2020-12-28,48,12671,378.8177728672,valid
008,Brezovica,2021,2021-01-04,2021-12-27,20,12785,156.4333202972,valid
008,Brezovica,2022,2022-01-03,2022-12-26,25,12823,194.9621773376,valid
008,Brezovica,2023,2023-01-02,2023-12-25,29,12838,225.8918834709,valid
008,Brezovica,2024,2024-01-01,2024-12-30,23,13004,176.8686557982,valid
009,Brežice,2016,2016-01-04,2016-12-26,19,24254,78.337593799,valid
009,Brežice,2017,2017-01-02,2017-12-25,28,24204,115.6833581226,valid
009,Brežice,2018,2018-01-01,2018-12-31,36,24086,149.4644191647,valid
009,Brežice,2019,2019-01-07,2019-12-30,17,24084,70.5862813486,valid
009,Brežice,2020,2020-01-06,2020-12-28,13,24051,54.0518065777,valid
009,Brežice,2021,2021-01-04,2021-12-27,3,24419,12.2855153774,valid
009,Brežice,2022,2022-01-03,2022-12-26,8,24370,32.8272466147,valid
009,Brežice,2023,2023-01-02,2023-12-25,9,24417,36.8595650571,valid
009,Brežice,2024,2024-01-01,2024-12-30,11,24450,44.9897750511,valid
010,Tišina,2016,2016-01-04,2016-12-26,7,4039,173.3102253033,valid
010,Tišina,2017,2017-01-02,2017-12-25,10,4012,249.2522432702,valid
010,Tišina,2018,2018-01-01,2018-12-31,9,3976,226.3581488934,valid
010,Tišina,2019,2019-01-07,2019-12-30,10,3952,253.036437247,valid
010,Tišina,2020,2020-01-06,2020-12-28,14,3970,352.644836272,valid
010,Tišina,2021,2021-01-04,2021-12-27,7,3965,176.5447667087,valid
010,Tišina,2022,2022-01-03,2022-12-26,0,3941,0,valid
010,Tišina,2023,2023-01-02,2023-12-25,2,3968,50.4032258065,valid
010,Tišina,2024,2024-01-01,2024-12-30,2,3948,50.6585612969,valid
011,Celje,2016,2016-01-04,2016-12-26,42,49077,85.5798031665,valid
011,Celje,2017,2017-01-02,2017-12-25,44,49380,89.1049007695,valid
011,Celje,2018,2018-01-01,2018-12-31,48,49377,97.2112522024,valid
011,Celje,2019,2019-01-07,2019-12-30,31,49473,62.6604410487,valid
011,Celje,2020,2020-01-06,2020-12-28,55,49540,111.021396851,valid
011,Celje,2021,2021-01-04,2021-12-27,9,49007,18.3647234069,valid
011,Celje,2022,2022-01-03,2022-12-26,17,48679,34.922656587,valid
011,Celje,2023,2023-01-02,2023-12-25,4,48776,8.2007544694,valid
011,Celje,2024,2024-01-01,2024-12-30,7,49289,14.2019517539,valid
012,Cerklje na Gorenjskem,2016,2016-01-04,2016-12-26,12,7506,159.8721023181,valid
012,Cerklje na Gorenjskem,2017,2017-01-02,2017-12-25,8,7569,105.6942792971,valid
012,Cerklje na Gorenjskem,2018,2018-01-01,2018-12-31,19,7619,249.3765586035,valid
012,Cerklje na Gorenjskem,2019,2019-01-07,2019-12-30,14,7632,183.4381551363,valid
012,Cerklje na Gorenjskem,2020,2020-01-06,2020-12-28,24,7769,308.9200669327,valid
012,Cerklje na Gorenjskem,2021,2021-01-04,2021-12-27,14,7859,178.1397124316,valid
012,Cerklje na Gorenjskem,2022,2022-01-03,2022-12-26,14,7901,177.1927604101,valid
012,Cerklje na Gorenjskem,2023,2023-01-02,2023-12-25,11,7854,140.056022409,valid
012,Cerklje na Gorenjskem,2024,2024-01-01,2024-12-30,9,7825,115.0159744409,valid
013,Cerknica,2016,2016-01-04,2016-12-26,43,11402,377.1268198562,valid
013,Cerknica,2017,2017-01-02,2017-12-25,28,11494,243.6053593179,valid
013,Cerknica,2018,2018-01-01,2018-12-31,67,11491,583.0650073971,valid
013,Cerknica,2019,2019-01-07,2019-12-30,16,11554,138.4801800242,valid
013,Cerknica,2020,2020-01-06,2020-12-28,68,11580,587.219343696,valid
013,Cerknica,2021,2021-01-04,2021-12-27,21,11691,179.6253528355,valid
013,Cerknica,2022,2022-01-03,2022-12-26,40,11718,341.3551800649,valid
013,Cerknica,2023,2023-01-02,2023-12-25,30,11785,254.5608824777,valid
013,Cerknica,2024,2024-01-01,2024-12-30,38,11870,320.1347935973,valid
014,Cerkno,2016,2016-01-04,2016-12-26,6,4644,129.1989664083,valid
014,Cerkno,2017,2017-01-02,2017-12-25,10,4602,217.2968274663,valid
014,Cerkno,2018,2018-01-01,2018-12-31,24,4588,523.1037489102,valid
014,Cerkno,2019,2019-01-07,2019-12-30,13,4580,283.8427947598,valid
014,Cerkno,2020,2020-01-06,2020-12-28,16,4547,351.8803606774,valid
014,Cerkno,2021,2021-01-04,2021-12-27,5,4547,109.9626127117,valid
014,Cerkno,2022,2022-01-03,2022-12-26,19,4546,417.9498460185,valid
014,Cerkno,2023,2023-01-02,2023-12-25,8,4516,177.147918512,valid
014,Cerkno,2024,2024-01-01,2024-12-30,22,4452,494.1599281222,valid
015,Črenšovci,2016,2016-01-04,2016-12-26,6,4002,149.9250374813,valid
015,Črenšovci,2017,2017-01-02,2017-12-25,7,3951,177.1703366236,valid
015,Črenšovci,2018,2018-01-01,2018-12-31,19,3926,483.9531329598,valid
015,Črenšovci,2019,2019-01-07,2019-12-30,11,3949,278.5515320334,valid
015,Črenšovci,2020,2020-01-06,2020-12-28,13,3968,327.6209677419,valid
015,Črenšovci,2021,2021-01-04,2021-12-27,3,3972,75.5287009063,valid
015,Črenšovci,2022,2022-01-03,2022-12-26,4,3982,100.4520341537,valid
015,Črenšovci,2023,2023-01-02,2023-12-25,6,3935,152.4777636595,valid
015,Črenšovci,2024,2024-01-01,2024-12-30,1,3928,25.4582484725,valid
016,Črna na Koroškem,2016,2016-01-04,2016-12-26,5,3337,149.8351813006,valid
016,Črna na Koroškem,2017,2017-01-02,2017-12-25,8,3308,241.8379685611,valid
016,Črna na Koroškem,2018,2018-01-01,2018-12-31,4,3314,120.70006035,valid
016,Črna na Koroškem,2019,2019-01-07,2019-12-30,0,3303,0,valid
016,Črna na Koroškem,2020,2020-01-06,2020-12-28,5,3285,152.2070015221,valid
016,Črna na Koroškem,2021,2021-01-04,2021-12-27,2,3252,61.5006150062,valid
016,Črna na Koroškem,2022,2022-01-03,2022-12-26,6,3201,187.4414245548,valid
016,Črna na Koroškem,2023,2023-01-02,2023-12-25,1,3193,31.318509239,valid
016,Črna na Koroškem,2024,2024-01-01,2024-12-30,4,3061,130.6762495916,valid
017,Črnomelj,2016,2016-01-04,2016-12-26,58,14407,402.5820781565,valid
017,Črnomelj,2017,2017-01-02,2017-12-25,67,14365,466.4114166377,valid
017,Črnomelj,2018,2018-01-01,2018-12-31,75,14313,523.9991616013,valid
017,Črnomelj,2019,2019-01-07,2019-12-30,17,14299,118.8894328275,valid
017,Črnomelj,2020,2020-01-06,2020-12-28,41,14241,287.9011305386,valid
017,Črnomelj,2021,2021-01-04,2021-12-27,26,14308,181.7165222253,valid
017,Črnomelj,2022,2022-01-03,2022-12-26,27,14279,189.0888717697,valid
017,Črnomelj,2023,2023-01-02,2023-12-25,16,14236,112.3911211014,valid
017,Črnomelj,2024,2024-01-01,2024-12-30,24,14232,168.6340640809,valid
018,Destrnik,2016,2016-01-04,2016-12-26,5,2539,196.9279243797,valid
018,Destrnik,2017,2017-01-02,2017-12-25,9,2544,353.7735849057,valid
018,Destrnik,2018,2018-01-01,2018-12-31,6,2554,234.9256068912,valid
018,Destrnik,2019,2019-01-07,2019-12-30,6,2585,232.1083172147,valid
018,Destrnik,2020,2020-01-06,2020-12-28,11,2643,416.1937192584,valid
018,Destrnik,2021,2021-01-04,2021-12-27,3,2647,113.3358519078,valid
018,Destrnik,2022,2022-01-03,2022-12-26,3,2632,113.9817629179,valid
018,Destrnik,2023,2023-01-02,2023-12-25,5,2641,189.3222264294,valid
018,Destrnik,2024,2024-01-01,2024-12-30,9,2694,334.0757238307,valid
019,Divača,2016,2016-01-04,2016-12-26,13,3955,328.6978508217,valid
019,Divača,2017,2017-01-02,2017-12-25,9,4000,225,valid
019,Divača,2018,2018-01-01,2018-12-31,9,4085,220.3182374541,valid
019,Divača,2019,2019-01-07,2019-12-30,4,4157,96.223237912,valid
019,Divača,2020,2020-01-06,2020-12-28,6,4213,142.4163304059,valid
019,Divača,2021,2021-01-04,2021-12-27,4,4334,92.2934933087,valid
019,Divača,2022,2022-01-03,2022-12-26,2,4371,45.756119881,valid
019,Divača,2023,2023-01-02,2023-12-25,2,4443,45.0146297547,valid
019,Divača,2024,2024-01-01,2024-12-30,3,4501,66.6518551433,valid
020,Dobrepolje,2016,2016-01-04,2016-12-26,4,3898,102.6167265264,valid
020,Dobrepolje,2017,2017-01-02,2017-12-25,16,3870,413.4366925065,valid
020,Dobrepolje,2018,2018-01-01,2018-12-31,18,3881,463.7979902087,valid
020,Dobrepolje,2019,2019-01-07,2019-12-30,5,3856,129.6680497925,valid
020,Dobrepolje,2020,2020-01-06,2020-12-28,10,3878,257.8648788035,valid
020,Dobrepolje,2021,2021-01-04,2021-12-27,6,3882,154.5595054096,valid
020,Dobrepolje,2022,2022-01-03,2022-12-26,11,3871,284.1642986308,valid
020,Dobrepolje,2023,2023-01-02,2023-12-25,6,3923,152.944175376,valid
020,Dobrepolje,2024,2024-01-01,2024-12-30,11,3934,279.6136248094,valid
021,Dobrova-Polhov Gradec,2016,2016-01-04,2016-12-26,22,7582,290.1609074123,valid
021,Dobrova-Polhov Gradec,2017,2017-01-02,2017-12-25,31,7618,406.930953006,valid
021,Dobrova-Polhov Gradec,2018,2018-01-01,2018-12-31,65,7661,848.4532045425,valid
021,Dobrova-Polhov Gradec,2019,2019-01-07,2019-12-30,32,7664,417.5365344468,valid
021,Dobrova-Polhov Gradec,2020,2020-01-06,2020-12-28,69,7800,884.6153846154,valid
021,Dobrova-Polhov Gradec,2021,2021-01-04,2021-12-27,27,7843,344.2560244804,valid
021,Dobrova-Polhov Gradec,2022,2022-01-03,2022-12-26,53,7844,675.6756756757,valid
021,Dobrova-Polhov Gradec,2023,2023-01-02,2023-12-25,25,7946,314.6237100428,valid
021,Dobrova-Polhov Gradec,2024,2024-01-01,2024-12-30,31,8039,385.6201020027,valid
022,Dol pri Ljubljani,2016,2016-01-04,2016-12-26,14,5934,235.9285473542,valid
022,Dol pri Ljubljani,2017,2017-01-02,2017-12-25,9,5961,150.9813789633,valid
022,Dol pri Ljubljani,2018,2018-01-01,2018-12-31,26,6008,432.7563249001,valid
022,Dol pri Ljubljani,2019,2019-01-07,2019-12-30,12,6218,192.9880990672,valid
022,Dol pri Ljubljani,2020,2020-01-06,2020-12-28,24,6310,380.3486529319,valid
022,Dol pri Ljubljani,2021,2021-01-04,2021-12-27,8,6378,125.4311696457,valid
022,Dol pri Ljubljani,2022,2022-01-03,2022-12-26,19,6348,299.306868305,valid
022,Dol pri Ljubljani,2023,2023-01-02,2023-12-25,11,6352,173.1738035264,valid
022,Dol pri Ljubljani,2024,2024-01-01,2024-12-30,13,6432,202.1144278607,valid
023,Domžale,2016,2016-01-04,2016-12-26,36,35278,102.0466012813,valid
023,Domžale,2017,2017-01-02,2017-12-25,55,35513,154.8728634585,valid
023,Domžale,2018,2018-01-01,2018-12-31,69,35675,193.4127540294,valid
023,Domžale,2019,2019-01-07,2019-12-30,26,36264,71.6964482683,valid
023,Domžale,2020,2020-01-06,2020-12-28,53,36675,144.5126107703,valid
023,Domžale,2021,2021-01-04,2021-12-27,20,36683,54.5211678434,valid
023,Domžale,2022,2022-01-03,2022-12-26,28,36905,75.870478255,valid
023,Domžale,2023,2023-01-02,2023-12-25,23,37477,61.3709741975,valid
023,Domžale,2024,2024-01-01,2024-12-30,35,37821,92.5411808255,valid
024,Dornava,2016,2016-01-04,2016-12-26,7,2882,242.8868841083,valid
024,Dornava,2017,2017-01-02,2017-12-25,4,2905,137.6936316695,valid
024,Dornava,2018,2018-01-01,2018-12-31,8,2885,277.2963604853,valid
024,Dornava,2019,2019-01-07,2019-12-30,2,2892,69.1562932227,valid
024,Dornava,2020,2020-01-06,2020-12-28,6,2902,206.7539627843,valid
024,Dornava,2021,2021-01-04,2021-12-27,0,2896,0,valid
024,Dornava,2022,2022-01-03,2022-12-26,3,2880,104.1666666667,valid
024,Dornava,2023,2023-01-02,2023-12-25,1,2902,34.4589937974,valid
024,Dornava,2024,2024-01-01,2024-12-30,1,2891,34.5901072293,valid
025,Dravograd,2016,2016-01-04,2016-12-26,28,8885,315.1378728194,valid
025,Dravograd,2017,2017-01-02,2017-12-25,27,8856,304.8780487805,valid
025,Dravograd,2018,2018-01-01,2018-12-31,57,8799,647.8008864644,valid
025,Dravograd,2019,2019-01-07,2019-12-30,20,8783,227.7126266651,valid
025,Dravograd,2020,2020-01-06,2020-12-28,66,8884,742.9085997299,valid
025,Dravograd,2021,2021-01-04,2021-12-27,13,8844,146.9923111714,valid
025,Dravograd,2022,2022-01-03,2022-12-26,31,8882,349.0204908804,valid
025,Dravograd,2023,2023-01-02,2023-12-25,27,8862,304.6716316858,valid
025,Dravograd,2024,2024-01-01,2024-12-30,22,8815,249.5745887691,valid
026,Duplek,2016,2016-01-04,2016-12-26,6,6726,89.2060660125,valid
026,Duplek,2017,2017-01-02,2017-12-25,12,6803,176.3927678965,valid
026,Duplek,2018,2018-01-01,2018-12-31,9,6890,130.6240928882,valid
026,Duplek,2019,2019-01-07,2019-12-30,8,6937,115.3236269281,valid
026,Duplek,2020,2020-01-06,2020-12-28,9,6996,128.6449399657,valid
026,Duplek,2021,2021-01-04,2021-12-27,8,6959,114.9590458399,valid
026,Duplek,2022,2022-01-03,2022-12-26,4,7015,57.0206699929,valid
026,Duplek,2023,2023-01-02,2023-12-25,4,7046,56.7697984672,valid
026,Duplek,2024,2024-01-01,2024-12-30,7,6999,100.0142877554,valid
027,Gorenja vas-Poljane,2016,2016-01-04,2016-12-26,28,7429,376.9013326154,valid
027,Gorenja vas-Poljane,2017,2017-01-02,2017-12-25,29,7500,386.6666666667,valid
027,Gorenja vas-Poljane,2018,2018-01-01,2018-12-31,48,7541,636.5203553905,valid
027,Gorenja vas-Poljane,2019,2019-01-07,2019-12-30,30,7539,397.9307600478,valid
027,Gorenja vas-Poljane,2020,2020-01-06,2020-12-28,42,7557,555.7761016276,valid
027,Gorenja vas-Poljane,2021,2021-01-04,2021-12-27,17,7665,221.787345075,valid
027,Gorenja vas-Poljane,2022,2022-01-03,2022-12-26,40,7672,521.3764337852,valid
027,Gorenja vas-Poljane,2023,2023-01-02,2023-12-25,10,7646,130.7873397855,valid
027,Gorenja vas-Poljane,2024,2024-01-01,2024-12-30,13,7656,169.8014629049,valid
028,Gorišnica,2016,2016-01-04,2016-12-26,2,3978,50.2765208648,valid
028,Gorišnica,2017,2017-01-02,2017-12-25,4,3968,100.8064516129,valid
028,Gorišnica,2018,2018-01-01,2018-12-31,7,4025,173.9130434783,valid
028,Gorišnica,2019,2019-01-07,2019-12-30,2,4069,49.1521258294,valid
028,Gorišnica,2020,2020-01-06,2020-12-28,5,4112,121.5953307393,valid
028,Gorišnica,2021,2021-01-04,2021-12-27,2,4161,48.0653689017,valid
028,Gorišnica,2022,2022-01-03,2022-12-26,2,4180,47.8468899522,valid
028,Gorišnica,2023,2023-01-02,2023-12-25,2,4182,47.8240076518,valid
028,Gorišnica,2024,2024-01-01,2024-12-30,2,4188,47.7554918816,valid
029,Gornja Radgona,2016,2016-01-04,2016-12-26,38,8467,448.8012282981,valid
029,Gornja Radgona,2017,2017-01-02,2017-12-25,40,8447,473.5409020954,valid
029,Gornja Radgona,2018,2018-01-01,2018-12-31,47,8403,559.3240509342,valid
029,Gornja Radgona,2019,2019-01-07,2019-12-30,31,8392,369.3994280267,valid
029,Gornja Radgona,2020,2020-01-06,2020-12-28,39,8417,463.3479862184,valid
029,Gornja Radgona,2021,2021-01-04,2021-12-27,27,8474,318.6216662733,valid
029,Gornja Radgona,2022,2022-01-03,2022-12-26,16,8476,188.7682869278,valid
029,Gornja Radgona,2023,2023-01-02,2023-12-25,8,8489,94.2396041937,valid
029,Gornja Radgona,2024,2024-01-01,2024-12-30,12,8503,141.1266611784,valid
030,Gornji Grad,2016,2016-01-04,2016-12-26,2,2547,78.5237534354,valid
030,Gornji Grad,2017,2017-01-02,2017-12-25,11,2547,431.8806438948,valid
030,Gornji Grad,2018,2018-01-01,2018-12-31,20,2543,786.4726700747,valid
030,Gornji Grad,2019,2019-01-07,2019-12-30,7,2511,278.773397053,valid
030,Gornji Grad,2020,2020-01-06,2020-12-28,14,2476,565.4281098546,valid
030,Gornji Grad,2021,2021-01-04,2021-12-27,0,2480,0,valid
030,Gornji Grad,2022,2022-01-03,2022-12-26,1,2552,39.1849529781,valid
030,Gornji Grad,2023,2023-01-02,2023-12-25,1,2559,39.0777647519,valid
030,Gornji Grad,2024,2024-01-01,2024-12-30,1,2595,38.5356454721,valid
031,Gornji Petrovci,2016,2016-01-04,2016-12-26,6,2057,291.686922703,valid
031,Gornji Petrovci,2017,2017-01-02,2017-12-25,7,2058,340.1360544218,valid
031,Gornji Petrovci,2018,2018-01-01,2018-12-31,16,2013,794.8335817188,valid
031,Gornji Petrovci,2019,2019-01-07,2019-12-30,11,1985,554.1561712846,valid
031,Gornji Petrovci,2020,2020-01-06,2020-12-28,8,1995,401.0025062657,valid
031,Gornji Petrovci,2021,2021-01-04,2021-12-27,1,2040,49.0196078431,valid
031,Gornji Petrovci,2022,2022-01-03,2022-12-26,2,2010,99.5024875622,valid
031,Gornji Petrovci,2023,2023-01-02,2023-12-25,0,1982,0,valid
031,Gornji Petrovci,2024,2024-01-01,2024-12-30,2,2002,99.9000999001,valid
032,Grosuplje,2016,2016-01-04,2016-12-26,29,20059,144.573508151,valid
032,Grosuplje,2017,2017-01-02,2017-12-25,31,20284,152.8298166042,valid
032,Grosuplje,2018,2018-01-01,2018-12-31,75,20672,362.8095975232,valid
032,Grosuplje,2019,2019-01-07,2019-12-30,20,21013,95.1791747966,valid
032,Grosuplje,2020,2020-01-06,2020-12-28,30,21314,140.7525570048,valid
032,Grosuplje,2021,2021-01-04,2021-12-27,16,21398,74.7733433031,valid
032,Grosuplje,2022,2022-01-03,2022-12-26,18,21333,84.37631838,valid
032,Grosuplje,2023,2023-01-02,2023-12-25,19,21587,88.0159355167,valid
032,Grosuplje,2024,2024-01-01,2024-12-30,22,21870,100.5944215821,valid
033,Šalovci,2016,2016-01-04,2016-12-26,4,1437,278.3576896312,valid
033,Šalovci,2017,2017-01-02,2017-12-25,8,1430,559.4405594406,valid
033,Šalovci,2018,2018-01-01,2018-12-31,12,1411,850.4606661942,valid
033,Šalovci,2019,2019-01-07,2019-12-30,4,1392,287.3563218391,valid
033,Šalovci,2020,2020-01-06,2020-12-28,2,1380,144.9275362319,valid
033,Šalovci,2021,2021-01-04,2021-12-27,1,1388,72.0461095101,valid
033,Šalovci,2022,2022-01-03,2022-12-26,0,1372,0,valid
033,Šalovci,2023,2023-01-02,2023-12-25,1,1369,73.046018992,valid
033,Šalovci,2024,2024-01-01,2024-12-30,3,1334,224.8875562219,valid
034,Hrastnik,2016,2016-01-04,2016-12-26,8,9316,85.8737655646,valid
034,Hrastnik,2017,2017-01-02,2017-12-25,15,9269,161.8297550976,valid
034,Hrastnik,2018,2018-01-01,2018-12-31,17,9188,185.0239442751,valid
034,Hrastnik,2019,2019-01-07,2019-12-30,7,9154,76.4693030369,valid
034,Hrastnik,2020,2020-01-06,2020-12-28,11,9113,120.7066827609,valid
034,Hrastnik,2021,2021-01-04,2021-12-27,9,9058,99.359682049,valid
034,Hrastnik,2022,2022-01-03,2022-12-26,4,8963,44.6279147607,valid
034,Hrastnik,2023,2023-01-02,2023-12-25,2,8967,22.3040035686,valid
034,Hrastnik,2024,2024-01-01,2024-12-30,3,8939,33.5608009845,valid
035,Hrpelje-Kozina,2016,2016-01-04,2016-12-26,5,4366,114.521300962,valid
035,Hrpelje-Kozina,2017,2017-01-02,2017-12-25,8,4371,183.0244795241,valid
035,Hrpelje-Kozina,2018,2018-01-01,2018-12-31,11,4402,249.8864152658,valid
035,Hrpelje-Kozina,2019,2019-01-07,2019-12-30,2,4467,44.7727781509,valid
035,Hrpelje-Kozina,2020,2020-01-06,2020-12-28,6,4604,130.3214596003,valid
035,Hrpelje-Kozina,2021,2021-01-04,2021-12-27,3,4851,61.8429189858,valid
035,Hrpelje-Kozina,2022,2022-01-03,2022-12-26,2,4970,40.2414486922,valid
035,Hrpelje-Kozina,2023,2023-01-02,2023-12-25,4,5131,77.9575131553,valid
035,Hrpelje-Kozina,2024,2024-01-01,2024-12-30,2,5181,38.6025863733,valid
036,Idrija,2016,2016-01-04,2016-12-26,18,11927,150.9180850172,valid
036,Idrija,2017,2017-01-02,2017-12-25,22,11800,186.4406779661,valid
036,Idrija,2018,2018-01-01,2018-12-31,49,11757,416.772986306,valid
036,Idrija,2019,2019-01-07,2019-12-30,19,11748,161.7296561117,valid
036,Idrija,2020,2020-01-06,2020-12-28,35,11811,296.3339260012,valid
036,Idrija,2021,2021-01-04,2021-12-27,18,11735,153.3873029399,valid
036,Idrija,2022,2022-01-03,2022-12-26,32,11729,272.8280330804,valid
036,Idrija,2023,2023-01-02,2023-12-25,23,11757,195.6281364294,valid
036,Idrija,2024,2024-01-01,2024-12-30,27,11706,230.6509482317,valid
037,Ig,2016,2016-01-04,2016-12-26,20,7163,279.2126204104,valid
037,Ig,2017,2017-01-02,2017-12-25,35,7277,480.9674316339,valid
037,Ig,2018,2018-01-01,2018-12-31,65,7366,882.4327993484,valid
037,Ig,2019,2019-01-07,2019-12-30,22,7463,294.78761892,valid
037,Ig,2020,2020-01-06,2020-12-28,36,7617,472.6270185112,valid
037,Ig,2021,2021-01-04,2021-12-27,13,7656,169.8014629049,valid
037,Ig,2022,2022-01-03,2022-12-26,30,7695,389.8635477583,valid
037,Ig,2023,2023-01-02,2023-12-25,22,7718,285.0479398808,valid
037,Ig,2024,2024-01-01,2024-12-30,36,7793,461.9530347748,valid
038,Ilirska Bistrica,2016,2016-01-04,2016-12-26,24,13594,176.5484772694,valid
038,Ilirska Bistrica,2017,2017-01-02,2017-12-25,31,13482,229.9362112446,valid
038,Ilirska Bistrica,2018,2018-01-01,2018-12-31,36,13329,270.087778528,valid
038,Ilirska Bistrica,2019,2019-01-07,2019-12-30,14,13340,104.9475262369,valid
038,Ilirska Bistrica,2020,2020-01-06,2020-12-28,22,13297,165.450853576,valid
038,Ilirska Bistrica,2021,2021-01-04,2021-12-27,10,13379,74.7440017939,valid
038,Ilirska Bistrica,2022,2022-01-03,2022-12-26,21,13399,156.7281140384,valid
038,Ilirska Bistrica,2023,2023-01-02,2023-12-25,15,13362,112.2586439156,valid
038,Ilirska Bistrica,2024,2024-01-01,2024-12-30,11,13313,82.6260046571,valid
039,Ivančna Gorica,2016,2016-01-04,2016-12-26,32,16182,197.7505870721,valid
039,Ivančna Gorica,2017,2017-01-02,2017-12-25,25,16361,152.8023959416,valid
039,Ivančna Gorica,2018,2018-01-01,2018-12-31,61,16544,368.7137330754,valid
039,Ivančna Gorica,2019,2019-01-07,2019-12-30,19,16793,113.1423807539,valid
039,Ivančna Gorica,2020,2020-01-06,2020-12-28,66,17008,388.0526810913,valid
039,Ivančna Gorica,2021,2021-01-04,2021-12-27,28,17538,159.6533242103,valid
039,Ivančna Gorica,2022,2022-01-03,2022-12-26,23,17599,130.689243707,valid
039,Ivančna Gorica,2023,2023-01-02,2023-12-25,14,17738,78.9265982636,valid
039,Ivančna Gorica,2024,2024-01-01,2024-12-30,21,18114,115.9324279563,valid
040,Izola,2016,2016-01-04,2016-12-26,33,15962,206.7410098985,valid
040,Izola,2017,2017-01-02,2017-12-25,21,16015,131.1270683734,valid
040,Izola,2018,2018-01-01,2018-12-31,41,16015,256.0099906338,valid
040,Izola,2019,2019-01-07,2019-12-30,24,16322,147.0408038231,valid
040,Izola,2020,2020-01-06,2020-12-28,28,16486,169.8410772777,valid
040,Izola,2021,2021-01-04,2021-12-27,25,16737,149.3696600347,valid
040,Izola,2022,2022-01-03,2022-12-26,34,16647,204.2410043852,valid
040,Izola,2023,2023-01-02,2023-12-25,19,16564,114.7065926105,valid
040,Izola,2024,2024-01-01,2024-12-30,11,16479,66.7516232781,valid
041,Jesenice,2016,2016-01-04,2016-12-26,53,20858,254.0991466104,valid
041,Jesenice,2017,2017-01-02,2017-12-25,50,20754,240.9174135106,valid
041,Jesenice,2018,2018-01-01,2018-12-31,111,20759,534.7078375644,valid
041,Jesenice,2019,2019-01-07,2019-12-30,66,20991,314.420465914,valid
041,Jesenice,2020,2020-01-06,2020-12-28,133,21340,623.2427366448,valid
041,Jesenice,2021,2021-01-04,2021-12-27,62,21679,285.9910512478,valid
041,Jesenice,2022,2022-01-03,2022-12-26,150,21758,689.4015994117,valid
041,Jesenice,2023,2023-01-02,2023-12-25,54,21883,246.7668966778,valid
041,Jesenice,2024,2024-01-01,2024-12-30,59,21944,268.8662048852,valid
042,Juršinci,2016,2016-01-04,2016-12-26,4,2356,169.779286927,valid
042,Juršinci,2017,2017-01-02,2017-12-25,6,2375,252.6315789474,valid
042,Juršinci,2018,2018-01-01,2018-12-31,5,2375,210.5263157895,valid
042,Juršinci,2019,2019-01-07,2019-12-30,2,2362,84.6740050804,valid
042,Juršinci,2020,2020-01-06,2020-12-28,6,2380,252.1008403361,valid
042,Juršinci,2021,2021-01-04,2021-12-27,4,2421,165.2209830648,valid
042,Juršinci,2022,2022-01-03,2022-12-26,5,2501,199.9200319872,valid
042,Juršinci,2023,2023-01-02,2023-12-25,5,2481,201.5316404676,valid
042,Juršinci,2024,2024-01-01,2024-12-30,3,2458,122.0504475183,valid
043,Kamnik,2016,2016-01-04,2016-12-26,61,29362,207.7515155643,valid
043,Kamnik,2017,2017-01-02,2017-12-25,40,29416,135.9804188197,valid
043,Kamnik,2018,2018-01-01,2018-12-31,151,29487,512.0900735918,valid
043,Kamnik,2019,2019-01-07,2019-12-30,55,29686,185.2725190325,valid
043,Kamnik,2020,2020-01-06,2020-12-28,80,29925,267.3350041771,valid
043,Kamnik,2021,2021-01-04,2021-12-27,19,29989,63.3565640735,valid
043,Kamnik,2022,2022-01-03,2022-12-26,39,29793,130.9032323029,valid
043,Kamnik,2023,2023-01-02,2023-12-25,16,29979,53.3706928183,valid
043,Kamnik,2024,2024-01-01,2024-12-30,24,30020,79.9467021985,valid
044,Kanal,2016,2016-01-04,2016-12-26,15,5431,276.1922297919,valid
044,Kanal,2017,2017-01-02,2017-12-25,16,5342,299.5132909023,valid
044,Kanal,2018,2018-01-01,2018-12-31,22,5311,414.2346074186,valid
044,Kanal,2019,2019-01-07,2019-12-30,22,5301,415.0160347104,valid
044,Kanal,2020,2020-01-06,2020-12-28,52,5291,982.800982801,valid
044,Kanal,2021,2021-01-04,2021-12-27,14,5289,264.7003214218,valid
044,Kanal,2022,2022-01-03,2022-12-26,24,5245,457.5786463298,valid
044,Kanal,2023,2023-01-02,2023-12-25,19,5213,364.4734318051,valid
044,Kanal,2024,2024-01-01,2024-12-30,17,5106,332.9416372895,valid
045,Kidričevo,2016,2016-01-04,2016-12-26,7,6449,108.5439603039,valid
045,Kidričevo,2017,2017-01-02,2017-12-25,2,6417,31.1672120929,valid
045,Kidričevo,2018,2018-01-01,2018-12-31,6,6450,93.023255814,valid
045,Kidričevo,2019,2019-01-07,2019-12-30,8,6495,123.1716705158,valid
045,Kidričevo,2020,2020-01-06,2020-12-28,12,6541,183.4581868216,valid
045,Kidričevo,2021,2021-01-04,2021-12-27,9,6539,137.6357241168,valid
045,Kidričevo,2022,2022-01-03,2022-12-26,5,6547,76.370856881,valid
045,Kidričevo,2023,2023-01-02,2023-12-25,3,6586,45.5511691467,valid
045,Kidričevo,2024,2024-01-01,2024-12-30,4,6594,60.661207158,valid
046,Kobarid,2016,2016-01-04,2016-12-26,34,4121,825.042465421,valid
046,Kobarid,2017,2017-01-02,2017-12-25,26,4105,633.3739342266,valid
046,Kobarid,2018,2018-01-01,2018-12-31,62,4104,1510.7212475634,valid
046,Kobarid,2019,2019-01-07,2019-12-30,23,4079,563.8636920814,valid
046,Kobarid,2020,2020-01-06,2020-12-28,62,4052,1530.1085883514,valid
046,Kobarid,2021,2021-01-04,2021-12-27,44,4032,1091.2698412698,valid
046,Kobarid,2022,2022-01-03,2022-12-26,46,4044,1137.487636004,valid
046,Kobarid,2023,2023-01-02,2023-12-25,26,4046,642.6099851705,valid
046,Kobarid,2024,2024-01-01,2024-12-30,52,4045,1285.5377008653,valid
047,Kobilje,2016,2016-01-04,2016-12-26,2,574,348.4320557491,valid
047,Kobilje,2017,2017-01-02,2017-12-25,3,560,535.7142857143,valid
047,Kobilje,2018,2018-01-01,2018-12-31,1,559,178.8908765653,valid
047,Kobilje,2019,2019-01-07,2019-12-30,0,542,0,valid
047,Kobilje,2020,2020-01-06,2020-12-28,1,542,184.5018450185,valid
047,Kobilje,2021,2021-01-04,2021-12-27,0,540,0,valid
047,Kobilje,2022,2022-01-03,2022-12-26,0,532,0,valid
047,Kobilje,2023,2023-01-02,2023-12-25,1,512,195.3125,valid
047,Kobilje,2024,2024-01-01,2024-12-30,0,511,0,valid
048,Kočevje,2016,2016-01-04,2016-12-26,18,16005,112.4648547329,valid
048,Kočevje,2017,2017-01-02,2017-12-25,8,15881,50.3746615452,valid
048,Kočevje,2018,2018-01-01,2018-12-31,17,15771,107.7927842242,valid
048,Kočevje,2019,2019-01-07,2019-12-30,9,15686,57.3760040801,valid
048,Kočevje,2020,2020-01-06,2020-12-28,16,15674,102.0798775041,valid
048,Kočevje,2021,2021-01-04,2021-12-27,5,15644,31.9611352595,valid
048,Kočevje,2022,2022-01-03,2022-12-26,5,15623,32.0040965244,valid
048,Kočevje,2023,2023-01-02,2023-12-25,6,15674,38.2799540641,valid
048,Kočevje,2024,2024-01-01,2024-12-30,7,15661,44.6970180704,valid
049,Komen,2016,2016-01-04,2016-12-26,11,3518,312.6776577601,valid
049,Komen,2017,2017-01-02,2017-12-25,17,3523,482.5432869713,valid
049,Komen,2018,2018-01-01,2018-12-31,10,3537,282.7254735652,valid
049,Komen,2019,2019-01-07,2019-12-30,8,3534,226.3723825693,valid
049,Komen,2020,2020-01-06,2020-12-28,15,3529,425.0495891187,valid
049,Komen,2021,2021-01-04,2021-12-27,5,3655,136.7989056088,valid
049,Komen,2022,2022-01-03,2022-12-26,14,3634,385.2504127683,valid
049,Komen,2023,2023-01-02,2023-12-25,5,3578,139.7428731135,valid
049,Komen,2024,2024-01-01,2024-12-30,9,3509,256.4833285836,valid
050,Koper,2016,2016-01-04,2016-12-26,84,51045,164.5606817514,valid
050,Koper,2017,2017-01-02,2017-12-25,82,51361,159.6542123401,valid
050,Koper,2018,2018-01-01,2018-12-31,88,51794,169.9038498668,valid
050,Koper,2019,2019-01-07,2019-12-30,50,52234,95.7230922388,valid
050,Koper,2020,2020-01-06,2020-12-28,103,52630,195.7058711761,valid
050,Koper,2021,2021-01-04,2021-12-27,83,53292,155.7457029198,valid
050,Koper,2022,2022-01-03,2022-12-26,100,53462,187.0487449029,valid
050,Koper,2023,2023-01-02,2023-12-25,46,53875,85.3828306265,valid
050,Koper,2024,2024-01-01,2024-12-30,50,54252,92.1625009216,valid
051,Kozje,2016,2016-01-04,2016-12-26,2,3092,64.6830530401,valid
051,Kozje,2017,2017-01-02,2017-12-25,1,3077,32.4991875203,valid
051,Kozje,2018,2018-01-01,2018-12-31,3,3054,98.231827112,valid
051,Kozje,2019,2019-01-07,2019-12-30,1,3037,32.9272308199,valid
051,Kozje,2020,2020-01-06,2020-12-28,4,2989,133.8240214118,valid
051,Kozje,2021,2021-01-04,2021-12-27,0,3030,0,valid
051,Kozje,2022,2022-01-03,2022-12-26,1,3029,33.0141961043,valid
051,Kozje,2023,2023-01-02,2023-12-25,1,3010,33.2225913621,valid
051,Kozje,2024,2024-01-01,2024-12-30,3,2993,100.2338790511,valid
052,Kranj,2016,2016-01-04,2016-12-26,155,56115,276.2184799073,valid
052,Kranj,2017,2017-01-02,2017-12-25,135,56081,240.7232395999,valid
052,Kranj,2018,2018-01-01,2018-12-31,239,55950,427.1671134942,valid
052,Kranj,2019,2019-01-07,2019-12-30,118,56267,209.7143974266,valid
052,Kranj,2020,2020-01-06,2020-12-28,267,57065,467.8874967143,valid
052,Kranj,2021,2021-01-04,2021-12-27,94,57185,164.3787706566,valid
052,Kranj,2022,2022-01-03,2022-12-26,143,56639,252.4762089726,valid
052,Kranj,2023,2023-01-02,2023-12-25,90,57171,157.4224694338,valid
052,Kranj,2024,2024-01-01,2024-12-30,86,57138,150.5127935875,valid
053,Kranjska Gora,2016,2016-01-04,2016-12-26,24,5294,453.3434076313,valid
053,Kranjska Gora,2017,2017-01-02,2017-12-25,14,5286,264.850548619,valid
053,Kranjska Gora,2018,2018-01-01,2018-12-31,17,5212,326.1703760553,valid
053,Kranjska Gora,2019,2019-01-07,2019-12-30,20,5201,384.5414343396,valid
053,Kranjska Gora,2020,2020-01-06,2020-12-28,33,5225,631.5789473684,valid
053,Kranjska Gora,2021,2021-01-04,2021-12-27,15,7522,199.415049189,valid
053,Kranjska Gora,2022,2022-01-03,2022-12-26,48,7689,624.2684354272,valid
053,Kranjska Gora,2023,2023-01-02,2023-12-25,11,5878,187.138482477,valid
053,Kranjska Gora,2024,2024-01-01,2024-12-30,20,5247,381.1701924909,valid
054,Krško,2016,2016-01-04,2016-12-26,40,25884,154.5356204605,valid
054,Krško,2017,2017-01-02,2017-12-25,40,25853,154.7209221367,valid
054,Krško,2018,2018-01-01,2018-12-31,65,25833,251.6161498858,valid
054,Krško,2019,2019-01-07,2019-12-30,38,25996,146.1763348207,valid
054,Krško,2020,2020-01-06,2020-12-28,51,26224,194.4783404515,valid
054,Krško,2021,2021-01-04,2021-12-27,26,25904,100.3705991353,valid
054,Krško,2022,2022-01-03,2022-12-26,28,25833,108.3884953354,valid
054,Krško,2023,2023-01-02,2023-12-25,19,25982,73.1275498422,valid
054,Krško,2024,2024-01-01,2024-12-30,28,26019,107.6136669357,valid
055,Kungota,2016,2016-01-04,2016-12-26,8,4761,168.031926066,valid
055,Kungota,2017,2017-01-02,2017-12-25,10,4788,208.8554720134,valid
055,Kungota,2018,2018-01-01,2018-12-31,16,4762,335.9932801344,valid
055,Kungota,2019,2019-01-07,2019-12-30,9,4705,191.2858660999,valid
055,Kungota,2020,2020-01-06,2020-12-28,10,4724,211.6850127011,valid
055,Kungota,2021,2021-01-04,2021-12-27,7,4844,144.5086705202,valid
055,Kungota,2022,2022-01-03,2022-12-26,13,4916,264.4426362897,valid
055,Kungota,2023,2023-01-02,2023-12-25,4,4950,80.8080808081,valid
055,Kungota,2024,2024-01-01,2024-12-30,9,5032,178.8553259141,valid
056,Kuzma,2016,2016-01-04,2016-12-26,4,1582,252.8445006321,valid
056,Kuzma,2017,2017-01-02,2017-12-25,4,1577,253.6461636018,valid
056,Kuzma,2018,2018-01-01,2018-12-31,10,1555,643.0868167203,valid
056,Kuzma,2019,2019-01-07,2019-12-30,4,1573,254.2911633821,valid
056,Kuzma,2020,2020-01-06,2020-12-28,7,1573,445.0095359186,valid
056,Kuzma,2021,2021-01-04,2021-12-27,4,1624,246.3054187192,valid
056,Kuzma,2022,2022-01-03,2022-12-26,5,1654,302.2974607013,valid
056,Kuzma,2023,2023-01-02,2023-12-25,1,1636,61.1246943765,valid
056,Kuzma,2024,2024-01-01,2024-12-30,1,1625,61.5384615385,valid
057,Laško,2016,2016-01-04,2016-12-26,36,13156,273.6394040742,valid
057,Laško,2017,2017-01-02,2017-12-25,14,13145,106.5043742868,valid
057,Laško,2018,2018-01-01,2018-12-31,37,13081,282.8529928905,valid
057,Laško,2019,2019-01-07,2019-12-30,21,13006,161.4639397201,valid
057,Laško,2020,2020-01-06,2020-12-28,35,13067,267.8503099411,valid
057,Laško,2021,2021-01-04,2021-12-27,10,13123,76.2020879372,valid
057,Laško,2022,2022-01-03,2022-12-26,9,12976,69.3588162762,valid
057,Laško,2023,2023-01-02,2023-12-25,10,13013,76.8462306924,valid
057,Laško,2024,2024-01-01,2024-12-30,8,13002,61.5289955391,valid
058,Lenart,2016,2016-01-04,2016-12-26,10,8275,120.8459214502,valid
058,Lenart,2017,2017-01-02,2017-12-25,17,8251,206.0356320446,valid
058,Lenart,2018,2018-01-01,2018-12-31,23,8287,277.5431398576,valid
058,Lenart,2019,2019-01-07,2019-12-30,12,8432,142.3149905123,valid
058,Lenart,2020,2020-01-06,2020-12-28,32,8502,376.3820277582,valid
058,Lenart,2021,2021-01-04,2021-12-27,19,8512,223.2142857143,valid
058,Lenart,2022,2022-01-03,2022-12-26,11,8561,128.4896624226,valid
058,Lenart,2023,2023-01-02,2023-12-25,16,8648,185.0138760407,valid
058,Lenart,2024,2024-01-01,2024-12-30,12,8591,139.6810615761,valid
059,Lendava,2016,2016-01-04,2016-12-26,26,10538,246.7261339913,valid
059,Lendava,2017,2017-01-02,2017-12-25,21,10506,199.8857795545,valid
059,Lendava,2018,2018-01-01,2018-12-31,28,10406,269.0755333461,valid
059,Lendava,2019,2019-01-07,2019-12-30,30,10411,288.156757276,valid
059,Lendava,2020,2020-01-06,2020-12-28,33,10426,316.5164013044,valid
059,Lendava,2021,2021-01-04,2021-12-27,9,10486,85.828724013,valid
059,Lendava,2022,2022-01-03,2022-12-26,18,10312,174.5539177657,valid
059,Lendava,2023,2023-01-02,2023-12-25,10,10211,97.9336010185,valid
059,Lendava,2024,2024-01-01,2024-12-30,7,10180,68.7622789784,valid
060,Litija,2016,2016-01-04,2016-12-26,24,15099,158.9509239022,valid
060,Litija,2017,2017-01-02,2017-12-25,33,15215,216.891225764,valid
060,Litija,2018,2018-01-01,2018-12-31,51,15317,332.9633740289,valid
060,Litija,2019,2019-01-07,2019-12-30,28,15356,182.3391508205,valid
060,Litija,2020,2020-01-06,2020-12-28,41,15499,264.53319569,valid
060,Litija,2021,2021-01-04,2021-12-27,10,15743,63.5202947342,valid
060,Litija,2022,2022-01-03,2022-12-26,9,15720,57.2519083969,valid
060,Litija,2023,2023-01-02,2023-12-25,9,15753,57.1319748619,valid
060,Litija,2024,2024-01-01,2024-12-30,10,15834,63.155235569,valid
061,Ljubljana,2016,2016-01-04,2016-12-26,445,288307,154.3493567621,valid
061,Ljubljana,2017,2017-01-02,2017-12-25,487,288919,168.5593540058,valid
061,Ljubljana,2018,2018-01-01,2018-12-31,824,289518,284.6109741018,valid
061,Ljubljana,2019,2019-01-07,2019-12-30,456,292988,155.6377735607,valid
061,Ljubljana,2020,2020-01-06,2020-12-28,945,295504,319.7926254805,valid
061,Ljubljana,2021,2021-01-04,2021-12-27,381,294464,129.3876331232,valid
061,Ljubljana,2022,2022-01-03,2022-12-26,468,293218,159.6082095915,valid
061,Ljubljana,2023,2023-01-02,2023-12-25,428,296228,144.4833034014,valid
061,Ljubljana,2024,2024-01-01,2024-12-30,490,297575,164.6643703268,valid
062,Ljubno,2016,2016-01-04,2016-12-26,12,2604,460.8294930876,valid
062,Ljubno,2017,2017-01-02,2017-12-25,13,2572,505.4432348367,valid
062,Ljubno,2018,2018-01-01,2018-12-31,17,2545,667.9764243615,valid
062,Ljubno,2019,2019-01-07,2019-12-30,11,2541,432.9004329004,valid
062,Ljubno,2020,2020-01-06,2020-12-28,25,2550,980.3921568627,valid
062,Ljubno,2021,2021-01-04,2021-12-27,8,2576,310.5590062112,valid
062,Ljubno,2022,2022-01-03,2022-12-26,0,2542,0,valid
062,Ljubno,2023,2023-01-02,2023-12-25,0,2560,0,valid
062,Ljubno,2024,2024-01-01,2024-12-30,1,2512,39.8089171975,valid
063,Ljutomer,2016,2016-01-04,2016-12-26,60,11491,522.1477678183,valid
063,Ljutomer,2017,2017-01-02,2017-12-25,74,11374,650.6066467382,valid
063,Ljutomer,2018,2018-01-01,2018-12-31,137,11329,1209.2859034337,valid
063,Ljutomer,2019,2019-01-07,2019-12-30,98,11261,870.2601900364,valid
063,Ljutomer,2020,2020-01-06,2020-12-28,158,11268,1402.2009229677,valid
063,Ljutomer,2021,2021-01-04,2021-12-27,86,11233,765.6013531559,valid
063,Ljutomer,2022,2022-01-03,2022-12-26,86,11140,771.9928186715,valid
063,Ljutomer,2023,2023-01-02,2023-12-25,16,11042,144.9012859989,valid
063,Ljutomer,2024,2024-01-01,2024-12-30,13,11000,118.1818181818,valid
064,Logatec,2016,2016-01-04,2016-12-26,15,13752,109.07504363,valid
064,Logatec,2017,2017-01-02,2017-12-25,25,13802,181.1331691059,valid
064,Logatec,2018,2018-01-01,2018-12-31,59,13976,422.1522610189,valid
064,Logatec,2019,2019-01-07,2019-12-30,32,14150,226.148409894,valid
064,Logatec,2020,2020-01-06,2020-12-28,110,14396,764.1011392053,valid
064,Logatec,2021,2021-01-04,2021-12-27,35,14681,238.4033785164,valid
064,Logatec,2022,2022-01-03,2022-12-26,59,14699,401.3878495136,valid
064,Logatec,2023,2023-01-02,2023-12-25,36,15065,238.964487222,valid
064,Logatec,2024,2024-01-01,2024-12-30,46,15046,305.7290974345,valid
065,Loška dolina,2016,2016-01-04,2016-12-26,11,3857,285.1957479907,valid
065,Loška dolina,2017,2017-01-02,2017-12-25,15,3835,391.1342894394,valid
065,Loška dolina,2018,2018-01-01,2018-12-31,22,3731,589.6542481908,valid
065,Loška dolina,2019,2019-01-07,2019-12-30,15,3744,400.641025641,valid
065,Loška dolina,2020,2020-01-06,2020-12-28,13,3757,346.0207612457,valid
065,Loška dolina,2021,2021-01-04,2021-12-27,2,3703,54.0102619498,valid
065,Loška dolina,2022,2022-01-03,2022-12-26,5,3624,137.9690949227,valid
065,Loška dolina,2023,2023-01-02,2023-12-25,1,3550,28.1690140845,valid
065,Loška dolina,2024,2024-01-01,2024-12-30,7,3526,198.5252410664,valid
066,Loški Potok,2016,2016-01-04,2016-12-26,0,1866,0,valid
066,Loški Potok,2017,2017-01-02,2017-12-25,2,1863,107.3537305421,valid
066,Loški Potok,2018,2018-01-01,2018-12-31,0,1838,0,valid
066,Loški Potok,2019,2019-01-07,2019-12-30,2,1798,111.234705228,valid
066,Loški Potok,2020,2020-01-06,2020-12-28,5,1789,279.4857462269,valid
066,Loški Potok,2021,2021-01-04,2021-12-27,1,1816,55.0660792952,valid
066,Loški Potok,2022,2022-01-03,2022-12-26,1,1807,55.3403431101,valid
066,Loški Potok,2023,2023-01-02,2023-12-25,1,1797,55.6483027268,valid
066,Loški Potok,2024,2024-01-01,2024-12-30,0,1803,0,valid
067,Luče,2016,2016-01-04,2016-12-26,3,1495,200.6688963211,valid
067,Luče,2017,2017-01-02,2017-12-25,7,1490,469.7986577181,valid
067,Luče,2018,2018-01-01,2018-12-31,17,1472,1154.8913043478,valid
067,Luče,2019,2019-01-07,2019-12-30,9,1462,615.5950752394,valid
067,Luče,2020,2020-01-06,2020-12-28,23,1448,1588.3977900552,valid
067,Luče,2021,2021-01-04,2021-12-27,8,1454,550.2063273728,valid
067,Luče,2022,2022-01-03,2022-12-26,0,1455,0,valid
067,Luče,2023,2023-01-02,2023-12-25,1,1437,69.5894224078,valid
067,Luče,2024,2024-01-01,2024-12-30,0,1421,0,valid
068,Lukovica,2016,2016-01-04,2016-12-26,10,5731,174.4896178677,valid
068,Lukovica,2017,2017-01-02,2017-12-25,9,5761,156.2228779726,valid
068,Lukovica,2018,2018-01-01,2018-12-31,11,5799,189.6878772202,valid
068,Lukovica,2019,2019-01-07,2019-12-30,7,5838,119.9040767386,valid
068,Lukovica,2020,2020-01-06,2020-12-28,8,5890,135.8234295416,valid
068,Lukovica,2021,2021-01-04,2021-12-27,3,5888,50.9510869565,valid
068,Lukovica,2022,2022-01-03,2022-12-26,5,5978,83.6400133824,valid
068,Lukovica,2023,2023-01-02,2023-12-25,3,6020,49.8338870432,valid
068,Lukovica,2024,2024-01-01,2024-12-30,6,6131,97.8633175665,valid
069,Majšperk,2016,2016-01-04,2016-12-26,10,3986,250.8780732564,valid
069,Majšperk,2017,2017-01-02,2017-12-25,6,4016,149.4023904382,valid
069,Majšperk,2018,2018-01-01,2018-12-31,20,4021,497.3887092763,valid
069,Majšperk,2019,2019-01-07,2019-12-30,8,4042,197.9218208808,valid
069,Majšperk,2020,2020-01-06,2020-12-28,13,4056,320.5128205128,valid
069,Majšperk,2021,2021-01-04,2021-12-27,5,4060,123.1527093596,valid
069,Majšperk,2022,2022-01-03,2022-12-26,3,4026,74.5156482861,valid
069,Majšperk,2023,2023-01-02,2023-12-25,1,4002,24.9875062469,valid
069,Majšperk,2024,2024-01-01,2024-12-30,2,4011,49.862877088,valid
070,Maribor,2016,2016-01-04,2016-12-26,170,111832,152.013734888,valid
070,Maribor,2017,2017-01-02,2017-12-25,186,111079,167.4483925855,valid
070,Maribor,2018,2018-01-01,2018-12-31,292,110871,263.3691407131,valid
070,Maribor,2019,2019-01-07,2019-12-30,155,112065,138.3125864454,valid
070,Maribor,2020,2020-01-06,2020-12-28,181,112682,160.6290268188,valid
070,Maribor,2021,2021-01-04,2021-12-27,63,113778,55.3709856035,valid
070,Maribor,2022,2022-01-03,2022-12-26,69,113004,61.0597854943,valid
070,Maribor,2023,2023-01-02,2023-12-25,42,113000,37.1681415929,valid
070,Maribor,2024,2024-01-01,2024-12-30,72,113747,63.2983727043,valid
071,Medvode,2016,2016-01-04,2016-12-26,30,16032,187.125748503,valid
071,Medvode,2017,2017-01-02,2017-12-25,45,16236,277.1618625277,valid
071,Medvode,2018,2018-01-01,2018-12-31,64,16362,391.1502261337,valid
071,Medvode,2019,2019-01-07,2019-12-30,40,16573,241.3564230978,valid
071,Medvode,2020,2020-01-06,2020-12-28,79,16829,469.4277734862,valid
071,Medvode,2021,2021-01-04,2021-12-27,27,16811,160.6091249777,valid
071,Medvode,2022,2022-01-03,2022-12-26,15,16792,89.3282515484,valid
071,Medvode,2023,2023-01-02,2023-12-25,30,17076,175.6851721715,valid
071,Medvode,2024,2024-01-01,2024-12-30,64,17213,371.8120025562,valid
072,Mengeš,2016,2016-01-04,2016-12-26,9,7708,116.7618059159,valid
072,Mengeš,2017,2017-01-02,2017-12-25,14,7752,180.5985552116,valid
072,Mengeš,2018,2018-01-01,2018-12-31,17,7917,214.7278009347,valid
072,Mengeš,2019,2019-01-07,2019-12-30,3,8117,36.9594677837,valid
072,Mengeš,2020,2020-01-06,2020-12-28,15,8279,181.1813020896,valid
072,Mengeš,2021,2021-01-04,2021-12-27,5,8411,59.4459636191,valid
072,Mengeš,2022,2022-01-03,2022-12-26,11,8487,129.6099917521,valid
072,Mengeš,2023,2023-01-02,2023-12-25,1,8592,11.6387337058,valid
072,Mengeš,2024,2024-01-01,2024-12-30,7,8654,80.8874508898,valid
073,Metlika,2016,2016-01-04,2016-12-26,11,8382,131.2335958005,valid
073,Metlika,2017,2017-01-02,2017-12-25,10,8325,120.1201201201,valid
073,Metlika,2018,2018-01-01,2018-12-31,36,8339,431.7064396211,valid
073,Metlika,2019,2019-01-07,2019-12-30,8,8375,95.5223880597,valid
073,Metlika,2020,2020-01-06,2020-12-28,29,8470,342.3848878394,valid
073,Metlika,2021,2021-01-04,2021-12-27,18,8480,212.2641509434,valid
073,Metlika,2022,2022-01-03,2022-12-26,24,8452,283.9564600095,valid
073,Metlika,2023,2023-01-02,2023-12-25,7,8465,82.6934435913,valid
073,Metlika,2024,2024-01-01,2024-12-30,11,8439,130.3471975353,valid
074,Mežica,2016,2016-01-04,2016-12-26,9,3599,250.0694637399,valid
074,Mežica,2017,2017-01-02,2017-12-25,12,3573,335.852225021,valid
074,Mežica,2018,2018-01-01,2018-12-31,12,3541,338.8873199661,valid
074,Mežica,2019,2019-01-07,2019-12-30,7,3565,196.3534361851,valid
074,Mežica,2020,2020-01-06,2020-12-28,7,3595,194.7148817803,valid
074,Mežica,2021,2021-01-04,2021-12-27,2,3598,55.5864369094,valid
074,Mežica,2022,2022-01-03,2022-12-26,7,3567,196.2433417438,valid
074,Mežica,2023,2023-01-02,2023-12-25,1,3564,28.0583613917,valid
074,Mežica,2024,2024-01-01,2024-12-30,6,3554,168.8238604389,valid
075,Miren-Kostanjevica,2016,2016-01-04,2016-12-26,13,4825,269.4300518135,valid
075,Miren-Kostanjevica,2017,2017-01-02,2017-12-25,20,4838,413.3939644481,valid
075,Miren-Kostanjevica,2018,2018-01-01,2018-12-31,37,4858,761.6303005352,valid
075,Miren-Kostanjevica,2019,2019-01-07,2019-12-30,26,4949,525.3586583148,valid
075,Miren-Kostanjevica,2020,2020-01-06,2020-12-28,31,4977,622.8651798272,valid
075,Miren-Kostanjevica,2021,2021-01-04,2021-12-27,24,5029,477.2320540863,valid
075,Miren-Kostanjevica,2022,2022-01-03,2022-12-26,27,5072,532.334384858,valid
075,Miren-Kostanjevica,2023,2023-01-02,2023-12-25,21,5100,411.7647058824,valid
075,Miren-Kostanjevica,2024,2024-01-01,2024-12-30,5,5058,98.8533017003,valid
076,Mislinja,2016,2016-01-04,2016-12-26,4,4577,87.3934891851,valid
076,Mislinja,2017,2017-01-02,2017-12-25,9,4561,197.3251479939,valid
076,Mislinja,2018,2018-01-01,2018-12-31,23,4557,504.7180162388,valid
076,Mislinja,2019,2019-01-07,2019-12-30,5,4544,110.0352112676,valid
076,Mislinja,2020,2020-01-06,2020-12-28,14,4566,306.6141042488,valid
076,Mislinja,2021,2021-01-04,2021-12-27,3,4520,66.3716814159,valid
076,Mislinja,2022,2022-01-03,2022-12-26,7,4532,154.4571932921,valid
076,Mislinja,2023,2023-01-02,2023-12-25,3,4535,66.1521499449,valid
076,Mislinja,2024,2024-01-01,2024-12-30,7,4571,153.1393568147,valid
077,Moravče,2016,2016-01-04,2016-12-26,9,5271,170.7455890723,valid
077,Moravče,2017,2017-01-02,2017-12-25,7,5309,131.8515728009,valid
077,Moravče,2018,2018-01-01,2018-12-31,20,5328,375.3753753754,valid
077,Moravče,2019,2019-01-07,2019-12-30,4,5414,73.8825267824,valid
077,Moravče,2020,2020-01-06,2020-12-28,8,5449,146.8159295284,valid
077,Moravče,2021,2021-01-04,2021-12-27,3,5469,54.8546352167,valid
077,Moravče,2022,2022-01-03,2022-12-26,4,5522,72.4375226367,valid
077,Moravče,2023,2023-01-02,2023-12-25,2,5569,35.9130903214,valid
077,Moravče,2024,2024-01-01,2024-12-30,8,5651,141.5678640949,valid
078,Moravske Toplice,2016,2016-01-04,2016-12-26,18,5847,307.8501795793,valid
078,Moravske Toplice,2017,2017-01-02,2017-12-25,21,5831,360.144057623,valid
078,Moravske Toplice,2018,2018-01-01,2018-12-31,27,5826,463.4397528321,valid
078,Moravske Toplice,2019,2019-01-07,2019-12-30,21,5812,361.3214039917,valid
078,Moravske Toplice,2020,2020-01-06,2020-12-28,31,5837,531.0947404489,valid
078,Moravske Toplice,2021,2021-01-04,2021-12-27,15,5958,251.7623363545,valid
078,Moravske Toplice,2022,2022-01-03,2022-12-26,4,5990,66.7779632721,valid
078,Moravske Toplice,2023,2023-01-02,2023-12-25,3,5971,50.2428403952,valid
078,Moravske Toplice,2024,2024-01-01,2024-12-30,5,5964,83.836351442,valid
079,Mozirje,2016,2016-01-04,2016-12-26,20,4056,493.0966469428,valid
079,Mozirje,2017,2017-01-02,2017-12-25,25,4038,619.1183754334,valid
079,Mozirje,2018,2018-01-01,2018-12-31,40,4092,977.5171065494,valid
079,Mozirje,2019,2019-01-07,2019-12-30,19,4106,462.7374573794,valid
079,Mozirje,2020,2020-01-06,2020-12-28,21,4150,506.0240963855,valid
079,Mozirje,2021,2021-01-04,2021-12-27,1,4244,23.5626767201,valid
079,Mozirje,2022,2022-01-03,2022-12-26,2,4401,45.4442172234,valid
079,Mozirje,2023,2023-01-02,2023-12-25,0,4489,0,valid
079,Mozirje,2024,2024-01-01,2024-12-30,0,4532,0,valid
080,Murska Sobota,2016,2016-01-04,2016-12-26,30,18924,158.5288522511,valid
080,Murska Sobota,2017,2017-01-02,2017-12-25,32,18870,169.5813460519,valid
080,Murska Sobota,2018,2018-01-01,2018-12-31,53,18734,282.9080815629,valid
080,Murska Sobota,2019,2019-01-07,2019-12-30,23,18730,122.7976508275,valid
080,Murska Sobota,2020,2020-01-06,2020-12-28,66,18758,351.8498773856,valid
080,Murska Sobota,2021,2021-01-04,2021-12-27,12,18622,64.4399097841,valid
080,Murska Sobota,2022,2022-01-03,2022-12-26,17,18543,91.6788006256,valid
080,Murska Sobota,2023,2023-01-02,2023-12-25,6,18651,32.1698568441,valid
080,Murska Sobota,2024,2024-01-01,2024-12-30,6,18577,32.2980029068,valid
081,Muta,2016,2016-01-04,2016-12-26,7,3364,208.0856123662,valid
081,Muta,2017,2017-01-02,2017-12-25,5,3389,147.5361463559,valid
081,Muta,2018,2018-01-01,2018-12-31,15,3382,443.5245416913,valid
081,Muta,2019,2019-01-07,2019-12-30,5,3383,147.7978125924,valid
081,Muta,2020,2020-01-06,2020-12-28,28,3414,820.1523140012,valid
081,Muta,2021,2021-01-04,2021-12-27,6,3417,175.5926251097,valid
081,Muta,2022,2022-01-03,2022-12-26,11,3402,323.3392122281,valid
081,Muta,2023,2023-01-02,2023-12-25,8,3394,235.7100766058,valid
081,Muta,2024,2024-01-01,2024-12-30,8,3358,238.2370458606,valid
082,Naklo,2016,2016-01-04,2016-12-26,14,5283,265.000946432,valid
082,Naklo,2017,2017-01-02,2017-12-25,9,5350,168.2242990654,valid
082,Naklo,2018,2018-01-01,2018-12-31,24,5377,446.3455458434,valid
082,Naklo,2019,2019-01-07,2019-12-30,15,5422,276.650682405,valid
082,Naklo,2020,2020-01-06,2020-12-28,26,5384,482.912332838,valid
082,Naklo,2021,2021-01-04,2021-12-27,14,5431,257.7794144725,valid
082,Naklo,2022,2022-01-03,2022-12-26,14,5380,260.2230483271,valid
082,Naklo,2023,2023-01-02,2023-12-25,10,5495,181.9836214741,valid
082,Naklo,2024,2024-01-01,2024-12-30,6,5471,109.6691646865,valid
083,Nazarje,2016,2016-01-04,2016-12-26,8,2582,309.8373353989,valid
083,Nazarje,2017,2017-01-02,2017-12-25,6,2582,232.3780015492,valid
083,Nazarje,2018,2018-01-01,2018-12-31,19,2588,734.1576506955,valid
083,Nazarje,2019,2019-01-07,2019-12-30,7,2623,266.8699961876,valid
083,Nazarje,2020,2020-01-06,2020-12-28,3,2639,113.6794240243,valid
083,Nazarje,2021,2021-01-04,2021-12-27,1,2611,38.2995021065,valid
083,Nazarje,2022,2022-01-03,2022-12-26,0,2682,0,valid
083,Nazarje,2023,2023-01-02,2023-12-25,0,2673,0,valid
083,Nazarje,2024,2024-01-01,2024-12-30,0,2691,0,valid
084,Nova Gorica,2016,2016-01-04,2016-12-26,66,31798,207.5602239135,valid
084,Nova Gorica,2017,2017-01-02,2017-12-25,89,31825,279.65435978,valid
084,Nova Gorica,2018,2018-01-01,2018-12-31,150,31638,474.1134079272,valid
084,Nova Gorica,2019,2019-01-07,2019-12-30,114,31799,358.5018396805,valid
084,Nova Gorica,2020,2020-01-06,2020-12-28,209,31884,655.5011918203,valid
084,Nova Gorica,2021,2021-01-04,2021-12-27,92,31845,288.8993562569,valid
084,Nova Gorica,2022,2022-01-03,2022-12-26,151,31824,474.4846656611,valid
084,Nova Gorica,2023,2023-01-02,2023-12-25,66,32034,206.0310919648,valid
084,Nova Gorica,2024,2024-01-01,2024-12-30,83,31956,259.7321316811,valid
085,Novo mesto,2016,2016-01-04,2016-12-26,120,36503,328.7401035531,valid
085,Novo mesto,2017,2017-01-02,2017-12-25,93,36433,255.2630856641,valid
085,Novo mesto,2018,2018-01-01,2018-12-31,171,36533,468.069964142,valid
085,Novo mesto,2019,2019-01-07,2019-12-30,57,37063,153.7921916736,valid
085,Novo mesto,2020,2020-01-06,2020-12-28,169,37587,449.6235400537,valid
085,Novo mesto,2021,2021-01-04,2021-12-27,59,37398,157.7624471897,valid
085,Novo mesto,2022,2022-01-03,2022-12-26,61,37615,162.1693473348,valid
085,Novo mesto,2023,2023-01-02,2023-12-25,41,38075,107.682206172,valid
085,Novo mesto,2024,2024-01-01,2024-12-30,64,38348,166.8926671534,valid
086,Odranci,2016,2016-01-04,2016-12-26,3,1637,183.2620647526,valid
086,Odranci,2017,2017-01-02,2017-12-25,3,1631,183.9362354384,valid
086,Odranci,2018,2018-01-01,2018-12-31,3,1621,185.0709438618,valid
086,Odranci,2019,2019-01-07,2019-12-30,2,1641,121.8769043266,valid
086,Odranci,2020,2020-01-06,2020-12-28,1,1632,61.2745098039,valid
086,Odranci,2021,2021-01-04,2021-12-27,0,1619,0,valid
086,Odranci,2022,2022-01-03,2022-12-26,0,1595,0,valid
086,Odranci,2023,2023-01-02,2023-12-25,0,1606,0,valid
086,Odranci,2024,2024-01-01,2024-12-30,0,1592,0,valid
087,Ormož,2016,2016-01-04,2016-12-26,28,12316,227.3465410848,valid
087,Ormož,2017,2017-01-02,2017-12-25,51,12213,417.5878162614,valid
087,Ormož,2018,2018-01-01,2018-12-31,77,12112,635.7331571995,valid
087,Ormož,2019,2019-01-07,2019-12-30,43,11942,360.0736894992,valid
087,Ormož,2020,2020-01-06,2020-12-28,64,11906,537.5440954141,valid
087,Ormož,2021,2021-01-04,2021-12-27,18,11886,151.4386673397,valid
087,Ormož,2022,2022-01-03,2022-12-26,25,11890,210.2607232969,valid
087,Ormož,2023,2023-01-02,2023-12-25,30,11912,251.8468770987,valid
087,Ormož,2024,2024-01-01,2024-12-30,29,11813,245.4922542961,valid
088,Osilnica,2016,2016-01-04,2016-12-26,3,372,806.4516129032,valid
088,Osilnica,2017,2017-01-02,2017-12-25,0,377,0,valid
088,Osilnica,2018,2018-01-01,2018-12-31,1,370,270.2702702703,valid
088,Osilnica,2019,2019-01-07,2019-12-30,0,369,0,valid
088,Osilnica,2020,2020-01-06,2020-12-28,0,353,0,valid
088,Osilnica,2021,2021-01-04,2021-12-27,0,327,0,valid
088,Osilnica,2022,2022-01-03,2022-12-26,0,321,0,valid
088,Osilnica,2023,2023-01-02,2023-12-25,0,339,0,valid
088,Osilnica,2024,2024-01-01,2024-12-30,0,331,0,valid
089,Pesnica,2016,2016-01-04,2016-12-26,13,7391,175.8895954539,valid
089,Pesnica,2017,2017-01-02,2017-12-25,13,7365,176.5105227427,valid
089,Pesnica,2018,2018-01-01,2018-12-31,22,7369,298.5479712308,valid
089,Pesnica,2019,2019-01-07,2019-12-30,17,7331,231.8919656254,valid
089,Pesnica,2020,2020-01-06,2020-12-28,28,7410,377.8677462888,valid
089,Pesnica,2021,2021-01-04,2021-12-27,5,7508,66.5956313266,valid
089,Pesnica,2022,2022-01-03,2022-12-26,4,7576,52.7983104541,valid
089,Pesnica,2023,2023-01-02,2023-12-25,6,7608,78.8643533123,valid
089,Pesnica,2024,2024-01-01,2024-12-30,6,7709,77.8311064989,valid
090,Piran,2016,2016-01-04,2016-12-26,36,17829,201.9182231196,valid
090,Piran,2017,2017-01-02,2017-12-25,15,17782,84.3549656956,valid
090,Piran,2018,2018-01-01,2018-12-31,16,17643,90.6875247974,valid
090,Piran,2019,2019-01-07,2019-12-30,15,17671,84.8848395677,valid
090,Piran,2020,2020-01-06,2020-12-28,27,17676,152.749490835,valid
090,Piran,2021,2021-01-04,2021-12-27,32,18457,173.3759549223,valid
090,Piran,2022,2022-01-03,2022-12-26,33,18432,179.0364583333,valid
090,Piran,2023,2023-01-02,2023-12-25,20,18253,109.5710294198,valid
090,Piran,2024,2024-01-01,2024-12-30,14,18119,77.2669573376,valid
091,Pivka,2016,2016-01-04,2016-12-26,41,6064,676.1213720317,valid
091,Pivka,2017,2017-01-02,2017-12-25,38,6073,625.7204017784,valid
091,Pivka,2018,2018-01-01,2018-12-31,57,6044,943.0840502978,valid
091,Pivka,2019,2019-01-07,2019-12-30,20,6162,324.5699448231,valid
091,Pivka,2020,2020-01-06,2020-12-28,34,6201,548.2986615062,valid
091,Pivka,2021,2021-01-04,2021-12-27,10,6190,161.5508885299,valid
091,Pivka,2022,2022-01-03,2022-12-26,9,6230,144.4622792937,valid
091,Pivka,2023,2023-01-02,2023-12-25,17,6226,273.0485062641,valid
091,Pivka,2024,2024-01-01,2024-12-30,23,6162,373.2554365466,valid
092,Podčetrtek,2016,2016-01-04,2016-12-26,3,3325,90.2255639098,valid
092,Podčetrtek,2017,2017-01-02,2017-12-25,2,3353,59.6480763495,valid
092,Podčetrtek,2018,2018-01-01,2018-12-31,1,3353,29.8240381748,valid
092,Podčetrtek,2019,2019-01-07,2019-12-30,3,3430,87.4635568513,valid
092,Podčetrtek,2020,2020-01-06,2020-12-28,4,3446,116.076610563,valid
092,Podčetrtek,2021,2021-01-04,2021-12-27,0,3614,0,valid
092,Podčetrtek,2022,2022-01-03,2022-12-26,1,3657,27.344818157,valid
092,Podčetrtek,2023,2023-01-02,2023-12-25,0,3597,0,valid
092,Podčetrtek,2024,2024-01-01,2024-12-30,1,3618,27.6395798784,valid
093,Podvelka,2016,2016-01-04,2016-12-26,4,2371,168.7051876845,valid
093,Podvelka,2017,2017-01-02,2017-12-25,6,2365,253.6997885835,valid
093,Podvelka,2018,2018-01-01,2018-12-31,12,2358,508.9058524173,valid
093,Podvelka,2019,2019-01-07,2019-12-30,4,2355,169.8513800425,valid
093,Podvelka,2020,2020-01-06,2020-12-28,12,2339,513.0397605814,valid
093,Podvelka,2021,2021-01-04,2021-12-27,3,2365,126.8498942918,valid
093,Podvelka,2022,2022-01-03,2022-12-26,12,2337,513.4788189987,valid
093,Podvelka,2023,2023-01-02,2023-12-25,6,2310,259.7402597403,valid
093,Podvelka,2024,2024-01-01,2024-12-30,7,2258,310.0088573959,valid
094,Postojna,2016,2016-01-04,2016-12-26,74,16068,460.5426935524,valid
094,Postojna,2017,2017-01-02,2017-12-25,62,16176,383.2838773492,valid
094,Postojna,2018,2018-01-01,2018-12-31,79,16207,487.4436971679,valid
094,Postojna,2019,2019-01-07,2019-12-30,39,16189,240.9043177466,valid
094,Postojna,2020,2020-01-06,2020-12-28,57,16442,346.6731541175,valid
094,Postojna,2021,2021-01-04,2021-12-27,18,16675,107.9460269865,valid
094,Postojna,2022,2022-01-03,2022-12-26,39,16753,232.7941264251,valid
094,Postojna,2023,2023-01-02,2023-12-25,18,17264,104.2632066728,valid
094,Postojna,2024,2024-01-01,2024-12-30,33,17672,186.7360796741,valid
095,Preddvor,2016,2016-01-04,2016-12-26,16,3582,446.6778336125,valid
095,Preddvor,2017,2017-01-02,2017-12-25,9,3597,250.2085070892,valid
095,Preddvor,2018,2018-01-01,2018-12-31,18,3619,497.3749654601,valid
095,Preddvor,2019,2019-01-07,2019-12-30,8,3688,216.9197396963,valid
095,Preddvor,2020,2020-01-06,2020-12-28,20,3714,538.5029617663,valid
095,Preddvor,2021,2021-01-04,2021-12-27,7,3780,185.1851851852,valid
095,Preddvor,2022,2022-01-03,2022-12-26,22,3811,577.2763054316,valid
095,Preddvor,2023,2023-01-02,2023-12-25,9,3870,232.5581395349,valid
095,Preddvor,2024,2024-01-01,2024-12-30,15,3865,388.0983182406,valid
096,Ptuj,2016,2016-01-04,2016-12-26,30,23129,129.7072938735,valid
096,Ptuj,2017,2017-01-02,2017-12-25,35,23117,151.4037288576,valid
096,Ptuj,2018,2018-01-01,2018-12-31,77,23162,332.4410672653,valid
096,Ptuj,2019,2019-01-07,2019-12-30,44,23257,189.1903512921,valid
096,Ptuj,2020,2020-01-06,2020-12-28,52,23530,220.9944751381,valid
096,Ptuj,2021,2021-01-04,2021-12-27,22,23611,93.1769090678,valid
096,Ptuj,2022,2022-01-03,2022-12-26,31,23509,131.8643923604,valid
096,Ptuj,2023,2023-01-02,2023-12-25,16,23525,68.0127523911,valid
096,Ptuj,2024,2024-01-01,2024-12-30,20,23872,83.7801608579,valid
097,Puconci,2016,2016-01-04,2016-12-26,21,5990,350.5843071786,valid
097,Puconci,2017,2017-01-02,2017-12-25,26,5948,437.1217215871,valid
097,Puconci,2018,2018-01-01,2018-12-31,33,5938,555.7426743011,valid
097,Puconci,2019,2019-01-07,2019-12-30,13,5881,221.0508416936,valid
097,Puconci,2020,2020-01-06,2020-12-28,29,5873,493.7851183382,valid
097,Puconci,2021,2021-01-04,2021-12-27,10,5904,169.3766937669,valid
097,Puconci,2022,2022-01-03,2022-12-26,7,5871,119.2301141203,valid
097,Puconci,2023,2023-01-02,2023-12-25,13,5890,220.7130730051,valid
097,Puconci,2024,2024-01-01,2024-12-30,17,5882,289.0173410405,valid
098,Rače-Fram,2016,2016-01-04,2016-12-26,13,7105,182.96973962,valid
098,Rače-Fram,2017,2017-01-02,2017-12-25,10,7150,139.8601398601,valid
098,Rače-Fram,2018,2018-01-01,2018-12-31,16,7247,220.7810128329,valid
098,Rače-Fram,2019,2019-01-07,2019-12-30,9,7371,122.1001221001,valid
098,Rače-Fram,2020,2020-01-06,2020-12-28,16,7531,212.4551852344,valid
098,Rače-Fram,2021,2021-01-04,2021-12-27,13,7623,170.5365341729,valid
098,Rače-Fram,2022,2022-01-03,2022-12-26,4,7749,51.6195638147,valid
098,Rače-Fram,2023,2023-01-02,2023-12-25,2,7959,25.1287850232,valid
098,Rače-Fram,2024,2024-01-01,2024-12-30,7,8036,87.1080139373,valid
099,Radeče,2016,2016-01-04,2016-12-26,9,4279,210.3295162421,valid
099,Radeče,2017,2017-01-02,2017-12-25,4,4240,94.3396226415,valid
099,Radeče,2018,2018-01-01,2018-12-31,8,4211,189.9786274044,valid
099,Radeče,2019,2019-01-07,2019-12-30,2,4165,48.0192076831,valid
099,Radeče,2020,2020-01-06,2020-12-28,2,4139,48.320850447,valid
099,Radeče,2021,2021-01-04,2021-12-27,2,4164,48.0307396734,valid
099,Radeče,2022,2022-01-03,2022-12-26,0,4146,0,valid
099,Radeče,2023,2023-01-02,2023-12-25,0,4108,0,valid
099,Radeče,2024,2024-01-01,2024-12-30,0,4114,0,valid
100,Radenci,2016,2016-01-04,2016-12-26,20,5138,389.2565200467,valid
100,Radenci,2017,2017-01-02,2017-12-25,15,5160,290.6976744186,valid
100,Radenci,2018,2018-01-01,2018-12-31,12,5151,232.9644729179,valid
100,Radenci,2019,2019-01-07,2019-12-30,7,5108,137.0399373532,valid
100,Radenci,2020,2020-01-06,2020-12-28,20,5112,391.2363067293,valid
100,Radenci,2021,2021-01-04,2021-12-27,9,5098,176.5398195371,valid
100,Radenci,2022,2022-01-03,2022-12-26,6,5056,118.6708860759,valid
100,Radenci,2023,2023-01-02,2023-12-25,2,5202,38.4467512495,valid
100,Radenci,2024,2024-01-01,2024-12-30,3,5104,58.7774294671,valid
101,Radlje ob Dravi,2016,2016-01-04,2016-12-26,4,6215,64.3604183427,valid
101,Radlje ob Dravi,2017,2017-01-02,2017-12-25,9,6184,145.5368693402,valid
101,Radlje ob Dravi,2018,2018-01-01,2018-12-31,16,6191,258.4396704894,valid
101,Radlje ob Dravi,2019,2019-01-07,2019-12-30,6,6185,97.0088924818,valid
101,Radlje ob Dravi,2020,2020-01-06,2020-12-28,26,6169,421.462149457,valid
101,Radlje ob Dravi,2021,2021-01-04,2021-12-27,7,6164,113.5626216742,valid
101,Radlje ob Dravi,2022,2022-01-03,2022-12-26,15,6181,242.6791781265,valid
101,Radlje ob Dravi,2023,2023-01-02,2023-12-25,12,6142,195.3760989906,valid
101,Radlje ob Dravi,2024,2024-01-01,2024-12-30,11,6180,177.9935275081,valid
102,Radovljica,2016,2016-01-04,2016-12-26,85,18816,451.7431972789,valid
102,Radovljica,2017,2017-01-02,2017-12-25,74,18822,393.1569440017,valid
102,Radovljica,2018,2018-01-01,2018-12-31,162,18872,858.4145824502,valid
102,Radovljica,2019,2019-01-07,2019-12-30,99,19025,520.3679369251,valid
102,Radovljica,2020,2020-01-06,2020-12-28,194,19072,1017.1979865772,valid
102,Radovljica,2021,2021-01-04,2021-12-27,67,19195,349.0492315707,valid
102,Radovljica,2022,2022-01-03,2022-12-26,153,19325,791.7205692109,valid
102,Radovljica,2023,2023-01-02,2023-12-25,78,19315,403.8312192596,valid
102,Radovljica,2024,2024-01-01,2024-12-30,97,19406,499.8454086365,valid
103,Ravne na Koroškem,2016,2016-01-04,2016-12-26,31,11342,273.3204020455,valid
103,Ravne na Koroškem,2017,2017-01-02,2017-12-25,45,11302,398.1596177668,valid
103,Ravne na Koroškem,2018,2018-01-01,2018-12-31,82,11253,728.6945703368,valid
103,Ravne na Koroškem,2019,2019-01-07,2019-12-30,35,11294,309.8990614486,valid
103,Ravne na Koroškem,2020,2020-01-06,2020-12-28,95,11348,837.1519210434,valid
103,Ravne na Koroškem,2021,2021-01-04,2021-12-27,25,11289,221.454513243,valid
103,Ravne na Koroškem,2022,2022-01-03,2022-12-26,52,11228,463.1278945493,valid
103,Ravne na Koroškem,2023,2023-01-02,2023-12-25,17,11199,151.7992677918,valid
103,Ravne na Koroškem,2024,2024-01-01,2024-12-30,20,11170,179.0510295434,valid
104,Ribnica,2016,2016-01-04,2016-12-26,10,9347,106.9861987804,valid
104,Ribnica,2017,2017-01-02,2017-12-25,10,9390,106.4962726305,valid
104,Ribnica,2018,2018-01-01,2018-12-31,9,9377,95.9795243681,valid
104,Ribnica,2019,2019-01-07,2019-12-30,18,9483,189.8133502056,valid
104,Ribnica,2020,2020-01-06,2020-12-28,12,9527,125.9578041356,valid
104,Ribnica,2021,2021-01-04,2021-12-27,8,9644,82.9531314807,valid
104,Ribnica,2022,2022-01-03,2022-12-26,7,9684,72.2841800909,valid
104,Ribnica,2023,2023-01-02,2023-12-25,8,9783,81.7745067975,valid
104,Ribnica,2024,2024-01-01,2024-12-30,5,9807,50.9839910268,valid
105,Rogašovci,2016,2016-01-04,2016-12-26,5,3111,160.7200257152,valid
105,Rogašovci,2017,2017-01-02,2017-12-25,6,3065,195.7585644372,valid
105,Rogašovci,2018,2018-01-01,2018-12-31,6,3084,194.5525291829,valid
105,Rogašovci,2019,2019-01-07,2019-12-30,5,3060,163.3986928105,valid
105,Rogašovci,2020,2020-01-06,2020-12-28,5,3024,165.3439153439,valid
105,Rogašovci,2021,2021-01-04,2021-12-27,4,3114,128.4521515735,valid
105,Rogašovci,2022,2022-01-03,2022-12-26,3,3125,96,valid
105,Rogašovci,2023,2023-01-02,2023-12-25,4,3104,128.8659793814,valid
105,Rogašovci,2024,2024-01-01,2024-12-30,2,3076,65.0195058518,valid
106,Rogaška Slatina,2016,2016-01-04,2016-12-26,14,10958,127.7605402446,valid
106,Rogaška Slatina,2017,2017-01-02,2017-12-25,17,10994,154.6297980717,valid
106,Rogaška Slatina,2018,2018-01-01,2018-12-31,18,11002,163.6066169787,valid
106,Rogaška Slatina,2019,2019-01-07,2019-12-30,12,11057,108.5285339604,valid
106,Rogaška Slatina,2020,2020-01-06,2020-12-28,30,11132,269.4933524973,valid
106,Rogaška Slatina,2021,2021-01-04,2021-12-27,7,11323,61.821072154,valid
106,Rogaška Slatina,2022,2022-01-03,2022-12-26,5,11438,43.7139360028,valid
106,Rogaška Slatina,2023,2023-01-02,2023-12-25,10,11614,86.1029791631,valid
106,Rogaška Slatina,2024,2024-01-01,2024-12-30,14,11594,120.752113162,valid
107,Rogatec,2016,2016-01-04,2016-12-26,5,3093,161.6553507921,valid
107,Rogatec,2017,2017-01-02,2017-12-25,8,3051,262.2091117666,valid
107,Rogatec,2018,2018-01-01,2018-12-31,16,3042,525.969756739,valid
107,Rogatec,2019,2019-01-07,2019-12-30,5,3060,163.3986928105,valid
107,Rogatec,2020,2020-01-06,2020-12-28,13,3106,418.5447520927,valid
107,Rogatec,2021,2021-01-04,2021-12-27,3,3138,95.6022944551,valid
107,Rogatec,2022,2022-01-03,2022-12-26,0,3055,0,valid
107,Rogatec,2023,2023-01-02,2023-12-25,2,3034,65.9195781147,valid
107,Rogatec,2024,2024-01-01,2024-12-30,0,3049,0,valid
108,Ruše,2016,2016-01-04,2016-12-26,15,7150,209.7902097902,valid
108,Ruše,2017,2017-01-02,2017-12-25,10,7075,141.3427561837,valid
108,Ruše,2018,2018-01-01,2018-12-31,13,7087,183.4344574573,valid
108,Ruše,2019,2019-01-07,2019-12-30,9,7070,127.2984441301,valid
108,Ruše,2020,2020-01-06,2020-12-28,20,7017,285.0220892119,valid
108,Ruše,2021,2021-01-04,2021-12-27,5,7055,70.8717221828,valid
108,Ruše,2022,2022-01-03,2022-12-26,2,7091,28.2047666056,valid
108,Ruše,2023,2023-01-02,2023-12-25,5,7127,70.1557457556,valid
108,Ruše,2024,2024-01-01,2024-12-30,8,7149,111.903762764,valid
109,Semič,2016,2016-01-04,2016-12-26,21,3780,555.5555555556,valid
109,Semič,2017,2017-01-02,2017-12-25,9,3798,236.9668246445,valid
109,Semič,2018,2018-01-01,2018-12-31,27,3767,716.7507300239,valid
109,Semič,2019,2019-01-07,2019-12-30,12,3824,313.8075313808,valid
109,Semič,2020,2020-01-06,2020-12-28,27,3864,698.7577639752,valid
109,Semič,2021,2021-01-04,2021-12-27,16,3887,411.628505274,valid
109,Semič,2022,2022-01-03,2022-12-26,15,3864,388.198757764,valid
109,Semič,2023,2023-01-02,2023-12-25,5,3832,130.4801670146,valid
109,Semič,2024,2024-01-01,2024-12-30,8,3834,208.6593635889,valid
110,Sevnica,2016,2016-01-04,2016-12-26,34,17510,194.1747572816,valid
110,Sevnica,2017,2017-01-02,2017-12-25,24,17469,137.3862270307,valid
110,Sevnica,2018,2018-01-01,2018-12-31,54,17446,309.5265390347,valid
110,Sevnica,2019,2019-01-07,2019-12-30,19,17537,108.3423618635,valid
110,Sevnica,2020,2020-01-06,2020-12-28,38,17642,215.3950799229,valid
110,Sevnica,2021,2021-01-04,2021-12-27,18,17639,102.0466012813,valid
110,Sevnica,2022,2022-01-03,2022-12-26,18,17661,101.9194836079,valid
110,Sevnica,2023,2023-01-02,2023-12-25,10,17654,56.6443865413,valid
110,Sevnica,2024,2024-01-01,2024-12-30,20,17632,113.4301270417,valid
111,Sežana,2016,2016-01-04,2016-12-26,21,13160,159.5744680851,valid
111,Sežana,2017,2017-01-02,2017-12-25,19,13236,143.5478996676,valid
111,Sežana,2018,2018-01-01,2018-12-31,33,13276,248.568846038,valid
111,Sežana,2019,2019-01-07,2019-12-30,16,13425,119.1806331471,valid
111,Sežana,2020,2020-01-06,2020-12-28,9,13551,66.4157626743,valid
111,Sežana,2021,2021-01-04,2021-12-27,12,13802,86.9439211708,valid
111,Sežana,2022,2022-01-03,2022-12-26,11,13842,79.4682849299,valid
111,Sežana,2023,2023-01-02,2023-12-25,10,13824,72.337962963,valid
111,Sežana,2024,2024-01-01,2024-12-30,5,13839,36.1297781632,valid
112,Slovenj Gradec,2016,2016-01-04,2016-12-26,29,16720,173.4449760766,valid
112,Slovenj Gradec,2017,2017-01-02,2017-12-25,25,16621,150.4121292341,valid
112,Slovenj Gradec,2018,2018-01-01,2018-12-31,41,16525,248.1089258699,valid
112,Slovenj Gradec,2019,2019-01-07,2019-12-30,18,16596,108.4598698482,valid
112,Slovenj Gradec,2020,2020-01-06,2020-12-28,123,16591,741.3658007353,valid
112,Slovenj Gradec,2021,2021-01-04,2021-12-27,24,16595,144.6218740585,valid
112,Slovenj Gradec,2022,2022-01-03,2022-12-26,37,16716,221.3448193348,valid
112,Slovenj Gradec,2023,2023-01-02,2023-12-25,12,16955,70.7755824241,valid
112,Slovenj Gradec,2024,2024-01-01,2024-12-30,26,17062,152.3854178877,valid
113,Slovenska Bistrica,2016,2016-01-04,2016-12-26,39,25413,153.4647621296,valid
113,Slovenska Bistrica,2017,2017-01-02,2017-12-25,43,25468,168.8393277839,valid
113,Slovenska Bistrica,2018,2018-01-01,2018-12-31,60,25524,235.0728725905,valid
113,Slovenska Bistrica,2019,2019-01-07,2019-12-30,29,25599,113.2856752217,valid
113,Slovenska Bistrica,2020,2020-01-06,2020-12-28,31,25827,120.0294265691,valid
113,Slovenska Bistrica,2021,2021-01-04,2021-12-27,24,25949,92.4891132606,valid
113,Slovenska Bistrica,2022,2022-01-03,2022-12-26,28,26042,107.5186237616,valid
113,Slovenska Bistrica,2023,2023-01-02,2023-12-25,19,26206,72.502480348,valid
113,Slovenska Bistrica,2024,2024-01-01,2024-12-30,44,26129,168.3952696238,valid
114,Slovenske Konjice,2016,2016-01-04,2016-12-26,30,14623,205.1562606852,valid
114,Slovenske Konjice,2017,2017-01-02,2017-12-25,24,14726,162.9770473992,valid
114,Slovenske Konjice,2018,2018-01-01,2018-12-31,39,14848,262.661637931,valid
114,Slovenske Konjice,2019,2019-01-07,2019-12-30,19,14917,127.3714553865,valid
114,Slovenske Konjice,2020,2020-01-06,2020-12-28,31,15042,206.0896157426,valid
114,Slovenske Konjice,2021,2021-01-04,2021-12-27,12,15263,78.6215029811,valid
114,Slovenske Konjice,2022,2022-01-03,2022-12-26,17,15221,111.6877997503,valid
114,Slovenske Konjice,2023,2023-01-02,2023-12-25,8,15313,52.243192059,valid
114,Slovenske Konjice,2024,2024-01-01,2024-12-30,12,15485,77.4943493704,valid
115,Starše,2016,2016-01-04,2016-12-26,10,4072,245.57956778,valid
115,Starše,2017,2017-01-02,2017-12-25,8,4005,199.7503121099,valid
115,Starše,2018,2018-01-01,2018-12-31,15,3973,377.5484520513,valid
115,Starše,2019,2019-01-07,2019-12-30,8,3974,201.3085052843,valid
115,Starše,2020,2020-01-06,2020-12-28,9,4046,222.4419179436,valid
115,Starše,2021,2021-01-04,2021-12-27,5,4081,122.5189904435,valid
115,Starše,2022,2022-01-03,2022-12-26,4,4077,98.1113563895,valid
115,Starše,2023,2023-01-02,2023-12-25,0,4132,0,valid
115,Starše,2024,2024-01-01,2024-12-30,4,4148,96.4320154291,valid
116,Sveti Jurij ob Ščavnici,2016,2016-01-04,2016-12-26,18,2863,628.7111421586,valid
116,Sveti Jurij ob Ščavnici,2017,2017-01-02,2017-12-25,27,2827,955.0760523523,valid
116,Sveti Jurij ob Ščavnici,2018,2018-01-01,2018-12-31,28,2830,989.3992932862,valid
116,Sveti Jurij ob Ščavnici,2019,2019-01-07,2019-12-30,22,2806,784.034212402,valid
116,Sveti Jurij ob Ščavnici,2020,2020-01-06,2020-12-28,26,2782,934.5794392523,valid
116,Sveti Jurij ob Ščavnici,2021,2021-01-04,2021-12-27,9,2834,317.572335921,valid
116,Sveti Jurij ob Ščavnici,2022,2022-01-03,2022-12-26,9,2855,315.2364273205,valid
116,Sveti Jurij ob Ščavnici,2023,2023-01-02,2023-12-25,3,2816,106.5340909091,valid
116,Sveti Jurij ob Ščavnici,2024,2024-01-01,2024-12-30,5,2790,179.2114695341,valid
117,Šenčur,2016,2016-01-04,2016-12-26,27,8580,314.6853146853,valid
117,Šenčur,2017,2017-01-02,2017-12-25,30,8557,350.5901601028,valid
117,Šenčur,2018,2018-01-01,2018-12-31,43,8592,500.4655493482,valid
117,Šenčur,2019,2019-01-07,2019-12-30,18,8650,208.0924855491,valid
117,Šenčur,2020,2020-01-06,2020-12-28,50,8814,567.2793283413,valid
117,Šenčur,2021,2021-01-04,2021-12-27,28,8829,317.136708574,valid
117,Šenčur,2022,2022-01-03,2022-12-26,34,8893,382.3231755313,valid
117,Šenčur,2023,2023-01-02,2023-12-25,11,8939,123.0562702763,valid
117,Šenčur,2024,2024-01-01,2024-12-30,19,8786,216.2531299795,valid
118,Šentilj,2016,2016-01-04,2016-12-26,12,8339,143.9021465404,valid
118,Šentilj,2017,2017-01-02,2017-12-25,16,8371,191.1360649863,valid
118,Šentilj,2018,2018-01-01,2018-12-31,20,8521,234.7142354184,valid
118,Šentilj,2019,2019-01-07,2019-12-30,19,8438,225.1718416686,valid
118,Šentilj,2020,2020-01-06,2020-12-28,34,8351,407.1368698359,valid
118,Šentilj,2021,2021-01-04,2021-12-27,5,8375,59.7014925373,valid
118,Šentilj,2022,2022-01-03,2022-12-26,14,8367,167.3240109956,valid
118,Šentilj,2023,2023-01-02,2023-12-25,5,8403,59.50255861,valid
118,Šentilj,2024,2024-01-01,2024-12-30,8,8475,94.395280236,valid
119,Šentjernej,2016,2016-01-04,2016-12-26,8,6993,114.4001144001,valid
119,Šentjernej,2017,2017-01-02,2017-12-25,17,7094,239.6391316606,valid
119,Šentjernej,2018,2018-01-01,2018-12-31,34,7062,481.4500141603,valid
119,Šentjernej,2019,2019-01-07,2019-12-30,12,7125,168.4210526316,valid
119,Šentjernej,2020,2020-01-06,2020-12-28,40,7199,555.6327267676,valid
119,Šentjernej,2021,2021-01-04,2021-12-27,13,7225,179.9307958478,valid
119,Šentjernej,2022,2022-01-03,2022-12-26,13,7247,179.3845729267,valid
119,Šentjernej,2023,2023-01-02,2023-12-25,10,7356,135.9434475258,valid
119,Šentjernej,2024,2024-01-01,2024-12-30,15,7418,202.2108385009,valid
120,Šentjur,2016,2016-01-04,2016-12-26,47,18990,247.4986835176,valid
120,Šentjur,2017,2017-01-02,2017-12-25,42,19001,221.0409978422,valid
120,Šentjur,2018,2018-01-01,2018-12-31,75,18971,395.3402561805,valid
120,Šentjur,2019,2019-01-07,2019-12-30,43,19084,225.3196394886,valid
120,Šentjur,2020,2020-01-06,2020-12-28,86,19225,447.3342002601,valid
120,Šentjur,2021,2021-01-04,2021-12-27,29,19378,149.6542470843,valid
120,Šentjur,2022,2022-01-03,2022-12-26,33,19378,170.2962121994,valid
120,Šentjur,2023,2023-01-02,2023-12-25,13,19482,66.7282619854,valid
120,Šentjur,2024,2024-01-01,2024-12-30,23,19579,117.4728024925,valid
121,Škocjan,2016,2016-01-04,2016-12-26,7,3236,216.3164400494,valid
121,Škocjan,2017,2017-01-02,2017-12-25,4,3267,122.4364860728,valid
121,Škocjan,2018,2018-01-01,2018-12-31,10,3261,306.6544004906,valid
121,Škocjan,2019,2019-01-07,2019-12-30,7,3290,212.7659574468,valid
121,Škocjan,2020,2020-01-06,2020-12-28,2,3352,59.6658711217,valid
121,Škocjan,2021,2021-01-04,2021-12-27,1,3429,29.163021289,valid
121,Škocjan,2022,2022-01-03,2022-12-26,3,3419,87.7449546651,valid
121,Škocjan,2023,2023-01-02,2023-12-25,5,3423,146.0706982179,valid
121,Škocjan,2024,2024-01-01,2024-12-30,8,3478,230.0172512938,valid
122,Škofja Loka,2016,2016-01-04,2016-12-26,68,22927,296.5935360056,valid
122,Škofja Loka,2017,2017-01-02,2017-12-25,82,22935,357.5321560933,valid
122,Škofja Loka,2018,2018-01-01,2018-12-31,141,22919,615.2100877002,valid
122,Škofja Loka,2019,2019-01-07,2019-12-30,72,23076,312.0124804992,valid
122,Škofja Loka,2020,2020-01-06,2020-12-28,133,23297,570.8889556595,valid
122,Škofja Loka,2021,2021-01-04,2021-12-27,33,23462,140.6529707612,valid
122,Škofja Loka,2022,2022-01-03,2022-12-26,58,23622,245.533824401,valid
122,Škofja Loka,2023,2023-01-02,2023-12-25,33,23779,138.7779132848,valid
122,Škofja Loka,2024,2024-01-01,2024-12-30,36,23901,150.6213129158,valid
123,Škofljica,2016,2016-01-04,2016-12-26,34,10618,320.2109625165,valid
123,Škofljica,2017,2017-01-02,2017-12-25,40,10917,366.4010259229,valid
123,Škofljica,2018,2018-01-01,2018-12-31,58,11098,522.6166876915,valid
123,Škofljica,2019,2019-01-07,2019-12-30,21,11180,187.8354203936,valid
123,Škofljica,2020,2020-01-06,2020-12-28,52,11577,449.1664507213,valid
123,Škofljica,2021,2021-01-04,2021-12-27,22,11657,188.7278030368,valid
123,Škofljica,2022,2022-01-03,2022-12-26,33,11666,282.8733070461,valid
123,Škofljica,2023,2023-01-02,2023-12-25,13,11897,109.2712448516,valid
123,Škofljica,2024,2024-01-01,2024-12-30,29,12017,241.324789881,valid
124,Šmarje pri Jelšah,2016,2016-01-04,2016-12-26,9,10260,87.7192982456,valid
124,Šmarje pri Jelšah,2017,2017-01-02,2017-12-25,13,10253,126.7921583927,valid
124,Šmarje pri Jelšah,2018,2018-01-01,2018-12-31,26,10227,254.2290016623,valid
124,Šmarje pri Jelšah,2019,2019-01-07,2019-12-30,8,10256,78.0031201248,valid
124,Šmarje pri Jelšah,2020,2020-01-06,2020-12-28,13,10271,126.5699542401,valid
124,Šmarje pri Jelšah,2021,2021-01-04,2021-12-27,6,10375,57.8313253012,valid
124,Šmarje pri Jelšah,2022,2022-01-03,2022-12-26,1,10361,9.651578033,valid
124,Šmarje pri Jelšah,2023,2023-01-02,2023-12-25,9,10505,85.6734888149,valid
124,Šmarje pri Jelšah,2024,2024-01-01,2024-12-30,8,10573,75.6644282607,valid
125,Šmartno ob Paki,2016,2016-01-04,2016-12-26,5,3240,154.3209876543,valid
125,Šmartno ob Paki,2017,2017-01-02,2017-12-25,2,3203,62.4414611302,valid
125,Šmartno ob Paki,2018,2018-01-01,2018-12-31,4,3224,124.0694789082,valid
125,Šmartno ob Paki,2019,2019-01-07,2019-12-30,9,3261,275.9889604416,valid
125,Šmartno ob Paki,2020,2020-01-06,2020-12-28,1,3265,30.6278713629,valid
125,Šmartno ob Paki,2021,2021-01-04,2021-12-27,0,3278,0,valid
125,Šmartno ob Paki,2022,2022-01-03,2022-12-26,2,3324,60.1684717208,valid
125,Šmartno ob Paki,2023,2023-01-02,2023-12-25,0,3369,0,valid
125,Šmartno ob Paki,2024,2024-01-01,2024-12-30,1,3379,29.594554602,valid
126,Šoštanj,2016,2016-01-04,2016-12-26,18,8705,206.7777139575,valid
126,Šoštanj,2017,2017-01-02,2017-12-25,3,8641,34.7182039116,valid
126,Šoštanj,2018,2018-01-01,2018-12-31,13,8667,149.9942309911,valid
126,Šoštanj,2019,2019-01-07,2019-12-30,5,8701,57.4646592346,valid
126,Šoštanj,2020,2020-01-06,2020-12-28,28,8784,318.7613843352,valid
126,Šoštanj,2021,2021-01-04,2021-12-27,8,8847,90.4261331525,valid
126,Šoštanj,2022,2022-01-03,2022-12-26,8,8822,90.6823849467,valid
126,Šoštanj,2023,2023-01-02,2023-12-25,2,9064,22.0653133274,valid
126,Šoštanj,2024,2024-01-01,2024-12-30,6,9132,65.703022339,valid
127,Štore,2016,2016-01-04,2016-12-26,4,4239,94.3618778014,valid
127,Štore,2017,2017-01-02,2017-12-25,3,4242,70.7213578501,valid
127,Štore,2018,2018-01-01,2018-12-31,10,4257,234.9072116514,valid
127,Štore,2019,2019-01-07,2019-12-30,5,4616,108.3188908146,valid
127,Štore,2020,2020-01-06,2020-12-28,11,4529,242.8792227865,valid
127,Štore,2021,2021-01-04,2021-12-27,2,4477,44.6727719455,valid
127,Štore,2022,2022-01-03,2022-12-26,1,4396,22.7479526843,valid
127,Štore,2023,2023-01-02,2023-12-25,1,4466,22.3914017017,valid
127,Štore,2024,2024-01-01,2024-12-30,0,4452,0,valid
128,Tolmin,2016,2016-01-04,2016-12-26,47,11281,416.6297314068,valid
128,Tolmin,2017,2017-01-02,2017-12-25,48,11211,428.1509232004,valid
128,Tolmin,2018,2018-01-01,2018-12-31,91,11147,816.3631470351,valid
128,Tolmin,2019,2019-01-07,2019-12-30,44,11073,397.3629549354,valid
128,Tolmin,2020,2020-01-06,2020-12-28,117,11003,1063.3463600836,valid
128,Tolmin,2021,2021-01-04,2021-12-27,41,11018,372.118351788,valid
128,Tolmin,2022,2022-01-03,2022-12-26,73,10953,666.4840682918,valid
128,Tolmin,2023,2023-01-02,2023-12-25,26,10899,238.5539957794,valid
128,Tolmin,2024,2024-01-01,2024-12-30,70,10838,645.8756228086,valid
129,Trbovlje,2016,2016-01-04,2016-12-26,28,16339,171.369116837,valid
129,Trbovlje,2017,2017-01-02,2017-12-25,25,16221,154.1212009124,valid
129,Trbovlje,2018,2018-01-01,2018-12-31,70,16052,436.0827311238,valid
129,Trbovlje,2019,2019-01-07,2019-12-30,22,16018,137.3454863279,valid
129,Trbovlje,2020,2020-01-06,2020-12-28,69,16105,428.438373176,valid
129,Trbovlje,2021,2021-01-04,2021-12-27,6,16024,37.4438342486,valid
129,Trbovlje,2022,2022-01-03,2022-12-26,3,15893,18.8762348204,valid
129,Trbovlje,2023,2023-01-02,2023-12-25,2,15958,12.5328988595,valid
129,Trbovlje,2024,2024-01-01,2024-12-30,9,16000,56.25,valid
130,Trebnje,2016,2016-01-04,2016-12-26,17,12354,137.6072527117,valid
130,Trebnje,2017,2017-01-02,2017-12-25,17,12522,135.7610605335,valid
130,Trebnje,2018,2018-01-01,2018-12-31,45,12662,355.3940925604,valid
130,Trebnje,2019,2019-01-07,2019-12-30,18,12903,139.5024412927,valid
130,Trebnje,2020,2020-01-06,2020-12-28,43,13133,327.4194776517,valid
130,Trebnje,2021,2021-01-04,2021-12-27,14,13310,105.1840721262,valid
130,Trebnje,2022,2022-01-03,2022-12-26,15,13413,111.8318049653,valid
130,Trebnje,2023,2023-01-02,2023-12-25,12,13477,89.0405876679,valid
130,Trebnje,2024,2024-01-01,2024-12-30,19,13574,139.9734787093,valid
131,Tržič,2016,2016-01-04,2016-12-26,28,14872,188.2732651963,valid
131,Tržič,2017,2017-01-02,2017-12-25,49,14870,329.522528581,valid
131,Tržič,2018,2018-01-01,2018-12-31,34,14766,230.2587024245,valid
131,Tržič,2019,2019-01-07,2019-12-30,84,14880,564.5161290323,valid
131,Tržič,2020,2020-01-06,2020-12-28,21,14961,140.3649488671,valid
131,Tržič,2021,2021-01-04,2021-12-27,5,15054,33.2137637837,valid
131,Tržič,2022,2022-01-03,2022-12-26,16,15011,106.5885017654,valid
131,Tržič,2023,2023-01-02,2023-12-25,10,15058,66.4098817904,valid
131,Tržič,2024,2024-01-01,2024-12-30,28,15120,185.1851851852,valid
132,Turnišče,2016,2016-01-04,2016-12-26,12,3263,367.7597303095,valid
132,Turnišče,2017,2017-01-02,2017-12-25,13,3248,400.2463054187,valid
132,Turnišče,2018,2018-01-01,2018-12-31,8,3206,249.5321272614,valid
132,Turnišče,2019,2019-01-07,2019-12-30,10,3194,313.0870381966,valid
132,Turnišče,2020,2020-01-06,2020-12-28,12,3145,381.5580286169,valid
132,Turnišče,2021,2021-01-04,2021-12-27,9,3190,282.131661442,valid
132,Turnišče,2022,2022-01-03,2022-12-26,7,3153,222.0107833809,valid
132,Turnišče,2023,2023-01-02,2023-12-25,10,3163,316.1555485299,valid
132,Turnišče,2024,2024-01-01,2024-12-30,7,3123,224.1434518092,valid
133,Velenje,2016,2016-01-04,2016-12-26,35,32747,106.8800195438,valid
133,Velenje,2017,2017-01-02,2017-12-25,40,32718,122.2568616664,valid
133,Velenje,2018,2018-01-01,2018-12-31,66,32802,201.2072434608,valid
133,Velenje,2019,2019-01-07,2019-12-30,24,33293,72.0872255429,valid
133,Velenje,2020,2020-01-06,2020-12-28,22,33656,65.3672450677,valid
133,Velenje,2021,2021-01-04,2021-12-27,7,33715,20.7622719858,valid
133,Velenje,2022,2022-01-03,2022-12-26,11,33548,32.7888398712,valid
133,Velenje,2023,2023-01-02,2023-12-25,4,33474,11.9495728028,valid
133,Velenje,2024,2024-01-01,2024-12-30,2,33775,5.9215396003,valid
134,Velike Lašče,2016,2016-01-04,2016-12-26,13,4264,304.8780487805,valid
134,Velike Lašče,2017,2017-01-02,2017-12-25,18,4303,418.3128050198,valid
134,Velike Lašče,2018,2018-01-01,2018-12-31,32,4303,743.667208924,valid
134,Velike Lašče,2019,2019-01-07,2019-12-30,17,4351,390.7147782119,valid
134,Velike Lašče,2020,2020-01-06,2020-12-28,32,4410,725.6235827664,valid
134,Velike Lašče,2021,2021-01-04,2021-12-27,18,4520,398.2300884956,valid
134,Velike Lašče,2022,2022-01-03,2022-12-26,54,4584,1178.0104712042,valid
134,Velike Lašče,2023,2023-01-02,2023-12-25,29,4520,641.592920354,valid
134,Velike Lašče,2024,2024-01-01,2024-12-30,33,4537,727.35287635,valid
135,Videm,2016,2016-01-04,2016-12-26,6,5481,109.4690749863,valid
135,Videm,2017,2017-01-02,2017-12-25,11,5523,199.1671193192,valid
135,Videm,2018,2018-01-01,2018-12-31,12,5538,216.684723727,valid
135,Videm,2019,2019-01-07,2019-12-30,7,5568,125.7183908046,valid
135,Videm,2020,2020-01-06,2020-12-28,12,5625,213.3333333333,valid
135,Videm,2021,2021-01-04,2021-12-27,5,5684,87.9662209711,valid
135,Videm,2022,2022-01-03,2022-12-26,2,5601,35.7079093019,valid
135,Videm,2023,2023-01-02,2023-12-25,2,5614,35.6252226576,valid
135,Videm,2024,2024-01-01,2024-12-30,3,5598,53.59056806,valid
136,Vipava,2016,2016-01-04,2016-12-26,28,5605,499.5539696699,valid
136,Vipava,2017,2017-01-02,2017-12-25,33,5615,587.7114870882,valid
136,Vipava,2018,2018-01-01,2018-12-31,48,5580,860.2150537634,valid
136,Vipava,2019,2019-01-07,2019-12-30,32,5600,571.4285714286,valid
136,Vipava,2020,2020-01-06,2020-12-28,69,5703,1209.8895318254,valid
136,Vipava,2021,2021-01-04,2021-12-27,29,5767,502.8611062944,valid
136,Vipava,2022,2022-01-03,2022-12-26,56,5822,961.8687736173,valid
136,Vipava,2023,2023-01-02,2023-12-25,19,5867,323.8452360661,valid
136,Vipava,2024,2024-01-01,2024-12-30,22,5891,373.4510269903,valid
137,Vitanje,2016,2016-01-04,2016-12-26,6,2269,264.4336712208,valid
137,Vitanje,2017,2017-01-02,2017-12-25,6,2271,264.2007926024,valid
137,Vitanje,2018,2018-01-01,2018-12-31,11,2251,488.671701466,valid
137,Vitanje,2019,2019-01-07,2019-12-30,6,2262,265.2519893899,valid
137,Vitanje,2020,2020-01-06,2020-12-28,24,2272,1056.338028169,valid
137,Vitanje,2021,2021-01-04,2021-12-27,1,2267,44.1111601235,valid
137,Vitanje,2022,2022-01-03,2022-12-26,0,2266,0,valid
137,Vitanje,2023,2023-01-02,2023-12-25,2,2242,89.2060660125,valid
137,Vitanje,2024,2024-01-01,2024-12-30,1,2238,44.6827524576,valid
138,Vodice,2016,2016-01-04,2016-12-26,14,4804,291.4238134888,valid
138,Vodice,2017,2017-01-02,2017-12-25,15,4831,310.4947215897,valid
138,Vodice,2018,2018-01-01,2018-12-31,33,4861,678.8726599465,valid
138,Vodice,2019,2019-01-07,2019-12-30,10,4958,201.694231545,valid
138,Vodice,2020,2020-01-06,2020-12-28,22,4985,441.3239719157,valid
138,Vodice,2021,2021-01-04,2021-12-27,6,4983,120.4093919326,valid
138,Vodice,2022,2022-01-03,2022-12-26,8,4974,160.8363490149,valid
138,Vodice,2023,2023-01-02,2023-12-25,13,5123,253.7575639274,valid
138,Vodice,2024,2024-01-01,2024-12-30,13,5201,249.9519323207,valid
139,Vojnik,2016,2016-01-04,2016-12-26,14,8685,161.1974668969,valid
139,Vojnik,2017,2017-01-02,2017-12-25,16,8725,183.3810888252,valid
139,Vojnik,2018,2018-01-01,2018-12-31,26,8732,297.7553825011,valid
139,Vojnik,2019,2019-01-07,2019-12-30,7,8801,79.5364163163,valid
139,Vojnik,2020,2020-01-06,2020-12-28,29,8907,325.5866172673,valid
139,Vojnik,2021,2021-01-04,2021-12-27,8,9009,88.8000888001,valid
139,Vojnik,2022,2022-01-03,2022-12-26,4,9063,44.1354959726,valid
139,Vojnik,2023,2023-01-02,2023-12-25,2,9146,21.8674830527,valid
139,Vojnik,2024,2024-01-01,2024-12-30,4,9219,43.388653867,valid
140,Vrhnika,2016,2016-01-04,2016-12-26,40,16848,237.4169040836,valid
140,Vrhnika,2017,2017-01-02,2017-12-25,51,16907,301.6502040575,valid
140,Vrhnika,2018,2018-01-01,2018-12-31,83,16978,488.8679467546,valid
140,Vrhnika,2019,2019-01-07,2019-12-30,50,17272,289.4858730894,valid
140,Vrhnika,2020,2020-01-06,2020-12-28,118,17529,673.1701751383,valid
140,Vrhnika,2021,2021-01-04,2021-12-27,45,17613,255.4931016863,valid
140,Vrhnika,2022,2022-01-03,2022-12-26,32,17684,180.954535173,valid
140,Vrhnika,2023,2023-01-02,2023-12-25,59,17923,329.1859621715,valid
140,Vrhnika,2024,2024-01-01,2024-12-30,57,18151,314.0322847226,valid
141,Vuzenica,2016,2016-01-04,2016-12-26,3,2687,111.648678824,valid
141,Vuzenica,2017,2017-01-02,2017-12-25,5,2670,187.265917603,valid
141,Vuzenica,2018,2018-01-01,2018-12-31,9,2685,335.1955307263,valid
141,Vuzenica,2019,2019-01-07,2019-12-30,3,2658,112.8668171558,valid
141,Vuzenica,2020,2020-01-06,2020-12-28,21,2649,792.75198188,valid
141,Vuzenica,2021,2021-01-04,2021-12-27,3,2649,113.2502831257,valid
141,Vuzenica,2022,2022-01-03,2022-12-26,4,2652,150.8295625943,valid
141,Vuzenica,2023,2023-01-02,2023-12-25,7,2667,262.467191601,valid
141,Vuzenica,2024,2024-01-01,2024-12-30,4,2641,151.4577811435,valid
142,Zagorje ob Savi,2016,2016-01-04,2016-12-26,38,16650,228.2282282282,valid
142,Zagorje ob Savi,2017,2017-01-02,2017-12-25,34,16575,205.1282051282,valid
142,Zagorje ob Savi,2018,2018-01-01,2018-12-31,66,16504,399.9030538051,valid
142,Zagorje ob Savi,2019,2019-01-07,2019-12-30,14,16434,85.1892418157,valid
142,Zagorje ob Savi,2020,2020-01-06,2020-12-28,60,16439,364.9857047266,valid
142,Zagorje ob Savi,2021,2021-01-04,2021-12-27,11,16379,67.1591672263,valid
142,Zagorje ob Savi,2022,2022-01-03,2022-12-26,16,16307,98.1173729073,valid
142,Zagorje ob Savi,2023,2023-01-02,2023-12-25,13,16413,79.2055078292,valid
142,Zagorje ob Savi,2024,2024-01-01,2024-12-30,25,16470,151.7911353977,valid
143,Zavrč,2016,2016-01-04,2016-12-26,1,1722,58.0720092915,valid
143,Zavrč,2017,2017-01-02,2017-12-25,1,1819,54.9752611325,valid
143,Zavrč,2018,2018-01-01,2018-12-31,5,1768,282.8054298643,valid
143,Zavrč,2019,2019-01-07,2019-12-30,4,1525,262.2950819672,valid
143,Zavrč,2020,2020-01-06,2020-12-28,3,1479,202.8397565923,valid
143,Zavrč,2021,2021-01-04,2021-12-27,1,1527,65.4878847413,valid
143,Zavrč,2022,2022-01-03,2022-12-26,3,1506,199.203187251,valid
143,Zavrč,2023,2023-01-02,2023-12-25,1,1484,67.3854447439,valid
143,Zavrč,2024,2024-01-01,2024-12-30,0,1478,0,valid
144,Zreče,2016,2016-01-04,2016-12-26,11,6395,172.0093823299,valid
144,Zreče,2017,2017-01-02,2017-12-25,17,6409,265.2519893899,valid
144,Zreče,2018,2018-01-01,2018-12-31,19,6402,296.7822555451,valid
144,Zreče,2019,2019-01-07,2019-12-30,4,6443,62.0828806457,valid
144,Zreče,2020,2020-01-06,2020-12-28,22,6550,335.8778625954,valid
144,Zreče,2021,2021-01-04,2021-12-27,7,6600,106.0606060606,valid
144,Zreče,2022,2022-01-03,2022-12-26,12,6576,182.4817518248,valid
144,Zreče,2023,2023-01-02,2023-12-25,10,6645,150.489089541,valid
144,Zreče,2024,2024-01-01,2024-12-30,9,6653,135.2773185029,valid
146,Železniki,2016,2016-01-04,2016-12-26,24,6705,357.9418344519,valid
146,Železniki,2017,2017-01-02,2017-12-25,21,6675,314.606741573,valid
146,Železniki,2018,2018-01-01,2018-12-31,48,6709,715.4568490088,valid
146,Železniki,2019,2019-01-07,2019-12-30,30,6689,448.4975332636,valid
146,Železniki,2020,2020-01-06,2020-12-28,65,6720,967.2619047619,valid
146,Železniki,2021,2021-01-04,2021-12-27,17,6699,253.7692192865,valid
146,Železniki,2022,2022-01-03,2022-12-26,37,6685,553.4779356769,valid
146,Železniki,2023,2023-01-02,2023-12-25,18,6643,270.9619147975,valid
146,Železniki,2024,2024-01-01,2024-12-30,22,6672,329.7362110312,valid
147,Žiri,2016,2016-01-04,2016-12-26,21,4870,431.2114989733,valid
147,Žiri,2017,2017-01-02,2017-12-25,17,4841,351.1671142326,valid
147,Žiri,2018,2018-01-01,2018-12-31,37,4871,759.5976185588,valid
147,Žiri,2019,2019-01-07,2019-12-30,11,4876,225.5947497949,valid
147,Žiri,2020,2020-01-06,2020-12-28,9,4933,182.4447597811,valid
147,Žiri,2021,2021-01-04,2021-12-27,3,4981,60.2288697049,valid
147,Žiri,2022,2022-01-03,2022-12-26,10,4990,200.4008016032,valid
147,Žiri,2023,2023-01-02,2023-12-25,6,5055,118.6943620178,valid
147,Žiri,2024,2024-01-01,2024-12-30,3,5047,59.441252229,valid
148,Benedikt,2016,2016-01-04,2016-12-26,9,2491,361.3006824568,valid
148,Benedikt,2017,2017-01-02,2017-12-25,10,2486,402.252614642,valid
148,Benedikt,2018,2018-01-01,2018-12-31,12,2514,477.3269689737,valid
148,Benedikt,2019,2019-01-07,2019-12-30,7,2577,271.6336825766,valid
148,Benedikt,2020,2020-01-06,2020-12-28,12,2615,458.8910133843,valid
148,Benedikt,2021,2021-01-04,2021-12-27,6,2614,229.5332823259,valid
148,Benedikt,2022,2022-01-03,2022-12-26,5,2684,186.2891207154,valid
148,Benedikt,2023,2023-01-02,2023-12-25,7,2735,255.9414990859,valid
148,Benedikt,2024,2024-01-01,2024-12-30,5,2728,183.284457478,valid
149,Bistrica ob Sotli,2016,2016-01-04,2016-12-26,6,1365,439.5604395604,valid
149,Bistrica ob Sotli,2017,2017-01-02,2017-12-25,0,1353,0,valid
149,Bistrica ob Sotli,2018,2018-01-01,2018-12-31,1,1346,74.294205052,valid
149,Bistrica ob Sotli,2019,2019-01-07,2019-12-30,0,1327,0,valid
149,Bistrica ob Sotli,2020,2020-01-06,2020-12-28,2,1336,149.7005988024,valid
149,Bistrica ob Sotli,2021,2021-01-04,2021-12-27,0,1356,0,valid
149,Bistrica ob Sotli,2022,2022-01-03,2022-12-26,1,1361,73.4753857458,valid
149,Bistrica ob Sotli,2023,2023-01-02,2023-12-25,0,1354,0,valid
149,Bistrica ob Sotli,2024,2024-01-01,2024-12-30,1,1348,74.1839762611,valid
150,Bloke,2016,2016-01-04,2016-12-26,3,1538,195.0585175553,valid
150,Bloke,2017,2017-01-02,2017-12-25,8,1522,525.6241787122,valid
150,Bloke,2018,2018-01-01,2018-12-31,10,1532,652.7415143603,valid
150,Bloke,2019,2019-01-07,2019-12-30,5,1555,321.5434083601,valid
150,Bloke,2020,2020-01-06,2020-12-28,12,1564,767.26342711,valid
150,Bloke,2021,2021-01-04,2021-12-27,2,1616,123.7623762376,valid
150,Bloke,2022,2022-01-03,2022-12-26,5,1610,310.5590062112,valid
150,Bloke,2023,2023-01-02,2023-12-25,1,1564,63.9386189258,valid
150,Bloke,2024,2024-01-01,2024-12-30,9,1566,574.7126436782,valid
151,Braslovče,2016,2016-01-04,2016-12-26,8,5473,146.1721176686,valid
151,Braslovče,2017,2017-01-02,2017-12-25,13,5556,233.9812814975,valid
151,Braslovče,2018,2018-01-01,2018-12-31,24,5524,434.4677769732,valid
151,Braslovče,2019,2019-01-07,2019-12-30,10,5523,181.0610175629,valid
151,Braslovče,2020,2020-01-06,2020-12-28,24,5639,425.6073771945,valid
151,Braslovče,2021,2021-01-04,2021-12-27,7,5656,123.7623762376,valid
151,Braslovče,2022,2022-01-03,2022-12-26,12,5681,211.2304171801,valid
151,Braslovče,2023,2023-01-02,2023-12-25,12,5723,209.6802376376,valid
151,Braslovče,2024,2024-01-01,2024-12-30,7,5819,120.2955834336,valid
152,Cankova,2016,2016-01-04,2016-12-26,2,1814,110.2535832415,valid
152,Cankova,2017,2017-01-02,2017-12-25,5,1794,278.7068004459,valid
152,Cankova,2018,2018-01-01,2018-12-31,5,1755,284.9002849003,valid
152,Cankova,2019,2019-01-07,2019-12-30,3,1735,172.9106628242,valid
152,Cankova,2020,2020-01-06,2020-12-28,4,1734,230.6805074971,valid
152,Cankova,2021,2021-01-04,2021-12-27,3,1753,171.1351968055,valid
152,Cankova,2022,2022-01-03,2022-12-26,1,1740,57.4712643678,valid
152,Cankova,2023,2023-01-02,2023-12-25,4,1765,226.6288951841,valid
152,Cankova,2024,2024-01-01,2024-12-30,0,1769,0,valid
153,Cerkvenjak,2016,2016-01-04,2016-12-26,1,2044,48.9236790607,valid
153,Cerkvenjak,2017,2017-01-02,2017-12-25,9,2074,433.9440694311,valid
153,Cerkvenjak,2018,2018-01-01,2018-12-31,9,2037,441.8262150221,valid
153,Cerkvenjak,2019,2019-01-07,2019-12-30,9,2058,437.3177842566,valid
153,Cerkvenjak,2020,2020-01-06,2020-12-28,6,2083,288.046087374,valid
153,Cerkvenjak,2021,2021-01-04,2021-12-27,2,2171,92.1234454169,valid
153,Cerkvenjak,2022,2022-01-03,2022-12-26,3,2179,137.6778338687,valid
153,Cerkvenjak,2023,2023-01-02,2023-12-25,6,2216,270.7581227437,valid
153,Cerkvenjak,2024,2024-01-01,2024-12-30,5,2247,222.5189141077,valid
154,Dobje,2016,2016-01-04,2016-12-26,6,981,611.620795107,valid
154,Dobje,2017,2017-01-02,2017-12-25,6,977,614.1248720573,valid
154,Dobje,2018,2018-01-01,2018-12-31,3,965,310.8808290155,valid
154,Dobje,2019,2019-01-07,2019-12-30,4,966,414.0786749482,valid
154,Dobje,2020,2020-01-06,2020-12-28,10,949,1053.7407797682,valid
154,Dobje,2021,2021-01-04,2021-12-27,1,934,107.0663811563,valid
154,Dobje,2022,2022-01-03,2022-12-26,4,942,424.6284501062,valid
154,Dobje,2023,2023-01-02,2023-12-25,1,969,103.1991744066,valid
154,Dobje,2024,2024-01-01,2024-12-30,1,970,103.0927835052,valid
155,Dobrna,2016,2016-01-04,2016-12-26,0,2192,0,valid
155,Dobrna,2017,2017-01-02,2017-12-25,0,2226,0,valid
155,Dobrna,2018,2018-01-01,2018-12-31,1,2208,45.2898550725,valid
155,Dobrna,2019,2019-01-07,2019-12-30,2,2226,89.8472596586,valid
155,Dobrna,2020,2020-01-06,2020-12-28,5,2234,223.8137869293,valid
155,Dobrna,2021,2021-01-04,2021-12-27,0,2250,0,valid
155,Dobrna,2022,2022-01-03,2022-12-26,1,2277,43.9174352218,valid
155,Dobrna,2023,2023-01-02,2023-12-25,0,2297,0,valid
155,Dobrna,2024,2024-01-01,2024-12-30,2,2313,86.4677907479,valid
156,Dobrovnik,2016,2016-01-04,2016-12-26,4,1277,313.2341425215,valid
156,Dobrovnik,2017,2017-01-02,2017-12-25,4,1274,313.9717425432,valid
156,Dobrovnik,2018,2018-01-01,2018-12-31,3,1291,232.3780015492,valid
156,Dobrovnik,2019,2019-01-07,2019-12-30,2,1284,155.7632398754,valid
156,Dobrovnik,2020,2020-01-06,2020-12-28,1,1284,77.8816199377,valid
156,Dobrovnik,2021,2021-01-04,2021-12-27,2,1293,154.6790409899,valid
156,Dobrovnik,2022,2022-01-03,2022-12-26,1,1263,79.1765637371,valid
156,Dobrovnik,2023,2023-01-02,2023-12-25,2,1254,159.4896331738,valid
156,Dobrovnik,2024,2024-01-01,2024-12-30,0,1258,0,valid
157,Dolenjske Toplice,2016,2016-01-04,2016-12-26,7,3407,205.4593484004,valid
157,Dolenjske Toplice,2017,2017-01-02,2017-12-25,7,3447,203.075137801,valid
157,Dolenjske Toplice,2018,2018-01-01,2018-12-31,22,3436,640.2793946449,valid
157,Dolenjske Toplice,2019,2019-01-07,2019-12-30,7,3489,200.6305531671,valid
157,Dolenjske Toplice,2020,2020-01-06,2020-12-28,21,3553,591.049817056,valid
157,Dolenjske Toplice,2021,2021-01-04,2021-12-27,4,3593,111.3275814083,valid
157,Dolenjske Toplice,2022,2022-01-03,2022-12-26,4,3589,111.4516578434,valid
157,Dolenjske Toplice,2023,2023-01-02,2023-12-25,2,3611,55.3863195791,valid
157,Dolenjske Toplice,2024,2024-01-01,2024-12-30,3,3618,82.9187396352,valid
158,Grad,2016,2016-01-04,2016-12-26,16,2166,738.6888273315,valid
158,Grad,2017,2017-01-02,2017-12-25,10,2110,473.9336492891,valid
158,Grad,2018,2018-01-01,2018-12-31,10,2105,475.0593824228,valid
158,Grad,2019,2019-01-07,2019-12-30,5,2076,240.8477842004,valid
158,Grad,2020,2020-01-06,2020-12-28,13,2042,636.6307541626,valid
158,Grad,2021,2021-01-04,2021-12-27,7,2087,335.409678965,valid
158,Grad,2022,2022-01-03,2022-12-26,7,2063,339.3116820165,valid
158,Grad,2023,2023-01-02,2023-12-25,4,2005,199.5012468828,valid
158,Grad,2024,2024-01-01,2024-12-30,4,1985,201.5113350126,valid
159,Hajdina,2016,2016-01-04,2016-12-26,1,3712,26.9396551724,valid
159,Hajdina,2017,2017-01-02,2017-12-25,7,3747,186.8161195623,valid
159,Hajdina,2018,2018-01-01,2018-12-31,11,3745,293.7249666222,valid
159,Hajdina,2019,2019-01-07,2019-12-30,6,3797,158.0194890703,valid
159,Hajdina,2020,2020-01-06,2020-12-28,7,3879,180.4588811549,valid
159,Hajdina,2021,2021-01-04,2021-12-27,0,3938,0,valid
159,Hajdina,2022,2022-01-03,2022-12-26,4,3873,103.2791117996,valid
159,Hajdina,2023,2023-01-02,2023-12-25,2,3897,51.3215293816,valid
159,Hajdina,2024,2024-01-01,2024-12-30,2,4001,49.9875031242,valid
160,Hoče-Slivnica,2016,2016-01-04,2016-12-26,23,11273,204.0273219196,valid
160,Hoče-Slivnica,2017,2017-01-02,2017-12-25,26,11285,230.394328755,valid
160,Hoče-Slivnica,2018,2018-01-01,2018-12-31,38,11415,332.8953131844,valid
160,Hoče-Slivnica,2019,2019-01-07,2019-12-30,22,11768,186.9476546567,valid
160,Hoče-Slivnica,2020,2020-01-06,2020-12-28,33,11753,280.7793754786,valid
160,Hoče-Slivnica,2021,2021-01-04,2021-12-27,10,11720,85.3242320819,valid
160,Hoče-Slivnica,2022,2022-01-03,2022-12-26,17,11723,145.0140748955,valid
160,Hoče-Slivnica,2023,2023-01-02,2023-12-25,13,11885,109.3815734119,valid
160,Hoče-Slivnica,2024,2024-01-01,2024-12-30,11,11981,91.8120357232,valid
161,Hodoš,2016,2016-01-04,2016-12-26,1,375,266.6666666667,valid
161,Hodoš,2017,2017-01-02,2017-12-25,2,367,544.9591280654,valid
161,Hodoš,2018,2018-01-01,2018-12-31,2,362,552.4861878453,valid
161,Hodoš,2019,2019-01-07,2019-12-30,1,354,282.4858757062,valid
161,Hodoš,2020,2020-01-06,2020-12-28,1,353,283.2861189802,valid
161,Hodoš,2021,2021-01-04,2021-12-27,0,369,0,valid
161,Hodoš,2022,2022-01-03,2022-12-26,0,362,0,valid
161,Hodoš,2023,2023-01-02,2023-12-25,0,357,0,valid
161,Hodoš,2024,2024-01-01,2024-12-30,0,346,0,valid
162,Horjul,2016,2016-01-04,2016-12-26,9,2970,303.0303030303,valid
162,Horjul,2017,2017-01-02,2017-12-25,12,2980,402.6845637584,valid
162,Horjul,2018,2018-01-01,2018-12-31,26,3017,861.7832283726,valid
162,Horjul,2019,2019-01-07,2019-12-30,15,3016,497.3474801061,valid
162,Horjul,2020,2020-01-06,2020-12-28,34,3024,1124.3386243386,valid
162,Horjul,2021,2021-01-04,2021-12-27,6,2985,201.0050251256,valid
162,Horjul,2022,2022-01-03,2022-12-26,7,3006,232.8675981371,valid
162,Horjul,2023,2023-01-02,2023-12-25,7,3024,231.4814814815,valid
162,Horjul,2024,2024-01-01,2024-12-30,11,3044,361.3666228647,valid
163,Jezersko,2016,2016-01-04,2016-12-26,1,624,160.2564102564,valid
163,Jezersko,2017,2017-01-02,2017-12-25,3,625,480,valid
163,Jezersko,2018,2018-01-01,2018-12-31,2,629,317.9650238474,valid
163,Jezersko,2019,2019-01-07,2019-12-30,2,634,315.4574132492,valid
163,Jezersko,2020,2020-01-06,2020-12-28,3,625,480,valid
163,Jezersko,2021,2021-01-04,2021-12-27,1,666,150.1501501502,valid
163,Jezersko,2022,2022-01-03,2022-12-26,3,667,449.7751124438,valid
163,Jezersko,2023,2023-01-02,2023-12-25,4,671,596.1251862891,valid
163,Jezersko,2024,2024-01-01,2024-12-30,0,662,0,valid
164,Komenda,2016,2016-01-04,2016-12-26,8,6001,133.3111148142,valid
164,Komenda,2017,2017-01-02,2017-12-25,4,6108,65.4878847413,valid
164,Komenda,2018,2018-01-01,2018-12-31,13,6192,209.9483204134,valid
164,Komenda,2019,2019-01-07,2019-12-30,7,6268,111.678366305,valid
164,Komenda,2020,2020-01-06,2020-12-28,13,6387,203.5384374511,valid
164,Komenda,2021,2021-01-04,2021-12-27,4,6444,62.0732464308,valid
164,Komenda,2022,2022-01-03,2022-12-26,3,6482,46.2820117248,valid
164,Komenda,2023,2023-01-02,2023-12-25,0,6643,0,valid
164,Komenda,2024,2024-01-01,2024-12-30,4,6739,59.3559875352,valid
165,Kostel,2016,2016-01-04,2016-12-26,1,641,156.0062402496,valid
165,Kostel,2017,2017-01-02,2017-12-25,5,640,781.25,valid
165,Kostel,2018,2018-01-01,2018-12-31,3,637,470.9576138148,valid
165,Kostel,2019,2019-01-07,2019-12-30,0,639,0,valid
165,Kostel,2020,2020-01-06,2020-12-28,0,635,0,valid
165,Kostel,2021,2021-01-04,2021-12-27,0,691,0,valid
165,Kostel,2022,2022-01-03,2022-12-26,0,678,0,valid
165,Kostel,2023,2023-01-02,2023-12-25,1,621,161.0305958132,valid
165,Kostel,2024,2024-01-01,2024-12-30,1,624,160.2564102564,valid
166,Križevci,2016,2016-01-04,2016-12-26,16,3618,442.2332780542,valid
166,Križevci,2017,2017-01-02,2017-12-25,17,3613,470.5231109881,valid
166,Križevci,2018,2018-01-01,2018-12-31,32,3568,896.8609865471,valid
166,Križevci,2019,2019-01-07,2019-12-30,22,3560,617.9775280899,valid
166,Križevci,2020,2020-01-06,2020-12-28,34,3537,961.2666101216,valid
166,Križevci,2021,2021-01-04,2021-12-27,35,3549,986.1932938856,valid
166,Križevci,2022,2022-01-03,2022-12-26,22,3536,622.1719457014,valid
166,Križevci,2023,2023-01-02,2023-12-25,4,3564,112.2334455668,valid
166,Križevci,2024,2024-01-01,2024-12-30,1,3536,28.2805429864,valid
167,Lovrenc na Pohorju,2016,2016-01-04,2016-12-26,3,3088,97.1502590674,valid
167,Lovrenc na Pohorju,2017,2017-01-02,2017-12-25,4,3055,130.9328968903,valid
167,Lovrenc na Pohorju,2018,2018-01-01,2018-12-31,3,3014,99.5355009954,valid
167,Lovrenc na Pohorju,2019,2019-01-07,2019-12-30,4,2979,134.2732460557,valid
167,Lovrenc na Pohorju,2020,2020-01-06,2020-12-28,5,2963,168.7478906514,valid
167,Lovrenc na Pohorju,2021,2021-01-04,2021-12-27,1,2988,33.4672021419,valid
167,Lovrenc na Pohorju,2022,2022-01-03,2022-12-26,3,2958,101.4198782961,valid
167,Lovrenc na Pohorju,2023,2023-01-02,2023-12-25,4,2944,135.8695652174,valid
167,Lovrenc na Pohorju,2024,2024-01-01,2024-12-30,9,2951,304.9813622501,valid
168,Markovci,2016,2016-01-04,2016-12-26,6,4011,149.588631264,valid
168,Markovci,2017,2017-01-02,2017-12-25,8,4012,199.4017946162,valid
168,Markovci,2018,2018-01-01,2018-12-31,6,3999,150.0375093773,valid
168,Markovci,2019,2019-01-07,2019-12-30,1,4014,24.9128051819,valid
168,Markovci,2020,2020-01-06,2020-12-28,6,4039,148.5516216885,valid
168,Markovci,2021,2021-01-04,2021-12-27,5,4025,124.2236024845,valid
168,Markovci,2022,2022-01-03,2022-12-26,1,4022,24.8632521134,valid
168,Markovci,2023,2023-01-02,2023-12-25,0,4102,0,valid
168,Markovci,2024,2024-01-01,2024-12-30,3,4090,73.3496332518,valid
169,Miklavž na Dravskem polju,2016,2016-01-04,2016-12-26,14,6525,214.5593869732,valid
169,Miklavž na Dravskem polju,2017,2017-01-02,2017-12-25,15,6566,228.4495887907,valid
169,Miklavž na Dravskem polju,2018,2018-01-01,2018-12-31,26,6553,396.7648405311,valid
169,Miklavž na Dravskem polju,2019,2019-01-07,2019-12-30,23,6744,341.043890866,valid
169,Miklavž na Dravskem polju,2020,2020-01-06,2020-12-28,20,6929,288.6419396738,valid
169,Miklavž na Dravskem polju,2021,2021-01-04,2021-12-27,9,6996,128.6449399657,valid
169,Miklavž na Dravskem polju,2022,2022-01-03,2022-12-26,11,7045,156.1391057488,valid
169,Miklavž na Dravskem polju,2023,2023-01-02,2023-12-25,2,7147,27.9837694137,valid
169,Miklavž na Dravskem polju,2024,2024-01-01,2024-12-30,7,7189,97.3709834469,valid
170,Mirna Peč,2016,2016-01-04,2016-12-26,6,2911,206.1147372037,valid
170,Mirna Peč,2017,2017-01-02,2017-12-25,7,2933,238.6634844869,valid
170,Mirna Peč,2018,2018-01-01,2018-12-31,19,2962,641.4584740041,valid
170,Mirna Peč,2019,2019-01-07,2019-12-30,3,2974,100.8742434432,valid
170,Mirna Peč,2020,2020-01-06,2020-12-28,13,2988,435.0736278447,valid
170,Mirna Peč,2021,2021-01-04,2021-12-27,4,3034,131.8391562294,valid
170,Mirna Peč,2022,2022-01-03,2022-12-26,2,3077,64.9983750406,valid
170,Mirna Peč,2023,2023-01-02,2023-12-25,1,3130,31.9488817891,valid
170,Mirna Peč,2024,2024-01-01,2024-12-30,9,3192,281.954887218,valid
171,Oplotnica,2016,2016-01-04,2016-12-26,1,4076,24.5338567223,valid
171,Oplotnica,2017,2017-01-02,2017-12-25,9,4099,219.5657477434,valid
171,Oplotnica,2018,2018-01-01,2018-12-31,6,4100,146.3414634146,valid
171,Oplotnica,2019,2019-01-07,2019-12-30,3,4118,72.8508984944,valid
171,Oplotnica,2020,2020-01-06,2020-12-28,1,4137,24.1721053904,valid
171,Oplotnica,2021,2021-01-04,2021-12-27,2,4154,48.1463649494,valid
171,Oplotnica,2022,2022-01-03,2022-12-26,6,4131,145.2432824982,valid
171,Oplotnica,2023,2023-01-02,2023-12-25,2,4146,48.2392667631,valid
171,Oplotnica,2024,2024-01-01,2024-12-30,7,4176,167.6245210728,valid
172,Podlehnik,2016,2016-01-04,2016-12-26,4,1818,220.0220022002,valid
172,Podlehnik,2017,2017-01-02,2017-12-25,2,1880,106.3829787234,valid
172,Podlehnik,2018,2018-01-01,2018-12-31,3,1865,160.8579088472,valid
172,Podlehnik,2019,2019-01-07,2019-12-30,1,1817,55.0357732526,valid
172,Podlehnik,2020,2020-01-06,2020-12-28,0,1801,0,valid
172,Podlehnik,2021,2021-01-04,2021-12-27,2,1853,107.9330814895,valid
172,Podlehnik,2022,2022-01-03,2022-12-26,3,1844,162.6898047722,valid
172,Podlehnik,2023,2023-01-02,2023-12-25,1,1819,54.9752611325,valid
172,Podlehnik,2024,2024-01-01,2024-12-30,0,1831,0,valid
173,Polzela,2016,2016-01-04,2016-12-26,10,6135,162.9991850041,valid
173,Polzela,2017,2017-01-02,2017-12-25,11,6176,178.1088082902,valid
173,Polzela,2018,2018-01-01,2018-12-31,15,6172,243.0330524951,valid
173,Polzela,2019,2019-01-07,2019-12-30,10,6191,161.5247940559,valid
173,Polzela,2020,2020-01-06,2020-12-28,23,6258,367.5295621604,valid
173,Polzela,2021,2021-01-04,2021-12-27,8,6321,126.5622528081,valid
173,Polzela,2022,2022-01-03,2022-12-26,8,6386,125.2740369558,valid
173,Polzela,2023,2023-01-02,2023-12-25,14,6410,218.4087363495,valid
173,Polzela,2024,2024-01-01,2024-12-30,2,6469,30.9166795486,valid
174,Prebold,2016,2016-01-04,2016-12-26,9,5007,179.7483523068,valid
174,Prebold,2017,2017-01-02,2017-12-25,11,5067,217.0909808565,valid
174,Prebold,2018,2018-01-01,2018-12-31,19,5068,374.9013417522,valid
174,Prebold,2019,2019-01-07,2019-12-30,5,5084,98.3477576711,valid
174,Prebold,2020,2020-01-06,2020-12-28,10,5103,195.9631589261,valid
174,Prebold,2021,2021-01-04,2021-12-27,0,5210,0,valid
174,Prebold,2022,2022-01-03,2022-12-26,6,5302,113.1648434553,valid
174,Prebold,2023,2023-01-02,2023-12-25,1,5343,18.7160771102,valid
174,Prebold,2024,2024-01-01,2024-12-30,2,5329,37.530493526,valid
175,Prevalje,2016,2016-01-04,2016-12-26,13,6763,192.2223865149,valid
175,Prevalje,2017,2017-01-02,2017-12-25,16,6753,236.9317340441,valid
175,Prevalje,2018,2018-01-01,2018-12-31,23,6797,338.384581433,valid
175,Prevalje,2019,2019-01-07,2019-12-30,8,6794,117.7509567265,valid
175,Prevalje,2020,2020-01-06,2020-12-28,39,6799,573.6137667304,valid
175,Prevalje,2021,2021-01-04,2021-12-27,9,6800,132.3529411765,valid
175,Prevalje,2022,2022-01-03,2022-12-26,15,6732,222.816399287,valid
175,Prevalje,2023,2023-01-02,2023-12-25,4,6798,58.8408355399,valid
175,Prevalje,2024,2024-01-01,2024-12-30,12,6737,178.1208252932,valid
176,Razkrižje,2016,2016-01-04,2016-12-26,6,1278,469.4835680751,valid
176,Razkrižje,2017,2017-01-02,2017-12-25,5,1289,387.8975950349,valid
176,Razkrižje,2018,2018-01-01,2018-12-31,13,1268,1025.2365930599,valid
176,Razkrižje,2019,2019-01-07,2019-12-30,9,1265,711.4624505929,valid
176,Razkrižje,2020,2020-01-06,2020-12-28,5,1277,391.5426781519,valid
176,Razkrižje,2021,2021-01-04,2021-12-27,6,1265,474.3083003953,valid
176,Razkrižje,2022,2022-01-03,2022-12-26,9,1237,727.5666936136,valid
176,Razkrižje,2023,2023-01-02,2023-12-25,0,1233,0,valid
176,Razkrižje,2024,2024-01-01,2024-12-30,1,1232,81.1688311688,valid
177,Ribnica na Pohorju,2016,2016-01-04,2016-12-26,4,1180,338.9830508475,valid
177,Ribnica na Pohorju,2017,2017-01-02,2017-12-25,2,1179,169.6352841391,valid
177,Ribnica na Pohorju,2018,2018-01-01,2018-12-31,7,1148,609.756097561,valid
177,Ribnica na Pohorju,2019,2019-01-07,2019-12-30,3,1128,265.9574468085,valid
177,Ribnica na Pohorju,2020,2020-01-06,2020-12-28,12,1116,1075.2688172043,valid
177,Ribnica na Pohorju,2021,2021-01-04,2021-12-27,6,1142,525.3940455342,valid
177,Ribnica na Pohorju,2022,2022-01-03,2022-12-26,9,1141,788.7817703769,valid
177,Ribnica na Pohorju,2023,2023-01-02,2023-12-25,3,1099,272.9754322111,valid
177,Ribnica na Pohorju,2024,2024-01-01,2024-12-30,5,1085,460.8294930876,valid
178,Selnica ob Dravi,2016,2016-01-04,2016-12-26,11,4522,243.2551968156,valid
178,Selnica ob Dravi,2017,2017-01-02,2017-12-25,12,4470,268.4563758389,valid
178,Selnica ob Dravi,2018,2018-01-01,2018-12-31,9,4480,200.8928571429,valid
178,Selnica ob Dravi,2019,2019-01-07,2019-12-30,5,4494,111.2594570538,valid
178,Selnica ob Dravi,2020,2020-01-06,2020-12-28,16,4493,356.1095036724,valid
178,Selnica ob Dravi,2021,2021-01-04,2021-12-27,4,4562,87.6808417361,valid
178,Selnica ob Dravi,2022,2022-01-03,2022-12-26,7,4513,155.1074673166,valid
178,Selnica ob Dravi,2023,2023-01-02,2023-12-25,6,4473,134.1381623072,valid
178,Selnica ob Dravi,2024,2024-01-01,2024-12-30,6,4469,134.2582233162,valid
179,Sodražica,2016,2016-01-04,2016-12-26,1,2186,45.7456541629,valid
179,Sodražica,2017,2017-01-02,2017-12-25,3,2184,137.3626373626,valid
179,Sodražica,2018,2018-01-01,2018-12-31,8,2171,368.4937816674,valid
179,Sodražica,2019,2019-01-07,2019-12-30,6,2177,275.6086357373,valid
179,Sodražica,2020,2020-01-06,2020-12-28,8,2185,366.1327231121,valid
179,Sodražica,2021,2021-01-04,2021-12-27,1,2249,44.4642063139,valid
179,Sodražica,2022,2022-01-03,2022-12-26,7,2269,308.5059497576,valid
179,Sodražica,2023,2023-01-02,2023-12-25,2,2284,87.5656742557,valid
179,Sodražica,2024,2024-01-01,2024-12-30,2,2308,86.6551126516,valid
180,Solčava,2016,2016-01-04,2016-12-26,4,514,778.2101167315,valid
180,Solčava,2017,2017-01-02,2017-12-25,4,521,767.754318618,valid
180,Solčava,2018,2018-01-01,2018-12-31,8,513,1559.4541910331,valid
180,Solčava,2019,2019-01-07,2019-12-30,4,514,778.2101167315,valid
180,Solčava,2020,2020-01-06,2020-12-28,16,513,3118.9083820663,valid
180,Solčava,2021,2021-01-04,2021-12-27,2,529,378.0718336484,valid
180,Solčava,2022,2022-01-03,2022-12-26,0,524,0,valid
180,Solčava,2023,2023-01-02,2023-12-25,0,511,0,valid
180,Solčava,2024,2024-01-01,2024-12-30,0,514,0,valid
181,Sveta Ana,2016,2016-01-04,2016-12-26,3,2319,129.3661060802,valid
181,Sveta Ana,2017,2017-01-02,2017-12-25,8,2309,346.4703334777,valid
181,Sveta Ana,2018,2018-01-01,2018-12-31,9,2286,393.7007874016,valid
181,Sveta Ana,2019,2019-01-07,2019-12-30,9,2285,393.8730853392,valid
181,Sveta Ana,2020,2020-01-06,2020-12-28,14,2294,610.2877070619,valid
181,Sveta Ana,2021,2021-01-04,2021-12-27,4,2323,172.1911321567,valid
181,Sveta Ana,2022,2022-01-03,2022-12-26,5,2326,214.9613069647,valid
181,Sveta Ana,2023,2023-01-02,2023-12-25,7,2326,300.9458297506,valid
181,Sveta Ana,2024,2024-01-01,2024-12-30,2,2360,84.7457627119,valid
182,Sveti Andraž v Slov. goricah,2016,2016-01-04,2016-12-26,2,1160,172.4137931034,valid
182,Sveti Andraž v Slov. goricah,2017,2017-01-02,2017-12-25,2,1143,174.978127734,valid
182,Sveti Andraž v Slov. goricah,2018,2018-01-01,2018-12-31,5,1157,432.1521175454,valid
182,Sveti Andraž v Slov. goricah,2019,2019-01-07,2019-12-30,2,1180,169.4915254237,valid
182,Sveti Andraž v Slov. goricah,2020,2020-01-06,2020-12-28,3,1180,254.2372881356,valid
182,Sveti Andraž v Slov. goricah,2021,2021-01-04,2021-12-27,0,1203,0,valid
182,Sveti Andraž v Slov. goricah,2022,2022-01-03,2022-12-26,0,1201,0,valid
182,Sveti Andraž v Slov. goricah,2023,2023-01-02,2023-12-25,1,1193,83.8222967309,valid
182,Sveti Andraž v Slov. goricah,2024,2024-01-01,2024-12-30,4,1196,334.4481605351,valid
183,Šempeter-Vrtojba,2016,2016-01-04,2016-12-26,11,6279,175.1871317089,valid
183,Šempeter-Vrtojba,2017,2017-01-02,2017-12-25,18,6244,288.2767456758,valid
183,Šempeter-Vrtojba,2018,2018-01-01,2018-12-31,27,6168,437.7431906615,valid
183,Šempeter-Vrtojba,2019,2019-01-07,2019-12-30,19,6234,304.7802374078,valid
183,Šempeter-Vrtojba,2020,2020-01-06,2020-12-28,24,6292,381.4367450731,valid
183,Šempeter-Vrtojba,2021,2021-01-04,2021-12-27,13,6292,206.6115702479,valid
183,Šempeter-Vrtojba,2022,2022-01-03,2022-12-26,19,6164,308.2414016872,valid
183,Šempeter-Vrtojba,2023,2023-01-02,2023-12-25,20,6175,323.8866396761,valid
183,Šempeter-Vrtojba,2024,2024-01-01,2024-12-30,15,6267,239.3489707994,valid
184,Tabor,2016,2016-01-04,2016-12-26,4,1645,243.1610942249,valid
184,Tabor,2017,2017-01-02,2017-12-25,3,1647,182.1493624772,valid
184,Tabor,2018,2018-01-01,2018-12-31,16,1668,959.2326139089,valid
184,Tabor,2019,2019-01-07,2019-12-30,3,1645,182.3708206687,valid
184,Tabor,2020,2020-01-06,2020-12-28,2,1669,119.8322348712,valid
184,Tabor,2021,2021-01-04,2021-12-27,0,1670,0,valid
184,Tabor,2022,2022-01-03,2022-12-26,1,1693,59.0667454223,valid
184,Tabor,2023,2023-01-02,2023-12-25,3,1735,172.9106628242,valid
184,Tabor,2024,2024-01-01,2024-12-30,0,1750,0,valid
185,Trnovska vas,2016,2016-01-04,2016-12-26,5,1341,372.8560775541,valid
185,Trnovska vas,2017,2017-01-02,2017-12-25,5,1371,364.69730124,valid
185,Trnovska vas,2018,2018-01-01,2018-12-31,5,1365,366.3003663004,valid
185,Trnovska vas,2019,2019-01-07,2019-12-30,3,1359,220.7505518764,valid
185,Trnovska vas,2020,2020-01-06,2020-12-28,4,1366,292.8257686676,valid
185,Trnovska vas,2021,2021-01-04,2021-12-27,5,1374,363.9010189229,valid
185,Trnovska vas,2022,2022-01-03,2022-12-26,3,1385,216.6064981949,valid
185,Trnovska vas,2023,2023-01-02,2023-12-25,1,1404,71.2250712251,valid
185,Trnovska vas,2024,2024-01-01,2024-12-30,3,1398,214.5922746781,valid
186,Trzin,2016,2016-01-04,2016-12-26,7,3889,179.9948572898,valid
186,Trzin,2017,2017-01-02,2017-12-25,9,3881,231.8989951044,valid
186,Trzin,2018,2018-01-01,2018-12-31,10,3869,258.4647195658,valid
186,Trzin,2019,2019-01-07,2019-12-30,3,3922,76.4915859255,valid
186,Trzin,2020,2020-01-06,2020-12-28,9,3940,228.4263959391,valid
186,Trzin,2021,2021-01-04,2021-12-27,4,3925,101.9108280255,valid
186,Trzin,2022,2022-01-03,2022-12-26,3,3900,76.9230769231,valid
186,Trzin,2023,2023-01-02,2023-12-25,8,3956,202.2244691608,valid
186,Trzin,2024,2024-01-01,2024-12-30,7,4073,171.8634912841,valid
187,Velika Polana,2016,2016-01-04,2016-12-26,6,1449,414.0786749482,valid
187,Velika Polana,2017,2017-01-02,2017-12-25,3,1443,207.9002079002,valid
187,Velika Polana,2018,2018-01-01,2018-12-31,2,1439,138.9854065323,valid
187,Velika Polana,2019,2019-01-07,2019-12-30,0,1416,0,valid
187,Velika Polana,2020,2020-01-06,2020-12-28,6,1392,431.0344827586,valid
187,Velika Polana,2021,2021-01-04,2021-12-27,6,1380,434.7826086957,valid
187,Velika Polana,2022,2022-01-03,2022-12-26,3,1387,216.2941600577,valid
187,Velika Polana,2023,2023-01-02,2023-12-25,1,1393,71.7875089734,valid
187,Velika Polana,2024,2024-01-01,2024-12-30,1,1394,71.7360114778,valid
188,Veržej,2016,2016-01-04,2016-12-26,2,1299,153.9645881447,valid
188,Veržej,2017,2017-01-02,2017-12-25,5,1315,380.2281368821,valid
188,Veržej,2018,2018-01-01,2018-12-31,3,1291,232.3780015492,valid
188,Veržej,2019,2019-01-07,2019-12-30,6,1288,465.8385093168,valid
188,Veržej,2020,2020-01-06,2020-12-28,7,1325,528.3018867925,valid
188,Veržej,2021,2021-01-04,2021-12-27,0,1344,0,valid
188,Veržej,2022,2022-01-03,2022-12-26,2,1371,145.878920496,valid
188,Veržej,2023,2023-01-02,2023-12-25,4,1368,292.3976608187,valid
188,Veržej,2024,2024-01-01,2024-12-30,1,1358,73.6377025037,valid
189,Vransko,2016,2016-01-04,2016-12-26,12,2599,461.7160446326,valid
189,Vransko,2017,2017-01-02,2017-12-25,8,2604,307.2196620584,valid
189,Vransko,2018,2018-01-01,2018-12-31,16,2602,614.9116064566,valid
189,Vransko,2019,2019-01-07,2019-12-30,3,2616,114.6788990826,valid
189,Vransko,2020,2020-01-06,2020-12-28,3,2624,114.3292682927,valid
189,Vransko,2021,2021-01-04,2021-12-27,0,2646,0,valid
189,Vransko,2022,2022-01-03,2022-12-26,1,2672,37.4251497006,valid
189,Vransko,2023,2023-01-02,2023-12-25,1,2683,37.2717107715,valid
189,Vransko,2024,2024-01-01,2024-12-30,5,2725,183.4862385321,valid
190,Žalec,2016,2016-01-04,2016-12-26,21,21306,98.5637848493,valid
190,Žalec,2017,2017-01-02,2017-12-25,28,21261,131.6965335591,valid
190,Žalec,2018,2018-01-01,2018-12-31,57,21243,268.3236830956,valid
190,Žalec,2019,2019-01-07,2019-12-30,27,21340,126.5229615745,valid
190,Žalec,2020,2020-01-06,2020-12-28,41,21492,190.7686581053,valid
190,Žalec,2021,2021-01-04,2021-12-27,14,21528,65.0315867707,valid
190,Žalec,2022,2022-01-03,2022-12-26,17,21477,79.1544442892,valid
190,Žalec,2023,2023-01-02,2023-12-25,11,21675,50.7497116494,valid
190,Žalec,2024,2024-01-01,2024-12-30,9,21788,41.3071415458,valid
191,Žetale,2016,2016-01-04,2016-12-26,4,1301,307.4558032283,valid
191,Žetale,2017,2017-01-02,2017-12-25,5,1300,384.6153846154,valid
191,Žetale,2018,2018-01-01,2018-12-31,3,1296,231.4814814815,valid
191,Žetale,2019,2019-01-07,2019-12-30,2,1293,154.6790409899,valid
191,Žetale,2020,2020-01-06,2020-12-28,1,1309,76.3941940413,valid
191,Žetale,2021,2021-01-04,2021-12-27,2,1303,153.4919416731,valid
191,Žetale,2022,2022-01-03,2022-12-26,0,1309,0,valid
191,Žetale,2023,2023-01-02,2023-12-25,0,1293,0,valid
191,Žetale,2024,2024-01-01,2024-12-30,2,1288,155.2795031056,valid
192,Žirovnica,2016,2016-01-04,2016-12-26,10,4381,228.2583884958,valid
192,Žirovnica,2017,2017-01-02,2017-12-25,13,4392,295.9927140255,valid
192,Žirovnica,2018,2018-01-01,2018-12-31,19,4411,430.7413284969,valid
192,Žirovnica,2019,2019-01-07,2019-12-30,17,4398,386.5393360618,valid
192,Žirovnica,2020,2020-01-06,2020-12-28,25,4394,568.9576695494,valid
192,Žirovnica,2021,2021-01-04,2021-12-27,10,4465,223.9641657335,valid
192,Žirovnica,2022,2022-01-03,2022-12-26,29,4479,647.4659522215,valid
192,Žirovnica,2023,2023-01-02,2023-12-25,13,4509,288.3122643602,valid
192,Žirovnica,2024,2024-01-01,2024-12-30,19,4535,418.9636163175,valid
193,Žužemberk,2016,2016-01-04,2016-12-26,25,4592,544.425087108,valid
193,Žužemberk,2017,2017-01-02,2017-12-25,6,4606,130.2648719062,valid
193,Žužemberk,2018,2018-01-01,2018-12-31,12,4621,259.6840510712,valid
193,Žužemberk,2019,2019-01-07,2019-12-30,3,4628,64.8228176318,valid
193,Žužemberk,2020,2020-01-06,2020-12-28,9,4702,191.407911527,valid
193,Žužemberk,2021,2021-01-04,2021-12-27,11,4741,232.0185614849,valid
193,Žužemberk,2022,2022-01-03,2022-12-26,2,4719,42.3818605637,valid
193,Žužemberk,2023,2023-01-02,2023-12-25,2,4681,42.7259132664,valid
193,Žužemberk,2024,2024-01-01,2024-12-30,22,4663,471.7992708557,valid
194,Šmartno pri Litiji,2016,2016-01-04,2016-12-26,13,5515,235.7207615594,valid
194,Šmartno pri Litiji,2017,2017-01-02,2017-12-25,18,5545,324.6167718665,valid
194,Šmartno pri Litiji,2018,2018-01-01,2018-12-31,17,5565,305.4806828392,valid
194,Šmartno pri Litiji,2019,2019-01-07,2019-12-30,13,5603,232.0185614849,valid
194,Šmartno pri Litiji,2020,2020-01-06,2020-12-28,12,5642,212.6905352712,valid
194,Šmartno pri Litiji,2021,2021-01-04,2021-12-27,5,5661,88.3236177354,valid
194,Šmartno pri Litiji,2022,2022-01-03,2022-12-26,4,5700,70.1754385965,valid
194,Šmartno pri Litiji,2023,2023-01-02,2023-12-25,2,5768,34.6740638003,valid
194,Šmartno pri Litiji,2024,2024-01-01,2024-12-30,2,5756,34.7463516331,valid
195,Apače,2016,2016-01-04,2016-12-26,10,3581,279.2516056967,valid
195,Apače,2017,2017-01-02,2017-12-25,10,3544,282.1670428894,valid
195,Apače,2018,2018-01-01,2018-12-31,20,3546,564.0157924422,valid
195,Apače,2019,2019-01-07,2019-12-30,11,3516,312.8555176337,valid
195,Apače,2020,2020-01-06,2020-12-28,29,3533,820.8321539768,valid
195,Apače,2021,2021-01-04,2021-12-27,10,3556,281.214848144,valid
195,Apače,2022,2022-01-03,2022-12-26,5,3556,140.607424072,valid
195,Apače,2023,2023-01-02,2023-12-25,0,3536,0,valid
195,Apače,2024,2024-01-01,2024-12-30,3,3580,83.7988826816,valid
196,Cirkulane,2016,2016-01-04,2016-12-26,2,2287,87.45080892,valid
196,Cirkulane,2017,2017-01-02,2017-12-25,7,2344,298.6348122867,valid
196,Cirkulane,2018,2018-01-01,2018-12-31,3,2324,129.0877796902,valid
196,Cirkulane,2019,2019-01-07,2019-12-30,4,2391,167.2940192388,valid
196,Cirkulane,2020,2020-01-06,2020-12-28,5,2345,213.2196162047,valid
196,Cirkulane,2021,2021-01-04,2021-12-27,2,2378,84.1042893188,valid
196,Cirkulane,2022,2022-01-03,2022-12-26,5,2363,211.5954295387,valid
196,Cirkulane,2023,2023-01-02,2023-12-25,2,2366,84.5308537616,valid
196,Cirkulane,2024,2024-01-01,2024-12-30,1,2378,42.0521446594,valid
197,Kostanjevica na Krki,2016,2016-01-04,2016-12-26,3,2419,124.0181893344,valid
197,Kostanjevica na Krki,2017,2017-01-02,2017-12-25,1,2425,41.2371134021,valid
197,Kostanjevica na Krki,2018,2018-01-01,2018-12-31,4,2437,164.1362330735,valid
197,Kostanjevica na Krki,2019,2019-01-07,2019-12-30,4,2450,163.2653061224,valid
197,Kostanjevica na Krki,2020,2020-01-06,2020-12-28,5,2432,205.5921052632,valid
197,Kostanjevica na Krki,2021,2021-01-04,2021-12-27,1,2446,40.8830744072,valid
197,Kostanjevica na Krki,2022,2022-01-03,2022-12-26,4,2453,163.0656339177,valid
197,Kostanjevica na Krki,2023,2023-01-02,2023-12-25,0,2472,0,valid
197,Kostanjevica na Krki,2024,2024-01-01,2024-12-30,3,2464,121.7532467532,valid
198,Makole,2016,2016-01-04,2016-12-26,3,2039,147.1309465424,valid
198,Makole,2017,2017-01-02,2017-12-25,4,2025,197.5308641975,valid
198,Makole,2018,2018-01-01,2018-12-31,13,2019,643.8831104507,valid
198,Makole,2019,2019-01-07,2019-12-30,1,2015,49.6277915633,valid
198,Makole,2020,2020-01-06,2020-12-28,5,2010,248.7562189055,valid
198,Makole,2021,2021-01-04,2021-12-27,1,2051,48.7567040468,valid
198,Makole,2022,2022-01-03,2022-12-26,0,2048,0,valid
198,Makole,2023,2023-01-02,2023-12-25,2,2038,98.1354268891,valid
198,Makole,2024,2024-01-01,2024-12-30,3,2028,147.9289940828,valid
199,Mokronog-Trebelno,2016,2016-01-04,2016-12-26,7,3032,230.8707124011,valid
199,Mokronog-Trebelno,2017,2017-01-02,2017-12-25,6,3045,197.0443349754,valid
199,Mokronog-Trebelno,2018,2018-01-01,2018-12-31,23,3033,758.3250906693,valid
199,Mokronog-Trebelno,2019,2019-01-07,2019-12-30,5,3057,163.5590448152,valid
199,Mokronog-Trebelno,2020,2020-01-06,2020-12-28,13,3089,420.8481709291,valid
199,Mokronog-Trebelno,2021,2021-01-04,2021-12-27,3,3164,94.816687737,valid
199,Mokronog-Trebelno,2022,2022-01-03,2022-12-26,4,3164,126.4222503161,valid
199,Mokronog-Trebelno,2023,2023-01-02,2023-12-25,2,3229,61.9386807061,valid
199,Mokronog-Trebelno,2024,2024-01-01,2024-12-30,6,3223,186.161960906,valid
200,Poljčane,2016,2016-01-04,2016-12-26,3,4421,67.8579506899,valid
200,Poljčane,2017,2017-01-02,2017-12-25,7,4432,157.9422382671,valid
200,Poljčane,2018,2018-01-01,2018-12-31,11,4360,252.2935779817,valid
200,Poljčane,2019,2019-01-07,2019-12-30,1,4431,22.5682690138,valid
200,Poljčane,2020,2020-01-06,2020-12-28,3,4449,67.4308833446,valid
200,Poljčane,2021,2021-01-04,2021-12-27,4,4467,89.5455563018,valid
200,Poljčane,2022,2022-01-03,2022-12-26,5,4493,111.2842198976,valid
200,Poljčane,2023,2023-01-02,2023-12-25,0,4432,0,valid
200,Poljčane,2024,2024-01-01,2024-12-30,2,4396,45.4959053685,valid
201,Renče-Vogrsko,2016,2016-01-04,2016-12-26,9,4323,208.1887578071,valid
201,Renče-Vogrsko,2017,2017-01-02,2017-12-25,15,4365,343.6426116838,valid
201,Renče-Vogrsko,2018,2018-01-01,2018-12-31,25,4307,580.4504295333,valid
201,Renče-Vogrsko,2019,2019-01-07,2019-12-30,20,4354,459.3477262288,valid
201,Renče-Vogrsko,2020,2020-01-06,2020-12-28,27,4371,617.707618394,valid
201,Renče-Vogrsko,2021,2021-01-04,2021-12-27,22,4383,501.9393109742,valid
201,Renče-Vogrsko,2022,2022-01-03,2022-12-26,14,4377,319.8537811286,valid
201,Renče-Vogrsko,2023,2023-01-02,2023-12-25,12,4384,273.7226277372,valid
201,Renče-Vogrsko,2024,2024-01-01,2024-12-30,17,4417,384.8766130858,valid
202,Središče ob Dravi,2016,2016-01-04,2016-12-26,9,2042,440.7443682664,valid
202,Središče ob Dravi,2017,2017-01-02,2017-12-25,10,2019,495.2947003467,valid
202,Središče ob Dravi,2018,2018-01-01,2018-12-31,11,1977,556.3985837127,valid
202,Središče ob Dravi,2019,2019-01-07,2019-12-30,9,1957,459.8875830353,valid
202,Središče ob Dravi,2020,2020-01-06,2020-12-28,13,1902,683.49106204,valid
202,Središče ob Dravi,2021,2021-01-04,2021-12-27,3,1919,156.3314226159,valid
202,Središče ob Dravi,2022,2022-01-03,2022-12-26,1,1904,52.5210084034,valid
202,Središče ob Dravi,2023,2023-01-02,2023-12-25,1,1911,52.3286237572,valid
202,Središče ob Dravi,2024,2024-01-01,2024-12-30,8,1867,428.4949116229,valid
203,Straža,2016,2016-01-04,2016-12-26,17,3821,444.9097095001,valid
203,Straža,2017,2017-01-02,2017-12-25,8,3837,208.496221006,valid
203,Straža,2018,2018-01-01,2018-12-31,27,3873,697.1340046476,valid
203,Straža,2019,2019-01-07,2019-12-30,4,3912,102.2494887526,valid
203,Straža,2020,2020-01-06,2020-12-28,20,3936,508.1300813008,valid
203,Straža,2021,2021-01-04,2021-12-27,4,3881,103.0662200464,valid
203,Straža,2022,2022-01-03,2022-12-26,2,3881,51.5331100232,valid
203,Straža,2023,2023-01-02,2023-12-25,2,3878,51.5729757607,valid
203,Straža,2024,2024-01-01,2024-12-30,2,3905,51.2163892446,valid
204,Sveta Trojica v Slovenskih goricah,2016,2016-01-04,2016-12-26,3,2054,146.0564751704,valid
204,Sveta Trojica v Slovenskih goricah,2017,2017-01-02,2017-12-25,3,2071,144.8575567359,valid
204,Sveta Trojica v Slovenskih goricah,2018,2018-01-01,2018-12-31,5,2065,242.1307506053,valid
204,Sveta Trojica v Slovenskih goricah,2019,2019-01-07,2019-12-30,5,2078,240.6159769009,valid
204,Sveta Trojica v Slovenskih goricah,2020,2020-01-06,2020-12-28,7,2101,333.1746787244,valid
204,Sveta Trojica v Slovenskih goricah,2021,2021-01-04,2021-12-27,2,2193,91.1992704058,valid
204,Sveta Trojica v Slovenskih goricah,2022,2022-01-03,2022-12-26,8,2194,364.6308113036,valid
204,Sveta Trojica v Slovenskih goricah,2023,2023-01-02,2023-12-25,5,2168,230.6273062731,valid
204,Sveta Trojica v Slovenskih goricah,2024,2024-01-01,2024-12-30,11,2222,495.0495049505,valid
205,Sveti Tomaž,2016,2016-01-04,2016-12-26,5,2051,243.783520234,valid
205,Sveti Tomaž,2017,2017-01-02,2017-12-25,13,2006,648.0558325025,valid
205,Sveti Tomaž,2018,2018-01-01,2018-12-31,16,2011,795.624067628,valid
205,Sveti Tomaž,2019,2019-01-07,2019-12-30,10,2015,496.2779156328,valid
205,Sveti Tomaž,2020,2020-01-06,2020-12-28,15,1988,754.5271629779,valid
205,Sveti Tomaž,2021,2021-01-04,2021-12-27,5,2007,249.1280518186,valid
205,Sveti Tomaž,2022,2022-01-03,2022-12-26,4,2015,198.5111662531,valid
205,Sveti Tomaž,2023,2023-01-02,2023-12-25,7,1979,353.7139969682,valid
205,Sveti Tomaž,2024,2024-01-01,2024-12-30,7,1978,353.8928210313,valid
206,Šmarješke Toplice,2016,2016-01-04,2016-12-26,7,3293,212.5721226845,valid
206,Šmarješke Toplice,2017,2017-01-02,2017-12-25,7,3296,212.3786407767,valid
206,Šmarješke Toplice,2018,2018-01-01,2018-12-31,15,3310,453.1722054381,valid
206,Šmarješke Toplice,2019,2019-01-07,2019-12-30,4,3378,118.4132622854,valid
206,Šmarješke Toplice,2020,2020-01-06,2020-12-28,10,3462,288.8503755055,valid
206,Šmarješke Toplice,2021,2021-01-04,2021-12-27,5,3521,142.005112184,valid
206,Šmarješke Toplice,2022,2022-01-03,2022-12-26,4,3522,113.5718341851,valid
206,Šmarješke Toplice,2023,2023-01-02,2023-12-25,0,3544,0,valid
206,Šmarješke Toplice,2024,2024-01-01,2024-12-30,10,3583,279.0957298353,valid
207,Gorje,2016,2016-01-04,2016-12-26,2,2822,70.8717221828,valid
207,Gorje,2017,2017-01-02,2017-12-25,6,2816,213.0681818182,valid
207,Gorje,2018,2018-01-01,2018-12-31,6,2792,214.899713467,valid
207,Gorje,2019,2019-01-07,2019-12-30,4,2762,144.8225923244,valid
207,Gorje,2020,2020-01-06,2020-12-28,15,2738,547.8451424397,valid
207,Gorje,2021,2021-01-04,2021-12-27,5,2769,180.5706031058,valid
207,Gorje,2022,2022-01-03,2022-12-26,4,2779,143.9366678661,valid
207,Gorje,2023,2023-01-02,2023-12-25,5,2793,179.0189760115,valid
207,Gorje,2024,2024-01-01,2024-12-30,6,2744,218.6588921283,valid
208,Log-Dragomer,2016,2016-01-04,2016-12-26,7,3606,194.1209095951,valid
208,Log-Dragomer,2017,2017-01-02,2017-12-25,14,3653,383.2466465918,valid
208,Log-Dragomer,2018,2018-01-01,2018-12-31,13,3631,358.0280914349,valid
208,Log-Dragomer,2019,2019-01-07,2019-12-30,10,3669,272.5538293813,valid
208,Log-Dragomer,2020,2020-01-06,2020-12-28,16,3656,437.636761488,valid
208,Log-Dragomer,2021,2021-01-04,2021-12-27,10,3620,276.2430939227,valid
208,Log-Dragomer,2022,2022-01-03,2022-12-26,7,3681,190.1657158381,valid
208,Log-Dragomer,2023,2023-01-02,2023-12-25,8,3764,212.5398512221,valid
208,Log-Dragomer,2024,2024-01-01,2024-12-30,5,3812,131.1647429171,valid
209,Rečica ob Savinji,2016,2016-01-04,2016-12-26,4,2328,171.8213058419,valid
209,Rečica ob Savinji,2017,2017-01-02,2017-12-25,17,2308,736.568457539,valid
209,Rečica ob Savinji,2018,2018-01-01,2018-12-31,21,2267,926.3343625937,valid
209,Rečica ob Savinji,2019,2019-01-07,2019-12-30,6,2314,259.2912705272,valid
209,Rečica ob Savinji,2020,2020-01-06,2020-12-28,6,2322,258.3979328165,valid
209,Rečica ob Savinji,2021,2021-01-04,2021-12-27,1,2355,42.4628450106,valid
209,Rečica ob Savinji,2022,2022-01-03,2022-12-26,0,2324,0,valid
209,Rečica ob Savinji,2023,2023-01-02,2023-12-25,0,2318,0,valid
209,Rečica ob Savinji,2024,2024-01-01,2024-12-30,0,2328,0,valid
210,Sveti Jurij v Slovenskih goricah,2016,2016-01-04,2016-12-26,4,2076,192.6782273603,valid
210,Sveti Jurij v Slovenskih goricah,2017,2017-01-02,2017-12-25,8,2097,381.4973772055,valid
210,Sveti Jurij v Slovenskih goricah,2018,2018-01-01,2018-12-31,10,2055,486.6180048662,valid
210,Sveti Jurij v Slovenskih goricah,2019,2019-01-07,2019-12-30,7,2075,337.3493975904,valid
210,Sveti Jurij v Slovenskih goricah,2020,2020-01-06,2020-12-28,6,2098,285.9866539561,valid
210,Sveti Jurij v Slovenskih goricah,2021,2021-01-04,2021-12-27,5,2114,236.518448439,valid
210,Sveti Jurij v Slovenskih goricah,2022,2022-01-03,2022-12-26,5,2118,236.0717658168,valid
210,Sveti Jurij v Slovenskih goricah,2023,2023-01-02,2023-12-25,3,2132,140.712945591,valid
210,Sveti Jurij v Slovenskih goricah,2024,2024-01-01,2024-12-30,1,2186,45.7456541629,valid
211,Šentrupert,2016,2016-01-04,2016-12-26,3,2923,102.6342798495,valid
211,Šentrupert,2017,2017-01-02,2017-12-25,5,2853,175.2541184718,valid
211,Šentrupert,2018,2018-01-01,2018-12-31,9,2908,309.4910591472,valid
211,Šentrupert,2019,2019-01-07,2019-12-30,3,2947,101.7984390906,valid
211,Šentrupert,2020,2020-01-06,2020-12-28,10,2969,336.8137420007,valid
211,Šentrupert,2021,2021-01-04,2021-12-27,3,2898,103.5196687371,valid
211,Šentrupert,2022,2022-01-03,2022-12-26,2,2935,68.1431005111,valid
211,Šentrupert,2023,2023-01-02,2023-12-25,3,2939,102.0755358966,valid
211,Šentrupert,2024,2024-01-01,2024-12-30,4,2995,133.5559265442,valid
212,Mirna,2016,2016-01-04,2016-12-26,8,2515,318.0914512922,valid
212,Mirna,2017,2017-01-02,2017-12-25,4,2555,156.5557729941,valid
212,Mirna,2018,2018-01-01,2018-12-31,12,2575,466.0194174757,valid
212,Mirna,2019,2019-01-07,2019-12-30,2,2616,76.4525993884,valid
212,Mirna,2020,2020-01-06,2020-12-28,11,2649,415.2510381276,valid
212,Mirna,2021,2021-01-04,2021-12-27,4,2683,149.0868430861,valid
212,Mirna,2022,2022-01-03,2022-12-26,5,2694,185.5976243504,valid
212,Mirna,2023,2023-01-02,2023-12-25,2,2714,73.6919675755,valid
212,Mirna,2024,2024-01-01,2024-12-30,3,2753,108.9720305122,valid
213,Ankaran,2016,2016-01-04,2016-12-26,5,3235,154.5595054096,valid
213,Ankaran,2017,2017-01-02,2017-12-25,6,3229,185.8160421183,valid
213,Ankaran,2018,2018-01-01,2018-12-31,4,3209,124.6494234964,valid
213,Ankaran,2019,2019-01-07,2019-12-30,2,3206,62.3830318153,valid
213,Ankaran,2020,2020-01-06,2020-12-28,4,3224,124.0694789082,valid
213,Ankaran,2021,2021-01-04,2021-12-27,3,3261,91.9963201472,valid
213,Ankaran,2022,2022-01-03,2022-12-26,5,3282,152.3461304083,valid
213,Ankaran,2023,2023-01-02,2023-12-25,3,3388,88.5478158205,valid
213,Ankaran,2024,2024-01-01,2024-12-30,8,3325,240.6015037594,valid
